20
2.5 7.5 12.5 17.5 22.5 27.5 32.5 37.5 42.5 47.5 52.5 57.5 62.5 67.5 72.5 77.5 82.5 87.5 92.5 97.5 102.5 107.5 112.5 117.5 122.5 127.5 132.5 137.5 142.5 147.5 152.5 157.5 162.5 167.5 172.5 177.5 182.5 187.5 192.5 197.5 202.5 207.5 212.5 217.5 222.5 227.5 232.5 237.5 242.5 247.5 252.5 257.5 262.5 267.5 272.5 277.5 282.5 287.5 292.5 297.5 302.5 307.5 312.5 317.5 322.5 327.5 332.5 337.5 342.5 347.5 352.5 357.5 362.5 367.5 372.5 377.5 382.5 387.5 392.5 397.5 402.5 407.5 412.5 417.5 422.5 427.5 432.5 437.5 442.5 447.5 452.5 457.5 462.5 467.5 472.5 477.5 482.5 487.5 492.5 497.5 502.5 507.5 512.5 517.5 522.5 527.5 532.5 537.5 542.5 547.5 552.5 557.5 562.5 567.5 572.5 577.5 582.5 587.5 592.5 597.5 602.5 607.5 612.5 617.5 622.5 627.5 632.5 637.5 642.5 647.5 652.5 657.5 662.5 667.5 672.5 677.5 682.5 687.5 692.5 697.5 702.5 707.5 712.5 717.5 722.5 727.5 732.5 737.5 742.5 747.5 752.5 757.5 762.5 767.5 772.5 777.5 782.5 787.5 792.5 797.5 802.5 807.5 812.5 817.5 822.5 827.5 832.5 837.5 842.5 847.5 852.5 857.5 862.5 867.5 872.5 877.5 882.5 887.5 892.5 897.5 902.5 907.5 912.5 917.5 922.5 927.5 932.5 937.5 942.5 947.5 952.5 957.5 962.5 967.5 972.5 977.5 982.5 987.5 992.5 997.5 
1900 1 2 0 0 0
14.902475709383447 14.900724261135453 14.896484586119275 14.894306089843159 14.88867933868487 14.718170815082726 13.754563298544104 13.252381699718667 12.751854481311229 12.251549372074669 12.001255572121245 12.000876685898142 12.000682577461252 12.000531601655652 12.000414020682964 12.000322447488937 12.00025112929805 12.00019558582758 12.000152327817332 12.000118637817593 12.000092399466624 12.000071964531474 12.000056049359738 12.00004365423475 12.000034000570691 12.000026481999008 12.000020626274484 12.000016065608191 12.000012513561815 12.00000974705352 12.000007592343986 12.000005914121866 12.000004607004376 12.000003588916794 12.000002795937629 12.000002178283129 12.00000169717988 12.000001322430203 12.00000103051495 12.00000080311603 12.00000062596714 12.00000048795629 12.000000380429727 12.000000296647094 12.000000231359037 12.000000180477596 12.000000140818202 12.000000109901498 12.000000085795945 12.000000066997222 12.000000052333721 12.000000040892497 12.000000031962678 12.00000002499081 12.000000019545084 12.000000015289672 12.000000011962962 12.000000009361248 12.000000007325673 12.000000005732478 12.00000000448538 12.000000003508896 12.000000002744407 12.000000002145836 12.00000000167736 12.000000001310713 12.000000001023931 12.00000000079958 12.00000000062422 12.000000000487194 12.000000000380115 12.000000000296502 12.000000000231172 12.000000000180245 12.000000000140536 12.000000000109583 12.000000000085434 12.000000000066603 12.000000000051921 12.000000000040481 12.00000000003156 12.0000000000246 12.000000000019185 12.00000000001496 12.000000000011678 12.000000000009106 12.000000000007098 12.000000000005533 12.000000000004308 12.00000000000335 12.000000000002608 12.000000000002032 12.000000000001583 12.000000000001235 12.000000000000961 12.000000000000743 12.000000000000579 12.00000000000045 12.000000000000353 12.000000000000279 12.000000000000215 12.000000000000163 12.000000000000126 12.00000000000009 12.000000000000073 12.000000000000062 12.000000000000053 12.000000000000036 12.00000000000002 12.00000000000001 12.000000000000005 12.000000000000007 12.000000000000004 12.0 12.000000000000002 12.0 12.000000000000005 12.0 12.000000000000002 12.0 11.999999999999996 11.999999999999996 11.999999999999998 12.0 12.0 11.999999999999995 11.99999999999999 11.999999999999988 11.999999999999993 11.999999999999998 12.0 11.999999999999996 11.999999999999993 11.99999999999999 11.999999999999993 11.999999999999998 12.000000000000002 12.000000000000007 12.000000000000007 12.000000000000009 12.000000000000007 12.000000000000005 12.0 11.999999999999998 11.999999999999998 11.999999999999996 11.999999999999995 11.999999999999998 12.0 12.0 12.0 12.000000000000002 12.0 12.000000000000004 12.000000000000004 11.999999999999996 11.999999999999998 12.0 12.000000000000005 12.000000000000012 12.000000000000012 12.000000000000012 12.000000000000012 12.000000000000005 12.000000000000007 12.000000000000012 12.000000000000016 12.000000000000018 12.000000000000016 12.00000000000002 12.00000000000002 12.00000000000002 12.000000000000021 12.000000000000018 12.000000000000021 12.000000000000023 12.000000000000025 12.000000000000025 12.000000000000027 12.000000000000027 12.000000000000027 12.000000000000025 12.000000000000025 12.000000000000025 12.00000000000003 12.000000000000028 12.000000000000025 12.000000000000021 12.000000000000018 12.00000000000002 12.000000000000023 12.000000000000023 12.000000000000027 12.000000000000032 12.000000000000036 12.000000000000034 12.000000000000028 12.000000000000025 12.000000000000021 12.000000000000018 
34.9999999999999 34.99999999999989 34.99999999999989 34.9999999999999 34.999999999999915 34.999999999999964 34.99999999999998 35.0 34.99999999999999 35.00000000000003 34.99999999999999 35.000000000000014 34.99999999999998 34.999999999999986 35.00000000000003 35.0 35.000000000000014 34.999999999999964 34.99999999999998 34.99999999999998 34.99999999999997 34.99999999999994 35.0 34.999999999999986 34.99999999999997 35.00000000000001 34.99999999999997 35.0 34.99999999999998 35.00000000000001 35.00000000000006 35.000000000000014 35.0 35.0 34.99999999999997 35.000000000000036 35.00000000000002 34.99999999999995 35.00000000000003 34.99999999999998 34.99999999999995 34.99999999999996 35.0 34.99999999999997 34.99999999999997 34.999999999999964 34.99999999999994 34.99999999999998 34.999999999999986 35.000000000000014 35.0 34.999999999999986 35.00000000000001 35.0 35.0 35.00000000000003 35.00000000000004 35.00000000000002 34.99999999999999 34.99999999999997 34.99999999999998 34.999999999999986 34.999999999999986 34.999999999999986 34.99999999999998 34.99999999999999 35.00000000000001 35.000000000000014 35.0 35.000000000000014 35.00000000000001 35.00000000000001 34.99999999999999 34.99999999999999 35.0 35.00000000000001 35.00000000000002 35.000000000000014 35.00000000000002 35.00000000000003 35.00000000000003 35.00000000000002 35.00000000000002 35.000000000000014 35.000000000000036 35.00000000000002 35.000000000000014 35.000000000000014 34.99999999999999 34.99999999999998 34.999999999999986 35.00000000000001 35.000000000000014 35.00000000000002 35.00000000000002 35.00000000000001 35.00000000000001 35.000000000000014 35.000000000000014 35.00000000000003 35.00000000000002 35.00000000000002 34.99999999999999 34.999999999999986 34.999999999999986 34.999999999999986 35.0 34.99999999999998 34.999999999999986 35.0 34.999999999999986 35.00000000000001 35.0 35.0 35.0 35.00000000000002 35.00000000000003 35.00000000000001 35.00000000000001 35.00000000000001 35.00000000000001 35.0 35.0 35.00000000000001 34.99999999999999 34.99999999999999 34.99999999999997 34.999999999999964 34.99999999999998 34.99999999999999 35.00000000000001 35.0 34.999999999999986 34.99999999999998 34.99999999999998 35.0 35.00000000000001 35.00000000000001 35.00000000000001 35.00000000000003 35.00000000000003 35.00000000000003 35.000000000000014 35.0 35.00000000000001 34.999999999999986 34.999999999999986 34.99999999999998 34.99999999999999 34.99999999999999 35.0 35.000000000000014 35.00000000000001 35.0 35.00000000000001 35.0 35.00000000000001 35.00000000000001 35.000000000000014 35.00000000000004 35.00000000000005 35.00000000000006 35.00000000000004 35.00000000000004 35.00000000000003 35.00000000000004 35.00000000000006 35.000000000000064 35.00000000000006 35.00000000000005 35.00000000000005 35.00000000000004 35.00000000000004 35.00000000000005 35.000000000000064 35.000000000000064 35.000000000000064 35.00000000000008 35.000000000000064 35.000000000000064 35.00000000000006 35.00000000000006 35.00000000000006 35.00000000000006 35.00000000000005 35.00000000000006 35.00000000000006 35.00000000000005 35.00000000000005 35.00000000000005 35.00000000000005 35.00000000000005 35.00000000000006 35.00000000000008 35.000000000000085 35.000000000000085 35.00000000000008 35.00000000000007 35.00000000000006 35.00000000000005 
0.10797925701834617 0.004626823375803662 -0.00312183149933396 -0.00796121350386311 -0.013971739938161563 -0.004536043468133034 1.1682202875551693e-05 -1.997180852795635e-09 -2.987358566216993e-11 -4.258255112940866e-14 -3.847862112487494e-17 -1.398336792845791e-19 -5.526149146989597e-22 -1.9813202842046796e-24 -5.809176193004046e-27 -5.657584356239674e-30 1.2483208702133466e-31 1.774427776071877e-33 1.850582888837673e-35 1.7983690030668081e-37 1.7386124222562758e-39 1.7155524765221936e-41 1.7443771309990498e-43 1.8264655310431425e-45 1.9456684780366738e-47 2.039120858860722e-49 1.9057789394150383e-51 9.352131427215042e-54 -2.7100799494054876e-55 -1.4638840715596983e-56 -5.2448101416138914e-58 -1.7336072972551e-59 -5.7117511835294204e-61 -1.9308919619440268e-62 -6.778339985404184e-64 -2.479739510245301e-65 -9.430981165318511e-67 -3.6963613342847684e-68 -1.4652893322266202e-69 -5.639798108502297e-71 -1.8829298496923701e-72 -2.811859757725607e-74 4.0991335913767003e-75 7.086199468597608e-76 8.380764787754978e-77 8.972040879647967e-78 9.308559439704484e-79 9.595676697943105e-80 9.924172623785133e-81 1.0324301814465122e-81 1.0785774987713183e-82 1.1257566064213174e-83 1.1635416185201485e-84 1.1733415450918576e-85 1.1239641882566898e-86 9.651231910477593e-88 6.181221549508279e-89 -3.660475425036494e-91 -1.17550410929621e-90 -3.0505689804475126e-91 -6.008945015285931e-92 -1.0509253092643136e-92 -1.7124692812641727e-93 -2.6526017005480007e-94 -3.941759666501359e-95 -5.6400955373361196e-96 -7.776053169243284e-97 -1.0304035866640039e-97 -1.3056299010918959e-98 -1.5662264407695788e-99 -1.7449926734487854e-100 -1.7334419436466578e-101 -1.3686607143359512e-102 -4.2305837055465373e-104 1.4143730542046616e-104 4.546421499754848e-105 9.45627696752779e-106 1.6705875181619944e-106 2.6868792741510628e-107 4.048712803446748e-108 5.789450839771279e-109 7.904893228450748e-110 1.0348950757300343e-110 1.2965150291715831e-111 1.5476085361280755e-112 1.7464599211660878e-113 1.828630364633603e-114 1.7077887819332488e-115 1.277565626864227e-116 3.8679430541959183e-118 -1.1188801094704996e-118 -3.4240720778825234e-119 -6.69347191887608e-120 -1.1110013689794592e-120 -1.6783888309142914e-121 -2.3675080464143479e-122 -3.176896661109326e-123 -4.0731973679758564e-124 -5.002115236304253e-125 -5.878753160711576e-126 -6.5823941031271705e-127 -6.952747545187594e-128 -6.788695011886255e-129 -5.850718214956237e-130 -3.868278071687566e-131 -5.534003363942445e-133 4.37842099002271e-133 1.1179200882172664e-133 2.0031021283565907e-134 3.1000580664088306e-135 4.398706688672271e-136 5.866579733975761e-137 7.443132979297224e-138 9.034508195066403e-139 1.0509380501586227e-139 1.1696640551798396e-140 1.238574438305962e-141 1.233059831624268e-142 1.1257813879026424e-143 8.880051176614192e-145 4.914953870633301e-146 -8.901448807238857e-148 -8.728001459733919e-148 -1.8696522435855187e-148 -3.0760532591422914e-149 -4.4712364474188935e-150 -6.0134089181371366e-151 -7.63648762429201e-152 -9.247753569211431e-153 -1.0726868401639286e-153 -1.1926711010663519e-154 -1.267647216797819e-155 -1.278738594459242e-156 -1.2061372399900134e-157 -1.0302714142326868e-158 -7.332690200413335e-160 -3.0068484856642753e-161 2.76567838114431e-162 1.0001706662604963e-162 1.8623577960449776e-163 2.844025359314696e-164 3.913163898015522e-165 5.023801489887877e-166 6.115651693959169e-167 7.114654219110556e-168 7.934575071314726e-169 8.479795275644066e-170 8.649362403041798e-171 8.342307490691752e-172 7.464143271939477e-173 5.934361103387613e-174 3.6946382384640715e-175 7.173601965208171e-177 -2.9860378172298854e-177 -7.35749298856878e-178 -1.228614655210049e-178 -1.7604263049873872e-179 -2.308590743215324e-180 -2.84489823473309e-181 -3.336134020004136e-182 -3.745085933541971e-183 -4.0319942981403987e-184 -4.156429841058753e-185 -4.079557606454952e-186 -3.7667167806563655e-187 -3.190213707455133e-188 -2.3321946161037826e-189 -1.1874372551735278e-190 2.3412098405176575e-192 1.9053144886100488e-192 3.7803399530605127e-193 5.794197264928271e-194 7.863150576422682e-195 9.886344247288306e-196 1.1748660201524646e-196 1.3324849386742184e-197 1.448523498860616e-198 1.509617231596067e-199 1.504395816282227e-200 1.4226623446042861e-201 1.2566743931280529e-202 1.0019604749314295e-203 6.580566073387841e-205 2.2911876683474572e-206 -2.7563617621062115e-207 -8.41707476415943e-208 -1.449346314270215e-208 -2.073882106774096e-209 -2.6863588545982307e-210 -3.2544861864757287e-211 -3.743892810009835e-212 -4.1196534426206275e-213 -4.348132892795639e-214 -4.3973015790613115e-215 -4.2431581052826375e-216 -3.86729577697653e-217 -3.260016519622868e-218 -2.4219147303154297e-219 -1.3625183286570514e-220 1.4640635446163878e-223 
-0.12430533927653885 -0.09355536543113879 -0.08712306023463896 -0.08177711012286837 -0.07237436663029871 -0.01976655777919309 -4.858611665873767e-05 -7.367547713043763e-08 -6.788145194920951e-11 -4.010561599231015e-14 -1.440246257798225e-17 5.699898931296647e-21 2.5597657002893364e-22 2.090021542303339e-24 1.368169576257733e-26 8.359316890123673e-29 5.001416732024639e-31 2.971613186766633e-33 1.7360742701871044e-35 9.493798255830998e-38 4.0048668414737755e-40 -4.57763988643162e-43 -4.9238664407834935e-44 -1.0459292585652809e-45 -1.8580020420542513e-47 -3.193481864352465e-49 -5.566965614950556e-51 -1.0037768914443269e-52 -1.886701940970945e-54 -3.6979208588941977e-56 -7.505158351191752e-58 -1.548766832904158e-59 -3.1111394614186796e-61 -5.338819624038625e-63 -2.862546738811214e-65 4.610200841262832e-66 4.079187881226134e-67 2.700535412139332e-68 1.6745318566501612e-69 1.0330966500229664e-70 6.488937619855032e-72 4.186965168747636e-73 2.7806590823564472e-74 1.8950859742152883e-75 1.3151702047919378e-76 9.161288267841088e-78 6.233766113224404e-79 3.90105757946228e-80 1.8458284098974128e-81 -1.7286244244218898e-83 -2.365299056388099e-83 -4.941802421148719e-84 -8.135279797404948e-85 -1.2217395318183826e-85 -1.750724020872742e-86 -2.4369121942444184e-87 -3.3188204087239815e-88 -4.43108222585922e-89 -5.792026145586606e-90 -7.381435526697253e-91 -9.104598444763524e-92 -1.0735717956374734e-92 -1.183396715908382e-93 -1.163190162055916e-94 -8.884377345473443e-96 -1.6882592045083e-97 1.2714400830637201e-97 3.8121244799929335e-98 7.94971825599329e-99 1.4295838210177569e-99 2.3547770555579954e-100 3.642562514565889e-101 5.353929987973587e-102 7.531849980052687e-103 1.016130521108284e-103 1.314574226600674e-104 1.6217525941046166e-105 1.8930553687932962e-106 2.0525656001861844e-107 1.989495456855312e-108 1.5455080734231576e-109 5.129661889711696e-111 -1.3683337206116253e-111 -4.41109808121786e-112 -8.956296412005086e-113 -1.5363536705168895e-113 -2.3941402384590623e-114 -3.489531009530066e-115 -4.8438247577539456e-116 -6.400265445221467e-117 -8.101369086269075e-118 -9.836366646370225e-119 -1.1348151997260639e-119 -1.2392212793398696e-120 -1.2542029683567668e-121 -1.1245338209335772e-122 -7.94560099818675e-124 -1.9000079160119398e-125 7.660019521310654e-126 2.150054265745032e-126 4.030107125786948e-127 6.454242877277577e-128 9.436623317173576e-129 1.2940874804854348e-129 1.6861566630679345e-130 2.1004892713202264e-131 2.507017573607098e-132 2.863434562475168e-133 3.114205561038256e-134 3.190453057316389e-135 3.011052392033526e-136 2.4852812827654845e-137 1.5173406253398252e-138 1.2999889624986804e-141 -2.1114886669678635e-140 -4.9182208977783733e-141 -8.434438635917304e-142 -1.263777039158986e-142 -1.7440681742044596e-143 -2.2675215196259215e-144 -2.807941270644396e-145 -3.32871002774243e-146 -3.782294037798357e-147 -4.110478734804158e-148 -4.245537540674437e-149 -4.1125191263853233e-150 -3.632800174669876e-151 -2.7289898302517296e-152 -1.3311874988999823e-153 6.155117737637069e-155 3.1424975855270794e-155 6.248485648002422e-156 9.890245330894386e-157 1.3973884422375826e-157 1.8347493024069928e-158 2.2796049737787245e-159 2.7039550013042605e-160 3.0735313784723506e-161 3.3485353684177416e-162 3.484952512992157e-163 3.4364928539118755e-164 3.1571690271312134e-165 2.6044817996171345e-166 1.7431320991518838e-167 5.491227795377906e-169 -9.859447565486374e-170 -2.8506306250277995e-170 -5.009775568861646e-171 -7.401321522224857e-172 -9.93420032126814e-173 -1.2487660852236637e-173 -1.491238351434068e-174 -1.7033681082044659e-175 -1.865700490737362e-176 -1.9575864725126142e-177 -1.9582131053573366e-178 -1.847852562150523e-179 -1.6092924153800294e-180 -1.2293902868928397e-181 -7.006838518716336e-183 -2.2936011491980566e-185 7.954555784776463e-185 1.7363107564898995e-185 2.7709005731730502e-186 3.859677174198151e-187 4.952603703006888e-188 5.990168269657389e-189 6.905137652940072e-190 7.625069925674818e-191 8.075561687637875e-192 8.184156741923877e-193 7.884791137898476e-194 7.12259733696351e-195 5.858841056867927e-196 4.0757218001783806e-197 1.780731973964842e-198 -9.898096641229035e-200 -4.1670026983228407e-200 -7.649890314866757e-201 -1.1306672887226987e-201 -1.4975965814861234e-202 -1.8471069712332953e-203 -2.1586368898662733e-204 -2.4105708273611308e-205 -2.5812528417841096e-206 -2.6501422733088322e-207 -2.599066011715394e-208 -2.413510483760016e-209 -2.083887139863134e-210 -1.6066984294575885e-211 -9.855277552967155e-213 -2.3177644343009826e-214 6.349474043139816e-215 1.58634026246562e-215 2.586605924124053e-216 3.5931628070480716e-217 4.557780900346611e-218 5.428411656600794e-219 6.157990056958088e-220 7.367515672548516e-221 
1900 1 3 0 0 0
14.903176588753059 14.902537293348189 14.89958361269384 14.898941469497315 14.898416703526353 14.896075119014391 13.762076480988368 13.254764858035522 12.753709013685539 12.253098479771282 12.002509733405304 12.001753702762237 12.00136525269971 12.001063287124296 12.00082811412357 12.000644958246664 12.000502313696025 12.000391219705396 12.000304697587143 12.000237312302218 12.000184831009934 12.000143957145724 12.000112123321275 12.000087330032793 12.00006802004839 12.000052980579758 12.000041267092836 12.00003214397219 12.000025038309387 12.000019503913384 12.000015193282143 12.000011835773284 12.000009220603777 12.000007183609558 12.000005596934896 12.00000436100072 12.000003398250499 12.000002648279839 12.000002064042134 12.000001608894216 12.00000125429616 12.000000978017864 12.000000762745369 12.000000594992285 12.000000464254407 12.00000036235062 12.00000028290829 12.000000220964637 12.000000172654104 12.000000134966513 12.000000105556976 12.000000082599332 12.000000064670948 12.000000050663836 12.000000039714468 12.000000031150059 12.000000024446486 12.000000019195786 12.000000015079468 12.000000011850105 12.000000009314443 12.000000007322203 12.000000005755775 12.000000004523779 12.000000003554426 12.000000002791776 12.000000002191602 12.000000001719588 12.000000001348456 12.000000001056735 12.000000000827622 12.000000000647724 12.000000000506533 12.000000000396014 12.00000000030951 12.00000000024188 12.000000000188969 12.000000000147605 12.00000000011527 12.000000000090012 12.000000000070264 12.000000000054852 12.000000000042816 12.000000000033427 12.000000000026091 12.000000000020368 12.000000000015895 12.000000000012394 12.00000000000966 12.000000000007532 12.00000000000587 12.000000000004578 12.000000000003569 12.000000000002776 12.000000000002162 12.000000000001682 12.000000000001316 12.000000000001029 12.000000000000805 12.000000000000632 12.00000000000049 12.00000000000038 12.000000000000288 12.000000000000217 12.000000000000172 12.000000000000139 12.000000000000114 12.000000000000083 12.000000000000052 12.000000000000032 12.00000000000002 12.000000000000012 12.000000000000004 12.000000000000002 12.0 12.000000000000007 12.000000000000007 12.000000000000007 12.000000000000007 12.000000000000007 12.000000000000002 11.999999999999998 12.0 11.999999999999996 11.999999999999996 11.999999999999993 11.999999999999988 11.999999999999986 11.999999999999988 11.999999999999995 11.999999999999996 11.999999999999996 11.999999999999996 12.0 11.999999999999996 11.999999999999998 11.999999999999998 12.000000000000004 12.000000000000002 12.000000000000005 12.000000000000004 12.000000000000002 12.0 11.999999999999998 11.999999999999996 11.999999999999993 11.999999999999995 11.999999999999998 12.000000000000004 12.000000000000004 12.000000000000004 12.000000000000002 12.0 12.0 11.999999999999995 12.0 12.0 12.000000000000002 12.00000000000001 12.000000000000018 12.000000000000025 12.000000000000025 12.000000000000027 12.000000000000028 12.000000000000036 12.000000000000034 12.000000000000037 12.000000000000036 12.000000000000037 12.000000000000043 12.000000000000043 12.00000000000005 12.000000000000048 12.00000000000005 12.00000000000005 12.000000000000046 12.000000000000048 12.000000000000052 12.00000000000005 12.000000000000052 12.000000000000055 12.000000000000055 12.000000000000057 12.000000000000057 12.000000000000053 12.000000000000052 12.00000000000005 12.000000000000052 12.000000000000053 12.000000000000052 12.000000000000048 12.000000000000048 12.000000000000052 12.000000000000055 12.000000000000055 12.000000000000055 12.000000000000055 12.00000000000005 12.000000000000046 12.000000000000044 
34.99999999999989 34.9999999999999 34.999999999999886 34.9999999999999 34.99999999999989 34.99999999999991 34.99999999999996 35.00000000000002 35.00000000000001 34.99999999999995 34.999999999999986 35.00000000000002 34.99999999999998 35.0 35.000000000000085 35.000000000000014 35.0 34.999999999999986 34.99999999999996 34.99999999999995 34.99999999999999 34.999999999999986 34.99999999999999 34.99999999999995 34.99999999999994 35.000000000000064 35.000000000000014 35.000000000000064 34.99999999999998 34.999999999999986 35.000000000000036 34.999999999999986 34.99999999999997 35.0 35.0 35.00000000000004 35.00000000000003 34.99999999999998 35.00000000000003 34.999999999999964 34.999999999999964 34.99999999999996 35.000000000000014 34.99999999999999 34.99999999999997 34.99999999999995 34.99999999999994 34.99999999999996 34.99999999999995 35.00000000000002 35.000000000000036 35.000000000000036 35.000000000000014 35.00000000000002 35.00000000000003 35.000000000000014 35.0 35.00000000000001 35.00000000000002 35.00000000000001 34.99999999999999 34.99999999999998 34.999999999999964 34.999999999999986 35.0 35.000000000000014 35.00000000000001 35.00000000000002 35.000000000000036 35.00000000000003 35.0 34.99999999999999 35.00000000000001 35.000000000000014 35.00000000000001 35.00000000000001 35.000000000000014 35.00000000000003 35.000000000000036 35.000000000000036 35.00000000000002 35.00000000000002 35.00000000000003 35.000000000000036 35.00000000000003 35.000000000000014 35.00000000000002 35.00000000000001 34.999999999999986 34.999999999999986 35.00000000000001 35.000000000000014 35.00000000000003 35.000000000000014 35.000000000000014 35.00000000000002 35.00000000000003 35.00000000000003 35.00000000000002 35.000000000000036 35.00000000000003 35.00000000000003 35.00000000000001 35.0 34.99999999999999 34.99999999999999 34.99999999999998 34.99999999999997 34.99999999999999 35.00000000000001 35.0 34.99999999999999 34.99999999999998 35.0 34.999999999999986 35.0 35.0 35.00000000000002 35.00000000000003 35.00000000000003 35.00000000000003 35.00000000000002 35.00000000000002 35.0 34.999999999999986 34.999999999999986 34.999999999999964 34.99999999999997 34.99999999999998 34.999999999999986 35.0 35.0 35.0 35.0 35.00000000000001 35.000000000000014 35.00000000000002 35.00000000000002 35.0 35.0 34.99999999999999 35.0 35.0 35.0 35.0 34.99999999999997 34.99999999999997 34.99999999999999 35.000000000000014 35.000000000000014 35.00000000000002 35.00000000000001 35.0 35.00000000000001 34.999999999999986 35.0 35.00000000000001 35.0 35.000000000000036 35.000000000000064 35.00000000000007 35.00000000000008 35.00000000000009 35.0000000000001 35.0000000000001 35.0000000000001 35.0000000000001 35.00000000000009 35.0000000000001 35.00000000000012 35.00000000000013 35.00000000000013 35.000000000000135 35.000000000000135 35.00000000000013 35.00000000000012 35.00000000000012 35.000000000000135 35.00000000000013 35.000000000000135 35.00000000000014 35.000000000000135 35.000000000000135 35.00000000000015 35.00000000000014 35.00000000000013 35.00000000000012 35.00000000000012 35.00000000000013 35.00000000000012 35.00000000000013 35.000000000000135 35.000000000000156 35.00000000000017 35.000000000000156 35.00000000000015 35.00000000000014 35.00000000000013 35.00000000000013 35.00000000000012 
0.09096109143634311 -0.013545091639349485 -0.0222201500907532 -0.028038029088376968 -0.03224647042784477 -0.03864742653585905 -0.00011458692201300073 -1.283852823872616e-07 -1.7306764391556602e-10 -1.2451130046608877e-13 8.27209399161105e-17 1.7118987472129748e-18 1.7293454384580356e-20 1.4171141774295673e-22 1.0561731433616467e-24 7.434023675493785e-27 4.9755510199619415e-29 3.091390184835831e-31 1.6092328265116713e-33 3.484521899340892e-36 -8.717892689201118e-38 -2.2551075267370038e-39 -4.075610675240892e-41 -6.762769981769709e-43 -1.1054229989665436e-44 -1.8270300930363514e-46 -3.076952218409458e-48 -5.248665318740776e-50 -8.839089801237586e-52 -1.3623056183219292e-53 -1.3773516028690789e-55 2.673451004391128e-57 2.9335355214017236e-58 1.700915222469291e-59 8.780053646503892e-61 4.4522005508904205e-62 2.2964262319308583e-63 1.2225185749500014e-64 6.752629480767377e-66 3.86770064660914e-67 2.283604225225261e-68 1.3717220344756532e-69 8.160563457261808e-71 4.5148856092816764e-72 1.8691831687801485e-73 -3.2451524347388854e-75 -2.447058091832063e-75 -4.825605562788017e-76 -7.814016827655868e-77 -1.1867731751905684e-77 -1.7632316795876034e-78 -2.606159320499711e-79 -3.857872255718908e-80 -5.728525420953676e-81 -8.519446619879277e-82 -1.2637773096962073e-82 -1.8573474842040027e-83 -2.6760008805140345e-84 -3.714334268054658e-85 -4.807642152752526e-86 -5.372179226674573e-87 -3.83522987635255e-88 3.562652200075615e-89 2.5179338246419672e-89 7.864823517960861e-90 1.9967539427868692e-90 4.577337139243915e-91 9.834779052647558e-92 2.0133292705493455e-92 3.958343478549427e-93 7.503003311170362e-94 1.3722831608066253e-94 2.418108251954767e-95 4.098183558538186e-96 6.637103163709297e-97 1.0157934370360205e-97 1.4357769243642779e-98 1.782228156036551e-99 1.6581938353845064e-100 1.4246882880174156e-102 -4.70627073936447e-102 -1.6702875680252358e-102 -4.291150540017902e-103 -9.588209357126312e-104 -1.9673944796762067e-104 -3.799232846971637e-105 -6.977288920588332e-106 -1.2258878742414989e-106 -2.0662582613202362e-107 -3.3446314299164117e-108 -5.166576653251297e-109 -7.600589146234708e-110 -1.0461881633134885e-110 -1.3117312166677819e-111 -1.4040148038660085e-112 -9.866044456026785e-114 5.585781828492596e-115 4.342307812777366e-115 1.2225090128474738e-115 2.7144708984772326e-116 5.368471448111258e-117 9.83924253838827e-118 1.7029002588675161e-118 2.8094663155226716e-119 4.4381747693641725e-120 6.72092484607499e-121 9.73895975247044e-122 1.343114362291792e-122 1.7434266842683342e-123 2.0823233712808367e-124 2.171148597027275e-125 1.6667408304081613e-126 -9.492903765258352e-130 -3.777565034638563e-128 -1.1028361373201114e-128 -2.3767033855871297e-129 -4.474718726530025e-130 -7.755116298756994e-131 -1.265397514892326e-131 -1.9654991159554474e-132 -2.92159967044313e-133 -4.1626856165181526e-134 -5.676500681503338e-135 -7.370644528251354e-136 -9.014315413060178e-137 -1.0155578361477372e-137 -1.0009737980714322e-138 -7.316654387801071e-140 -1.6952823773156148e-142 1.417411240180421e-141 3.947548488429606e-142 8.064877403063198e-143 1.4377699434744682e-143 2.359051281219224e-144 3.6446314708009045e-145 5.361219972178094e-146 7.548337393170606e-147 1.0187604739115923e-147 1.3157678754820938e-148 1.6171665448492666e-149 1.8694534485877214e-150 1.9839695949232325e-151 1.8246893144479586e-152 1.1948372524938764e-153 -1.7626050125423229e-155 -2.6437014754796204e-155 -6.651233746833092e-156 -1.2723925067335817e-156 -2.1442177337659895e-157 -3.3388020931872697e-158 -4.905274222278451e-159 -6.869345025998955e-160 -9.212567570537183e-161 -1.1844019276485825e-161 -1.4563582133641393e-162 -1.7016702951327618e-163 -1.864167727478221e-164 -1.8612285391968798e-165 -1.5781121153468268e-166 -8.629792945747428e-168 4.7500966475342064e-169 2.664540397323066e-169 5.9654599544883476e-170 1.0654242028933676e-170 1.6994796743608814e-171 2.519527557383432e-172 3.534635303864466e-173 4.733794725879313e-174 6.075252046275782e-175 7.473508074421343e-176 8.78430265934199e-177 9.788323117851868e-178 1.0174938948854284e-178 9.527968401352764e-180 7.316314584561766e-181 2.893237312088428e-182 -4.491015723330282e-183 -1.565760055523003e-183 -3.14421685316081e-184 -5.2606012087504393e-185 -7.97088969375128e-186 -1.1293835165352227e-186 -1.5189250657282674e-187 -1.953172353707486e-188 -2.4080384452163465e-189 -2.8446093314376474e-190 -3.205834049152618e-191 -3.4135290148305328e-192 -3.366167942576022e-193 -2.938066605057311e-194 -1.9807083426289446e-195 -3.2707684883748703e-197 2.2000507207789788e-197 5.774868057621157e-198 1.0549491991140657e-198 1.6628200882559125e-199 2.4030469932289203e-200 3.2669927217455094e-201 4.234912567245465e-202 5.862060112773504e-203 
-0.09981617797168786 -0.06811954491621171 -0.06081265936718531 -0.05456633915899048 -0.04907116029425597 -0.03834511594131833 6.587454931611884e-05 1.6845680115263386e-07 3.461922320861727e-10 6.120025696403322e-13 8.79401910402756e-16 4.055558803112801e-18 2.0028864813599092e-20 8.46611267435444e-23 2.2643531010505643e-25 -9.16015225842764e-28 -2.4716728924777125e-29 -3.192542841850314e-31 -3.507943600153259e-33 -3.640577339189248e-35 -3.6922599510489136e-37 -3.6803792047033166e-39 -3.529356243181494e-41 -2.995929214280516e-43 -1.451933002712346e-45 2.6943762747153836e-47 1.3558905379363147e-48 4.213150374896146e-50 1.188700055604508e-51 3.3160674809058286e-53 9.439657803332174e-55 2.7775994862809605e-56 8.475392273765641e-58 2.669665684815688e-59 8.554743357076406e-61 2.6931310158685214e-62 7.565025412231244e-64 1.164506268688844e-65 -8.54089577432613e-67 -1.3861639422977499e-67 -1.4316675031496001e-68 -1.339105237334054e-69 -1.2279698754802476e-70 -1.136476724556656e-71 -1.0743355851907503e-72 -1.0416649282019849e-73 -1.0353527168102302e-74 -1.0504495049821075e-75 -1.0788773094690598e-76 -1.1056261295438546e-77 -1.1010584726270332e-78 -1.0060889629416713e-79 -7.040206194653812e-81 3.257724819578252e-83 1.6412427787733283e-82 4.953415745050941e-83 1.1530203733718283e-83 2.4264694418790635e-84 4.843892713189455e-85 9.353306830709651e-86 1.7619002687558368e-86 3.248643941542537e-87 5.864133206330591e-88 1.0345041881008655e-88 1.7762574568615966e-89 2.9500824922519307e-90 4.6883610991614904e-91 7.001687144170816e-92 9.469453642196688e-93 1.053685709096056e-93 6.032073594971934e-95 -1.380069332033825e-95 -6.984847768748005e-96 -2.0439405316811947e-96 -4.988748006410874e-97 -1.1039009318485809e-97 -2.2851419776037925e-98 -4.493602816449833e-99 -8.452945119051727e-100 -1.528152391505594e-100 -2.6533288457669243e-101 -4.42558735128353e-102 -7.051039686760832e-103 -1.065013898567028e-103 -1.4990280887344595e-104 -1.9010229790800214e-105 -1.978701073239263e-106 -1.0851489565688142e-107 2.075805257271686e-108 9.94173512393277e-109 2.677488033888929e-109 5.992100096757737e-110 1.2090553294868323e-110 2.2745693052490126e-111 4.0642586086441562e-112 6.914493604160852e-113 1.1295865402346869e-113 1.7675510150511197e-114 2.6469217973648185e-115 3.764536418791385e-116 5.039436509257436e-117 6.185760708654786e-118 6.57431490661863e-119 4.9786529529354505e-120 -7.94038407496545e-122 -1.4422807936067519e-121 -4.176291780603476e-122 -9.169564635255976e-123 -1.7706685505705462e-123 -3.155342405156061e-124 -5.299638899014437e-125 -8.477410082262529e-126 -1.297959887542398e-126 -1.904911004128503e-127 -2.6755796362660945e-128 -3.578032384076795e-129 -4.506672159219775e-130 -5.229553827940506e-131 -5.312569072813202e-132 -4.015811921902748e-133 -1.5955019803234588e-135 8.038029192120539e-135 2.314041416904475e-135 4.8664447883027805e-136 8.919692063035674e-137 1.5037747405844926e-137 2.3862669020688767e-138 3.604439644654159e-139 5.210349822715547e-140 7.219577312665148e-141 9.574081974991839e-142 1.2087182601560668e-142 1.4366339388876611e-143 1.5710185072408544e-144 1.4978316407764134e-145 1.0436361542840544e-146 -4.1445962120990515e-149 -2.1003823577174643e-148 -5.582076661186088e-149 -1.1045039013035952e-149 -1.914400905291228e-150 -3.0588672773070296e-151 -4.606029768237677e-152 -6.606878860565244e-153 -9.07298904718131e-154 -1.1944087454551868e-154 -1.5043422578321242e-155 -1.8019416958390173e-156 -2.0273228960655667e-157 -2.0873827645751795e-158 -1.8465247736080019e-159 -1.1175078253656038e-160 3.460860431409221e-162 2.8535196168537173e-162 6.773558695508493e-163 1.251996346751699e-163 2.052060357382365e-164 3.1164064856885294e-165 4.471759517977307e-166 6.119724527327286e-167 8.024620395917734e-168 1.0080875248650573e-168 1.2109954663316822e-169 1.38114814532446e-170 1.4736695495182878e-171 1.4256883340420886e-172 1.1536164508397678e-173 5.514836517654551e-175 -5.0883314697499925e-176 -2.1744189423355947e-176 -4.603881024608991e-177 -7.954192595072268e-178 -1.2360253530052619e-178 -1.790564252230369e-179 -2.4583280403082095e-180 -3.2245254868483927e-181 -4.054194974797872e-182 -4.885194419594787e-183 -5.62059856549768e-184 -6.12107222464608e-185 -6.198080128335683e-186 -5.609132992365799e-187 -4.056640818543383e-188 -1.192313679601646e-189 3.37060214234876e-190 1.0034715882682123e-190 1.918288253375609e-191 3.112710870093445e-192 4.60399726705967e-193 6.38674741801534e-194 8.422367971603238e-195 1.0626959469706969e-195 1.2858139771668301e-196 1.4901673543446815e-197 1.6459247213050696e-198 1.7138686781031153e-199 1.644706170924623e-200 1.3806584981251289e-201 8.518832930333278e-203 -1.314676083000827e-204 
1900 1 4 0 0 0
14.93580761835865 14.93517453454182 14.932228162894939 14.93159473250713 14.931087535296632 14.928841241653966 13.771473386157114 13.25715102855304 12.755563637214413 12.254647582702338 12.00376326717731 12.00263095629858 12.002047996630873 12.0015950307454 12.001242257682321 12.000967512300992 12.00075353557616 12.000586886094212 12.000457095605515 12.000356011370801 12.000277283978551 12.000215968456429 12.00016821361666 12.000131020114974 12.000102052028751 12.00007949011216 12.000061917510317 12.000048230754308 12.000037570442316 12.000029267254435 12.000022799909015 12.000017762418103 12.000013838585938 12.0000107821485 12.0000084013065 12.000006546677685 12.000005101915642 12.000003976403383 12.000003099562083 12.000002416419102 12.000001884157342 12.000001469425476 12.000001146246369 12.00000089438515 12.000000698080125 12.000000545054213 12.00000042574424 12.000000332701259 12.000000260123414 12.000000203492178 12.000000159287968 12.00000012476986 12.000000097802603 12.000000076723552 12.000000060236786 12.000000047332996 12.000000037225158 12.000000029300777 12.00000002308157 12.000000018195697 12.000000014352842 12.000000011326915 12.000000008941818 12.00000000705987 12.000000005573824 12.000000004399663 12.000000003471477 12.00000000273775 12.000000002157634 12.000000001699178 12.00000000133697 12.000000001051022 12.00000000082533 12.000000000647706 12.000000000508035 12.000000000398302 12.000000000312108 12.000000000244473 12.00000000019138 12.000000000149784 12.000000000117193 12.000000000091665 12.000000000071669 12.000000000056033 12.000000000043789 12.000000000034223 12.000000000026729 12.000000000020886 12.000000000016298 12.000000000012724 12.000000000009923 12.000000000007743 12.000000000006045 12.000000000004714 12.00000000000367 12.000000000002856 12.000000000002226 12.000000000001736 12.00000000000136 12.000000000001064 12.00000000000083 12.000000000000638 12.000000000000497 12.000000000000384 12.000000000000304 12.000000000000242 12.000000000000194 12.00000000000015 12.000000000000103 12.000000000000071 12.000000000000048 12.000000000000036 12.000000000000025 12.00000000000002 12.000000000000018 12.000000000000012 12.00000000000001 12.00000000000001 12.000000000000007 12.000000000000005 12.000000000000002 12.0 12.0 11.999999999999996 11.999999999999993 11.99999999999999 11.999999999999991 11.999999999999995 11.999999999999993 11.999999999999993 11.999999999999996 12.0 12.000000000000002 11.999999999999998 11.999999999999993 12.000000000000002 12.000000000000005 12.000000000000005 12.0 12.0 12.000000000000004 12.0 11.999999999999995 11.999999999999995 11.999999999999995 11.999999999999996 11.999999999999996 12.0 11.999999999999996 12.0 12.0 11.999999999999998 11.999999999999996 11.999999999999996 12.000000000000002 12.000000000000005 12.000000000000005 12.000000000000012 12.000000000000016 12.000000000000018 12.000000000000021 12.000000000000028 12.000000000000039 12.000000000000048 12.000000000000052 12.000000000000055 12.000000000000057 12.00000000000006 12.000000000000064 12.000000000000064 12.000000000000068 12.000000000000073 12.000000000000076 12.000000000000076 12.000000000000078 12.000000000000085 12.000000000000083 12.000000000000078 12.00000000000008 12.000000000000085 12.000000000000085 12.000000000000085 12.000000000000085 12.000000000000085 12.00000000000008 12.000000000000078 12.000000000000073 12.000000000000075 12.000000000000076 12.000000000000076 12.000000000000075 12.000000000000078 12.000000000000083 12.000000000000082 12.000000000000083 12.00000000000008 12.000000000000076 12.000000000000075 12.00000000000007 12.00000000000007 
34.99999999999989 34.999999999999886 34.999999999999886 34.999999999999886 34.99999999999989 34.9999999999999 34.99999999999999 35.00000000000011 35.00000000000003 34.99999999999995 34.99999999999999 34.999999999999986 35.00000000000002 35.000000000000014 35.00000000000002 35.0 34.999999999999964 34.99999999999997 34.999999999999915 34.99999999999997 35.0 34.999999999999964 35.00000000000001 34.99999999999995 34.999999999999936 35.00000000000008 34.99999999999999 35.00000000000009 35.00000000000004 34.999999999999936 35.000000000000036 35.0 35.000000000000014 35.00000000000003 35.00000000000002 35.00000000000001 34.999999999999986 34.99999999999998 35.00000000000002 34.999999999999986 34.99999999999998 34.9999999999999 34.99999999999999 35.0 35.0 34.99999999999992 34.999999999999936 34.99999999999997 34.999999999999964 35.0 35.000000000000014 35.000000000000014 35.00000000000001 35.00000000000004 35.00000000000003 35.00000000000002 35.000000000000014 35.00000000000001 35.00000000000001 35.000000000000014 34.99999999999999 34.99999999999999 35.00000000000001 35.0 34.99999999999999 35.0 35.00000000000002 35.00000000000002 35.000000000000014 35.0 35.0 35.0 35.0 35.000000000000014 35.00000000000001 35.00000000000003 35.00000000000003 35.00000000000005 35.000000000000036 35.000000000000014 35.00000000000003 35.00000000000004 35.00000000000003 35.00000000000003 35.000000000000014 35.000000000000014 35.000000000000014 35.00000000000001 34.99999999999999 34.99999999999999 35.0 35.00000000000001 35.00000000000003 35.00000000000002 35.000000000000014 35.00000000000001 35.000000000000014 35.00000000000002 35.00000000000002 35.00000000000002 35.00000000000002 35.000000000000014 35.00000000000001 35.00000000000001 35.000000000000014 35.0 34.99999999999999 35.0 35.0 35.00000000000001 35.00000000000001 35.000000000000014 35.000000000000014 35.0 34.99999999999999 35.00000000000001 35.00000000000001 35.000000000000014 35.0 35.000000000000014 35.000000000000014 35.0 35.0 35.0 34.99999999999999 34.99999999999999 34.99999999999999 34.999999999999986 34.999999999999986 34.99999999999998 34.99999999999998 34.99999999999999 35.0 34.99999999999999 34.999999999999986 34.99999999999999 35.0 35.0 35.0 34.99999999999999 35.0 34.99999999999999 34.99999999999998 34.999999999999986 34.99999999999999 35.0 34.99999999999999 34.99999999999999 35.0 35.00000000000001 35.0 35.0 34.99999999999999 34.99999999999999 35.00000000000001 35.00000000000001 35.00000000000002 35.00000000000003 35.000000000000036 35.00000000000005 35.00000000000007 35.00000000000009 35.000000000000114 35.00000000000014 35.00000000000014 35.00000000000015 35.00000000000016 35.000000000000185 35.00000000000018 35.000000000000185 35.00000000000019 35.000000000000206 35.000000000000206 35.0000000000002 35.0000000000002 35.00000000000023 35.00000000000023 35.00000000000022 35.00000000000021 35.000000000000234 35.00000000000024 35.00000000000023 35.00000000000022 35.00000000000023 35.000000000000206 35.0000000000002 35.00000000000017 35.00000000000016 35.00000000000018 35.000000000000185 35.00000000000018 35.0000000000002 35.00000000000022 35.00000000000022 35.00000000000023 35.00000000000022 35.00000000000021 35.000000000000206 35.0000000000002 35.0000000000002 
0.1005266759989831 -0.004030111525365193 -0.012742687739526321 -0.018598535696330142 -0.02277016737432982 -0.02900967732659089 7.3823364558026554e-06 2.3693268526464164e-07 6.450446629912241e-10 1.308353375957108e-12 2.1122162940996227e-15 8.477876088992383e-18 2.2021992956076165e-20 -1.726140571092951e-22 -4.100484197074659e-24 -5.496301392607263e-26 -6.304142341182569e-28 -6.769546362948795e-30 -7.023386949974506e-32 -7.091086335123369e-34 -6.865200059627652e-36 -6.007420032475375e-38 -3.697152455353488e-40 1.980658378161251e-42 1.5538126164193509e-43 4.7864135540474655e-45 1.2600180695586015e-46 3.191040312346135e-48 8.086409606713228e-50 2.078914104823396e-51 5.417760696884171e-53 1.4072034984657418e-54 3.4642628299954306e-56 6.783252033381477e-58 -9.538307222842319e-61 -1.4191405512483552e-60 -1.3784843449942338e-61 -1.0888033684580134e-62 -8.210590058657546e-64 -6.2097155547404316e-65 -4.805111692995016e-66 -3.8353926935662573e-67 -3.163420039624265e-68 -2.688150469938669e-69 -2.3346101481539732e-70 -2.0399403158454923e-71 -1.7377318263139015e-72 -1.3371319690390557e-73 -6.892201119784394e-75 4.7366781744047004e-76 2.653015609230486e-76 6.806929029521621e-77 1.47854878940838e-77 3.018329325350163e-78 6.000817619900055e-79 1.1792762061826426e-79 2.3050617065843716e-80 4.49019858498255e-81 8.710180310198072e-82 1.678226028044841e-82 3.1973101957753734e-83 5.98318838323141e-84 1.0886299294057746e-84 1.893937195831906e-85 3.0537850244137862e-86 4.23949924305634e-87 3.8263308433153294e-88 -3.658618588260355e-89 -3.412169542803207e-89 -1.3003482535198053e-89 -3.983886812533854e-90 -1.096393171070065e-90 -2.81773597151476e-91 -6.892717215317502e-92 -1.619638232423745e-92 -3.6732026968155725e-93 -8.054121751074362e-94 -1.7080453906945638e-94 -3.4953102503853036e-95 -6.8803170972307005e-96 -1.2925675300493344e-96 -2.2898905695985086e-97 -3.727865882526399e-98 -5.268593249672024e-99 -5.318813783208365e-100 1.0873925605141049e-101 2.719361209431561e-101 1.053377173591958e-101 3.0888722434180686e-102 7.97859116124285e-103 1.8999287622580145e-103 4.2731688883130834e-104 9.155098105949373e-105 1.8868187381388988e-105 3.7292140531409623e-106 7.082734128493054e-107 1.2936303927893657e-107 2.2479155199976777e-108 3.695698628357251e-109 5.618238458233158e-110 7.546771924751561e-111 7.796820321584495e-112 1.9758972828563545e-113 -2.0312880685022812e-113 -8.142791234120973e-114 -2.2668296052795304e-114 -5.434312676464343e-115 -1.1926557824135477e-115 -2.4583795536043418e-116 -4.8195348813222376e-117 -9.043871169573354e-118 -1.6288424254879007e-118 -2.81554889471688e-119 -4.657810270885604e-120 -7.326465443654011e-121 -1.0816716902601602e-121 -1.459547591449003e-122 -1.6886991302455257e-123 -1.3265036879010029e-124 5.8509368688462386e-126 5.957233084281938e-126 1.837384726953628e-126 4.422433089074219e-127 9.439015886779915e-128 1.865950297792458e-128 3.483855089477873e-129 6.203484025708672e-130 1.0584040796511926e-130 1.7325432769668884e-131 2.7167464809351093e-132 4.060394811081421e-133 5.72439361008955e-134 7.454459077176896e-135 8.548535996204644e-136 7.45449384104541e-137 1.1086760703351747e-138 -1.6101173243314593e-138 -5.3885172480045115e-139 -1.2824493458149658e-139 -2.6438243117690045e-140 -5.002210970962053e-141 -8.900602082351793e-142 -1.5071689282251165e-142 -2.442876101037599e-143 -3.797658133815999e-144 -5.656532120781141e-145 -8.036340152233392e-146 -1.0785900181928478e-146 -1.3411299235004397e-147 -1.4788041211374506e-148 -1.271042167478276e-149 -3.2190219893424196e-151 2.0355206937583044e-151 6.867799263451425e-152 1.5803260719814194e-152 3.12177917656765e-153 5.641598320886587e-154 9.574712296345198e-155 1.5454437851025987e-155 2.387165269863024e-156 3.5333305329859746e-157 5.012297375346511e-158 6.782415183989081e-159 8.66763816263814e-160 1.0253007586579003e-160 1.0728454379334453e-161 8.6663136063018e-163 1.7197243070757504e-164 -1.376407034002256e-164 -4.3206073528977803e-165 -9.429520012156536e-166 -1.7743817221025006e-166 -3.0599601676897596e-167 -4.960301273980148e-168 -7.651216230775286e-169 -1.1296150352158481e-169 -1.5993691904853086e-170 -2.1687832774132576e-171 -2.802531097412917e-172 -3.414137117753014e-173 -3.8353626118527173e-174 -3.774498477262218e-175 -2.7623140396871344e-176 -8.593749510488547e-179 5.286218543998123e-178 1.4780650751296526e-178 3.0280956192034543e-179 5.415031199143835e-180 8.917394223019453e-181 1.3836216779119383e-181 2.045309770735519e-182 2.895496326897936e-183 3.9311567435842925e-184 5.108914935572661e-185 6.318227930651414e-186 7.344726706123534e-187 7.820067201982681e-188 7.168517461630086e-189 4.500502072345941e-190 -2.514659690366685e-191 
-0.09979079219196416 -0.06808438147016027 -0.06077738120110166 -0.054537407534086854 -0.04917500902657871 -0.03912998108653381 3.711679509878531e-05 3.071072029354991e-09 -2.3261003785829238e-10 -9.26341982714089e-13 -2.5687354692249316e-15 -1.9133498383418924e-17 -1.5570269843411186e-19 -1.2066226647994598e-21 -8.923018910871249e-24 -6.200322825940122e-26 -3.8258863161229513e-28 -1.6585195751784875e-30 4.895843484181976e-33 2.8601930679246354e-34 5.783536110914664e-36 9.744151274460856e-38 1.548561395025144e-39 2.414745656250393e-41 3.733642776460419e-43 5.663508801296138e-45 8.0454923734361825e-47 8.989979686455192e-49 -9.254415521157186e-52 -6.200200367497687e-52 -3.402663934185361e-53 -1.5223042841275945e-54 -6.512487841117294e-56 -2.799198426363085e-57 -1.2329407612380933e-58 -5.60415209764015e-60 -2.6254010238028235e-61 -1.2552712626821792e-62 -5.9797642545869826e-64 -2.6737684050737344e-65 -9.114830529045491e-67 1.076249026005463e-68 7.744335256066791e-69 1.2943481685031187e-69 1.7899337577816442e-70 2.3516289287786157e-71 3.0668400620782193e-72 4.041446311221143e-73 5.421112603062959e-74 7.416523474341156e-75 1.0333072027182545e-75 1.459848361870973e-76 2.0759221380471527e-77 2.9358894128330016e-78 4.046266211083275e-79 5.2216138435938295e-80 5.691975342230004e-81 3.0956481157701884e-82 -9.014866569219172e-83 -4.716857231403517e-83 -1.5206485444397763e-83 -4.209884065096411e-84 -1.0808235922919773e-84 -2.6487230726634655e-85 -6.277731145380152e-86 -1.4478403270109745e-86 -3.25721940849024e-87 -7.15162986824011e-88 -1.5301572421735572e-88 -3.181294579847938e-89 -6.396204646265927e-90 -1.2336680374689572e-90 -2.2518733768083178e-91 -3.799179692162363e-92 -5.597688648662493e-93 -5.97422267641553e-94 8.745969651817231e-96 3.1703809478607785e-95 1.302863472753048e-95 4.037394763374169e-96 1.1001253463810007e-96 2.771269629455227e-97 6.589264295821286e-98 1.4963466252497923e-98 3.262053886848573e-99 6.850297894568748e-100 1.3843916317658493e-100 2.695037453806381e-101 5.017502228812375e-102 8.886625229901969e-103 1.4709426193408753e-103 2.2137442619651548e-104 2.7983205586571312e-105 2.1767103871967881e-106 -2.521352782159364e-107 -1.8108943757378913e-107 -5.98787056426922e-108 -1.5954655102972281e-108 -3.8154156658658505e-109 -8.484314986141109e-110 -1.7857395492987807e-110 -3.581141337724034e-111 -6.90404976721326e-112 -1.2786634733717236e-112 -2.272366959195919e-113 -3.860050575394621e-114 -6.217839372670277e-115 -9.351038960381763e-116 -1.270542027378889e-116 -1.4317510158906038e-117 -9.093714933269787e-119 1.44763247466409e-119 8.028977510618618e-120 2.34979620621327e-120 5.65032388731666e-121 1.2237104811815582e-121 2.470523353435581e-122 4.726989771679126e-123 8.638871168097163e-124 1.5136926412445794e-124 2.545938539762143e-125 4.100016176496964e-126 6.287555791593541e-127 9.078479015989068e-128 1.206139636313612e-128 1.3977206848220734e-129 1.186924199306046e-130 -3.84934522392195e-133 -3.4490780781888975e-132 -1.1153286844330807e-132 -2.6764365490898585e-133 -5.61986625891093e-134 -1.0871732864014368e-134 -1.981371354402909e-135 -3.439514428463519e-136 -5.7174967558152e-137 -9.117003988912965e-138 -1.3928262651097035e-138 -2.0291636789052023e-139 -2.79144970926637e-140 -3.5545024157163845e-141 -4.0058342084983375e-142 -3.495381052562266e-143 -8.00180997469104e-145 6.227006426208434e-145 2.1156541946238737e-145 4.964969499622162e-146 1.0028682639241492e-146 1.8548181251363447e-147 3.222844061473146e-148 5.326571290401989e-149 8.42464275285337e-150 1.2778747922824007e-150 1.8570997443066448e-151 2.574305596826143e-152 3.3711403232725634e-153 4.08961841834389e-154 4.398296402826694e-155 3.682102298237538e-156 8.855523129192021e-158 -5.6965451947201066e-158 -1.8685316978404445e-158 -4.1946898749080924e-159 -8.091258286152693e-160 -1.4284121072586718e-160 -2.3687325000085737e-161 -3.7363232454083157e-162 -5.639883694444785e-163 -8.16405258116925e-164 -1.1320520770648032e-164 -1.4965685916713865e-165 -1.867067277636514e-166 -2.1526814527495676e-167 -2.1868310731601112e-168 -1.6895390815627143e-169 -2.188374930737053e-171 2.888081102018453e-171 8.580292256237593e-172 1.8156419127516404e-172 3.330917023419152e-173 5.612301118013271e-174 8.898082201168584e-175 1.3431416390317218e-175 1.9410531915753107e-176 2.690184237200448e-177 3.5700428441831447e-178 4.51194008501602e-179 5.368791879451724e-180 5.873849671138194e-181 5.58697315408038e-182 3.828356180511043e-183 -3.9796292220711215e-185 -8.484460882568505e-185 -2.2291838714977948e-185 -4.419082967026288e-186 -7.704250788409652e-187 -1.2403611231523617e-187 -1.884684924301482e-188 -2.7365111379757393e-189 -4.2929783609186446e-190 
1900 1 5 0 0 0
14.968441698359735 14.967808303692152 14.964861539585916 14.964227651303455 14.96371936179117 14.961390928590372 13.781154059789166 13.259540596066067 12.757418353556517 12.256196680676583 12.005016293943868 12.003508412393856 12.002730799183201 12.002126823578031 12.00165644346928 12.001290102690291 12.00100478879606 12.000782579574619 12.000609517091092 12.000474730805127 12.000369754651468 12.000287995181464 12.000224317351199 12.000174721928733 12.000136094261384 12.000106008612711 12.0000825757793 12.000064324415225 12.000050108605494 12.000039035884463 12.00003041117639 12.000023693135477 12.000018460142673 12.000014383824986 12.000011208431731 12.000008734770855 12.000006807700151 12.000005306385244 12.000004136710846 12.000003225371158 12.00000251526895 12.000001961929001 12.000001530708676 12.000001194622754 12.00000093265002 12.000000728416284 12.000000569165545 12.00000044496128 12.00000034806369 12.000000272443984 12.000000213406258 12.00000016729345 12.000000131256805 12.000000103077895 12.000000081028325 12.000000063761446 12.000000050227946 12.000000039610029 12.000000031270591 12.000000024712074 12.000000019547791 12.000000015475441 12.00000001225955 12.000000009716757 12.000000007703614 12.000000006107816 12.00000000484202 12.00000000383709 12.000000003039112 12.000000002405308 12.000000001902032 12.000000001502492 12.000000001185395 12.000000000934447 12.000000000736065 12.000000000579407 12.000000000455762 12.000000000358192 12.00000000028136 12.00000000022087 12.00000000017327 12.000000000135868 12.000000000106496 12.000000000083427 12.000000000065338 12.000000000051141 12.000000000040025 12.000000000031307 12.000000000024475 12.000000000019137 12.000000000014941 12.00000000001166 12.000000000009107 12.0000000000071 12.000000000005539 12.000000000004327 12.000000000003379 12.000000000002638 12.000000000002064 12.000000000001608 12.000000000001247 12.00000000000097 12.000000000000755 12.000000000000583 12.000000000000453 12.00000000000036 12.000000000000279 12.000000000000213 12.000000000000158 12.000000000000115 12.000000000000083 12.000000000000057 12.000000000000039 12.000000000000032 12.000000000000023 12.00000000000002 12.00000000000002 12.00000000000002 12.00000000000002 12.000000000000014 12.000000000000004 12.000000000000002 11.999999999999998 11.999999999999993 11.999999999999991 11.999999999999991 11.999999999999991 11.999999999999996 12.000000000000004 12.000000000000007 12.000000000000009 12.00000000000001 12.00000000000001 12.000000000000007 12.000000000000004 12.000000000000007 12.000000000000007 12.000000000000007 12.0 11.999999999999998 11.999999999999993 11.999999999999995 11.999999999999996 12.0 12.000000000000002 12.000000000000004 12.000000000000004 12.000000000000004 12.000000000000002 12.000000000000004 12.0 11.999999999999998 11.999999999999998 12.000000000000004 12.000000000000009 12.000000000000012 12.00000000000002 12.000000000000025 12.000000000000025 12.000000000000028 12.000000000000037 12.000000000000048 12.000000000000052 12.000000000000057 12.000000000000062 12.000000000000071 12.000000000000076 12.000000000000087 12.00000000000009 12.00000000000009 12.0000000000001 12.000000000000107 12.000000000000112 12.00000000000011 12.000000000000108 12.000000000000108 12.000000000000108 12.000000000000103 12.000000000000107 12.000000000000107 12.000000000000103 12.000000000000103 12.000000000000105 12.000000000000103 12.000000000000103 12.000000000000101 12.000000000000101 12.000000000000103 12.000000000000103 12.000000000000098 12.000000000000096 12.000000000000096 12.000000000000098 12.0000000000001 12.0000000000001 12.0000000000001 12.000000000000092 12.00000000000009 12.000000000000092 12.000000000000092 
34.99999999999984 34.99999999999983 34.99999999999984 34.99999999999982 34.99999999999983 34.999999999999844 35.000000000000014 35.000000000000185 35.00000000000005 34.99999999999995 35.00000000000001 35.00000000000003 35.00000000000004 35.000000000000036 35.000000000000036 35.00000000000005 34.99999999999997 34.99999999999998 34.999999999999936 35.000000000000014 35.00000000000003 34.999999999999964 35.00000000000004 34.999999999999886 34.99999999999995 35.00000000000008 35.00000000000001 35.000000000000036 35.0 34.999999999999865 35.00000000000003 34.999999999999986 35.00000000000002 35.00000000000004 35.00000000000009 35.00000000000004 35.000000000000014 34.99999999999992 34.99999999999998 34.99999999999999 34.99999999999999 34.9999999999999 35.00000000000003 35.00000000000003 34.99999999999997 34.99999999999989 34.99999999999993 34.999999999999986 34.99999999999996 35.00000000000004 35.000000000000036 34.999999999999986 35.00000000000001 35.00000000000003 34.99999999999999 35.00000000000002 35.0 35.000000000000014 35.000000000000036 35.00000000000002 35.00000000000001 34.99999999999999 35.00000000000001 35.000000000000014 35.00000000000001 34.99999999999999 35.00000000000001 35.00000000000001 35.00000000000001 35.00000000000001 35.00000000000001 35.0 34.99999999999999 34.99999999999998 35.0 35.00000000000002 35.00000000000005 35.00000000000005 35.00000000000004 35.000000000000036 35.00000000000004 35.000000000000036 35.00000000000004 35.00000000000004 35.00000000000004 35.00000000000002 35.000000000000014 35.00000000000002 35.000000000000014 35.000000000000014 35.000000000000014 35.00000000000002 35.00000000000003 35.000000000000014 35.00000000000003 35.000000000000036 35.00000000000004 35.000000000000036 35.000000000000036 35.00000000000002 35.00000000000002 35.0 34.999999999999986 34.99999999999999 34.99999999999998 34.99999999999998 34.999999999999986 34.99999999999998 34.99999999999998 34.999999999999986 34.99999999999999 35.0 35.00000000000001 35.000000000000014 35.00000000000001 35.0 35.000000000000014 35.00000000000002 35.00000000000004 35.00000000000004 35.00000000000002 35.00000000000002 35.00000000000002 35.000000000000014 35.00000000000002 35.000000000000014 35.0 35.0 35.00000000000001 35.00000000000003 35.00000000000004 35.00000000000005 35.00000000000004 35.000000000000036 35.000000000000014 35.000000000000014 34.99999999999999 34.99999999999999 34.99999999999997 34.99999999999997 34.99999999999997 34.99999999999998 34.99999999999999 34.99999999999998 34.999999999999986 35.0 35.00000000000002 35.000000000000014 35.00000000000001 35.000000000000014 35.00000000000002 35.000000000000014 35.00000000000001 35.000000000000014 35.00000000000002 35.00000000000002 35.000000000000036 35.00000000000005 35.00000000000006 35.00000000000008 35.000000000000114 35.00000000000014 35.00000000000015 35.00000000000017 35.000000000000185 35.00000000000021 35.00000000000023 35.00000000000025 35.00000000000026 35.00000000000026 35.00000000000027 35.00000000000029 35.00000000000029 35.00000000000029 35.00000000000029 35.000000000000284 35.00000000000029 35.00000000000029 35.00000000000029 35.000000000000284 35.00000000000027 35.000000000000284 35.00000000000029 35.00000000000028 35.00000000000027 35.000000000000256 35.000000000000256 35.000000000000256 35.00000000000025 35.00000000000024 35.00000000000024 35.00000000000024 35.00000000000026 35.000000000000284 35.000000000000284 35.00000000000027 35.00000000000026 35.000000000000256 35.00000000000026 35.00000000000026 
0.09800459881445985 -0.006548431986652144 -0.015255884868056447 -0.021104934582450333 -0.02526672426979373 -0.03167380270001864 -5.941568224746698e-05 -1.1599807416502815e-07 -6.24740806280533e-10 -2.1996137756243496e-12 -6.110251575765419e-15 -4.261622575597128e-17 -3.213727154027254e-19 -2.1998691012498272e-21 -1.2357914717828013e-23 -2.97282977748154e-26 6.696094578768758e-28 1.7453603038557683e-29 3.0433621483075975e-31 4.7246085734573134e-33 7.018416338417229e-35 1.0238308066959975e-36 1.4747392422797507e-38 2.0705092099394652e-40 2.7008655155219668e-42 2.741205115610875e-44 -3.162916065409433e-47 -1.5675687464658328e-47 -7.640068115228204e-49 -3.020440061463118e-50 -1.13338614579494e-51 -4.235652699883439e-53 -1.6045937243168682e-54 -6.17921998766659e-56 -2.3941467159521367e-57 -9.038110633086726e-59 -3.024674089480996e-60 -5.502271578510468e-62 4.826745409680094e-63 9.220219394858475e-64 1.1219396271549144e-64 1.2361343031069378e-65 1.3356141895894445e-66 1.4576782591040331e-67 1.6272614911698804e-68 1.8667850058270923e-69 2.2005795002592303e-70 2.6551575734259473e-71 3.252346941953415e-72 3.985073318305473e-73 4.749400492102307e-74 5.166709051224294e-75 4.1343213572704494e-76 -1.2892657875927816e-77 -1.8621745778603506e-77 -6.662933367551009e-78 -1.91507015031766e-78 -5.0590296141425924e-79 -1.2825357211256666e-79 -3.176736335231433e-80 -7.751155470041268e-81 -1.8694117959678767e-81 -4.459851323489171e-82 -1.0515495249601911e-82 -2.4445812667721825e-83 -5.582441516080623e-84 -1.245453118498942e-84 -2.6922118745769145e-85 -5.564763736815701e-86 -1.074079004517676e-86 -1.8389229400910083e-87 -2.3874479767278296e-88 -3.3899321544400177e-90 1.3097931094190654e-89 6.632265202950185e-90 2.440434617175441e-90 7.850470791395953e-91 2.332872998284535e-91 6.560450564436687e-92 1.7661468731856782e-92 4.5794695266612136e-93 1.1480308500797911e-93 2.7861705837209533e-94 6.539867222241385e-95 1.4825859477243806e-95 3.232356091658431e-96 6.731588856127345e-97 1.3211983079345434e-97 2.3823804030965018e-98 3.730912721211735e-99 4.14429370907232e-100 -1.1337020391504035e-101 -2.7058721908694326e-101 -1.156730523338424e-101 -3.765404553100783e-102 -1.0844679866967889e-102 -2.876995748975615e-103 -7.229286598359182e-104 -1.7348335356460402e-104 -3.986640164843635e-105 -8.836390066311972e-106 -1.887397659451708e-106 -3.871890327252192e-107 -7.603298512848201e-108 -1.420578429319362e-108 -2.4830841968418516e-109 -3.933726331634845e-110 -5.2081058901328256e-111 -4.0664075231968645e-112 6.157594630208784e-113 4.2863808251141384e-113 1.4791941498699286e-113 4.1623838172838824e-114 1.0527613023065573e-114 2.4812938127584425e-115 5.54179417942484e-116 1.1834076841598647e-116 2.426281626923242e-117 4.783119619694151e-118 9.057555439550394e-119 1.6409292286089812e-119 2.8222301728358956e-120 4.538085368992447e-121 6.606982903555829e-122 8.018557726822522e-123 5.650572519962405e-124 -8.479106167795421e-125 -5.278677809850917e-125 -1.6690980197059722e-125 -4.3167717768125604e-126 -1.0044651201277184e-126 -2.1788111099927793e-127 -4.479277802149129e-128 -8.801286542911685e-129 -1.6594269320851787e-129 -3.005068886172738e-130 -5.217475952821519e-131 -8.640956978947562e-132 -1.3510428638806744e-132 -1.9534204445862067e-133 -2.492626227529835e-134 -2.4360575443038377e-135 -4.921610250934098e-137 6.149975715508054e-137 2.3183319870653583e-137 6.15177083114062e-138 1.4109807815825565e-138 2.9682912013367978e-139 5.871885017764477e-140 1.1056501018707243e-140 1.9936282976003603e-141 3.450312318265212e-142 5.727764549190336e-143 9.086139626471518e-144 1.3659297749226002e-144 1.9138626000102598e-145 2.41130050945696e-146 2.479333452570185e-147 1.2687813366075676e-148 -2.9423442747860293e-149 -1.3411357126881766e-149 -3.5999239389382476e-150 -8.0752734446288e-151 -1.641586615536347e-151 -3.120954153976264e-152 -5.632338203466522e-153 -9.720233665743633e-154 -1.609183821474574e-154 -2.5553992387616376e-155 -3.8800810461862746e-156 -5.59079579752e-157 -7.529172575067428e-158 -9.174600192898485e-159 -9.296712048980451e-160 -5.37121318346417e-161 7.357335074023796e-162 3.731179641787373e-162 9.867850394638017e-163 2.142962658078058e-163 4.193522754743139e-164 7.656035392194044e-165 1.3252356949628484e-165 2.192345093919674e-166 3.4780840912577275e-167 5.292332252252814e-168 7.699818827429715e-169 1.0631316159439625e-169 1.3720260686945377e-170 1.602159567034722e-171 1.555310261608715e-172 8.58175758562527e-174 -1.1436878334524016e-174 -5.536057843249313e-175 -1.4037190960720694e-175 -2.92492170744537e-176 -5.493058835151819e-177 -9.627930257565356e-178 -1.6003115678005717e-178 -2.5499311086375816e-179 -4.43827026946601e-180 
-0.10189959335543186 -0.0701940740674765 -0.06288817821689938 -0.05664966754841299 -0.05128652738560638 -0.04087394553437125 1.96350044845097e-06 -8.601940371247732e-08 -2.683164952418533e-10 -2.7015324669371065e-13 8.888497777780974e-16 1.8392381877838563e-17 2.555112115689976e-19 3.0046134000357273e-21 3.2689483042332495e-23 3.4084003258136704e-25 3.453948654106379e-27 3.4016018989876484e-29 3.197742496667568e-31 2.7030204248799495e-33 1.6104070790918722e-35 -7.372077657543446e-38 -5.756550460840307e-39 -1.6559868676542446e-40 -4.013181002300395e-42 -9.244920844411524e-44 -2.1046676346202938e-45 -4.790523406684751e-47 -1.0834036036637816e-48 -2.3585325654641936e-50 -4.455199556101154e-52 -3.9069001214321194e-54 2.9907897268661987e-55 3.015479296282725e-56 2.0878436507749138e-57 1.3297560070994687e-58 8.374554880903043e-60 5.3593259806582934e-61 3.5230403456587247e-62 2.3837612604243896e-63 1.6516528247210042e-64 1.1551471212287003e-65 7.893906809191633e-67 4.84139790624734e-68 1.8294498040527158e-69 -1.732120861354372e-70 -6.637216918083273e-71 -1.41437679330255e-71 -2.6422045742284297e-72 -4.738077640081482e-73 -8.423333358029087e-74 -1.5049704413364986e-74 -2.7174437368120434e-75 -4.965662749909855e-76 -9.170879717695354e-77 -1.7059596288178087e-77 -3.178684271041376e-78 -5.883333456079775e-79 -1.0678467332009843e-79 -1.859205279929992e-80 -2.9705555881675295e-81 -3.857794173666621e-82 -1.870239626483677e-83 1.2573092632621855e-83 7.0137307594428e-84 2.6244076595513284e-84 8.508031590361226e-85 2.5542628314327863e-85 7.29237445408333e-86 2.0050327825943604e-86 5.342910167130662e-87 1.3841113130908297e-87 3.488596052707779e-88 8.562989232611244e-89 2.0441916827869488e-89 4.73179879216432e-90 1.056282737649174e-90 2.2535276015806452e-91 4.52649088898186e-92 8.297193962206968e-93 1.2860338331291354e-93 1.241530226678318e-94 -1.6452448654264786e-95 -1.5062462017665458e-95 -6.170828182936257e-96 -2.040585666139466e-96 -6.054285030265706e-97 -1.6735711285410815e-97 -4.3859607248873536e-98 -1.1024662113013608e-98 -2.6637018196106122e-99 -6.205523371990628e-100 -1.3960313446764127e-100 -3.024800032952746e-101 -6.287052135720267e-102 -1.2504466941461722e-102 -2.330423677287234e-103 -3.99504130988516e-104 -5.909015831141551e-105 -6.068626001195874e-106 2.349904184102191e-107 3.919343137259586e-107 1.5622433417751678e-107 4.795536757081984e-108 1.3031422336449598e-108 3.2771430327145166e-109 7.78508122518578e-110 1.765344297872611e-110 3.8418958481295274e-111 8.043243315295341e-112 1.6198815154725183e-112 3.1309274657548305e-113 5.7760355076389474e-114 1.0064220826336163e-114 1.622339700419553e-115 2.3095024417555934e-116 2.526056412446984e-117 6.163484102365805e-119 -7.71097739217608e-119 -3.259180730622662e-119 -9.64317235877399e-120 -2.4628769254837038e-120 -5.766201275562186e-121 -1.2692075880970253e-121 -2.6593348302996167e-122 -5.3378243564821e-123 -1.0291954992977173e-123 -1.906306889336476e-124 -3.382977433775717e-125 -5.716337290616245e-126 -9.0852415476626e-127 -1.3248676466088093e-127 -1.6713804210633905e-128 -1.4900208548159934e-129 3.6434931779357403e-131 6.462731571727703e-131 2.2178187333493588e-131 5.81376410525655e-132 1.3439543782223715e-132 2.8718909219056004e-133 5.792295234622944e-134 1.114132894430807e-134 2.054141661405962e-135 3.636364675725753e-136 6.173883710542213e-137 1.0009793393609694e-137 1.5357103537583076e-138 2.189351248731927e-139 2.786936487614021e-140 2.830438815264606e-141 1.1562162506673548e-142 -4.68325472749049e-143 -1.9484870765466937e-143 -5.214978885707228e-144 -1.1843810972338723e-144 -2.450591025905917e-145 -4.753259790147278e-146 -8.761914250435679e-147 -1.545568481036417e-147 -2.613727697572282e-148 -4.242141381330012e-149 -6.582956298775822e-150 -9.689644902995714e-151 -1.33171442246822e-151 -1.6525502551615665e-152 -1.6946981678008968e-153 -9.503493227888623e-155 1.5732742822979978e-155 7.69485187185826e-156 2.0577280270447867e-156 4.547498065898265e-157 9.074262283640786e-158 1.6907519946513994e-158 2.9880433620921125e-159 5.0478460703997785e-160 8.17868491104134e-161 1.2710455427776318e-161 1.888812998600695e-162 2.663997585838571e-163 3.512770551895155e-164 4.1937173341639e-165 4.170413191868541e-166 2.3892696972466013e-167 -3.063460947123713e-168 -1.5467110356330904e-168 -4.0173887688808837e-169 -8.553822411226045e-170 -1.6403594991930105e-170 -2.9342995761058136e-171 -4.976303540402261e-172 -8.06535041497424e-173 -1.2535449610195245e-173 -1.8685289422481275e-174 -2.662655781119537e-175 -3.5996711267594906e-176 -4.544680494469857e-177 -5.183556298283024e-178 -4.888097080363766e-179 -2.4844974253120585e-180 5.548197954324223e-181 
1900 1 6 0 0 0
15.001069286447994 15.000435664226247 14.997488634832086 14.996854454445067 14.996345400883818 14.993984770993178 13.790817991733983 13.261933618163088 12.759273164454294 12.257745773542936 12.006268883541182 12.004386051105648 12.003413654567723 12.002658660462183 12.002070666930445 12.001612725396333 12.00125606981024 12.000978297018271 12.00076195928372 12.000593468169992 12.000462240880239 12.000360035425548 12.00028043285307 12.000218433999585 12.000170145445987 12.000132534934991 12.00010324088922 12.000080424064475 12.000062652014545 12.000048809112819 12.00003802647653 12.000029627390964 12.000023084804447 12.000017988226823 12.000014017949175 12.000010924963528 12.000008515327044 12.000006637983327 12.00000517527684 12.000004035565524 12.000003147469165 12.000002455386305 12.000001916006772 12.00000149559322 12.00000116786361 12.000000912345131 12.000000713087651 12.000000557666091 12.000000436401024 12.000000341752505 12.000000267847005 12.000000210109855 12.000000164977793 12.000000129675882 12.000000102042417 12.000000080393228 12.000000063416133 12.000000050088662 12.000000039613466 12.000000031369211 12.00000002487105 12.000000019741353 12.000000015685124 12.000000012472444 12.000000009923749 12.00000000789898 12.000000006288095 12.000000005005246 12.00000000398273 12.000000003167296 12.000000002516687 12.000000001997826 12.000000001583887 12.000000001254561 12.000000000992845 12.000000000784999 12.000000000620094 12.000000000489397 12.000000000385873 12.000000000304015 12.000000000239309 12.000000000188223 12.000000000147956 12.000000000116229 12.000000000091243 12.00000000007158 12.000000000056133 12.000000000043984 12.000000000034454 12.000000000026965 12.000000000021098 12.000000000016497 12.000000000012893 12.000000000010067 12.000000000007857 12.000000000006139 12.000000000004805 12.00000000000375 12.00000000000293 12.000000000002295 12.000000000001789 12.000000000001396 12.00000000000109 12.00000000000085 12.000000000000659 12.000000000000517 12.000000000000409 12.000000000000313 12.000000000000233 12.00000000000017 12.000000000000123 12.00000000000009 12.000000000000062 12.000000000000043 12.000000000000034 12.000000000000025 12.00000000000002 12.000000000000016 12.000000000000014 12.000000000000012 12.000000000000007 12.000000000000005 12.000000000000002 11.999999999999991 11.999999999999988 11.99999999999999 11.999999999999991 11.999999999999996 11.999999999999993 11.999999999999993 11.999999999999998 11.999999999999998 12.000000000000004 12.000000000000005 12.000000000000004 12.000000000000005 12.000000000000004 12.000000000000004 11.999999999999998 12.000000000000002 12.000000000000005 12.000000000000007 12.000000000000005 12.000000000000002 12.0 11.999999999999998 11.999999999999996 12.000000000000002 12.000000000000004 12.000000000000007 12.000000000000005 12.000000000000005 12.000000000000012 12.000000000000016 12.000000000000018 12.00000000000002 12.000000000000028 12.000000000000036 12.00000000000004 12.000000000000052 12.000000000000057 12.00000000000006 12.000000000000066 12.000000000000073 12.000000000000078 12.00000000000009 12.000000000000101 12.000000000000108 12.000000000000115 12.000000000000115 12.000000000000123 12.00000000000013 12.000000000000135 12.000000000000137 12.000000000000137 12.000000000000139 12.000000000000139 12.000000000000135 12.000000000000135 12.000000000000133 12.000000000000133 12.000000000000137 12.000000000000133 12.00000000000013 12.000000000000128 12.000000000000128 12.000000000000126 12.00000000000012 12.00000000000012 12.000000000000124 12.00000000000012 12.000000000000115 12.000000000000115 12.000000000000117 12.00000000000012 12.00000000000012 12.000000000000123 12.000000000000124 12.000000000000123 12.000000000000115 
34.99999999999987 34.99999999999987 34.99999999999987 34.99999999999988 34.99999999999988 34.99999999999987 35.00000000000001 35.00000000000019 35.00000000000004 34.99999999999995 35.00000000000002 35.00000000000004 35.00000000000009 35.00000000000004 35.000000000000014 35.00000000000004 34.99999999999993 35.000000000000014 34.99999999999992 35.0 35.00000000000007 34.99999999999996 35.00000000000004 34.99999999999986 34.99999999999995 35.0 34.99999999999999 35.000000000000064 34.99999999999997 34.999999999999915 35.00000000000005 34.99999999999994 35.00000000000003 35.00000000000004 35.00000000000005 35.000000000000014 34.99999999999998 34.99999999999992 34.999999999999986 35.000000000000014 34.999999999999986 34.99999999999995 35.0 35.000000000000014 34.99999999999996 34.999999999999886 34.99999999999989 34.99999999999999 34.99999999999998 35.000000000000014 35.000000000000036 35.00000000000006 35.00000000000005 35.0 34.99999999999999 35.0 35.00000000000003 35.000000000000036 35.00000000000002 34.99999999999999 35.0 34.999999999999986 35.0 34.99999999999999 35.00000000000001 35.0 34.99999999999997 34.999999999999964 34.99999999999999 35.000000000000014 35.00000000000002 35.00000000000001 35.0 35.00000000000001 35.0 35.000000000000014 35.000000000000036 35.00000000000005 35.00000000000008 35.000000000000064 35.00000000000005 35.000000000000036 35.00000000000006 35.00000000000006 35.00000000000005 35.000000000000036 35.00000000000002 35.00000000000001 35.00000000000002 35.00000000000001 35.00000000000001 35.00000000000001 35.000000000000014 35.00000000000002 35.00000000000002 35.00000000000002 35.000000000000036 35.000000000000036 35.000000000000036 35.00000000000005 35.000000000000036 35.00000000000002 35.000000000000014 35.00000000000001 34.99999999999999 34.999999999999986 35.0 34.99999999999999 35.0 35.0 34.99999999999999 34.99999999999999 34.99999999999999 35.0 35.000000000000014 35.00000000000002 35.00000000000003 35.000000000000036 35.000000000000036 35.000000000000036 35.000000000000036 35.000000000000036 35.00000000000003 35.0 34.999999999999986 34.999999999999986 34.999999999999986 34.99999999999999 34.999999999999986 35.00000000000001 35.000000000000014 35.00000000000001 35.00000000000003 35.00000000000003 35.00000000000002 35.00000000000001 35.0 34.999999999999986 34.99999999999998 34.99999999999998 34.99999999999998 34.99999999999999 35.0 34.999999999999986 34.999999999999986 34.999999999999986 34.999999999999986 34.99999999999999 35.0 35.00000000000001 35.000000000000014 35.000000000000014 35.00000000000003 35.00000000000004 35.00000000000006 35.00000000000005 35.000000000000064 35.00000000000009 35.0000000000001 35.00000000000014 35.000000000000156 35.00000000000016 35.000000000000185 35.00000000000021 35.00000000000024 35.00000000000027 35.0000000000003 35.00000000000033 35.000000000000334 35.00000000000032 35.00000000000033 35.00000000000035 35.00000000000035 35.00000000000036 35.00000000000036 35.000000000000355 35.00000000000036 35.00000000000036 35.00000000000036 35.00000000000036 35.00000000000036 35.00000000000037 35.00000000000036 35.00000000000034 35.00000000000034 35.00000000000034 35.00000000000034 35.00000000000034 35.000000000000334 35.000000000000334 35.00000000000033 35.00000000000032 35.00000000000034 35.00000000000034 35.00000000000034 35.000000000000334 35.000000000000334 35.000000000000334 35.00000000000033 35.00000000000032 
0.0982199183431579 -0.006331596388634016 -0.015037961405063438 -0.020885797837717313 -0.0250523586905116 -0.031436126342406515 -4.6041403827305534e-05 2.6209474479564533e-08 2.336452661029852e-10 1.4320371099312895e-12 6.401158165468288e-15 6.346654869903852e-17 6.75887012748634e-19 6.843276569697276e-21 6.632347216441462e-23 6.105529250430697e-25 5.1443814090984695e-27 3.469255747051761e-29 5.139846035785172e-32 -4.830037503997365e-33 -1.4741366098737385e-34 -3.356655221138277e-36 -7.0121991191524e-38 -1.4249841865866473e-39 -2.877725423889155e-41 -5.796800815663476e-43 -1.1500669837115026e-44 -2.1521953328787667e-46 -3.2741403264999766e-48 -6.865270876170415e-51 2.9506510690307515e-51 2.1758254203565285e-52 1.25024390941929e-53 6.756507542795477e-55 3.6260775549152986e-56 1.972442557020155e-57 1.0935724203885816e-58 6.147356279809694e-60 3.436104605963445e-61 1.8146988965428626e-62 7.641248560209943e-64 -2.636075986586527e-67 -6.609432176263513e-66 -1.3397034120377847e-66 -2.162958569816316e-67 -3.2859518806292445e-68 -4.939445051251703e-69 -7.49778617826957e-70 -1.1593484508685925e-70 -1.8314130160957386e-71 -2.953522696064001e-72 -4.845152946618447e-73 -8.030939197158792e-74 -1.3301421624472598e-74 -2.1599445991864812e-75 -3.313952782879641e-76 -4.379367269510169e-77 -3.261146626939316e-78 7.804693830740183e-79 5.443677106330115e-79 2.162995242875925e-79 7.323822171907454e-80 2.301998224040098e-80 6.931999123183831e-81 2.028534977731916e-81 5.808866612416809e-82 1.632901945822095e-82 4.510954800666446e-83 1.224274550877741e-83 3.259663061691087e-84 8.49196246780644e-85 2.1566468635230498e-85 5.305684637435546e-86 1.2548737168001602e-86 2.8103982964686564e-87 5.785026530381986e-88 1.0192647211547215e-88 1.170965667157502e-89 -1.2990416658241755e-90 -1.569001800686616e-90 -7.449984995285094e-91 -2.8272037326402996e-91 -9.613121415032542e-92 -3.0484868715309176e-92 -9.188515193695266e-93 -2.6570283112959206e-93 -7.416632954590701e-94 -2.0021252545003036e-94 -5.238643084126711e-95 -1.3264886856541986e-95 -3.2493245897870742e-96 -7.659584508765767e-97 -1.7271495549238202e-97 -3.677509514264243e-98 -7.226290749356388e-99 -1.2437529106301e-99 -1.5845530416534684e-100 8.721147439078162e-104 9.839415917458123e-102 4.786853012082898e-102 1.7175887725296239e-102 5.402695659620625e-103 1.5674750466803003e-103 4.293182485020639e-104 1.1209278954449362e-104 2.813424998526262e-105 6.809171878049656e-106 1.590175572018191e-106 3.5794783751903255e-107 7.742248163781378e-108 1.5992490104862391e-108 3.118854821521726e-109 5.615212322392397e-110 8.869570483698601e-111 1.0467467499907383e-111 8.570267669787245e-114 -4.981226026636194e-113 -2.2457992079327166e-113 -7.378192391876252e-114 -2.1129398538534863e-114 -5.570295372906156e-115 -1.3840158530997538e-115 -3.279440421996941e-116 -7.456366478647341e-117 -1.631377712991714e-117 -3.436009232256649e-118 -6.953291204635083e-119 -1.3454442876929237e-119 -2.4659795625236293e-120 -4.203495630849892e-121 -6.404452537510773e-122 -7.802812986897083e-123 -3.9061785744290345e-124 1.8080890222134493e-124 9.075031854525785e-125 2.912772471234188e-125 7.925955699879241e-126 1.9647048987547374e-126 4.566676932172132e-127 1.009335057673235e-127 2.1365608367582031e-128 4.345842330436363e-129 8.49857791925062e-130 1.5945520723444705e-130 2.855244241014405e-131 4.828090348111281e-132 7.549306728722084e-133 1.0409233780922832e-133 1.0947200908332794e-134 2.1110175344996037e-136 -3.3598601387607696e-136 -1.3602336873621357e-136 -3.9045206699141664e-137 -9.706047572720681e-138 -2.2151304674879765e-138 -4.7576825247526875e-139 -9.722995080280957e-140 -1.9052729275811025e-140 -3.5869343033478996e-141 -6.4842949406126426e-142 -1.1217663562221873e-142 -1.8433022921222868e-143 -2.834802239242755e-144 -3.955302744910954e-145 -4.624135456295333e-146 -3.231728374875094e-147 4.040282677925112e-148 2.5467152265382254e-148 7.787649528969514e-149 1.9378936618869118e-149 4.333094756234464e-150 9.028964436345784e-151 1.7830865783124847e-151 3.365640153946134e-152 6.095396774536216e-153 1.0599218875802085e-153 1.765625799358487e-154 2.800719590581923e-155 4.179308063452968e-156 5.722495492507875e-157 6.769407128735379e-158 5.630579131064975e-159 -1.47521720722236e-160 -2.230290074020555e-160 -7.177538013251177e-161 -1.7721041959569392e-161 -3.8644209870745555e-162 -7.797199848886444e-163 -1.4858178573984093e-163 -2.7012714761524488e-164 -4.70798269882864e-165 -7.876630304902423e-166 -1.2628166762567299e-166 -1.929837166323086e-167 -2.7794997999547108e-168 -3.689777717284527e-169 -4.2820820672279074e-170 -3.6614046773682213e-171 1.1256517445673111e-173 1.3788618615861252e-172 
-0.10080901964315013 -0.06910215216338467 -0.06179439256091834 -0.05555365269108547 -0.05017909818604001 -0.03978380137871443 3.8563307893631573e-05 1.1750219156263982e-07 4.74798441803362e-10 1.6353901498027934e-12 4.229905783965895e-15 2.1124717522878134e-17 4.101460299215052e-20 -1.3895599791178323e-21 -3.3075941240459124e-23 -5.430439630358689e-25 -7.90346821516943e-27 -1.0928990074159168e-28 -1.4761936615441493e-30 -1.9672771037738746e-32 -2.578887448186698e-34 -3.255387312974028e-36 -3.703416426326186e-38 -2.8764223390771935e-40 2.5909470932558573e-42 2.319395859550476e-43 9.162761826962604e-45 3.1105192087120516e-46 1.013037961833393e-47 3.2827054431641006e-49 1.0707752246181355e-50 3.5024752490428036e-52 1.1224593270964797e-53 3.286331719438879e-55 6.55643577197075e-57 -1.767887406807921e-58 -4.013789118765672e-59 -4.2786838075444013e-60 -3.9762742576856666e-61 -3.5836336233888876e-62 -3.249701915573405e-63 -3.010207244962165e-64 -2.863157948769733e-65 -2.7931667684649307e-66 -2.774687660583545e-67 -2.7620310932107677e-68 -2.6622247342339996e-69 -2.2742059422364472e-70 -1.154387692196651e-71 1.6831134400296751e-72 8.441985981430202e-73 2.4082020716337518e-73 5.9854958784922874e-74 1.4150207393932503e-74 3.283746575140827e-75 7.582490720661652e-76 1.7524183541909276e-76 4.061588702216082e-77 9.436554741354377e-78 2.1933339866187985e-78 5.0820799928418296e-79 1.1679414000239065e-79 2.642776223518419e-80 5.82321859630719e-81 1.2269122312619756e-81 2.3866886401913966e-82 3.9295324948997324e-83 3.7414111286344274e-84 -8.647661902393603e-85 -7.418893290300906e-85 -3.3638837724489834e-85 -1.2657869090047513e-85 -4.331264211227163e-86 -1.3966005000174596e-86 -4.313268165643635e-87 -1.2866254999786213e-87 -3.724095086385042e-88 -1.0482286282426644e-88 -2.8713793799123794e-89 -7.651729317572651e-90 -1.9798382391033607e-90 -4.958607836944134e-91 -1.1957648187291282e-91 -2.7504841346613182e-92 -5.938635133183555e-93 -1.163696797978053e-93 -1.9029480409207114e-94 -1.7828428471660842e-95 3.893306526853013e-96 3.216533517863698e-96 1.382364326760394e-96 4.880256497366595e-97 1.5549800163434231e-97 4.628759387018067e-98 1.3091319716159043e-98 3.552709274812114e-99 9.310742187497606e-100 2.3513612473884673e-100 5.734856908501177e-101 1.3534899975108572e-101 3.0659381530831054e-102 6.655849369824001e-103 1.366937411339692e-103 2.601482941705487e-104 4.370501480161633e-105 5.651116433097285e-106 1.6483759294945475e-107 -2.4087858135480462e-107 -1.2076520509142979e-107 -4.239090008563282e-108 -1.2852846975966652e-108 -3.5754203766782814e-109 -9.36081178265453e-110 -2.3359939301549392e-110 -5.593912522874632e-111 -1.2896739394582287e-111 -2.865276360797703e-112 -6.127157838155635e-113 -1.256545712284405e-113 -2.4534851230900047e-114 -4.4991431741124955e-115 -7.536079592925865e-116 -1.0774468461190173e-116 -1.0194864894676027e-117 7.514372180866518e-119 7.983480174263101e-119 3.0296553631693754e-119 9.084024873732354e-120 2.4256454642619444e-120 6.013886059791405e-121 1.410956244951142e-121 3.163069373803215e-122 6.808774273234105e-123 1.4099534366384265e-123 2.8071039688128382e-124 5.355817647739869e-125 9.725115439534632e-126 1.658185129568989e-126 2.5829040165522267e-127 3.4372005157141495e-128 3.042464081603276e-129 -1.982112709792546e-130 -2.015469656847141e-130 -7.127878139220105e-131 -1.98761235869364e-131 -4.932625643291266e-132 -1.1361511105966775e-132 -2.4755339654996786e-133 -5.151621575624552e-134 -1.0287421610575923e-134 -1.974359020429376e-135 -3.637553473661043e-136 -6.406809967228628e-137 -1.0693984418702082e-137 -1.6627687817732016e-138 -2.3207772998933618e-139 -2.623378414617188e-140 -1.3952752115403436e-141 4.234263571546805e-142 2.064836456962037e-142 6.117151545768166e-143 1.5224668248378327e-143 3.4407090221826683e-144 7.279950793973323e-145 1.4632413080241805e-145 2.8144317390197206e-146 5.196910299601647e-147 9.214449734370033e-148 1.564510546222394e-148 2.526995265706446e-149 3.831861297078299e-150 5.3078723399970424e-151 6.281075884538118e-152 4.941632536373591e-153 -2.8820527887374428e-154 -2.5983742090792756e-154 -8.176548565253101e-155 -2.0296282296014012e-155 -4.484671828028473e-156 -9.198606947810272e-157 -1.7837292864711698e-157 -3.303109422552987e-158 -5.868492352919458e-159 -1.0010332877371974e-159 -1.636095538969132e-160 -2.5478242804952594e-161 -3.737167737564182e-162 -5.0434626568679146e-163 -5.92640322237961e-164 -5.04992468463351e-165 4.707059143114886e-167 1.6369165181828713e-166 5.337628497649185e-167 1.3061350730796368e-167 2.8061987254489286e-168 5.566582802682122e-169 1.041743757085458e-169 1.8591249287668438e-170 3.191539159753835e-171 6.039785219065447e-172 
1900 1 7 0 0 0
15.033714267957187 15.03308101353923 15.030134403643753 15.029500746473287 15.028992670220525 15.02659872173297 13.800363415469874 13.264330046804421 12.761128071637117 12.259294861176386 12.007521083198688 12.005263858866456 12.004096558896125 12.003190537918767 12.002484924994963 12.001935377709525 12.00150737622787 12.001174036315609 12.00091442032204 12.000712221823076 12.000554741215835 12.000432087910275 12.000336558994546 12.000262155332754 12.000204204705161 12.000159068305233 12.000123912157875 12.000096529100698 12.000075200139532 12.000058586472658 12.000045645398382 12.000035564822896 12.000027712253145 12.000021595074504 12.00001682961341 12.00001311704059 12.000010224607802 12.000007971032666 12.000006215115903 12.000004846876259 12.000003780647894 12.000002949700988 12.000002302056059 12.000001797221918 12.000001403654549 12.000001096781087 12.000000857456289 12.000000670765633 12.000000525088799 12.000000411374247 12.000000322568962 12.000000253180456 12.000000198929719 12.000000156484452 12.000000123248599 12.000000097200513 12.000000076764639 12.000000060713397 12.00000004808965 12.000000038147714 12.000000030305127 12.000000024108335 12.0000000192029 12.000000015312448 12.000000012221541 12.000000009760978 12.000000007799425 12.000000006232986 12.00000000498059 12.000000003978434 12.000000003175943 12.000000002532888 12.000000002017881 12.000000001605933 12.000000001277009 12.000000001014392 12.000000000804995 12.0000000006381 12.000000000505274 12.000000000399698 12.000000000315854 12.00000000024934 12.00000000019665 12.000000000154966 12.000000000122027 12.000000000095993 12.000000000075477 12.000000000059284 12.000000000046535 12.00000000003651 12.000000000028603 12.000000000022414 12.000000000017556 12.00000000001373 12.000000000010735 12.000000000008393 12.000000000006567 12.000000000005139 12.000000000004027 12.000000000003148 12.00000000000246 12.000000000001917 12.000000000001496 12.000000000001164 12.000000000000904 12.000000000000712 12.00000000000056 12.000000000000432 12.000000000000323 12.000000000000242 12.000000000000176 12.00000000000013 12.000000000000089 12.000000000000064 12.000000000000043 12.000000000000039 12.000000000000034 12.000000000000027 12.000000000000021 12.000000000000016 12.000000000000012 12.000000000000004 12.0 11.999999999999996 11.99999999999999 11.99999999999999 11.999999999999986 11.999999999999988 11.999999999999995 12.0 12.000000000000004 12.000000000000007 12.0 12.000000000000002 12.000000000000004 12.000000000000004 12.000000000000004 12.000000000000004 12.000000000000005 12.000000000000004 12.000000000000005 12.0 11.999999999999996 11.999999999999995 12.0 12.000000000000002 11.999999999999998 12.000000000000004 12.000000000000007 12.000000000000012 12.000000000000014 12.000000000000014 12.00000000000001 12.000000000000007 12.000000000000018 12.000000000000027 12.000000000000034 12.000000000000044 12.000000000000048 12.000000000000055 12.000000000000068 12.000000000000078 12.000000000000085 12.00000000000009 12.0000000000001 12.000000000000108 12.000000000000117 12.000000000000128 12.000000000000133 12.000000000000139 12.000000000000139 12.00000000000014 12.000000000000151 12.000000000000156 12.000000000000163 12.000000000000163 12.000000000000162 12.000000000000158 12.000000000000156 12.000000000000158 12.000000000000163 12.000000000000162 12.000000000000158 12.000000000000156 12.000000000000153 12.000000000000151 12.000000000000153 12.000000000000151 12.000000000000144 12.000000000000146 12.000000000000151 12.00000000000015 12.000000000000142 12.000000000000142 12.000000000000146 12.000000000000147 12.000000000000144 12.000000000000142 12.000000000000139 12.000000000000133 
34.99999999999989 34.99999999999989 34.999999999999886 34.99999999999988 34.999999999999886 34.999999999999886 34.99999999999998 35.00000000000017 34.99999999999999 34.999999999999986 35.000000000000064 35.00000000000005 35.000000000000085 35.00000000000004 35.0 35.000000000000036 34.99999999999996 35.000000000000036 34.99999999999989 34.999999999999964 35.00000000000004 34.99999999999992 35.000000000000014 34.99999999999987 34.99999999999994 35.00000000000001 35.00000000000008 35.00000000000008 34.99999999999999 34.999999999999886 35.00000000000004 34.99999999999999 34.99999999999998 35.00000000000004 35.000000000000085 35.00000000000004 34.99999999999994 34.99999999999994 35.000000000000014 34.999999999999986 34.99999999999998 34.99999999999991 34.999999999999915 34.99999999999993 34.9999999999999 34.99999999999994 34.99999999999993 34.99999999999997 34.99999999999997 34.99999999999997 35.000000000000014 35.00000000000004 35.000000000000014 34.99999999999999 34.999999999999986 34.99999999999999 35.00000000000004 35.000000000000064 35.00000000000005 35.000000000000014 34.99999999999999 34.99999999999999 35.0 35.0 35.00000000000002 35.000000000000014 34.999999999999986 34.99999999999998 34.99999999999999 35.000000000000014 35.00000000000001 35.000000000000014 35.000000000000014 35.00000000000004 35.00000000000005 35.00000000000003 35.000000000000014 35.000000000000014 35.000000000000014 35.00000000000003 35.00000000000004 35.00000000000004 35.00000000000003 35.0 35.00000000000003 35.00000000000002 35.00000000000003 35.00000000000002 35.00000000000003 35.00000000000003 35.00000000000002 35.00000000000003 35.00000000000004 35.00000000000003 35.000000000000014 35.000000000000014 35.000000000000014 35.00000000000001 35.00000000000003 35.00000000000003 35.000000000000036 35.00000000000003 35.00000000000002 35.00000000000002 35.00000000000001 35.000000000000014 35.000000000000014 35.00000000000002 35.00000000000002 35.00000000000002 35.00000000000002 34.99999999999999 34.999999999999986 34.999999999999986 35.0 35.00000000000002 35.00000000000004 35.00000000000006 35.00000000000005 35.00000000000005 35.00000000000005 35.000000000000036 35.00000000000002 35.0 35.0 34.99999999999999 34.999999999999986 34.99999999999998 34.999999999999986 35.0 35.000000000000014 35.000000000000014 35.000000000000014 35.00000000000003 35.00000000000003 35.00000000000002 35.0 35.0 34.999999999999986 34.999999999999986 34.999999999999986 35.0 34.99999999999998 34.999999999999964 34.999999999999986 35.0 35.0 35.000000000000014 35.00000000000001 35.000000000000014 35.00000000000003 35.000000000000036 35.000000000000036 35.00000000000003 35.00000000000006 35.00000000000008 35.00000000000009 35.000000000000114 35.00000000000013 35.00000000000015 35.000000000000185 35.00000000000022 35.000000000000234 35.00000000000026 35.00000000000029 35.00000000000031 35.00000000000032 35.00000000000034 35.00000000000036 35.00000000000037 35.000000000000384 35.00000000000039 35.00000000000041 35.00000000000042 35.00000000000041 35.00000000000043 35.00000000000042 35.00000000000041 35.00000000000041 35.000000000000426 35.00000000000044 35.00000000000044 35.00000000000044 35.00000000000042 35.00000000000042 35.000000000000426 35.000000000000426 35.00000000000041 35.0000000000004 35.000000000000405 35.00000000000041 35.00000000000041 35.0000000000004 35.00000000000039 35.00000000000039 35.00000000000041 35.000000000000405 35.00000000000039 35.00000000000037 35.00000000000035 
0.09840359634379509 -0.0061472502620926765 -0.01485282263832871 -0.02069944934867954 -0.024861618733792154 -0.031279414423958735 -3.7782954287299584e-05 4.22645177641396e-08 1.0900760709717917e-10 1.5243521955695906e-14 -1.919680724161938e-15 -3.676281872981555e-17 -5.886030087522444e-19 -8.276638153110702e-21 -1.0874939243338882e-22 -1.37426806730329e-24 -1.692018827625936e-26 -2.0316756495255216e-28 -2.3448664497350018e-30 -2.4784792079413237e-32 -2.008335644779888e-34 1.900744603151019e-37 7.070205807468742e-38 2.6445984226309048e-39 7.931933673474776e-41 2.2323820794377415e-42 6.188363679025674e-44 1.719999338603185e-45 4.8044386682924015e-47 1.3320686379330389e-48 3.5238583235636897e-50 7.827060859717761e-52 5.29876129502648e-54 -1.0962363021049302e-54 -1.2107102526738803e-55 -9.936029117943635e-57 -7.588036831027111e-58 -5.7325918459682646e-59 -4.3846745574856597e-60 -3.422866636784578e-61 -2.723934640311249e-62 -2.1865922276302588e-63 -1.7244669634578755e-64 -1.2491992630362164e-65 -6.44971877908542e-67 2.7388575151206604e-68 1.8419819909835716e-68 4.700204182266173e-69 1.0119921933667127e-69 2.0685912591940623e-70 4.1757871291241244e-71 8.463734834445631e-72 1.7348604817577855e-72 3.6049358157176595e-73 7.590203877600163e-74 1.6150847942019228e-74 3.457043715726871e-75 7.391066182305536e-76 1.5613197187701155e-76 3.2014306543178726e-77 6.161408299518319e-78 1.0268903070749071e-78 1.0688752125865907e-79 -1.8360875818507134e-80 -1.838935667501988e-80 -8.849673081171912e-81 -3.5220616925365766e-81 -1.2812772601236886e-81 -4.4167531077724765e-82 -1.4666224712648678e-82 -4.730469981454786e-83 -1.4883130670707678e-83 -4.57736590410559e-84 -1.3782842997063502e-84 -4.0646808385974737e-85 -1.1721432707472882e-85 -3.298734859313083e-86 -9.024084685153019e-87 -2.386193721294082e-87 -6.043676208614407e-88 -1.4426449114275347e-88 -3.142588006502876e-89 -5.7665987529237365e-90 -6.365672245145582e-91 1.2457175362951508e-91 1.2514859276574242e-91 6.100610783295547e-92 2.42568714913186e-92 8.69538980005515e-93 2.915759293435863e-93 9.300414888730881e-94 2.8517340784519623e-94 8.438705042831164e-95 2.4187766203697492e-95 6.719170406074811e-96 1.8093610331098913e-96 4.712372816651229e-97 1.1859930825834108e-97 2.8627741342278763e-98 6.5299718592760625e-99 1.3886502300455105e-99 2.6260246154582364e-100 3.8825689867268544e-101 1.7865599597811233e-102 -1.7872662774532724e-102 -1.0469032950081783e-102 -4.1654511004268784e-103 -1.4232422875908217e-103 -4.454760004866062e-104 -1.3121864810641788e-104 -3.686529208704363e-105 -9.950040136419877e-106 -2.589835616436393e-106 -6.510914124361851e-107 -1.580640607693893e-107 -3.696994896940428e-108 -8.295048722682947e-109 -1.7699724500480446e-109 -3.534966491085027e-110 -6.392698429383838e-111 -9.610723644133243e-112 -8.168740979012242e-113 1.7295491312326838e-113 1.2887638816612549e-113 5.0663049598028524e-114 1.6388492640316314e-114 4.78313104146116e-115 1.3040876466867865e-115 3.376553229887488e-116 8.374231274485321e-117 1.998219472374189e-117 4.595400084249742e-118 1.0181039693474987e-118 2.166975582392778e-119 4.405028327929036e-120 8.456972421175579e-121 1.4999592200916914e-121 2.3378117137701241e-122 2.737838910555751e-123 3.197094257180789e-125 -1.2194556440443163e-124 -5.468050047215377e-125 -1.7759089427150361e-125 -5.021641319857291e-126 -1.3067575211552007e-126 -3.204769478499141e-127 -7.495446794949532e-128 -1.6820843487814466e-128 -3.631767239620281e-129 -7.545215471046642e-130 -1.5048160713270183e-130 -2.864943811646239e-131 -5.150048820684432e-132 -8.552887939789753e-133 -1.2489944302162922e-133 -1.3722855505897344e-134 -1.7259386817945877e-136 5.2513895914174e-136 2.212908744191756e-136 6.731323748730437e-137 1.7810369985426694e-137 4.3346848337202044e-138 9.938539704009832e-139 2.172194873545627e-139 4.552813262557561e-140 9.173415626137629e-141 1.7763875497745005e-141 3.2958543408038234e-142 5.818679979085507e-143 9.643839423873769e-144 1.457659007554332e-144 1.8778821435877683e-145 1.583417061233516e-146 -1.1730424974970797e-147 -1.0624313084218154e-147 -3.628404243749581e-148 -9.836846664764462e-149 -2.3787404447456384e-149 -5.344853181351951e-150 -1.1367983655267985e-150 -2.310116158494584e-151 -4.5052868333883355e-152 -8.442819661434242e-153 -1.517903057327061e-153 -2.605294161752934e-154 -4.226041630722179e-155 -6.348401163047185e-156 -8.437780190696877e-157 -8.651870009781721e-158 -2.1291822869173423e-159 2.245190184164306e-159 8.947204385825233e-160 2.4849345429861152e-160 5.954503200186623e-161 1.3086899865269487e-161 2.7054474591448483e-162 5.3262092541703716e-163 1.0047847264410353e-163 1.8282427190390837e-164 3.690108350684446e-165 
-0.10115545275183874 -0.06944882154303887 -0.0621413015326916 -0.0559010290045596 -0.050530418652445265 -0.04006536896079698 2.1833111108842588e-05 -2.6584075856003548e-08 -3.383101548897058e-10 -1.7413179279335857e-12 -7.16427823626749e-15 -6.334310082776467e-17 -5.872121078929598e-19 -4.794812562637594e-21 -2.966292330086668e-23 -9.558883677308348e-27 4.38456657896239e-27 1.151655156249486e-28 2.3184677640141073e-30 4.2798864781368295e-32 7.655331965076437e-34 1.356455185491218e-35 2.3973092378650008e-37 4.202233915955544e-39 7.129275416257612e-41 1.087682325005089e-42 1.0813752575534548e-44 -1.8766789703616007e-46 -1.98192110152229e-47 -1.0645459193007573e-48 -5.001847069669208e-50 -2.2721376181098068e-51 -1.0324684635599702e-52 -4.747452873621037e-54 -2.2049336100171946e-55 -1.0171963327601128e-56 -4.445274536311486e-58 -1.571716039372232e-59 -4.629972623978942e-62 8.407086990907309e-62 1.4403288822699887e-62 1.9409379861999303e-63 2.4603500925237557e-64 3.093002866342102e-65 3.9386843809599807e-66 5.1252308719309356e-67 6.830310731197427e-68 9.30033151682848e-69 1.284758202701326e-69 1.7759084905994522e-70 2.3910857052138702e-71 2.9483749395310685e-72 2.7048350960359968e-73 -7.884983466619483e-75 -1.496624677021401e-74 -6.154144423459341e-75 -2.0268634063267672e-75 -6.145611362003351e-76 -1.7932818094548185e-76 -5.130476637030523e-77 -1.4514696051963528e-77 -4.0762101197546116e-78 -1.1377352325739275e-78 -3.154729651834023e-79 -8.676532074642201e-80 -2.3605347423515726e-80 -6.328978705347862e-81 -1.663117738542969e-81 -4.249520054293466e-82 -1.0427457186698566e-82 -2.4034478620836098e-83 -4.966587108948613e-84 -8.043497870417068e-85 -3.537202383521206e-86 5.0185804224018196e-86 3.2647089717716496e-86 1.4762524351845279e-86 5.788828533680341e-87 2.09459983785109e-87 7.177653730005987e-88 2.3597195052099033e-88 7.49469101403078e-89 2.3089862478506163e-89 6.9140982988506885e-90 2.0142959965716617e-90 5.703573477802522e-91 1.5687009474870394e-91 4.173443416582883e-92 1.0692185578152003e-92 2.6150290382010624e-93 6.006314297267513e-94 1.2568187922916847e-94 2.2097633708494336e-95 2.3391599393419555e-96 -4.3031401783108373e-97 -4.1412293444585866e-97 -1.9189280047481e-97 -7.253108788900949e-98 -2.4697550859397708e-98 -7.827834578113227e-99 -2.364135481395482e-99 -6.847462301664417e-100 -1.9086331743415473e-100 -5.152424252875923e-101 -1.3462522005659882e-101 -3.392151763318826e-102 -8.257965769747195e-103 -1.9293792918026035e-103 -4.287609620977584e-104 -8.915178645423127e-105 -1.6761338671933637e-105 -2.605834138493303e-106 -2.207303680895686e-107 5.653278071232478e-108 4.183780162628442e-108 1.7018014485539155e-108 5.730328381457123e-109 1.7444882147550882e-109 4.9666100540546546e-110 1.3438478895792028e-110 3.485842077338601e-111 8.703986492553789e-112 2.0966992489471876e-112 4.8717862764297133e-113 1.0892799920237175e-113 2.3324598601815573e-114 4.739005628759144e-115 8.975897969636791e-116 1.5261125604503232e-116 2.100719032350139e-117 1.33476645202502e-118 -5.203529127739532e-119 -3.0666200001832863e-119 -1.1082071486556325e-119 -3.371335104175787e-120 -9.323599852293015e-121 -2.416526109728216e-121 -5.956799404263579e-122 -1.407256281226702e-122 -3.198239898450412e-123 -7.000334263293233e-124 -1.4739634843717903e-124 -2.9740814709298064e-125 -5.706288186600909e-126 -1.0257122247327037e-126 -1.674776059912215e-127 -2.2968625603620557e-128 -1.906717620856208e-129 2.6146681761762063e-130 1.9819617907344257e-130 7.123684354552889e-131 2.078573138496794e-131 5.446959236241081e-132 1.3303227119617149e-132 3.0811073193081133e-133 6.818774730383756e-134 1.4507544076758135e-134 2.9697055119688655e-135 5.840682990860326e-136 1.0990567350086827e-136 1.9618835345066458e-137 3.26715750584366e-138 4.8977871978185346e-139 6.00407015440231e-140 3.7082941771092995e-141 -9.883191981181499e-142 -5.419341285527995e-142 -1.7371882442497845e-142 -4.650113286745717e-143 -1.1283261737922488e-143 -2.5596681855068736e-144 -5.5187279975706905e-145 -1.13904585268297e-145 -2.2581676748505903e-146 -4.3024953151205874e-147 -7.860867374637734e-148 -1.3693337419104785e-148 -2.2481788136902083e-149 -3.3985984341338307e-150 -4.4801024747801386e-151 -4.306303535107542e-152 3.1369192329402857e-154 1.6970620704432878e-153 6.237707061120147e-154 1.7128025606592783e-154 4.125788567092472e-155 9.171667639046879e-156 1.923564237440596e-156 3.847824958547534e-157 7.380576470044343e-158 1.359964312694548e-158 2.404741344932776e-159 4.063083070485473e-160 6.498770556528621e-161 9.66550745752013e-162 1.2839112335792658e-162 1.3595934302921422e-163 5.683212516649421e-165 -2.576082486415479e-165 -1.3883067833479943e-165 
1900 1 8 0 0 0
15.066373046764987 15.065739916605251 15.062793443572703 15.062159971125451 15.061652135129988 15.059221053607116 13.80983112749503 13.266729835488684 12.762983076804932 12.260843943470592 12.00877292766343 12.006141825645065 12.004779509325903 12.00372245339476 12.00289921540918 12.002258057641326 12.001758706294325 12.001369795918453 12.001066898839994 12.000830990559018 12.00064725459481 12.000504151697415 12.000392694947799 12.000305885197957 12.000238271394737 12.000185608155297 12.000144589084234 12.000112639082129 12.000087752591082 12.000068367620909 12.00005326763974 12.000041505165138 12.00003234225462 12.000025204162146 12.00001964324356 12.000015310843265 12.000011935403235 12.000009305411293 12.000007256121409 12.000005659210105 12.000004414723678 12.000003444801903 12.000002688794273 12.000002099454246 12.000001639974547 12.000001281681 12.000001002232782 12.000000784224417 12.000000614094608 12.000000481278526 12.000000377543794 12.00000029647849 12.000000233087395 12.000000183479862 12.000000144625425 12.000000114163466 12.000000090255353 12.00000007146778 12.000000056684451 12.000000045033907 12.000000035837495 12.000000028564708 12.000000022802269 12.000000018227237 12.000000014587448 12.000000011685792 12.000000009367998 12.000000007513293 12.000000006026745 12.000000004833572 12.000000003875115 12.000000003104404 12.000000002484363 12.00000000198653 12.000000001587042 12.000000001266631 12.000000001009829 12.000000000804176 12.00000000063965 12.000000000508173 12.000000000403269 12.000000000319636 12.000000000253086 12.000000000200146 12.00000000015812 12.000000000124817 12.000000000098417 12.000000000077538 12.000000000061034 12.000000000047995 12.000000000037712 12.000000000029607 12.000000000023233 12.000000000018217 12.000000000014266 12.00000000001117 12.000000000008749 12.000000000006851 12.000000000005368 12.000000000004206 12.000000000003288 12.000000000002565 12.000000000002006 12.000000000001565 12.000000000001226 12.000000000000961 12.000000000000751 12.00000000000058 12.000000000000439 12.000000000000332 12.000000000000247 12.000000000000178 12.000000000000133 12.000000000000096 12.00000000000007 12.000000000000055 12.00000000000005 12.000000000000043 12.000000000000028 12.00000000000002 12.000000000000016 12.000000000000014 12.000000000000007 11.999999999999998 11.999999999999998 11.999999999999998 11.999999999999995 11.999999999999993 11.999999999999993 11.999999999999995 12.0 12.000000000000005 12.000000000000009 12.000000000000007 12.000000000000007 12.00000000000001 12.000000000000009 12.000000000000009 12.000000000000005 12.000000000000009 12.000000000000009 12.000000000000005 12.0 11.999999999999998 11.999999999999998 12.0 12.000000000000009 12.000000000000007 12.000000000000007 12.000000000000012 12.000000000000014 12.000000000000021 12.000000000000027 12.000000000000028 12.000000000000034 12.000000000000039 12.000000000000046 12.000000000000052 12.000000000000062 12.000000000000073 12.000000000000083 12.00000000000009 12.000000000000103 12.000000000000108 12.000000000000117 12.000000000000128 12.000000000000135 12.000000000000144 12.000000000000151 12.000000000000163 12.000000000000172 12.000000000000178 12.000000000000181 12.000000000000183 12.000000000000181 12.000000000000181 12.000000000000181 12.000000000000181 12.000000000000181 12.000000000000178 12.000000000000178 12.000000000000176 12.000000000000178 12.000000000000178 12.000000000000176 12.000000000000178 12.000000000000181 12.000000000000183 12.000000000000181 12.00000000000018 12.000000000000178 12.00000000000018 12.00000000000017 12.00000000000017 12.00000000000017 12.000000000000167 12.000000000000162 12.00000000000016 12.000000000000158 12.000000000000158 
34.999999999999794 34.99999999999978 34.99999999999979 34.99999999999979 34.99999999999981 34.99999999999983 34.99999999999995 35.000000000000156 35.00000000000001 34.999999999999964 35.00000000000006 35.000000000000085 35.00000000000004 34.99999999999997 34.999999999999964 34.99999999999999 34.999999999999936 35.00000000000006 34.999999999999886 34.99999999999988 35.00000000000003 34.99999999999996 35.000000000000064 34.999999999999865 34.999999999999936 35.000000000000036 35.00000000000004 35.00000000000013 35.00000000000001 34.99999999999992 35.000000000000064 34.99999999999998 35.000000000000014 35.000000000000064 35.000000000000114 35.000000000000036 34.999999999999936 34.99999999999995 34.99999999999998 35.000000000000014 34.99999999999998 34.999999999999915 34.999999999999936 34.999999999999915 34.99999999999993 34.99999999999995 34.99999999999996 34.99999999999998 34.999999999999986 34.99999999999999 35.0 34.99999999999997 34.99999999999998 34.999999999999964 34.99999999999996 34.99999999999997 34.999999999999986 35.00000000000003 35.000000000000014 35.0 35.000000000000036 35.00000000000002 35.00000000000002 35.000000000000036 35.00000000000002 35.000000000000014 35.000000000000014 34.99999999999999 34.99999999999998 34.99999999999999 35.00000000000001 35.00000000000003 35.00000000000001 35.000000000000014 35.00000000000002 35.000000000000036 35.00000000000002 35.0 35.00000000000001 35.00000000000002 35.000000000000036 35.00000000000004 35.00000000000006 35.00000000000005 35.000000000000064 35.00000000000006 35.00000000000006 35.00000000000007 35.00000000000007 35.00000000000007 35.00000000000005 35.000000000000036 35.000000000000036 35.00000000000002 35.00000000000001 35.00000000000002 35.00000000000002 35.00000000000002 35.00000000000003 35.00000000000003 35.000000000000036 35.00000000000001 35.00000000000001 35.00000000000003 35.00000000000003 35.00000000000002 35.00000000000002 35.00000000000002 35.00000000000002 35.000000000000014 35.000000000000014 34.99999999999999 34.99999999999999 34.999999999999986 34.99999999999999 35.000000000000014 35.00000000000003 35.00000000000004 35.000000000000036 35.00000000000003 35.00000000000004 35.00000000000006 35.00000000000004 35.00000000000002 35.000000000000014 35.00000000000001 34.99999999999999 34.99999999999999 34.99999999999997 34.999999999999986 35.0 35.000000000000014 35.00000000000003 35.00000000000003 35.00000000000002 35.00000000000002 35.00000000000003 35.000000000000014 35.00000000000001 35.000000000000014 35.00000000000001 35.0 34.99999999999998 34.999999999999986 35.00000000000001 35.00000000000001 35.00000000000002 35.000000000000036 35.00000000000003 35.000000000000036 35.00000000000005 35.000000000000064 35.00000000000007 35.000000000000085 35.00000000000009 35.00000000000009 35.00000000000012 35.00000000000015 35.00000000000017 35.00000000000021 35.00000000000022 35.00000000000024 35.00000000000028 35.000000000000306 35.00000000000032 35.00000000000035 35.00000000000036 35.00000000000039 35.00000000000041 35.00000000000045 35.00000000000046 35.00000000000049 35.00000000000049 35.00000000000049 35.00000000000048 35.00000000000048 35.000000000000476 35.00000000000048 35.00000000000047 35.00000000000047 35.00000000000046 35.00000000000046 35.000000000000476 35.000000000000476 35.00000000000046 35.000000000000476 35.0000000000005 35.000000000000504 35.00000000000049 35.00000000000049 35.00000000000048 35.00000000000048 35.00000000000048 35.00000000000048 35.00000000000049 35.00000000000047 35.00000000000044 35.00000000000043 35.000000000000426 35.00000000000044 
0.09828303717231318 -0.006266647966434602 -0.014970965839778253 -0.020815891114400634 -0.024976158529624235 -0.031420017280620514 -4.3668491624730484e-05 -1.3597005783172673e-08 -1.657284073408494e-10 -8.088902855677523e-13 -2.690902445250369e-15 -1.2886513192142723e-17 5.530517243265293e-20 3.3692625108978557e-21 7.488161217851564e-23 1.3477572763501117e-24 2.2288782988695502e-26 3.5468625475741083e-28 5.5450118007487534e-30 8.582465859777409e-32 1.3106944742222568e-33 1.936288690651731e-35 2.606788709253851e-37 2.5333572468068492e-39 -1.582989955709253e-41 -2.221213005313285e-42 -1.0517777944554588e-43 -4.190308623772961e-45 -1.5926202515510595e-46 -6.01741984402773e-48 -2.294803502742703e-49 -8.847094044799198e-51 -3.40865218782793e-52 -1.267767499669117e-53 -4.099775773888435e-55 -6.280307569636468e-57 7.74474072447493e-58 1.333058426360874e-58 1.5550294077990487e-59 1.656217666691557e-60 1.7318831572105728e-61 1.8269609528659078e-62 1.9652533330229348e-63 2.1604795031303587e-64 2.4166907253264705e-65 2.716722524508636e-66 2.987167768242968e-67 3.0079040572584067e-68 2.185063705320875e-69 -1.0170251934658675e-70 -1.0504336003197218e-70 -3.6174890265984783e-71 -1.0318865871708923e-71 -2.7592629436704987e-72 -7.204730776908814e-73 -1.868814546477304e-73 -4.852882396046659e-74 -1.2654548286746373e-74 -3.315250157468549e-75 -8.714345510209014e-76 -2.29221137775556e-76 -6.009041627909286e-77 -1.561013888674312e-77 -3.9850914516641702e-78 -9.869878715798362e-79 -2.3191461310627184e-79 -4.9363437553034785e-80 -8.34485201867807e-81 -4.1880956232454446e-82 5.47791799735987e-82 3.810236377056172e-82 1.8341304408104016e-82 7.674019708988485e-83 2.975626338157127e-83 1.0978203084756652e-83 3.9032674385113968e-84 1.3469657483242197e-84 4.528863921909814e-85 1.4866436818925447e-85 4.7681016066599405e-86 1.4942486299529675e-86 4.570041705141745e-87 1.3616153703950298e-87 3.937709933894465e-88 1.099634254180535e-88 2.9408930041999594e-89 7.4123402848100866e-90 1.7095921540152345e-90 3.348990421411926e-91 4.1532423211143476e-92 -6.286159046891501e-93 -7.633505091015469e-93 -3.986189156822116e-93 -1.6781136727584307e-93 -6.340125305473298e-94 -2.2347843002305023e-94 -7.498286406991732e-95 -2.415969072311507e-95 -7.514696846238577e-96 -2.2708906335429047e-96 -6.633368629104834e-97 -1.8840953155706636e-97 -5.186105328955445e-98 -1.3756981291970047e-98 -3.5138540870267158e-99 -8.553317726262289e-100 -1.946327023636041e-100 -4.0197608799305245e-101 -6.8886884950341325e-102 -6.547031739167339e-103 1.7298136522047468e-103 1.4393634966466209e-103 6.476945893218415e-104 2.4086770749747743e-104 8.098706160301452e-105 2.54846200502191e-105 7.628750756365398e-106 2.1915308013050755e-106 6.070630009630797e-107 1.6252322301401486e-107 4.207165718556326e-108 1.051926655484402e-108 2.5314602122194146e-109 5.827722584582767e-110 1.2688990958455353e-110 2.556135749534074e-111 4.533433103532372e-112 6.068928258248899e-113 9.77720177644707e-115 -3.413561217593949e-114 -1.7555379010117925e-114 -6.51371506483702e-115 -2.103484966997491e-115 -6.254029750504225e-116 -1.7537720152869034e-116 -4.695209828138467e-117 -1.2078397279193547e-117 -2.995153788601119e-118 -7.165866746320006e-119 -1.6521523249204535e-119 -3.657821468708487e-120 -7.722084521181115e-121 -1.5340576419261065e-121 -2.7923946614149926e-122 -4.368846295614248e-123 -4.664225552819939e-124 2.6840270499663343e-125 3.8079227247822535e-125 1.601557857312331e-125 5.2582188203604666e-126 1.5332492337722883e-126 4.144862754556225e-127 1.0610986016850196e-127 2.597508684634694e-128 6.110111457746143e-129 1.3842350080788145e-129 3.0197383928638563e-130 6.326616117841705e-131 1.2653828301162342e-131 2.3885066171032985e-132 4.158648652217867e-133 6.336498453481914e-134 7.133300081895381e-135 1.2994744217909385e-138 -3.448023386435131e-136 -1.4842755675579064e-136 -4.713685390997032e-137 -1.3103283611689867e-137 -3.3594710387715075e-138 -8.12605675308524e-139 -1.875573120633042e-139 -4.154725032990011e-140 -8.854125779035651e-141 -1.81489382558185e-141 -3.567819267709126e-142 -6.682937977113329e-143 -1.177621135801485e-143 -1.902096416860043e-144 -2.645811821383733e-145 -2.5378698845210716e-146 1.113430382684705e-147 1.548207304119929e-147 5.80949547456852e-148 1.6921684740255636e-148 4.369135404223466e-149 1.0456958644444588e-149 2.3667623679931316e-150 5.116780914376907e-151 1.0618733840743889e-151 2.1188812038730697e-152 4.061077147305914e-153 7.445273636857254e-154 1.2941964842565119e-154 2.09750783285021e-155 3.053867471687437e-156 3.610502638685618e-157 2.023745192133038e-158 -6.2958787835612e-159 -3.2799665236680517e-159 -1.2586213765020723e-159 
-0.10111847152957285 -0.06941163361835487 -0.06210378693675324 -0.055863258017908035 -0.05049126665873008 -0.03995897916854472 2.474846848289576e-05 2.394697264706376e-08 1.0106247336973502e-10 8.883839196274352e-13 5.408949118443993e-15 6.513968101164452e-17 8.304870115826241e-19 9.976555136312256e-21 1.1345503432139e-22 1.206939345486037e-24 1.1410462379363443e-26 7.758119124471652e-29 -2.4131520038981535e-31 -2.6889447629998435e-32 -8.313108962166228e-34 -2.1104759358509846e-35 -5.037163019690135e-37 -1.182168080307629e-38 -2.777336035341451e-40 -6.560143971873584e-42 -1.5460170366173627e-43 -3.538666431608162e-45 -7.26914005160106e-47 -9.364440813974908e-49 2.761846002625401e-50 3.676892411460792e-51 2.6865191304591943e-52 1.7358769626901315e-53 1.0895332575845152e-54 6.863847346062656e-56 4.3917126348858957e-57 2.8545368158276383e-58 1.8641868184865173e-59 1.1867996835880807e-60 6.775258109846597e-62 2.3763773714944562e-63 -2.1435739277421937e-64 -7.66394782874804e-65 -1.5397436228735406e-65 -2.729671966623396e-66 -4.6771186637970404e-67 -8.00338485093285e-68 -1.3869744083597945e-68 -2.4481633244607823e-69 -4.406066541638496e-70 -8.06729643780088e-71 -1.4945802900699998e-71 -2.775244479859432e-72 -5.081144739682878e-73 -8.891793632828755e-74 -1.3826415185982343e-74 -1.4528873723440316e-75 1.5240582196977102e-76 1.798140843749683e-76 8.59182700257933e-77 3.3739350118569826e-77 1.2183505667082653e-77 4.2048163035910526e-78 1.4107434582644549e-78 4.639568686515025e-79 1.5018378837159075e-79 4.793552798329545e-80 1.5091352373202854e-80 4.683182210370452e-81 1.4303537450579443e-81 4.2892034843972417e-82 1.2578847608576655e-82 3.594538734570257e-83 9.935197516690602e-84 2.62289417142844e-84 6.465748798345289e-85 1.416410936673321e-85 2.3735242439833893e-86 6.251938046970006e-88 -1.9922962506262769e-87 -1.3078258774612125e-87 -6.169422690100929e-88 -2.538960595122121e-88 -9.655708013599745e-89 -3.479117927153857e-89 -1.2018387432847806e-89 -4.010989054212675e-90 -1.2979996382984116e-90 -4.0812066658854173e-91 -1.248585778577212e-91 -3.713807457871428e-92 -1.0727381510717361e-92 -3.0035660517998893e-93 -8.102849436924059e-94 -2.0891250968324576e-94 -5.0855818908671783e-95 -1.1360693397435111e-95 -2.1814009204390654e-96 -2.852691569349293e-97 2.221903334076045e-98 3.670992408725109e-98 1.9050687452388936e-98 7.738665977900364e-99 2.802656356926722e-99 9.44205124577864e-100 3.0108295590608386e-100 9.218265867510689e-101 2.7212090323156093e-101 7.768667463826711e-102 2.147572818499239e-102 5.747195746912027e-103 1.4862017016508016e-103 3.6995462552485446e-104 8.801756004982865e-105 1.9768577436291733e-105 4.0887182468752135e-106 7.353416259552393e-107 9.482800793713293e-108 -2.3279994155564934e-109 -7.833856598413317e-109 -3.891735032140447e-109 -1.4665536972209166e-109 -4.871760691457129e-110 -1.4978343011359637e-110 -4.355457132694439e-111 -1.2112168089310163e-111 -3.240608483277286e-112 -8.366526543535326e-113 -2.0861883411772815e-113 -5.0188740933746064e-114 -1.161237769783947e-114 -2.567874090846545e-115 -5.364303332016664e-116 -1.0347818727659291e-116 -1.7499540662000586e-117 -2.1989805067828484e-118 -9.100893839872378e-121 1.262373416447638e-119 6.071103053058578e-120 2.1445400645679965e-120 6.620606321757099e-121 1.8845552350432855e-121 5.062275617292611e-122 1.2983276934591853e-122 3.1988206100227635e-123 7.593008317821641e-124 1.7373184474078614e-124 3.8251202120775636e-125 8.068449325500674e-126 1.616649797669258e-126 3.023238890005549e-127 5.103046916966001e-128 7.078564420958904e-129 5.116611751488128e-130 -1.378136954520446e-130 -8.757678067313884e-131 -3.178509297201918e-131 -9.601993282894837e-132 -2.62710082032453e-132 -6.7254032745496786e-133 -1.6361483299019932e-133 -3.8129534774850256e-134 -8.545262682783709e-135 -1.8437363579812562e-135 -3.825172181274301e-136 -7.591123259421746e-137 -1.4310447874691257e-137 -2.5194828131644223e-138 -3.999108298092346e-139 -5.210568832458201e-140 -3.515472993365774e-141 9.094792691932632e-142 5.4026973480216874e-142 1.841625689420695e-142 5.228241966353549e-143 1.3443921117962296e-143 3.234304603717659e-144 7.392597735896293e-145 1.6179928040746885e-145 3.403402543661507e-146 6.885619051850115e-147 1.3373581513505034e-147 2.4808042776529455e-148 4.350021311954171e-149 7.063253096259123e-150 1.0139649917749884e-150 1.118989843279971e-151 2.7276953160274866e-153 -3.50843824744965e-153 -1.5009163994501542e-153 -4.504448728294255e-154 -1.168306149897876e-154 -2.7815061158198583e-155 -6.23248522248713e-156 -1.330598560559787e-156 -2.7234262263917474e-157 -5.357977685632494e-158 -1.0175118859397588e-158 -2.1472045334918396e-159 
1900 1 9 0 0 0
15.099046834798662 15.098413915702778 15.09546768094161 15.094834515167705 15.094327193242474 15.091861693641032 13.8192007835433 13.269132934825635 12.764838181627399 12.262393020333613 12.010024443913087 12.007019943618637 12.0054625036637 12.00425440491278 12.003313536427324 12.002580763651379 12.002010058650457 12.001565574627497 12.001219393779353 12.000949773444153 12.000739780193298 12.00057622606 12.000448840071535 12.000349623029413 12.000272345015636 12.000212154044943 12.000165271280038 12.000128753666406 12.00010030906735 12.000078152291492 12.00006089296618 12.00004744821126 12.000036974627141 12.000028815329873 12.00002245869907 12.000017506248088 12.000013647604948 12.000010641024343 12.000008298210139 12.000006472494336 12.000005049633032 12.000003940633539 12.000003076172899 12.000002402247693 12.00000187678613 12.000001467011895 12.000001147387492 12.000000898015896 12.000000703393988 12.000000551442817 12.00000043275025 12.000000339984075 12.000000267432132 12.000000210644789 12.000000166156372 12.000000131267134 12.00000010387447 12.00000008233973 12.000000065385933 12.000000052018018 12.00000004145843 12.000000033102085 12.000000026475368 12.000000021209324 12.000000017014784 12.000000013666801 12.0000000109882 12.000000008840951 12.000000007116169 12.000000005728674 12.00000000461067 12.00000000370898 12.00000000298106 12.000000002394303 12.000000001921471 12.000000001540615 12.000000001233946 12.000000000987159 12.000000000788809 12.000000000629512 12.000000000501746 12.000000000399393 12.000000000317511 12.00000000025213 12.000000000199945 12.00000000015838 12.000000000125327 12.00000000009905 12.000000000078193 12.000000000061666 12.000000000048583 12.000000000038249 12.000000000030083 12.00000000002364 12.000000000018565 12.00000000001457 12.000000000011424 12.000000000008953 12.000000000007024 12.000000000005505 12.000000000004313 12.00000000000337 12.000000000002641 12.000000000002066 12.000000000001616 12.00000000000127 12.000000000000995 12.000000000000773 12.000000000000586 12.000000000000448 12.000000000000341 12.000000000000254 12.000000000000194 12.000000000000142 12.000000000000105 12.000000000000082 12.000000000000062 12.00000000000005 12.000000000000039 12.000000000000032 12.000000000000023 12.000000000000016 12.000000000000012 12.000000000000012 12.000000000000005 12.0 12.0 12.000000000000002 12.000000000000002 12.0 12.000000000000004 12.000000000000007 12.000000000000009 12.000000000000009 12.000000000000012 12.000000000000009 12.000000000000009 12.000000000000009 12.000000000000005 12.000000000000005 12.000000000000004 12.000000000000004 12.000000000000005 12.000000000000005 12.000000000000007 12.000000000000012 12.000000000000012 12.000000000000012 12.000000000000014 12.00000000000001 12.000000000000014 12.00000000000002 12.000000000000021 12.000000000000027 12.000000000000027 12.000000000000037 12.000000000000048 12.000000000000059 12.000000000000073 12.000000000000089 12.0000000000001 12.000000000000103 12.000000000000112 12.00000000000012 12.000000000000135 12.000000000000151 12.000000000000162 12.00000000000017 12.000000000000181 12.000000000000188 12.000000000000194 12.0000000000002 12.000000000000203 12.0000000000002 12.0000000000002 12.0000000000002 12.0000000000002 12.0000000000002 12.0000000000002 12.0000000000002 12.0000000000002 12.000000000000204 12.000000000000203 12.000000000000206 12.000000000000206 12.000000000000206 12.000000000000206 12.000000000000206 12.000000000000208 12.00000000000021 12.000000000000206 12.000000000000203 12.0000000000002 12.000000000000199 12.000000000000197 12.000000000000195 12.000000000000183 12.000000000000176 12.000000000000172 12.00000000000017 
34.99999999999978 34.99999999999978 34.99999999999978 34.99999999999978 34.99999999999977 34.9999999999998 34.999999999999986 35.00000000000017 35.000000000000036 34.99999999999994 35.0000000000001 35.000000000000114 35.000000000000036 34.999999999999964 34.99999999999995 35.00000000000002 34.999999999999936 35.00000000000003 34.99999999999984 34.9999999999999 35.00000000000004 34.999999999999936 35.00000000000007 34.99999999999988 34.99999999999994 35.00000000000003 35.000000000000085 35.00000000000009 35.00000000000002 34.99999999999991 35.00000000000013 35.0 35.00000000000004 35.00000000000006 35.00000000000015 35.000000000000036 34.999999999999936 34.99999999999997 34.99999999999999 35.00000000000003 35.000000000000036 34.99999999999994 34.999999999999936 34.999999999999936 34.9999999999999 34.999999999999964 34.999999999999964 34.99999999999998 34.999999999999986 34.999999999999986 34.99999999999999 35.00000000000003 34.99999999999997 34.999999999999936 34.99999999999994 34.99999999999999 34.99999999999997 34.999999999999986 34.99999999999999 34.99999999999999 35.00000000000001 35.00000000000002 35.00000000000004 35.00000000000003 35.000000000000014 35.00000000000002 35.00000000000001 35.0 35.000000000000014 35.000000000000014 35.00000000000001 34.99999999999999 35.000000000000014 35.000000000000036 35.00000000000004 35.00000000000003 35.00000000000003 35.00000000000002 35.00000000000003 35.00000000000004 35.000000000000036 35.00000000000005 35.00000000000005 35.00000000000004 35.00000000000006 35.00000000000008 35.00000000000008 35.000000000000064 35.00000000000006 35.00000000000002 35.000000000000036 35.00000000000004 35.00000000000005 35.00000000000004 35.000000000000036 35.00000000000004 35.00000000000003 35.00000000000002 35.00000000000002 35.000000000000014 35.0 35.000000000000014 35.00000000000002 35.00000000000003 35.00000000000003 35.000000000000036 35.000000000000036 35.000000000000036 35.00000000000004 35.000000000000036 35.00000000000004 35.000000000000036 35.000000000000036 35.00000000000002 35.00000000000003 35.00000000000003 35.00000000000003 35.00000000000002 35.00000000000002 35.00000000000002 35.00000000000002 35.00000000000003 35.000000000000036 35.00000000000004 35.00000000000003 35.000000000000036 35.00000000000002 35.000000000000014 35.00000000000002 35.00000000000001 35.00000000000002 35.00000000000001 35.00000000000002 35.000000000000014 35.000000000000014 35.000000000000014 35.00000000000002 35.000000000000014 35.000000000000014 35.00000000000001 35.00000000000002 35.000000000000014 35.00000000000003 35.00000000000003 35.00000000000003 35.000000000000036 35.00000000000003 35.00000000000003 35.00000000000003 35.000000000000036 35.00000000000005 35.00000000000008 35.00000000000007 35.00000000000009 35.00000000000009 35.000000000000114 35.00000000000015 35.00000000000017 35.000000000000206 35.000000000000256 35.000000000000284 35.0000000000003 35.00000000000033 35.00000000000035 35.00000000000039 35.00000000000043 35.00000000000046 35.00000000000049 35.0000000000005 35.000000000000526 35.00000000000053 35.00000000000054 35.00000000000056 35.00000000000056 35.00000000000056 35.00000000000055 35.00000000000055 35.00000000000053 35.00000000000054 35.00000000000055 35.00000000000055 35.00000000000054 35.00000000000054 35.00000000000055 35.00000000000054 35.00000000000054 35.00000000000056 35.00000000000056 35.00000000000057 35.00000000000058 35.00000000000058 35.00000000000057 35.00000000000056 35.000000000000576 35.00000000000057 35.00000000000055 35.000000000000526 35.00000000000049 35.00000000000048 35.00000000000048 
0.09832655066275994 -0.006222179194824194 -0.014925482506196693 -0.020768992933401197 -0.02492673146568182 -0.03139435118555919 -3.960856867207957e-05 2.280767890006383e-08 1.1613112198551253e-10 7.434120202035021e-13 4.016097296871896e-15 4.1567504371096676e-17 4.351809872497029e-19 3.76885539175201e-21 1.8452917740796795e-23 -2.425652517236483e-25 -1.0940602641408389e-26 -2.7357654382577597e-28 -5.8863617950489884e-30 -1.198095996926556e-31 -2.3921138552859185e-33 -4.7595709158022314e-35 -9.47781633053147e-37 -1.8765146643938135e-38 -3.605697702764486e-40 -6.266714089600443e-42 -7.323173551917427e-44 1.191212765633591e-45 1.5465923923227239e-46 9.491743546858002e-48 5.0559972035066e-49 2.5986933618212306e-50 1.3364395563894298e-51 6.97100526116025e-53 3.693700159974813e-54 1.9691194227775258e-55 1.0270201077700643e-56 4.8504068519278555e-58 1.4866215721252902e-59 -8.554844945343117e-61 -2.77275038850784e-61 -4.667082156128521e-62 -6.885025552658404e-63 -9.820121851981955e-64 -1.401816399734557e-64 -2.031818569090047e-65 -3.006187402952568e-66 -4.539627193667563e-67 -6.963111542450692e-68 -1.0733787018529457e-68 -1.628813219503467e-69 -2.3274608497569928e-70 -2.7625517524107496e-71 -1.1519790504861895e-72 8.941183800212223e-73 4.9074644364696025e-73 1.889342827626143e-73 6.498304808729092e-74 2.12823194197429e-74 6.805706238226585e-75 2.149357860218573e-75 6.740429794228288e-76 2.1035917693068503e-76 6.53588958127046e-77 2.0198553755934717e-77 6.197585921274146e-78 1.8826985724926365e-78 5.640357934245808e-79 1.6573143378852172e-79 4.738098318826088e-80 1.301164194031079e-80 3.355362488919445e-81 7.737706517510902e-82 1.3843426786278538e-82 5.151685565428937e-84 -1.2174671318920947e-83 -8.693418841229156e-84 -4.415214879798196e-84 -1.9576930071479435e-84 -8.037659441919296e-85 -3.1337043698724487e-85 -1.1749807514793634e-85 -4.267161044180003e-86 -1.5074895734597392e-86 -5.189620518502343e-87 -1.7436187502813357e-87 -5.71904822015196e-88 -1.8290121784491478e-88 -5.696648164229383e-89 -1.7228529632776825e-89 -5.035037918949814e-90 -1.4113905070420295e-90 -3.7424214191083243e-91 -9.154620654847204e-92 -1.948379102861675e-92 -2.94016102476817e-93 1.2332459652645933e-94 3.703609049686219e-94 2.1763176037775768e-94 9.802698758018838e-95 3.920576076045135e-95 1.4513958710066294e-95 5.1077038748656305e-96 1.7244928934718662e-96 5.606586291801447e-97 1.7690464980055515e-97 5.408051571619871e-98 1.6070453275665448e-98 4.631095058199583e-99 1.2918382482982468e-99 3.473440675156303e-100 8.93682689166148e-101 2.1720469086945438e-101 4.8619255386736594e-102 9.455149822675986e-103 1.3090183121993077e-103 -4.424046506432575e-105 -1.3320060662019715e-104 -7.140652511194132e-105 -2.922846559959341e-105 -1.0570968756884295e-105 -3.543623745539182e-106 -1.1250717619892297e-106 -3.420013684515073e-107 -1.0015898610145986e-107 -2.8350814906111688e-108 -7.766046354711423e-109 -2.0578842032399442e-109 -5.263789622892158e-110 -1.2939144120140826e-110 -3.032007542746714e-111 -6.672443778569245e-112 -1.3377114525015334e-112 -2.2643686234081453e-113 -2.3748231330354942e-114 3.5291956201737407e-115 3.4853003459089473e-115 1.5570556055502155e-115 5.623956612169036e-116 1.8237621447399105e-116 5.5162669017150156e-117 1.5842004937201844e-117 4.360234969231473e-118 1.155831051491797e-118 2.957600526959546e-119 7.306780779265663e-120 1.7396514226806476e-120 3.974336615710737e-121 8.640799047058318e-122 1.7602471394983642e-122 3.253372325498381e-123 5.020905986972534e-124 4.505026197942979e-125 -8.629227139146166e-126 -6.866804794691131e-126 -2.780184979617848e-126 -9.222634570901326e-127 -2.757517682083674e-127 -7.700855748762788e-128 -2.04270535802847e-128 -5.191584595895816e-129 -1.2698402361263025e-129 -2.9942328544278693e-130 -6.803183380614634e-131 -1.4833493849598613e-131 -3.089159399152341e-132 -6.0675433480255165e-133 -1.0969566324813838e-133 -1.7250318224372796e-134 -1.9522635646403283e-135 3.605361141917375e-137 1.1995152532896377e-136 5.216564671009534e-137 1.7150580573518261e-137 4.964193858600242e-138 1.328632066087293e-138 3.359948639479943e-139 8.116266583353031e-140 1.8831729990015142e-140 4.2066699261514624e-141 9.045042625369463e-142 1.8667864870039865e-142 3.675075055195732e-143 6.817594715085661e-144 1.1628243220884305e-144 1.720934726926089e-145 1.8147650224684841e-146 -4.3636597317957274e-148 -1.047693099766128e-147 -4.2583814392982566e-148 -1.3177961067453362e-148 -3.5966376698402163e-149 -9.080991104563935e-150 -2.1670277534836862e-150 -4.938844556477028e-151 -1.080740566329492e-151 -2.275215080329659e-152 -4.6057009345356646e-153 -8.974571372005511e-154 -1.9308677422844045e-154 
-0.101114937672757 -0.06940794429746709 -0.06209983669432318 -0.05585913991097894 -0.05048734915778028 -0.0398960973027676 2.5172036553408804e-05 2.2454785796975897e-08 1.3204253979353963e-11 -8.961603901043e-14 -1.6473503609302883e-15 -3.202842528600902e-17 -5.7078790683040495e-19 -9.127600704739048e-21 -1.3695253048680649e-22 -1.9728541102900705e-24 -2.755973327239859e-26 -3.7262978730550473e-28 -4.777905520005414e-30 -5.430484331130379e-32 -4.068233233892981e-34 4.2783139709192395e-36 3.4473484970891494e-37 1.3093062124591762e-38 4.2800119080603664e-40 1.3398621511278625e-41 4.170012387483556e-43 1.30935784823327e-44 4.158288385777128e-46 1.3238797546764432e-47 4.109231416149078e-49 1.1482367907949144e-50 2.018164370710413e-52 -8.101787743980603e-54 -1.4764454021828402e-54 -1.476372810492621e-55 -1.3061350889825578e-56 -1.1230198691879218e-57 -9.699571375290901e-59 -8.52374791482072e-60 -7.63972138210847e-61 -6.942493905525063e-62 -6.287111799254842e-63 -5.444694116837914e-64 -3.997820581194368e-65 -1.116696546703013e-66 4.924737485644828e-67 1.7816897883023746e-67 4.5619929956457556e-68 1.062808733252118e-68 2.4049905429698005e-69 5.4217517821037284e-70 1.2313429968485049e-70 2.830343268319978e-71 6.59101280448598e-72 1.5527020563980454e-72 3.687517962966327e-73 8.778620932442074e-74 2.076736739532906e-74 4.815182213603215e-75 1.0678018246711226e-75 2.15063287835528e-76 3.3686501419064184e-77 6.947287324336273e-79 -2.761533461542614e-78 -1.788578308191204e-78 -8.517068891897191e-79 -3.597127960512112e-79 -1.4238691625537285e-79 -5.406637762672785e-80 -1.9918416123763685e-80 -7.163261680898693e-81 -2.522042405114932e-81 -8.717077459826183e-82 -2.9601161515295406e-82 -9.872921828092604e-83 -3.2305227093750032e-83 -1.0349954633901836e-83 -3.237961534666839e-84 -9.844638204737682e-85 -2.889419430304268e-85 -8.0942038479064e-86 -2.1201890028790868e-86 -4.971688659785584e-87 -9.201044981111178e-88 -5.5534237419074996e-89 6.452341194449e-89 4.809489522750798e-89 2.425341011750793e-89 1.0527190546952328e-89 4.199160242370763e-90 1.5821733080556017e-90 5.705937398758277e-91 1.9857746021262367e-91 6.704559918900407e-92 2.198317385395977e-92 7.005711075450111e-93 2.1741355877751795e-93 6.555770649657126e-94 1.9157007095987334e-94 5.424112050036069e-95 1.4682155052493776e-95 3.778291185027225e-96 9.020955363231068e-97 1.896918339892759e-97 3.037026945551455e-98 7.118396723893366e-100 -2.3348141008772272e-99 -1.4444609099120918e-99 -6.416373505254797e-100 -2.4809454620068924e-100 -8.842040191113768e-101 -2.9770781574276354e-101 -9.587786692669499e-102 -2.974783662543991e-102 -8.925423508217838e-103 -2.5944526705482685e-103 -7.308739995368634e-104 -1.9930575503603723e-104 -5.246018890151399e-105 -1.3257276712729971e-105 -3.1861335350105e-106 -7.155772075841337e-107 -1.4465380375143827e-107 -2.3800685714951887e-108 -1.873090195751315e-109 7.936213632972008e-110 5.69804639130183e-110 2.4708340697231203e-110 9.006491317903361e-111 2.9859345517813376e-111 9.288358225258393e-112 2.752390057663451e-112 7.832661031204184e-113 2.1499008136195515e-113 5.70264535503031e-114 1.4618652669923816e-114 3.615165282414847e-115 8.588955021059418e-116 1.9452539952928416e-116 4.139706801407011e-117 8.038804686697496e-118 1.324869226549219e-118 1.3939753694874742e-119 -1.637416516730162e-120 -1.718533092730229e-120 -7.5000665019356265e-121 -2.623476413141569e-121 -8.215778422392779e-122 -2.3964488053458492e-122 -6.631484128373764e-123 -1.7570716652398267e-123 -4.479396996241469e-124 -1.1018373079927814e-124 -2.614203283316305e-125 -5.968896449455297e-126 -1.3049679336974512e-126 -2.7058285154790415e-127 -5.223555750545184e-128 -9.019834478418214e-129 -1.2448021623964945e-129 -6.935814522048253e-131 3.807421586225916e-131 2.1627588123226705e-131 7.901332563699668e-132 2.4538769516891984e-132 6.954267724665749e-133 1.8507116183744907e-133 4.690154793069078e-134 1.1401333052084385e-134 2.6678788177243594e-135 6.014524643567545e-136 1.3044248068527013e-136 2.7099441289085123e-137 5.3470657542762363e-138 9.856071732129834e-139 1.6386406521125268e-139 2.2379591462363063e-140 1.588090458090395e-141 -4.2632220143513774e-142 -2.6631232830126744e-142 -9.526852912045326e-143 -2.8382837826044286e-143 -7.660739198679925e-144 -1.9350928679305391e-144 -4.6457315355613405e-145 -1.0684691960073383e-145 -2.363002528777777e-146 -5.02996010501065e-147 -1.0288607805771786e-147 -2.0128130934281878e-148 -3.7307021907831033e-149 -6.429533205274216e-150 -9.894484903577949e-151 -1.2106548713015287e-151 -5.656361968357811e-153 3.113217313372802e-153 1.5504435067853886e-153 5.1133133261661714e-154 1.7431467532475663e-154 
1900 1 10 0 0 0
15.131735576780875 15.131102771963674 15.128156662814918 15.127523668481818 15.12701656723499 15.124513707920825 13.828482102909037 13.271539292281432 12.76669338774218 12.263942091685049 12.011275653695657 12.00789820645442 12.006145540152014 12.004786390882382 12.003727886645073 12.002903494500538 12.002261432202928 12.001761371478056 12.001371904288915 12.00106856972733 12.000832317348545 12.000648310413313 12.000504993849809 12.00039336837194 12.000306425166277 12.000238705619948 12.00018595843286 12.000144872578002 12.000112869325388 12.00008794027027 12.000068521188975 12.000053393794996 12.000041609224297 12.000032428448806 12.00002527586662 12.000019703155425 12.000015361125577 12.000011977795063 12.000009341314948 12.00000728667015 12.000005685324517 12.00000443715098 12.0000034641527 12.000002705567887 12.000002114059205 12.000001652747216 12.000001292896851 12.000001012118936 12.000000792967597 12.000000621849535 12.000000488171922 12.000000383681934 12.000000301949362 12.000000237965656 12.000000187828789 12.00000014849956 12.000000117611192 12.000000093319152 12.000000074185676 12.00000005909123 12.000000047161164 12.000000037713566 12.000000030216155 12.000000024252762 12.0000000194986 12.00000001569907 12.000000012655473 12.000000010211714 12.000000008245339 12.00000000666002 12.00000000537963 12.000000004344114 12.000000003505672 12.000000002827353 12.000000002278847 12.000000001835232 12.000000001476483 12.000000001186558 12.000000000952431 12.000000000763539 12.000000000611287 12.000000000488738 12.000000000390232 12.000000000311147 12.000000000247754 12.000000000197025 12.000000000156462 12.000000000124107 12.000000000098323 12.000000000077797 12.000000000061481 12.000000000048535 12.000000000038291 12.000000000030163 12.000000000023743 12.000000000018684 12.000000000014685 12.000000000011532 12.00000000000906 12.00000000000711 12.000000000005576 12.000000000004372 12.000000000003428 12.000000000002686 12.000000000002107 12.000000000001654 12.000000000001297 12.000000000001004 12.000000000000766 12.000000000000584 12.00000000000045 12.000000000000343 12.000000000000258 12.00000000000019 12.00000000000014 12.000000000000105 12.000000000000083 12.000000000000064 12.00000000000005 12.00000000000004 12.000000000000039 12.000000000000034 12.000000000000032 12.00000000000003 12.000000000000023 12.000000000000018 12.00000000000001 12.000000000000009 12.000000000000004 12.000000000000004 12.000000000000004 12.000000000000005 12.000000000000007 12.000000000000007 12.000000000000005 12.000000000000009 12.000000000000009 12.00000000000001 12.00000000000001 12.000000000000009 12.00000000000001 12.000000000000005 12.000000000000002 12.000000000000002 12.000000000000002 12.000000000000007 12.000000000000012 12.000000000000014 12.000000000000016 12.00000000000002 12.000000000000025 12.000000000000025 12.000000000000027 12.00000000000003 12.000000000000037 12.000000000000048 12.000000000000052 12.000000000000064 12.00000000000008 12.000000000000098 12.000000000000112 12.000000000000119 12.000000000000128 12.00000000000014 12.000000000000153 12.000000000000167 12.000000000000178 12.000000000000188 12.0000000000002 12.000000000000206 12.000000000000213 12.000000000000218 12.000000000000222 12.00000000000022 12.000000000000217 12.000000000000218 12.000000000000226 12.000000000000231 12.000000000000227 12.000000000000227 12.000000000000226 12.000000000000233 12.000000000000231 12.000000000000227 12.000000000000224 12.000000000000227 12.000000000000231 12.000000000000231 12.000000000000233 12.000000000000231 12.000000000000224 12.000000000000222 12.000000000000222 12.00000000000022 12.000000000000222 12.000000000000222 12.000000000000211 12.000000000000204 12.000000000000206 12.000000000000203 
34.99999999999973 34.99999999999974 34.99999999999974 34.999999999999744 34.99999999999975 34.99999999999975 34.99999999999998 35.00000000000011 35.000000000000064 34.99999999999992 35.00000000000003 35.00000000000012 35.00000000000006 35.0 34.99999999999995 35.0 34.99999999999995 35.00000000000005 34.99999999999983 34.99999999999991 34.999999999999986 34.999999999999915 35.00000000000004 34.99999999999991 34.99999999999996 35.000000000000014 35.00000000000009 35.0000000000001 35.000000000000036 34.999999999999936 35.00000000000013 35.00000000000003 35.00000000000007 35.00000000000004 35.000000000000156 35.00000000000001 35.0 35.000000000000014 35.00000000000003 35.00000000000006 35.00000000000004 34.99999999999995 34.99999999999998 34.99999999999993 34.999999999999865 34.99999999999995 34.9999999999999 34.99999999999993 35.0 35.00000000000002 35.000000000000014 35.00000000000006 34.99999999999999 34.99999999999995 34.99999999999995 35.0 34.99999999999998 34.999999999999986 34.99999999999999 34.99999999999999 34.99999999999999 34.99999999999999 35.00000000000001 35.0 35.0 35.0 35.00000000000002 35.00000000000001 35.0 35.000000000000014 35.00000000000001 35.0 35.00000000000003 35.00000000000004 35.00000000000002 35.00000000000002 35.00000000000002 35.00000000000002 35.00000000000003 35.000000000000014 35.000000000000036 35.00000000000004 35.00000000000006 35.00000000000007 35.00000000000006 35.00000000000004 35.00000000000005 35.00000000000005 35.00000000000005 35.00000000000004 35.000000000000036 35.000000000000036 35.00000000000005 35.00000000000005 35.00000000000005 35.00000000000005 35.00000000000003 35.00000000000002 35.00000000000002 35.00000000000002 35.00000000000002 35.00000000000002 35.00000000000003 35.00000000000003 35.000000000000036 35.00000000000005 35.00000000000005 35.000000000000036 35.00000000000002 35.000000000000036 35.00000000000005 35.00000000000004 35.00000000000002 35.0 35.00000000000001 35.00000000000001 35.00000000000003 35.000000000000014 35.000000000000014 35.000000000000014 35.00000000000004 35.00000000000005 35.00000000000005 35.000000000000064 35.000000000000064 35.000000000000064 35.000000000000064 35.00000000000006 35.00000000000004 35.00000000000002 35.00000000000002 35.000000000000014 35.000000000000014 35.000000000000014 35.000000000000014 35.00000000000003 35.00000000000002 35.000000000000014 35.000000000000014 35.00000000000002 35.000000000000036 35.00000000000003 35.00000000000002 35.00000000000002 35.00000000000001 35.00000000000003 35.00000000000004 35.000000000000036 35.00000000000004 35.00000000000006 35.000000000000064 35.00000000000008 35.00000000000008 35.0000000000001 35.00000000000012 35.00000000000014 35.000000000000156 35.00000000000019 35.000000000000234 35.00000000000028 35.00000000000031 35.00000000000034 35.00000000000036 35.000000000000384 35.000000000000426 35.00000000000046 35.0000000000005 35.00000000000054 35.00000000000057 35.00000000000058 35.00000000000059 35.00000000000061 35.00000000000062 35.000000000000625 35.00000000000061 35.00000000000061 35.00000000000063 35.00000000000064 35.00000000000063 35.000000000000625 35.000000000000625 35.00000000000064 35.00000000000063 35.00000000000064 35.00000000000063 35.00000000000063 35.00000000000064 35.00000000000065 35.00000000000064 35.00000000000063 35.000000000000625 35.000000000000625 35.00000000000062 35.00000000000061 35.00000000000062 35.000000000000604 35.00000000000058 35.00000000000057 35.000000000000576 35.00000000000057 
0.09831942455904384 -0.006228227667728673 -0.014930376619530276 -0.020772307007035883 -0.024928287715429934 -0.03142185452948724 -3.9613431599718104e-05 9.419168184285208e-09 -2.7978553916996547e-11 -3.599785965277681e-13 -2.6928420976462345e-15 -3.7299386711253544e-17 -5.411381859823072e-19 -7.328196192636017e-21 -9.251746547740683e-23 -1.0620769144027688e-24 -1.0057379076418035e-26 -4.227256302187197e-29 1.4911930066079552e-30 6.688639980408079e-32 1.9976417721730188e-33 5.34064539500282e-35 1.378120747456561e-36 3.535894797852739e-38 9.132254306995546e-40 2.3786149178466983e-41 6.192818227052592e-43 1.5680202013414108e-44 3.5690650312554976e-46 5.134421303739826e-48 -1.6162016785908208e-49 -2.4128132714678536e-50 -1.9540369651492734e-51 -1.3975235553071203e-52 -9.708117121754874e-54 -6.773814932050106e-55 -4.809299982346203e-56 -3.4822149731877656e-57 -2.553733030997699e-58 -1.8592411029192513e-59 -1.2779649166954675e-60 -7.046535351737423e-62 -2.0554915016340292e-64 9.453414062867437e-64 2.4811895447325828e-64 5.1149321929158624e-65 9.859530608472168e-66 1.8717718083632733e-66 3.573951241202328e-67 6.9261340383674246e-68 1.3666052380114784e-68 2.7437166779596435e-69 5.584231161847258e-70 1.143907557661555e-70 2.3293581801923824e-71 4.611078499264616e-72 8.469024813914327e-73 1.264001516031879e-73 5.664594034477297e-75 -6.977322669722442e-75 -4.572688154693092e-75 -2.1187376004246654e-75 -8.702312357269649e-76 -3.369736168027873e-76 -1.2611628563583935e-76 -4.615913592317618e-77 -1.6620944205471876e-77 -5.9053680050093685e-78 -2.0727803156250775e-78 -7.187956267177967e-79 -2.4606849121252838e-79 -8.303039759973092e-80 -2.754551893537844e-80 -8.965183720866658e-81 -2.850514465219432e-81 -8.793416712328123e-82 -2.602754069944999e-82 -7.249325444909728e-83 -1.8248584167703834e-83 -3.717533928808655e-84 -3.2241958135425716e-85 2.3790790709936994e-85 2.060293140657179e-85 1.1396099583064952e-85 5.375163615547442e-86 2.3254814389073587e-86 9.499727601455416e-87 3.7206058796147376e-87 1.4081084989764342e-87 5.174273774517428e-88 1.851531556139537e-88 6.459517410333268e-89 2.1991474839901346e-89 7.298770973615063e-90 2.3598467185306776e-90 7.42125782966048e-91 2.2578250253136573e-91 6.602717144953228e-92 1.8378064134471258e-92 4.76810988644753e-93 1.1035065560830208e-93 2.0131855259411002e-94 1.1629360467048881e-95 -1.3880103349806194e-95 -1.0115902667688194e-95 -4.990491117410815e-96 -2.1210717109168636e-96 -8.262400022374972e-97 -3.040735948353425e-97 -1.0703642849963055e-97 -3.631446994610883e-98 -1.1927706392858009e-98 -3.802080833416916e-99 -1.1771334820414817e-99 -3.539416418391673e-100 -1.0317962878972687e-100 -2.9067598989537336e-101 -7.868871696406058e-102 -2.026783439876495e-102 -4.876750930028146e-103 -1.0544732714209396e-103 -1.842025168081887e-104 -1.4293910893848646e-105 7.917403308650334e-106 5.869351260848075e-106 2.718942826345484e-106 1.0656701519553103e-106 3.809536640836132e-107 1.2800532015468095e-107 4.1031954790517496e-108 1.2648508468720814e-108 3.7661410189121737e-109 1.0854975806917274e-109 3.0299211684398696e-110 8.181033181425803e-111 2.1303650216896505e-111 5.319880553045695e-112 1.2609677420686344e-112 2.7824459843815805e-113 5.480191583220229e-114 8.54251427363681e-115 4.7348444252081026e-116 -3.866221810220328e-116 -2.42906943266558e-116 -1.013207200494917e-116 -3.615040920470439e-117 -1.1803323260026474e-117 -3.6267210029985726e-118 -1.0631901674350135e-118 -2.9959412387066943e-119 -8.143348268232572e-120 -2.1366426739733706e-120 -5.420033049092409e-121 -1.324898046564142e-121 -3.104378245272775e-122 -6.906043205933826e-123 -1.4323288274148181e-123 -2.6633713641916964e-124 -3.983538875961422e-125 -2.560822177051846e-126 1.3146506253512593e-126 8.236494244467369e-127 3.257628679637868e-127 1.0914603441641658e-127 3.3349184978410466e-128 9.568188835146174e-129 2.6151009082722007e-129 6.860436090799358e-130 1.7340930389962514e-130 4.228647476623656e-131 9.939150474321989e-132 2.2442805014694004e-132 4.835586255127075e-133 9.815212403412002e-134 1.8291230331388674e-134 2.9435241000154653e-135 3.2980248147062016e-136 -1.44958598170449e-137 -2.577296802611869e-137 -1.1263580141009975e-137 -3.8051759715069615e-138 -1.1388292273149293e-138 -3.1602669493048334e-139 -8.299164561711185e-140 -2.0839625570174284e-140 -5.030347136142555e-141 -1.1698055482563786e-141 -2.620205486390299e-142 -5.63734467632733e-143 -1.1579263493936596e-143 -2.2440794799972388e-144 -4.0070701635815016e-145 -6.242269148574666e-146 -7.080368495975414e-147 7.2299515417245755e-149 3.971596414417995e-148 1.727459160652665e-148 5.633737451369819e-149 1.6361088793360348e-149 5.323051722505342e-150 
-0.10113923633450128 -0.0694321329641825 -0.06212381156902156 -0.05588299400172925 -0.05051012920693461 -0.03985430085672486 2.3817256942748933e-05 1.1623756277583176e-08 -4.846077627614581e-11 -2.48733355883705e-13 -9.132836187250896e-16 -2.2401524109853402e-18 1.116299237402394e-19 3.665948199520826e-21 8.14417858040761e-23 1.5765080459711839e-24 2.8615946858557203e-26 5.029381077047768e-28 8.690142104156894e-30 1.4827981536794707e-31 2.481190774798117e-33 3.9627775621894036e-35 5.554996757879224e-37 4.5242268082315316e-39 -1.188179708400859e-40 -9.687316146795105e-42 -4.6573959283066494e-43 -1.9902290996936417e-44 -8.254498758686065e-46 -3.4310802980368533e-47 -1.447178991724134e-48 -6.202853438704398e-50 -2.6772879405741376e-51 -1.1331886539460899e-52 -4.372404229256439e-54 -1.1363901711873368e-55 4.300033552618354e-57 1.2418964184028176e-57 1.7230912684834484e-58 2.0813477506047907e-59 2.4294818721913724e-60 2.8411009400014933e-61 3.3777798273113355e-62 4.1022780550276527e-63 5.0804981717323116e-64 6.362643221805304e-65 7.909008961877934e-66 9.361383474995134e-67 9.38594230871386e-68 3.831212084190266e-69 -1.939637804680779e-69 -9.460279693586008e-70 -3.1827024243653536e-70 -9.618683772084737e-71 -2.7930555112954778e-71 -7.99793366710536e-72 -2.284890028096456e-72 -6.54622094229299e-73 -1.884204383478571e-73 -5.447109973147459e-74 -1.5788404237664605e-74 -4.574280532344424e-75 -1.3189214733259118e-75 -3.760925932509574e-76 -1.0509151477379418e-76 -2.83542134635556e-77 -7.192088547651778e-78 -1.616048712132066e-78 -2.6435334756330548e-79 9.053117252671089e-81 3.753774545112295e-80 2.474592011591591e-80 1.2551154708907618e-80 5.684599343790543e-81 2.4126865986889525e-81 9.801625916983936e-82 3.852871467508923e-82 1.4744213580296152e-82 5.5121868453274385e-83 2.0171254060852076e-83 7.230211044462204e-84 2.5391057042845875e-84 8.730110641464863e-85 2.933991774768462e-85 9.61792512629302e-86 3.0638630915030164e-86 9.424911287379956e-87 2.7750306640464353e-87 7.686898872510486e-88 1.9358194627156376e-88 4.0575601102077794e-89 4.71537115497532e-90 -1.5546904888425696e-90 -1.591117462133126e-90 -8.863271178519119e-91 -4.09792104391552e-91 -1.7178917640730028e-91 -6.75752015413023e-92 -2.5382254431031236e-92 -9.182473164279847e-93 -3.216198144155947e-93 -1.095770756531569e-93 -3.628397548659328e-94 -1.1693436162803795e-94 -3.6707350447887615e-95 -1.1161215535886884e-95 -3.2908539037612447e-96 -9.320824203085045e-97 -2.5211619084184597e-97 -6.392046110251954e-98 -1.4666540465416918e-98 -2.7771925771623763e-99 -2.7843670057743185e-100 9.808213998750681e-101 8.6589331663329e-101 4.3295825634583944e-101 1.8031723868708156e-101 6.81485660064609e-102 2.4160812167158976e-102 8.165476855579185e-103 2.65367314214066e-103 8.333649251847742e-104 2.5355436093589348e-104 7.481956246317393e-105 2.1399926588462963e-105 5.9213230159489105e-106 1.5788175485452737e-106 4.0282036134689475e-107 9.711467655201685e-108 2.1585886149732868e-108 4.178535722688133e-109 5.822236422950009e-110 -1.3868778890971918e-111 -5.494469653605216e-111 -2.953528264271273e-111 -1.2027821815548527e-111 -4.3190141999127265e-112 -1.4363427580119885e-112 -4.521532242478845e-113 -1.3625431167172156e-113 -3.954677855660462e-114 -1.1090331806918537e-114 -3.0084266471092255e-115 -7.889033244771142e-116 -1.9947937340881068e-116 -4.838850211010524e-117 -1.115378321266173e-117 -2.4004622895542294e-118 -4.644847280300281e-119 -7.29113910855604e-120 -5.313305755282965e-121 2.3338833370548287e-121 1.5763080997643067e-121 6.524641224031027e-122 2.27551280371345e-122 7.222718302254711e-123 2.1513952491466365e-123 6.103770206831784e-124 1.6624487535849988e-124 4.364497793318196e-125 1.1062108525671885e-125 2.7057458084349985e-126 6.365062350371722e-127 1.4332025222012457e-127 3.0563161465442766e-128 6.04455211687299e-129 1.0588789885377376e-129 1.4318133333107184e-130 4.595262380790054e-132 -6.522636737126465e-132 -3.4361068396932015e-132 -1.2640059658827526e-132 -4.017671610439316e-133 -1.172619552848296e-133 -3.2240497737213613e-134 -8.457024715710592e-135 -2.1305141724875415e-135 -5.1709506735358996e-136 -1.2099441706092367e-136 -2.724987529569488e-137 -5.881117918113604e-138 -1.2058484517249512e-138 -2.310005286337787e-139 -3.9905437525521883e-140 -5.655060977854672e-141 -4.110964051901942e-142 1.198664552684316e-142 7.704314068487004e-143 2.8639228096135835e-143 8.881944420289421e-144 2.497596230181764e-144 6.575540358382714e-145 1.6463349258739554e-145 3.950619819396531e-146 9.120925314772771e-147 2.0281007062538964e-147 4.337017448021114e-148 8.88131784870182e-149 1.7328644618172094e-149 3.6406503587513316e-150 
1900 1 11 0 0 0
15.164425880577221 15.1637930038075 15.160846804894941 15.16021372557251 15.159706275321952 15.15716253303967 13.837757819344105 13.273948881155416 12.768548696759671 12.265491157454086 12.012526575037866 12.008776608882322 12.006828617342764 12.00531840998809 12.004142264900775 12.003226249163877 12.002512826047369 12.001957185672094 12.001524429664531 12.00118737878728 12.000924865512358 12.000720404273647 12.000561155855856 12.000437120849009 12.000340511514478 12.000265262587295 12.000206650284209 12.000160995588926 12.000125433164131 12.000097731379999 12.000076152151895 12.00005934177867 12.000046245924882 12.00003604341225 12.000028094652304 12.000021901482757 12.000017075892544 12.000013315659785 12.000010385380012 12.000008101688717 12.000006321755338 12.000004934316946 12.000003852700985 12.000003009386344 12.000002351768847 12.000001838865034 12.000001438741469 12.000001126516173 12.000000882799943 12.00000069248447 12.000000543795714 12.000000427559524 12.000000336627721 12.000000265431602 12.000000209632326 12.000000165851489 12.000000131456781 12.000000104397696 12.000000083076102 12.00000006624742 12.000000052939182 12.000000042393957 12.000000034019461 12.000000027353401 12.000000022034179 12.000000017778902 12.000000014366151 12.00000001162236 12.000000009411005 12.000000007624953 12.000000006179347 12.000000005007614 12.000000004056176 12.0000000032842 12.00000000265782 12.000000002149335 12.000000001736627 12.000000001401746 12.000000001130184 12.000000000910026 12.000000000731838 12.000000000587724 12.000000000471305 12.000000000377414 12.0000000003018 12.000000000240979 12.000000000192136 12.000000000152978 12.000000000121645 12.00000000009659 12.000000000076604 12.000000000060671 12.000000000048 12.000000000037938 12.000000000029939 12.00000000002361 12.000000000018613 12.00000000001466 12.000000000011536 12.000000000009072 12.000000000007125 12.000000000005594 12.000000000004398 12.000000000003444 12.0000000000027 12.000000000002125 12.000000000001664 12.0000000000013 12.000000000000997 12.000000000000764 12.000000000000588 12.000000000000451 12.000000000000345 12.000000000000263 12.000000000000199 12.000000000000153 12.000000000000114 12.000000000000089 12.00000000000007 12.000000000000053 12.00000000000004 12.000000000000036 12.000000000000032 12.000000000000028 12.000000000000023 12.000000000000016 12.000000000000014 12.000000000000016 12.00000000000001 12.000000000000007 12.000000000000005 12.000000000000005 12.000000000000005 12.000000000000005 12.000000000000002 12.000000000000007 12.000000000000009 12.000000000000007 12.0 12.000000000000007 12.000000000000002 12.000000000000002 12.0 12.000000000000005 12.000000000000007 12.00000000000001 12.000000000000018 12.000000000000023 12.000000000000021 12.000000000000025 12.000000000000027 12.000000000000027 12.000000000000028 12.000000000000036 12.000000000000048 12.000000000000057 12.00000000000007 12.000000000000082 12.000000000000098 12.000000000000112 12.00000000000012 12.000000000000124 12.000000000000137 12.00000000000015 12.000000000000163 12.000000000000176 12.000000000000188 12.000000000000206 12.000000000000217 12.000000000000222 12.00000000000023 12.000000000000233 12.000000000000236 12.000000000000242 12.000000000000243 12.000000000000249 12.000000000000252 12.000000000000254 12.000000000000256 12.00000000000026 12.000000000000254 12.000000000000258 12.000000000000263 12.000000000000263 12.000000000000263 12.000000000000258 12.000000000000252 12.000000000000249 12.000000000000252 12.000000000000252 12.00000000000025 12.000000000000245 12.000000000000247 12.000000000000249 12.000000000000247 12.000000000000249 12.000000000000242 12.000000000000238 12.00000000000024 12.000000000000234 
34.99999999999981 34.999999999999815 34.99999999999981 34.99999999999982 34.99999999999982 34.999999999999844 35.0 35.0000000000001 35.00000000000004 34.99999999999987 35.0 35.0000000000001 35.000000000000085 35.0 34.99999999999998 35.00000000000004 34.999999999999986 35.00000000000003 34.99999999999985 34.99999999999985 34.999999999999964 34.999999999999915 35.00000000000004 34.99999999999994 34.99999999999994 35.00000000000003 35.000000000000085 35.000000000000064 35.00000000000001 34.99999999999988 35.00000000000012 35.00000000000001 35.00000000000012 35.000000000000064 35.000000000000185 34.999999999999964 34.99999999999999 35.0 35.00000000000004 35.00000000000005 35.00000000000005 34.999999999999964 34.99999999999996 34.99999999999992 34.99999999999991 34.9999999999999 34.9999999999999 34.99999999999995 35.00000000000001 35.00000000000005 35.00000000000002 35.00000000000004 35.000000000000036 35.000000000000014 35.0 34.999999999999986 34.999999999999986 34.99999999999996 34.999999999999964 34.99999999999998 35.00000000000001 35.00000000000001 34.99999999999999 35.0 34.99999999999999 34.999999999999986 34.99999999999999 35.000000000000014 35.00000000000002 35.00000000000002 35.000000000000036 35.00000000000003 35.00000000000003 35.00000000000003 35.00000000000002 35.00000000000002 35.000000000000014 35.00000000000003 35.00000000000004 35.000000000000064 35.00000000000006 35.00000000000007 35.00000000000008 35.00000000000008 35.00000000000006 35.00000000000006 35.00000000000007 35.000000000000064 35.00000000000005 35.00000000000005 35.00000000000006 35.00000000000005 35.00000000000006 35.00000000000005 35.00000000000004 35.000000000000036 35.00000000000003 35.000000000000036 35.000000000000036 35.000000000000036 35.000000000000036 35.00000000000003 35.00000000000004 35.00000000000002 35.000000000000014 35.00000000000003 35.00000000000005 35.00000000000006 35.00000000000004 35.00000000000004 35.000000000000036 35.000000000000036 35.00000000000003 35.000000000000036 35.00000000000003 35.000000000000036 35.00000000000003 35.000000000000036 35.00000000000006 35.00000000000005 35.00000000000003 35.00000000000002 35.00000000000003 35.00000000000004 35.000000000000036 35.00000000000004 35.000000000000036 35.00000000000005 35.00000000000004 35.000000000000036 35.00000000000002 35.00000000000001 35.00000000000001 35.000000000000014 35.00000000000002 35.000000000000014 35.000000000000014 35.000000000000014 34.99999999999999 35.00000000000001 35.0 35.00000000000001 35.00000000000001 35.000000000000014 35.00000000000002 35.000000000000036 35.00000000000004 35.00000000000005 35.00000000000004 35.00000000000005 35.00000000000006 35.000000000000064 35.00000000000008 35.00000000000009 35.00000000000013 35.000000000000156 35.0000000000002 35.00000000000023 35.00000000000027 35.000000000000306 35.00000000000034 35.00000000000034 35.00000000000036 35.00000000000041 35.000000000000455 35.00000000000049 35.00000000000053 35.00000000000058 35.00000000000061 35.00000000000063 35.00000000000065 35.000000000000654 35.00000000000066 35.000000000000675 35.00000000000068 35.00000000000068 35.000000000000696 35.000000000000696 35.00000000000069 35.0000000000007 35.000000000000696 35.0000000000007 35.0000000000007 35.0000000000007 35.00000000000071 35.00000000000072 35.0000000000007 35.000000000000696 35.00000000000068 35.000000000000696 35.00000000000069 35.00000000000068 35.00000000000069 35.00000000000068 35.00000000000068 35.00000000000068 35.00000000000067 35.00000000000064 35.00000000000065 35.00000000000065 
0.09831997435478687 -0.006226240501055863 -0.014926949947446371 -0.02076701720661765 -0.024923521801710573 -0.03144227798612654 -3.912332650511527e-05 1.0873871466151527e-08 7.0320777009173356e-12 5.79888767551242e-14 8.71793492087501e-16 1.7533794858695927e-17 3.394217272500755e-19 5.982751999506561e-21 9.915405545316746e-23 1.5722320243606267e-24 2.3987364948918693e-26 3.4922636159017974e-28 4.680621543902714e-30 5.084457159541625e-32 1.487896880351023e-34 -1.6798500476912346e-35 -8.428892876301638e-37 -3.123173419321844e-38 -1.0647160831648262e-39 -3.5542760121500275e-41 -1.1912697864157862e-42 -4.04844651586763e-44 -1.3953111398188162e-45 -4.827540261233758e-47 -1.6289887943468132e-48 -4.942850941580237e-50 -9.339254691616855e-52 4.277989294757553e-53 8.340513402542663e-54 9.054468273385971e-55 8.713374755574657e-56 8.156284499508993e-57 7.676400936435178e-58 7.361451602967218e-59 7.218700626087455e-60 7.211870093144887e-61 7.250630530893568e-62 7.131127803405156e-63 6.387136488306349e-64 3.942003316920425e-65 -2.707667413876423e-66 -1.9434615820129137e-66 -6.018301579339714e-67 -1.585495044623127e-67 -3.9679537171621495e-68 -9.796955382134743e-69 -2.425210824484086e-69 -6.06255053114499e-70 -1.534372377660212e-70 -3.930828338933842e-71 -1.0170030394964764e-71 -2.646097846121259e-72 -6.878305526883376e-73 -1.768361146544975e-73 -4.4225932574130075e-74 -1.0432460916915731e-74 -2.1595700860156143e-75 -2.995520006395853e-76 3.928782222399514e-77 6.0581902783057446e-77 3.67727283766304e-77 1.813249129477438e-77 8.14218833876342e-78 3.4644577189212063e-78 1.4220888021535055e-78 5.684058151546953e-79 2.2225615151841194e-79 8.53435542219391e-80 3.2237806465894853e-80 1.1984152987446426e-80 4.382964005646097e-81 1.5756824483956882e-81 5.559024222286239e-82 1.9196104349133257e-82 6.4653708761789845e-83 2.1120568558879383e-83 6.632452077338422e-84 1.972580985745007e-84 5.392957413424833e-85 1.2620816425229081e-85 1.9208930783998236e-86 -2.9205802342448265e-87 -4.639970217005111e-87 -2.9419250623729743e-87 -1.4962921309062671e-87 -6.836596231757899e-88 -2.922133397771843e-88 -1.191411781544881e-88 -4.677848907934831e-89 -1.7800124087395224e-89 -6.590198816750577e-90 -2.3770769855711288e-90 -8.357881911585933e-91 -2.8678459750551985e-91 -9.589407976155561e-92 -3.120116007998289e-92 -9.852849385860781e-93 -3.0012189157618868e-93 -8.745096384134277e-94 -2.4032229185646984e-94 -6.016489685509206e-95 -1.2768479457725087e-95 -1.6749547989972423e-96 3.1901450147786024e-97 3.946759828503448e-97 2.2284662803821998e-97 1.0203965147309549e-97 4.2056879207682446e-98 1.6214106741030384e-98 5.953017823176752e-99 2.1017872450420242e-99 7.175555528845512e-100 2.376278824552997e-100 7.644957567692188e-101 2.3900098135046568e-101 7.253669576920957e-102 2.132264225436743e-102 6.045344932336505e-103 1.6405743279968965e-103 4.206188710135166e-104 9.928445498272497e-105 2.030656666508376e-105 2.9164997872364295e-106 -1.4391265470385283e-107 -3.573894624840428e-107 -2.0044107263201688e-107 -8.669439240428733e-108 -3.3240457818930276e-108 -1.1835172491298358e-108 -3.995824764627996e-109 -1.2933124699551438e-109 -4.03730651544143e-110 -1.2195052862951579e-110 -3.569180620432681e-111 -1.0119436902668773e-111 -2.77433260652942e-112 -7.326454530440594e-113 -1.8505789014144324e-113 -4.414254972610042e-114 -9.69731698674419e-115 -1.8503374870240007e-115 -2.5122238222924493e-116 8.443890292130164e-118 2.4691203091421153e-117 1.2985216068640108e-117 5.216524240569035e-118 1.850636426184763e-118 6.091818018963343e-119 1.8992633925826264e-119 5.669235552812065e-120 1.6297858934473806e-120 4.525941502993774e-121 1.2152490454818729e-121 3.152144704991469e-122 7.874685871384421e-123 1.8835735632211486e-123 4.266102802862186e-124 8.951256077182339e-125 1.661267448697185e-125 2.3597680321728123e-126 6.381338845046851e-128 -1.3113138003310083e-127 -7.21681244005911e-128 -2.8160046679576705e-128 -9.530314981642369e-129 -2.966974595531165e-129 -8.712432127884906e-130 -2.4416477595801152e-130 -6.580612244617611e-131 -1.7102704489565023e-131 -4.292564159478429e-132 -1.038890938364555e-132 -2.415263477401742e-133 -5.355846921430978e-134 -1.1176067620374339e-134 -2.135007083698603e-135 -3.492809635202603e-136 -3.81989464690031e-137 2.9636415367338397e-138 3.796031703002357e-138 1.6628435347200717e-138 5.744972514994895e-139 1.7687907678901355e-139 5.062872909740821e-140 1.3734824192566028e-140 3.565705638258438e-141 8.906452554289307e-142 2.144584173590398e-142 4.976057356636044e-143 1.1096729785217718e-143 2.364302790956818e-144 4.7571770965443434e-145 8.839231959143226e-146 1.610873491998947e-146 
-0.10114693363388357 -0.06943970545513795 -0.062131089901523356 -0.05589000872353442 -0.05051241886863295 -0.039790911232265094 2.4104097930511897e-05 1.871568980390786e-08 2.1938698580363135e-11 2.2477760738612571e-13 1.4926099772339149e-15 1.7146743647770042e-17 1.9014404247509563e-19 1.5268227620338637e-21 -8.354254478201752e-25 -4.261256319408658e-25 -1.3712850198862624e-26 -3.405495670544224e-28 -7.716120654811366e-30 -1.6854307553569115e-31 -3.636611620793471e-33 -7.833496536949201e-35 -1.6860702506761473e-36 -3.5882308759054934e-38 -7.308839227061918e-40 -1.2901466216065165e-41 -1.1284333041954734e-43 6.517720878124925e-45 6.129654116983382e-46 3.8116496552534165e-47 2.151530295170095e-48 1.1894921522085591e-49 6.627188034441498e-51 3.762282075048081e-52 2.178895979511271e-53 1.2769409227115294e-54 7.402735296592228e-56 4.0034033025311423e-57 1.639975423658153e-58 -2.4173803623287002e-60 -2.0230282619858526e-60 -4.037724117053733e-61 -6.672826124429002e-62 -1.048423997437672e-62 -1.6371155514305075e-63 -2.5873337204907475e-64 -4.16959363949634e-65 -6.862390598396606e-66 -1.1501459920513707e-66 -1.9482044858130938e-67 -3.2864819201525477e-68 -5.362449594679793e-69 -7.897651488891119e-70 -8.148310513697682e-71 6.604040956674198e-72 8.594238691576063e-72 4.101522181260491e-72 1.613446665313642e-72 5.890054959586139e-73 2.0766958707748044e-73 7.19448550613384e-74 2.469242822194549e-74 8.428179569312764e-75 2.865051971994536e-75 9.699433785814836e-76 3.266633161040104e-76 1.0923559677792541e-76 3.6166723184221146e-77 1.1809766679780937e-77 3.7826313006328955e-78 1.178857938951123e-78 3.5295583290624985e-79 9.917924551028187e-80 2.4931844192934644e-80 4.842674658835559e-81 1.706424763411144e-82 -5.305252407804781e-82 -4.1085693016379806e-82 -2.2830128427183082e-82 -1.110296718650595e-82 -5.009704587442822e-83 -2.149791705814825e-83 -8.884643617042233e-84 -3.5625275474297763e-84 -1.3914560218784794e-84 -5.307538718705989e-85 -1.9795446821603583e-85 -7.223946893744524e-86 -2.5790736961958842e-86 -8.99455273730208e-87 -3.0608332109875747e-87 -1.0126600619451856e-87 -3.242359712769636e-88 -9.976280163249113e-89 -2.9088946025837208e-89 -7.842680957884904e-90 -1.8460520502247944e-90 -3.123024883937636e-91 1.045023074448793e-92 4.514996837217361e-92 2.9705840064068732e-92 1.4890725471557711e-92 6.605173792077914e-93 2.7218120190538067e-93 1.0647161378072994e-93 4.004717501682114e-94 1.4530064393693556e-94 5.124708749221524e-95 1.7549024095735842e-95 5.8563872470071605e-96 1.9019956450071558e-96 6.004792669200088e-97 1.8385142904942034e-97 5.4348794062747027e-98 1.5403211535669344e-98 4.131756062605743e-99 1.0234123266057138e-99 2.2115660800795082e-100 3.4516182101881745e-101 -8.440217075802124e-103 -4.025761900976238e-102 -2.4300084413269706e-102 -1.1105223537685693e-102 -4.478526595887705e-103 -1.6742840884546047e-103 -5.932464840999671e-104 -2.0152790793598746e-104 -6.605482772862655e-105 -2.096457455413424e-105 -6.454014325970872e-106 -1.927826259695256e-106 -5.581202396101955e-107 -1.561771341794645e-107 -4.202670648116574e-108 -1.0778285730602957e-108 -2.5912560828124358e-109 -5.643721572401911e-110 -1.0187053951510566e-110 -1.007259745460007e-111 2.9617451349081973e-112 2.567006497567462e-112 1.220694588263211e-112 4.810583503778693e-113 1.716843713884494e-113 5.740531386848842e-114 1.8278491937335402e-114 5.590837977901039e-115 1.650541643177198e-115 4.7140822572530214e-116 1.3028720566914613e-116 3.480855405327617e-117 8.960034438387378e-118 2.207121816509065e-118 5.153999257731702e-119 1.1153389107804302e-119 2.1300373004039598e-120 3.0911586546182067e-121 6.844060661942933e-123 -1.9306050523835716e-122 -1.0816614399731193e-122 -4.342031583935916e-123 -1.5157076404989035e-123 -4.872140435840247e-124 -1.4772431593556993e-124 -4.281684225448724e-125 -1.1938608011611448e-125 -3.21266169218496e-126 -8.352100175007202e-127 -2.095777090809358e-127 -5.060030886776724e-128 -1.1681390714867265e-128 -2.5484841042919718e-129 -5.1350429387383054e-130 -9.055868624202301e-131 -1.1805859205768692e-131 7.152189735344542e-135 7.749142910292096e-133 3.875527772323966e-133 1.434005338570789e-133 4.648307593085012e-134 1.39126313398982e-134 3.933874977300829e-135 1.0629897733180198e-135 2.7616114788980294e-136 6.917505642967428e-137 1.6714405035237734e-137 3.8888144833888745e-138 8.672897182463491e-139 1.83783975137921e-139 3.638209126244406e-140 6.490283239860644e-141 9.468283097729084e-142 6.911142196845965e-143 -2.2575053654509176e-143 -1.4709942548105565e-143 -5.639370840103882e-144 -1.8092335390171028e-144 -5.273985753175485e-145 -1.4602611997531643e-145 -4.663711446189803e-146 
1900 1 12 0 0 0
15.197114344994116 15.196481398592491 15.193535112622943 15.192901951514944 15.192394159759367 15.18980997113142 13.847040630003129 13.276361701580788 12.770404110280975 12.267040217578122 12.013777223205693 12.00965514642202 12.007511734016965 12.005850461118369 12.004556670212617 12.003549026775124 12.002764239419434 12.002153016535228 12.001676969311124 12.001306200098927 12.00101742422144 12.000792507232196 12.00061732572897 12.000480880142357 12.00037460377946 12.000291824699268 12.000227346615594 12.000177122506503 12.000138000413637 12.000107525470824 12.000083785722829 12.0000652920459 12.000050884626317 12.000039660129863 12.000030914976637 12.000024101160214 12.000018791844415 12.000014654564636 12.000011430358025 12.000008917508598 12.000006958889276 12.000005432099691 12.000004241790077 12.000003313678828 12.000002589893926 12.000002025346769 12.000001584905043 12.000001241193083 12.00000097287798 12.000000763335729 12.000000599610729 12.000000471606983 12.000000371457595 12.000000293033443 12.000000231558944 12.00000018331485 12.000000145403822 12.000000115568884 12.000000092051275 12.00000007348062 12.000000058787771 12.000000047138517 12.000000037881232 12.000000030507254 12.000000024618222 12.000000019903108 12.000000016117328 12.000000013070023 12.000000010610625 12.000000008621093 12.000000007007923 12.000000005697474 12.000000004630945 12.00000000376327 12.000000003057005 12.000000002482041 12.00000000201364 12.0000000016321 12.000000001321498 12.000000001068738 12.000000000863187 12.000000000696232 12.000000000560771 12.000000000451028 12.000000000362178 12.000000000290422 12.000000000232513 12.000000000185878 12.000000000148372 12.00000000011828 12.000000000094136 12.000000000074829 12.000000000059396 12.000000000047084 12.000000000037293 12.000000000029498 12.000000000023313 12.00000000001841 12.000000000014522 12.000000000011438 12.000000000009004 12.000000000007082 12.000000000005574 12.000000000004384 12.000000000003444 12.000000000002707 12.000000000002125 12.000000000001652 12.00000000000128 12.000000000000984 12.000000000000757 12.000000000000586 12.000000000000455 12.000000000000348 12.00000000000026 12.000000000000203 12.000000000000155 12.00000000000012 12.000000000000094 12.000000000000071 12.000000000000055 12.00000000000005 12.000000000000037 12.00000000000003 12.000000000000025 12.000000000000023 12.00000000000002 12.000000000000016 12.000000000000012 12.000000000000004 12.0 11.999999999999996 11.999999999999996 11.999999999999995 11.999999999999996 11.999999999999995 12.000000000000002 11.999999999999996 11.999999999999998 12.0 12.0 11.999999999999998 12.000000000000002 12.000000000000005 12.000000000000007 12.000000000000009 12.00000000000001 12.000000000000014 12.000000000000014 12.000000000000018 12.000000000000025 12.00000000000003 12.000000000000037 12.000000000000046 12.000000000000055 12.000000000000068 12.000000000000078 12.000000000000085 12.000000000000101 12.000000000000114 12.000000000000128 12.000000000000146 12.000000000000162 12.00000000000017 12.00000000000018 12.000000000000192 12.000000000000206 12.000000000000215 12.00000000000023 12.000000000000238 12.000000000000243 12.00000000000025 12.000000000000254 12.000000000000265 12.000000000000274 12.000000000000274 12.000000000000275 12.000000000000274 12.000000000000282 12.000000000000284 12.000000000000282 12.000000000000284 12.000000000000284 12.000000000000284 12.000000000000284 12.00000000000028 12.000000000000274 12.000000000000275 12.000000000000274 12.000000000000268 12.00000000000026 12.000000000000256 12.000000000000261 12.000000000000263 12.000000000000261 12.000000000000265 12.000000000000263 12.000000000000265 12.000000000000265 12.000000000000258 
34.99999999999983 34.999999999999815 34.99999999999981 34.99999999999981 34.999999999999815 34.99999999999982 34.99999999999997 35.000000000000135 35.000000000000014 34.99999999999991 35.00000000000004 35.00000000000006 35.00000000000007 35.00000000000003 34.99999999999997 35.00000000000004 34.999999999999986 34.999999999999986 34.999999999999815 34.99999999999989 34.99999999999999 34.99999999999989 35.00000000000004 34.99999999999995 34.99999999999992 35.00000000000004 35.00000000000006 35.000000000000064 35.00000000000001 34.99999999999984 35.000000000000064 35.00000000000001 35.000000000000114 35.000000000000036 35.000000000000206 34.999999999999964 35.000000000000014 34.999999999999986 35.00000000000006 35.000000000000114 35.00000000000006 34.999999999999915 34.99999999999992 34.99999999999992 34.99999999999998 34.999999999999936 34.99999999999987 34.999999999999936 34.99999999999998 35.00000000000002 34.99999999999999 34.99999999999999 35.00000000000002 35.000000000000036 35.00000000000001 34.99999999999997 34.999999999999986 34.999999999999986 34.999999999999936 34.99999999999993 34.99999999999999 34.999999999999986 35.0 34.99999999999999 35.00000000000001 34.99999999999997 34.99999999999999 35.00000000000001 35.00000000000002 35.000000000000014 35.00000000000001 35.000000000000036 35.00000000000003 35.000000000000014 35.00000000000001 35.00000000000001 35.00000000000001 35.000000000000014 35.00000000000002 35.000000000000014 35.000000000000014 35.00000000000003 35.000000000000036 35.000000000000064 35.000000000000064 35.00000000000006 35.00000000000007 35.00000000000007 35.00000000000007 35.000000000000064 35.00000000000006 35.00000000000004 35.00000000000004 35.000000000000036 35.00000000000004 35.000000000000064 35.00000000000007 35.000000000000064 35.00000000000004 35.00000000000002 35.0 35.00000000000001 35.00000000000001 35.00000000000001 35.00000000000003 35.00000000000003 35.00000000000003 35.00000000000003 35.00000000000004 35.000000000000036 35.000000000000036 35.000000000000064 35.00000000000005 35.00000000000004 35.00000000000003 35.000000000000036 35.000000000000036 35.00000000000004 35.00000000000006 35.000000000000036 35.00000000000004 35.00000000000006 35.00000000000005 35.00000000000004 35.00000000000004 35.00000000000005 35.00000000000005 35.000000000000064 35.00000000000006 35.00000000000004 35.000000000000014 35.00000000000001 35.00000000000001 35.00000000000001 35.000000000000014 34.999999999999986 35.0 35.0 35.0 35.00000000000001 35.000000000000014 34.99999999999999 35.0 35.00000000000002 35.00000000000002 35.000000000000036 35.000000000000036 35.00000000000004 35.000000000000036 35.00000000000005 35.000000000000064 35.00000000000007 35.00000000000009 35.00000000000012 35.00000000000015 35.00000000000018 35.00000000000022 35.000000000000234 35.00000000000028 35.000000000000306 35.00000000000034 35.00000000000038 35.00000000000043 35.000000000000476 35.000000000000504 35.00000000000056 35.00000000000059 35.000000000000625 35.000000000000654 35.000000000000675 35.00000000000068 35.0000000000007 35.0000000000007 35.000000000000725 35.00000000000074 35.00000000000073 35.00000000000073 35.000000000000746 35.00000000000075 35.00000000000075 35.00000000000076 35.000000000000774 35.00000000000078 35.000000000000774 35.000000000000796 35.00000000000079 35.00000000000077 35.00000000000076 35.00000000000075 35.00000000000073 35.00000000000071 35.00000000000071 35.000000000000746 35.00000000000074 35.00000000000073 35.000000000000725 35.000000000000725 35.000000000000725 35.00000000000072 35.000000000000696 
0.0983224881401986 -0.006222306292114559 -0.014921595064100254 -0.02075982129993929 -0.024916839794771235 -0.03146052002153874 -3.855509652737684e-05 1.2226993790407e-08 1.5639740543000857e-11 5.061278802266586e-14 1.76032051297685e-16 -1.2775491191314943e-18 -8.693430889807502e-20 -2.4615832735778325e-21 -5.595930820770709e-23 -1.1516631892634715e-24 -2.248693213601046e-26 -4.26186964535654e-28 -7.922133432991084e-30 -1.4444801403474605e-31 -2.5477079879710432e-33 -4.1553809274081004e-35 -5.344071316297602e-37 -2.777233880702886e-40 3.860311810699449e-40 2.314157106340693e-41 1.0918141302306502e-42 4.830936618851098e-44 2.1146821882302342e-45 9.35862255040727e-47 4.2217309733195467e-48 1.9399364096428126e-49 8.986561415382895e-51 4.082022407472623e-52 1.6865818927176685e-53 4.623415396593924e-55 -2.064745047682292e-56 -6.146840535356588e-57 -9.119288516662691e-58 -1.1825089050847353e-58 -1.483835672608191e-59 -1.867178185962634e-60 -2.3913381018200155e-61 -3.133851482417922e-62 -4.1998411285294126e-63 -5.720522717431832e-64 -7.810503143209022e-65 -1.0384443100273627e-65 -1.2528091672326352e-66 -1.0503754613303002e-67 8.375552144721785e-69 8.434244719459959e-69 3.415554506090605e-69 1.1597388792056756e-69 3.700330156939398e-70 1.1532023288799824e-70 3.5692378868229113e-71 1.1055433818355085e-71 3.4381299722978654e-72 1.0743337557549536e-72 3.3701632694416843e-73 1.059096057533672e-73 3.3232968708386885e-74 1.0364266092158473e-74 3.1914021887487825e-75 9.609056146278623e-76 2.7842612019248173e-76 7.53746043879335e-77 1.7794514409570047e-77 2.8477645557941905e-78 -3.4123834800691565e-79 -6.488572753413104e-79 -4.355610023078095e-79 -2.3399945746302544e-79 -1.1355268863479809e-79 -5.190184219290352e-80 -2.2770890365890957e-80 -9.686959574742822e-81 -4.018753987150848e-81 -1.6312865987312745e-81 -6.490642239773042e-82 -2.534140673706258e-82 -9.709831500099205e-83 -3.649810723129161e-83 -1.344196384897652e-83 -4.843182671137961e-84 -1.7019822794186265e-84 -5.809452109419447e-85 -1.9128629677641613e-85 -6.0104362273977855e-86 -1.7646907211338297e-86 -4.6359936981254915e-87 -9.594862069488156e-88 -6.292933887089397e-89 8.628122778795131e-89 7.181120592634023e-89 4.063314579373739e-89 1.9833162846683754e-89 8.905877512844259e-90 3.7794324504009864e-90 1.5390451338715806e-90 6.054378654546497e-91 2.3121046887644048e-91 8.607436899004016e-92 3.122101745502253e-92 1.104762055750993e-92 3.816869109795137e-93 1.2815716676090443e-93 4.186744303518796e-94 1.3216179075570765e-94 4.0141945573065906e-95 1.1589331321390438e-95 3.1135512021039364e-96 7.427762806742563e-97 1.3675081920400593e-97 5.6068051936423846e-99 -1.203558258407078e-98 -8.680158176382855e-99 -4.4050955485806744e-99 -1.9390765318594143e-99 -7.864098174533095e-100 -3.014880370451148e-100 -1.107170639490639e-100 -3.922906996322368e-101 -1.3469162309500692e-101 -4.491778005527391e-102 -1.4562979882271987e-102 -4.587866754987633e-103 -1.4027289675603522e-103 -4.148695298217952e-104 -1.1805068976476607e-104 -3.2013502507161823e-105 -8.130845186911025e-106 -1.8650535420418481e-106 -3.506821222694476e-107 -3.3123086732715266e-108 1.388141963254037e-108 1.1731808224935547e-108 5.8345917690159465e-109 2.431671096119857e-109 9.216631868516967e-110 3.280511204974318e-110 1.1137741436174465e-110 3.6376353470304e-111 1.1481242623288507e-111 3.511332763759558e-112 1.0411279100153442e-112 2.990503769484344e-113 8.301149785073015e-114 2.2162584853888247e-114 5.642727971204013e-115 1.3488792048316093e-115 2.926948918365201e-116 5.3213885266468135e-117 5.664212104020073e-118 -1.2505255713056489e-118 -1.1863428514433735e-118 -5.691155341590917e-119 -2.2379759567310267e-119 -7.941543919089345e-120 -2.636339946963095e-120 -8.3189860536712e-121 -2.521907335292267e-121 -7.376731483576884e-122 -2.0865868497292758e-122 -5.709760515055359e-123 -1.5093851667678055e-123 -3.840911151121725e-124 -9.344965618026454e-125 -2.1471160732704016e-125 -4.539751824617314e-126 -8.352544048297277e-127 -1.0996963427647211e-127 3.029906689911171e-129 9.709778305833003e-129 4.940185223014845e-129 1.9122672868200113e-129 6.532420956626598e-130 2.067695052788695e-130 6.194781057724111e-131 1.7760738040582192e-131 4.9014967709235256e-132 1.305697454306001e-132 3.3593636802797344e-133 8.335670734699437e-134 1.9872083078411452e-134 4.512984927522349e-135 9.637894229840482e-136 1.8785210896446073e-136 3.10685243382876e-137 3.2686715204686163e-138 -3.9708067513035605e-139 -4.134663177275288e-139 -1.8134350860939993e-139 -6.385472082996478e-140 -2.014655551319455e-140 -5.9242086645981e-141 -1.654687149324085e-141 -4.487146739061111e-142 -1.4197815201953926e-142 
-0.1011609644751721 -0.06945361906187329 -0.06214471870465134 -0.05590338551125626 -0.050521140110626445 -0.03973445257204097 2.3771325609262348e-05 1.566785207349583e-08 -1.476197250496758e-11 -1.1348600135906309e-13 -9.737477907926775e-16 -1.5013772016946326e-17 -2.396639534447851e-19 -3.5312960493395925e-21 -4.747492214991194e-23 -5.522810393389201e-25 -4.383475275351138e-27 2.5897264082909025e-29 2.5621998724380387e-30 9.139292206570854e-32 2.7026126984726163e-33 7.508605479721947e-35 2.048509603058325e-36 5.595826145150678e-38 1.5420749098046465e-39 4.280573683546151e-41 1.1814235576140942e-42 3.12638863127544e-44 7.10149637104698e-46 6.911581710148798e-48 -7.521186055342316e-49 -8.801744939443093e-50 -7.19320114561996e-51 -5.397896957072167e-52 -3.9876332278021673e-53 -2.9780910766425476e-54 -2.2723456988894323e-55 -1.7744000349258245e-56 -1.4094338475263124e-57 -1.1196644418842599e-58 -8.543167322572088e-60 -5.566037149890734e-61 -1.4453440849317717e-62 5.229052899322471e-63 1.7122000240888168e-63 3.9533242014064174e-64 8.335813003140243e-65 1.7158667186095392e-65 3.538343686172905e-66 7.393077597652404e-67 1.5723097105560097e-67 3.405598462486372e-68 7.494919207001314e-69 1.6671384032369258e-69 3.7142231115305575e-70 8.160575220455534e-71 1.7174834072189035e-71 3.2388149856343197e-72 4.323316239299201e-73 -3.381116511152838e-74 -6.3044245505357976e-74 -3.69373003868234e-74 -1.745596256049331e-74 -7.547478963375677e-75 -3.1139021202526573e-75 -1.248805178820229e-75 -4.9126760117487007e-76 -1.9047870470627928e-76 -7.296061647495651e-77 -2.7634365362736147e-77 -1.0348993900394856e-77 -3.829012056478519e-78 -1.3972847648006978e-78 -5.0234483612312674e-79 -1.7746405979687485e-79 -6.1352180657062364e-80 -2.0624212421544865e-80 -6.676550306685704e-81 -2.046633869022354e-81 -5.745212385066504e-82 -1.3573398295373192e-82 -1.8677193481915584e-83 5.753527470426731e-84 7.101077174233217e-84 4.535284986089253e-84 2.393124149543232e-84 1.1465256484294643e-84 5.168269251335348e-85 2.2295399265735395e-85 9.294284251596307e-86 3.7626977300625636e-86 1.4851202096718837e-86 5.722278161297536e-87 2.1554613229473262e-87 7.939924008989662e-88 2.85739073187486e-88 1.0036647242453486e-88 3.4345760882237586e-89 1.139851760635334e-89 3.6456718724339217e-90 1.1145201282090713e-90 3.1947257277333065e-91 8.275528940212148e-92 1.7588112467852687e-92 1.8322372777290018e-93 -9.388639029198268e-94 -8.885313109594672e-94 -5.020768996218576e-94 -2.389338436737532e-94 -1.0350075972589457e-94 -4.222651538608889e-95 -1.6468151341945874e-95 -6.193092303788269e-96 -2.2572324426178278e-96 -7.995381962533904e-97 -2.756939716537873e-97 -9.256705911979135e-98 -3.024457683310098e-98 -9.599085868518255e-99 -2.9497089542408063e-99 -8.727442995304555e-100 -2.4629229940978823e-100 -6.517332995032566e-101 -1.560319771599876e-101 -3.0767962012506156e-102 -3.15327803344614e-103 1.2396092900236793e-103 1.1248604770720209e-103 5.872330852871474e-104 2.5607624482940106e-104 1.0147543721650758e-104 3.775961926490833e-105 1.3405663690575172e-105 4.580390648118493e-106 1.5135557279171465e-106 4.849795774676498e-107 1.5084559095383316e-107 4.5529335828097465e-108 1.3312110334590111e-108 3.7571218657779755e-109 1.0171098041565645e-109 2.6115781366329718e-110 6.2252032528435985e-111 1.313659612458246e-111 2.1248992464164885e-112 6.682255867963701e-114 -1.524240945122304e-113 -9.58588528781052e-114 -4.2736273786626206e-114 -1.653843470681848e-114 -5.89365338031954e-115 -1.98360214371108e-115 -6.377917463657538e-116 -1.9765417199638115e-116 -5.922026139576248e-117 -1.718055832771257e-117 -4.82579461014368e-118 -1.3100476769705267e-118 -3.423556565882123e-119 -8.550507482988086e-120 -2.0142781921698774e-120 -4.3535277934441105e-121 -8.121639144264229e-122 -1.0443479455859659e-122 6.391101541796498e-124 1.1706100969153814e-123 5.926520081234762e-124 2.3359743731712814e-124 8.179824160690701e-125 2.661305329947963e-125 8.200936892355748e-126 2.4224578525316383e-126 6.894201465148965e-127 1.8953299738190606e-127 5.036506201771843e-128 1.2919836934665534e-128 3.188100397835949e-129 7.513887525861175e-130 1.6704436724755273e-130 3.4132915348045183e-131 6.032056303807212e-132 7.454295879552161e-133 -3.3734784350120787e-134 -6.90982952034878e-134 -3.330902403858843e-134 -1.2395849331359688e-134 -4.0843012572028257e-135 -1.2491474969394398e-135 -3.618506878919365e-136 -1.00332188036545e-136 -2.6771389708341066e-137 -6.893623094565562e-138 -1.7131934879750228e-138 -4.101105453582781e-139 -9.41231728681863e-140 -2.0525085486881797e-140 -4.179689276578225e-141 -7.654447040196526e-142 -1.124128784141089e-142 -5.17513448133261e-144 
1900 1 13 0 0 0
15.229801063263686 15.22916804847039 15.226221676904578 15.225588435728982 15.225080307675313 15.222456102661571 13.856329998992216 13.2787777545107 12.772259629903544 12.26858927200163 12.01502761134943 12.010533815199416 12.00819488913084 12.006382543317683 12.00497110173653 12.003871826589533 12.003015671662038 12.002348863487667 12.001829522717113 12.001425033210804 12.001109993077442 12.000864618937483 12.000673503159 12.000524645978377 12.00040870171983 12.000318391742884 12.000248047239111 12.000193253164992 12.000150570927795 12.000117322413875 12.0000914217882 12.000071244496521 12.000055525240374 12.000043278523949 12.000033736771194 12.000026302127566 12.00002050892834 12.000015994463078 12.000012476208271 12.000009734093986 12.00000759669504 12.00000593047187 12.000004631396145 12.00000361842443 12.00000282841611 12.000002212176465 12.000001731373416 12.000001356137288 12.000001063190581 12.00000083439335 12.0000006556077 12.000000515815744 12.0000004064312 12.000000320763922 12.00000025360141 12.000000200883196 12.000000159446262 12.00000012682699 12.000000101105737 12.000000080786595 12.00000006470223 12.000000051943408 12.000000041798039 12.000000033711187 12.000000027248037 12.000000022068711 12.000000017906514 12.000000014552475 12.000000011842223 12.000000009646579 12.000000007863381 12.00000000641203 12.00000000522853 12.000000004263258 12.000000003475588 12.000000002832278 12.000000002306647 12.000000001877034 12.000000001526024 12.000000001239286 12.000000001005187 12.00000000081424 12.000000000658629 12.000000000531985 12.000000000429049 12.000000000345489 12.00000000027778 12.000000000222975 12.000000000178701 12.000000000143002 12.000000000114255 12.000000000091159 12.000000000072621 12.000000000057774 12.000000000045903 12.000000000036424 12.000000000028868 12.000000000022867 12.00000000001809 12.000000000014298 12.00000000001128 12.000000000008896 12.000000000007004 12.000000000005508 12.000000000004336 12.000000000003414 12.000000000002682 12.000000000002101 12.00000000000163 12.000000000001267 12.000000000000977 12.000000000000757 12.000000000000586 12.000000000000451 12.000000000000345 12.00000000000026 12.000000000000197 12.000000000000155 12.000000000000123 12.000000000000094 12.000000000000073 12.000000000000057 12.000000000000043 12.000000000000032 12.000000000000025 12.000000000000023 12.000000000000023 12.000000000000018 12.000000000000014 12.000000000000004 12.000000000000004 12.000000000000002 12.000000000000002 11.999999999999998 12.0 12.000000000000002 12.0 12.0 12.0 12.000000000000002 12.000000000000004 12.000000000000004 12.0 12.000000000000002 12.000000000000009 12.00000000000001 12.000000000000012 12.000000000000014 12.00000000000002 12.000000000000023 12.000000000000025 12.000000000000032 12.000000000000039 12.000000000000048 12.000000000000059 12.000000000000073 12.000000000000083 12.000000000000094 12.000000000000112 12.000000000000133 12.000000000000155 12.000000000000163 12.000000000000174 12.000000000000185 12.000000000000194 12.00000000000021 12.000000000000224 12.000000000000236 12.000000000000243 12.000000000000254 12.000000000000263 12.000000000000274 12.000000000000284 12.000000000000288 12.00000000000029 12.000000000000293 12.000000000000298 12.000000000000304 12.000000000000309 12.000000000000306 12.000000000000307 12.000000000000309 12.000000000000306 12.000000000000304 12.0000000000003 12.000000000000297 12.000000000000297 12.000000000000297 12.00000000000029 12.000000000000284 12.00000000000028 12.000000000000282 12.000000000000282 12.000000000000284 12.000000000000284 12.000000000000284 12.000000000000291 12.000000000000297 12.000000000000297 12.000000000000293 
34.99999999999985 34.99999999999986 34.99999999999985 34.999999999999844 34.99999999999986 34.999999999999844 34.999999999999986 35.00000000000013 35.0 34.999999999999865 35.00000000000006 35.00000000000007 35.00000000000006 34.99999999999999 34.99999999999998 35.00000000000004 34.99999999999998 34.99999999999998 34.99999999999983 34.99999999999982 35.0 34.9999999999999 35.00000000000005 34.99999999999995 34.99999999999993 35.00000000000008 35.00000000000005 35.00000000000004 34.99999999999999 34.9999999999999 35.00000000000005 34.99999999999998 35.00000000000012 35.00000000000003 35.00000000000016 35.00000000000001 35.0 35.00000000000001 35.00000000000008 35.00000000000012 35.000000000000064 34.999999999999936 34.99999999999991 34.999999999999936 34.99999999999997 34.99999999999995 34.99999999999989 34.999999999999915 34.99999999999994 34.99999999999998 34.999999999999986 35.00000000000001 34.99999999999998 35.00000000000002 35.000000000000036 34.99999999999997 34.999999999999964 34.999999999999986 34.99999999999997 34.99999999999996 34.99999999999997 34.99999999999996 34.99999999999998 34.999999999999986 34.99999999999998 35.0 34.99999999999999 34.99999999999999 35.000000000000014 35.00000000000001 35.000000000000014 35.0 34.99999999999999 35.00000000000001 35.00000000000001 35.000000000000014 35.00000000000002 35.00000000000002 35.00000000000003 35.00000000000005 35.00000000000006 35.00000000000005 35.00000000000006 35.00000000000007 35.000000000000064 35.000000000000064 35.000000000000064 35.00000000000005 35.00000000000004 35.00000000000005 35.00000000000005 35.00000000000003 35.000000000000014 35.00000000000002 35.00000000000003 35.00000000000002 35.000000000000036 35.00000000000004 35.00000000000004 35.000000000000036 35.00000000000002 35.00000000000001 35.0 34.99999999999999 34.99999999999999 35.00000000000001 35.000000000000014 35.000000000000036 35.00000000000004 35.000000000000036 35.000000000000036 35.00000000000005 35.00000000000005 35.00000000000004 35.00000000000003 35.000000000000014 35.000000000000014 35.00000000000002 35.000000000000036 35.00000000000004 35.000000000000036 35.00000000000004 35.000000000000036 35.00000000000005 35.00000000000004 35.00000000000005 35.00000000000006 35.00000000000008 35.00000000000007 35.00000000000004 35.000000000000036 35.000000000000036 35.000000000000036 35.000000000000014 35.000000000000014 35.00000000000002 35.00000000000003 35.00000000000002 35.000000000000014 35.000000000000014 35.00000000000001 35.00000000000001 34.99999999999999 35.00000000000001 35.00000000000002 35.00000000000002 35.000000000000036 35.00000000000005 35.00000000000007 35.00000000000008 35.000000000000064 35.00000000000008 35.0000000000001 35.00000000000013 35.000000000000156 35.0000000000002 35.00000000000024 35.00000000000027 35.00000000000031 35.00000000000038 35.000000000000426 35.000000000000455 35.00000000000049 35.00000000000052 35.000000000000554 35.00000000000059 35.00000000000063 35.000000000000654 35.000000000000675 35.00000000000071 35.00000000000073 35.00000000000076 35.00000000000078 35.00000000000079 35.00000000000079 35.0000000000008 35.00000000000081 35.000000000000824 35.000000000000846 35.000000000000846 35.00000000000084 35.000000000000846 35.00000000000083 35.00000000000082 35.00000000000082 35.000000000000824 35.00000000000084 35.00000000000083 35.00000000000082 35.0000000000008 35.000000000000796 35.000000000000796 35.00000000000079 35.00000000000078 35.00000000000079 35.00000000000078 35.000000000000796 35.000000000000796 35.000000000000796 35.00000000000078 
0.09832303398207058 -0.006220358050995086 -0.014918244534157516 -0.02075465106042581 -0.024912171858291754 -0.031480349920486275 -3.817556910313869e-05 1.0917087883230368e-08 1.592368042342185e-12 -5.78081779283681e-14 -4.208548444145877e-16 -5.125733221441272e-18 -5.579463032942909e-20 -2.861606326860572e-22 7.906109380465288e-24 3.7354584091084677e-25 1.088223449060467e-26 2.7411086164750917e-28 6.49672653585425e-30 1.5003722485143296e-31 3.432667845054924e-33 7.827762077613838e-35 1.772937791761142e-36 3.917084856797824e-38 8.010242738904584e-40 1.2535736886181765e-41 -4.2327033800947207e-44 -1.9093180055016404e-44 -1.427904601036597e-45 -8.735507292490536e-47 -5.075467701177193e-48 -2.9374078451369502e-49 -1.7267959708410338e-50 -1.0386600057833002e-51 -6.387604345798324e-53 -3.979299435975291e-54 -2.452295065184822e-55 -1.4074094340195632e-56 -6.0602345684200555e-58 1.1366361349547344e-59 8.888707267725522e-60 1.8743850498380992e-60 3.29164201390487e-61 5.505046285797589e-62 9.158727112593978e-63 1.5435511951019266e-63 2.6556181071864816e-64 4.673890582074037e-65 8.39924879818099e-66 1.5322660281077626e-66 2.806168615749636e-67 5.052251104819061e-68 8.555029965406594e-69 1.203172520884736e-69 6.069934678544296e-71 -5.329767002053237e-71 -3.4592979065500107e-71 -1.5669184975857055e-71 -6.329274450135431e-72 -2.4318584697328377e-72 -9.117131098071996e-73 -3.3748841802485396e-73 -1.2405853161826623e-73 -4.5404400762451215e-74 -1.655861330263159e-74 -6.015137306196604e-75 -2.1738700259282344e-75 -7.800410713726848e-76 -2.771368476351154e-76 -9.712149999743618e-77 -3.339392275340722e-77 -1.1177963373902613e-77 -3.5969075386061865e-78 -1.0895957896800141e-78 -2.967159781400798e-79 -6.342005563555012e-80 -3.54590020785039e-81 7.121327738990887e-81 6.151335219436373e-81 3.718928845316626e-81 1.9580244429130346e-81 9.550765332173908e-82 4.429311447992745e-82 1.9792143240205103e-82 8.584436896950976e-83 3.630381851437909e-83 1.5009956667401205e-83 6.076751851045532e-84 2.4106008068990516e-84 9.370746326496376e-85 3.567908423476452e-85 1.3291962659280024e-85 4.833140608064407e-86 1.7103701791894027e-86 5.859153001754377e-87 1.9283662932229062e-87 6.008666903693329e-88 1.7272162869448484e-88 4.289102972176667e-89 7.321401582582448e-90 -6.581055102953848e-91 -1.5281450537082535e-90 -1.0406450395119146e-90 -5.55073347213743e-91 -2.647034135558796e-91 -1.1762440024658249e-91 -4.971071181110771e-92 -2.025453018093217e-92 -7.978136210309156e-93 -3.0591242263007216e-93 -1.1416739299192157e-93 -4.156610803250355e-94 -1.4764955410791283e-94 -5.113733245042231e-95 -1.7238863884555923e-95 -5.638270154589657e-96 -1.7806059092968162e-96 -5.383939446486837e-97 -1.535757493899554e-97 -4.013203886622131e-98 -8.943061864162098e-99 -1.2872247436398013e-99 1.9218551771996373e-100 2.8383932627399365e-100 1.6970639152138352e-100 8.135344460289735e-101 3.495985191072557e-101 1.4039349386985146e-101 5.3701208280169506e-102 1.9752002184127386e-102 7.027077957671592e-103 2.4261591531202056e-103 8.142639787963054e-104 2.6575499280059976e-104 8.428061155427726e-105 2.5917182124559448e-105 7.697763343488334e-106 2.193456719460826e-106 5.925456773477234e-107 1.483440905832695e-107 3.270058084824204e-108 5.404647682673493e-109 6.2456247867025485e-111 -5.0927811047076716e-110 -3.247646269186564e-110 -1.5142875211265346e-110 -6.1761780934065576e-111 -2.3279897947139396e-111 -8.298760833547511e-112 -2.83263697845511e-112 -9.330837505678411e-113 -2.972896346481991e-113 -9.192638129753794e-114 -2.7567841577876988e-114 -8.006831266979639e-115 -2.2453461028247637e-115 -6.045152041104096e-116 -1.5467524946001151e-116 -3.690204931917574e-117 -7.866374515926799e-118 -1.334839051828357e-118 -8.486023923654612e-120 6.802469615402115e-120 4.703080671304584e-120 2.1375595908235864e-120 8.29995340890557e-121 2.9500865122625006e-121 9.874382116394244e-122 3.1544019336524766e-122 9.696650011342338e-123 2.8801084610139563e-123 8.278399275543846e-124 2.302677448889645e-124 6.186979153234852e-125 1.5991732115199877e-125 3.9460341413434095e-126 9.164836047159783e-127 1.9472286167824275e-127 3.5246032107735124e-128 4.1617643110687024e-129 -4.5961277408932e-130 -5.732404859993872e-130 -2.771809479269752e-130 -1.068473667064939e-130 -3.6843589952878745e-131 -1.183823847923514e-131 -3.6085886696793847e-132 -1.055199303829458e-132 -2.9736908756056664e-133 -8.093374205538499e-134 -2.128645063334393e-134 -5.4002165132225077e-135 -1.3159030363718247e-135 -3.0551946595800867e-136 -6.65661768625216e-137 -1.3189944283745091e-137 -2.1943837868147033e-138 -2.1709527220372047e-139 4.457089208222877e-140 5.073413092132506e-140 
-0.10117359976216123 -0.06946613497721565 -0.06215694884363427 -0.05591536326844098 -0.05052851307085605 -0.03967731132592714 2.3600283584174492e-05 1.6013634682893397e-08 -4.17944762730772e-12 2.1710019114784487e-14 3.4315898190869523e-16 7.122356385731783e-18 1.472584288404745e-19 2.8001680938417037e-21 5.007893616651362e-23 8.523516298483859e-25 1.3800818118628846e-26 2.0838064707748935e-28 2.733122056480407e-30 2.2290768818225434e-32 -3.5276477938084447e-34 -2.8721831380901536e-35 -1.2141282043325705e-36 -4.44903651424078e-38 -1.562465412684411e-39 -5.457544508400841e-41 -1.9267261770680695e-42 -6.912776740197469e-44 -2.5129432001170358e-45 -9.12471663622063e-47 -3.1874560282872914e-48 -9.569278457766324e-50 -1.2080658394938075e-51 1.8290971650762815e-52 2.832269939262129e-53 3.0823061342349843e-54 3.0850365402846025e-55 3.0420176667045276e-56 3.034336249519567e-57 3.095348340957384e-58 3.2383258591377665e-59 3.4627589959888566e-60 3.744095210658465e-61 3.997425252345719e-62 3.983048047590381e-63 3.0701518700473196e-64 -3.5544072262741474e-66 -1.0392116154280874e-65 -3.748223113946273e-66 -1.0850236418203293e-66 -2.9359168173989753e-67 -7.786819937668174e-68 -2.0646727181946883e-68 -5.521954954407804e-69 -1.495170227532589e-69 -4.1014523454991284e-70 -1.1382303405701491e-70 -3.1857526724676603e-71 -8.948078306883014e-72 -2.5036359556414024e-72 -6.898789129950337e-73 -1.8366870867439506e-73 -4.5507866416129485e-74 -9.539676430761688e-75 -1.0726002982859059e-75 4.571681208792328e-76 4.7414509471187357e-76 2.866709510933525e-76 1.4723794030919254e-76 6.984151574462049e-77 3.1586309775039607e-77 1.3826956712652947e-77 5.904383464465133e-78 2.4726781429622547e-78 1.0184984537761952e-78 4.1313030931389766e-79 1.651016231373219e-79 6.498847819484268e-80 2.5178502763379048e-80 9.58792918938966e-81 3.580687906731867e-81 1.3075668984927102e-81 4.6470911345131547e-82 1.5961500547268718e-82 5.236583922537971e-83 1.6063927140274906e-83 4.399943697966389e-84 9.395606284936954e-85 5.137017892709019e-86 -1.0458927958274774e-85 -8.882021443794519e-86 -5.266136613752267e-86 -2.7092062340722774e-86 -1.2868479807454284e-86 -5.791774460698824e-87 -2.5045033525574115e-87 -1.0479389923910555e-87 -4.2670841694965304e-88 -1.693157179132972e-88 -6.563621800467697e-89 -2.484668675601868e-89 -9.205626866893758e-90 -3.32765410113435e-90 -1.1723079439673908e-90 -4.0258376002637096e-91 -1.3362298823840785e-91 -4.2577856522013246e-92 -1.2901109194196068e-92 -3.61380466546631e-93 -8.89634412372414e-94 -1.6107078679671192e-94 1.3698616752447852e-96 2.1897217978546326e-95 1.5353082491255322e-95 8.044979854796166e-96 3.711384537750731e-96 1.587757860116309e-96 6.444344534164686e-97 2.5113950310176904e-97 9.461411927466312e-98 3.459749817097305e-98 1.2307187300240022e-98 4.2639077759879394e-99 1.4384009446451033e-99 4.720253229824032e-100 1.5035987774825566e-100 4.623781407702127e-101 1.3655866872719342e-101 3.827236630928866e-102 9.942206344603647e-103 2.273977508742141e-103 3.893371144221009e-104 3.890363761450155e-106 -4.0178998662763015e-105 -2.6567397491650936e-105 -1.2878103447138173e-105 -5.465687040074324e-106 -2.1447487457558681e-106 -7.968223826504852e-107 -2.837356505516384e-107 -9.74992936013224e-108 -3.2456231565303176e-108 -1.0486958721870486e-108 -3.290660399684049e-109 -1.0017632480814811e-109 -2.952573252582228e-110 -8.387395717057125e-111 -2.27929127462198e-111 -5.838543194389664e-112 -1.3715635251179447e-112 -2.7683362496857944e-113 -3.749308257481272e-114 3.480830822766757e-115 5.6335326195339085e-115 3.066224531899605e-115 1.3164154960605048e-115 5.042596370046379e-116 1.798700205747897e-116 6.093774029346437e-117 1.9790173860856568e-117 6.205861254336905e-118 1.8836167414952622e-118 5.53917722417712e-119 1.577305250104624e-119 4.339177741668941e-120 1.147911070617813e-120 2.895793027820847e-121 6.858896197863066e-122 1.476272439301474e-122 2.6630466405192887e-123 2.8314631955454398e-124 -6.001445524855558e-125 -5.709713534919756e-125 -2.719026317243507e-125 -1.0601043763717057e-125 -3.7283434068071216e-126 -1.2263283823110109e-126 -3.837881704798627e-127 -1.1520229128374574e-127 -3.3378193508882183e-128 -9.350218942771691e-129 -2.532827745998145e-129 -6.623707328114443e-130 -1.6656331706523253e-130 -3.9972221658599617e-131 -9.027329038468259e-132 -1.8629546122642138e-132 -3.2805794696141834e-133 -3.766807677835501e-134 4.026333952604946e-135 4.887071915972964e-135 2.295327699963726e-135 8.591377592831517e-136 2.8757966046533312e-136 8.9663050967819e-137 2.6532102325260023e-137 7.524395397241367e-138 2.0570825653831002e-138 5.5001428810486976e-139 1.718997457744459e-139 
1900 1 14 0 0 0
15.262486138313404 15.26185305690697 15.258906601838236 15.258273283072658 15.257764825292483 15.25510103649299 13.865625293674881 13.28119704051085 12.774115257221148 12.270138320675398 12.01627775095533 12.011412611817898 12.008878081778109 12.006914655753192 12.005385558736684 12.004194647957888 12.00326712220233 12.002544726023947 12.00198208943647 12.001543877729434 12.00120257173313 12.000936739083105 12.000729687875618 12.00056841811851 12.000442805125124 12.00034496353245 12.000268751990992 12.000209387419895 12.000163144579137 12.000127122096764 12.000099060248889 12.000077199043233 12.000060167690068 12.000046898526685 12.00003655997631 12.000028504332338 12.00002222709808 12.000017335314588 12.000013522895072 12.000010551413705 12.000008235145286 12.000006429409497 12.000005021498236 12.00000392360494 12.000003067319366 12.000002399340135 12.000001878134489 12.000001471337859 12.000001153728189 12.000000905648609 12.000000711778924 12.00000056017854 12.00000044154169 12.000000348616815 12.000000275753823 12.00000021855073 12.00000017357885 12.000000138167232 12.000000110235097 12.000000088160705 12.000000070679468 12.000000056805119 12.000000045766763 12.00000003696231 12.000000029920946 12.000000024273726 12.00000001973164 12.000000016067782 12.000000013103726 12.000000010699676 12.000000008744173 12.0000000071501 12.000000005847669 12.000000004783107 12.000000003912307 12.0000000031993 12.000000002614938 12.000000002135964 12.00000000174328 12.00000000142132 12.000000001157543 12.000000000941512 12.000000000764791 12.000000000620341 12.000000000502403 12.000000000406292 12.000000000328004 12.000000000264407 12.00000000021278 12.000000000170953 12.000000000137142 12.000000000109846 12.00000000008784 12.00000000007013 12.00000000005592 12.000000000044528 12.000000000035412 12.000000000028127 12.00000000002232 12.000000000017684 12.000000000013992 12.000000000011063 12.000000000008729 12.000000000006882 12.000000000005427 12.000000000004288 12.000000000003372 12.000000000002647 12.000000000002059 12.000000000001597 12.000000000001243 12.000000000000966 12.000000000000748 12.000000000000579 12.000000000000446 12.000000000000341 12.000000000000261 12.000000000000204 12.000000000000162 12.00000000000013 12.000000000000101 12.000000000000073 12.000000000000055 12.000000000000043 12.000000000000036 12.00000000000003 12.00000000000002 12.000000000000014 12.00000000000001 12.000000000000007 12.00000000000001 12.000000000000012 12.000000000000014 12.00000000000001 12.00000000000001 12.000000000000005 12.000000000000005 12.000000000000005 12.000000000000005 12.000000000000009 12.000000000000004 12.000000000000002 12.000000000000002 12.000000000000004 12.000000000000004 12.000000000000009 12.000000000000014 12.000000000000021 12.000000000000027 12.000000000000027 12.00000000000003 12.000000000000032 12.00000000000004 12.000000000000044 12.000000000000062 12.000000000000076 12.000000000000092 12.000000000000103 12.00000000000012 12.000000000000139 12.00000000000016 12.000000000000176 12.000000000000188 12.000000000000199 12.000000000000206 12.000000000000217 12.000000000000231 12.00000000000025 12.000000000000268 12.00000000000028 12.00000000000029 12.000000000000297 12.000000000000304 12.000000000000309 12.000000000000314 12.000000000000318 12.000000000000322 12.000000000000325 12.000000000000327 12.000000000000329 12.000000000000329 12.000000000000327 12.000000000000327 12.000000000000325 12.000000000000327 12.000000000000327 12.00000000000032 12.000000000000316 12.00000000000031 12.000000000000309 12.000000000000307 12.000000000000309 12.000000000000313 12.000000000000313 12.000000000000314 12.000000000000314 12.00000000000031 12.000000000000313 12.000000000000318 12.000000000000318 
34.999999999999865 34.999999999999865 34.99999999999987 34.999999999999865 34.999999999999865 34.99999999999984 34.999999999999986 35.000000000000085 34.99999999999994 34.999999999999865 35.00000000000004 35.00000000000002 35.000000000000036 35.0 35.00000000000004 35.00000000000004 35.0 34.999999999999986 34.99999999999981 34.99999999999985 34.99999999999999 34.99999999999983 35.00000000000002 34.999999999999964 34.99999999999996 35.00000000000011 35.00000000000005 35.00000000000004 35.000000000000014 34.999999999999886 35.000000000000064 35.00000000000002 35.00000000000019 35.00000000000001 35.00000000000014 35.00000000000003 35.00000000000002 35.000000000000064 35.00000000000006 35.00000000000009 35.000000000000064 35.00000000000002 34.99999999999994 34.999999999999915 34.99999999999999 34.999999999999964 34.99999999999991 34.999999999999915 34.999999999999936 35.0 34.999999999999986 35.00000000000001 35.000000000000014 35.00000000000004 34.99999999999999 34.99999999999995 34.99999999999993 34.99999999999995 34.999999999999986 34.99999999999997 34.99999999999993 34.99999999999994 34.99999999999995 34.999999999999936 34.99999999999997 34.999999999999986 34.99999999999997 35.0 35.000000000000014 35.0 34.99999999999999 35.0 34.99999999999999 34.99999999999999 35.00000000000003 35.000000000000036 35.00000000000006 35.000000000000064 35.00000000000008 35.000000000000064 35.00000000000006 35.000000000000064 35.00000000000007 35.00000000000008 35.000000000000085 35.000000000000085 35.00000000000007 35.000000000000064 35.00000000000006 35.00000000000006 35.000000000000064 35.00000000000005 35.00000000000005 35.00000000000003 35.00000000000003 35.000000000000036 35.00000000000002 35.00000000000003 35.00000000000003 35.0 35.0 35.00000000000001 34.999999999999986 34.99999999999998 34.99999999999997 34.99999999999999 35.00000000000001 35.00000000000001 35.00000000000001 35.0 35.00000000000001 35.000000000000014 35.00000000000002 35.00000000000003 35.000000000000036 35.00000000000002 35.00000000000003 35.00000000000003 35.00000000000004 35.000000000000064 35.000000000000064 35.00000000000005 35.00000000000004 35.00000000000005 35.00000000000005 35.00000000000006 35.00000000000005 35.00000000000005 35.00000000000004 35.00000000000004 35.00000000000005 35.00000000000006 35.00000000000006 35.000000000000036 35.000000000000036 35.00000000000003 35.000000000000036 35.00000000000003 35.000000000000036 35.00000000000003 35.000000000000014 35.000000000000014 35.000000000000014 35.000000000000014 35.000000000000014 35.00000000000003 35.00000000000004 35.00000000000005 35.000000000000064 35.00000000000007 35.00000000000008 35.00000000000008 35.0000000000001 35.00000000000013 35.00000000000017 35.00000000000021 35.00000000000025 35.00000000000029 35.00000000000034 35.0000000000004 35.00000000000045 35.000000000000504 35.00000000000054 35.00000000000057 35.00000000000058 35.00000000000062 35.000000000000654 35.000000000000696 35.000000000000746 35.000000000000774 35.00000000000081 35.00000000000083 35.00000000000085 35.00000000000086 35.000000000000874 35.000000000000874 35.00000000000088 35.00000000000089 35.00000000000089 35.0000000000009 35.000000000000895 35.00000000000089 35.000000000000895 35.0000000000009 35.0000000000009 35.0000000000009 35.000000000000895 35.00000000000088 35.000000000000874 35.000000000000874 35.000000000000874 35.00000000000087 35.000000000000874 35.00000000000087 35.00000000000087 35.00000000000087 35.00000000000085 35.000000000000846 35.00000000000085 35.00000000000085 
0.09832433899547773 -0.006217670485557821 -0.014914175118812243 -0.020748785680835897 -0.024906798380538824 -0.03149905535614236 -3.772388520832433e-05 1.1349027923617324e-08 9.36195622613141e-12 2.5976676554950355e-14 2.8234423110363445e-16 4.744259325150979e-18 8.122614092781818e-20 1.2644823807923839e-21 1.735988169160316e-23 1.8622947960115288e-25 5.276002417974111e-28 -5.434085449928042e-29 -2.4777440116462526e-30 -8.163342236430288e-32 -2.430837601320544e-33 -6.983373775642798e-35 -1.9898999859603338e-36 -5.695200333574352e-38 -1.642558386042388e-39 -4.745661394427787e-41 -1.3453423220684144e-42 -3.533623966705187e-44 -6.963109760020069e-46 5.581246591938716e-48 2.0762422432938075e-48 2.0007496496533245e-49 1.6076236792242015e-50 1.2349705667323629e-51 9.484723744082146e-53 7.41870575859992e-54 5.951942090587016e-55 4.897673094115741e-56 4.104446462318837e-57 3.4416461713273385e-58 2.770723658927417e-59 1.899469578444024e-60 4.998372683380422e-62 -2.056225619825169e-62 -7.044864543357362e-63 -1.7155156436175576e-63 -3.821446995705315e-64 -8.31694219233875e-65 -1.8145705852263123e-65 -4.014524016025458e-66 -9.049867588981009e-67 -2.0808909003292923e-67 -4.872351026113042e-68 -1.1569762969310214e-68 -2.766585591177356e-69 -6.585225464562385e-70 -1.5291925809956688e-70 -3.327149100642351e-71 -6.096603190138422e-72 -5.28837392994961e-73 3.068169612345599e-73 2.670394296494957e-73 1.4804733713301998e-73 7.129919199649085e-74 3.2139119485791173e-74 1.395768737331513e-74 5.920265099176531e-75 2.4697277339661474e-75 1.0170289710211192e-75 4.142016956792572e-76 1.669239131230088e-76 6.6559346584741454e-77 2.623079533238489e-77 1.0213041158403535e-77 3.9225182698819134e-78 1.4820571577978294e-78 5.487301928821257e-79 1.980223120880003e-79 6.904474224852916e-80 2.2929043347895836e-80 7.056423182748715e-81 1.887983840865522e-81 3.5030239420511785e-82 -3.188351413144044e-83 -8.43888200746143e-83 -6.299567798155989e-83 -3.686693988572583e-83 -1.930037430557336e-83 -9.447544869562698e-84 -4.413921521816204e-84 -1.9903789544270673e-84 -8.717495321212641e-85 -3.721930041929217e-85 -1.552864623662954e-85 -6.3422260632509984e-86 -2.535887752841546e-86 -9.929925650941161e-87 -3.8048010761312748e-87 -1.4249725185113833e-87 -5.203057639328025e-88 -1.844851642467236e-88 -6.317636383347555e-89 -2.0691296253992386e-89 -6.3748157947224e-90 -1.7809232272411275e-90 -4.1322532841514437e-91 -5.0792865925511024e-92 2.1823230409471838e-92 2.3799605133709264e-92 1.4685147295822279e-92 7.5711774441562275e-93 3.5525818346997202e-93 1.5654041132883354e-93 6.603813530534077e-94 2.6880759200325094e-94 1.0613777296844811e-94 4.077586894936034e-95 1.5272534202859784e-95 5.580544287303923e-96 1.9890118926544394e-96 6.907765122556382e-97 2.3326147642589856e-97 7.631935809608281e-98 2.4043116070845297e-98 7.219708453316587e-99 2.027739556412698e-99 5.117621340691449e-100 1.0385158951549757e-100 8.76968902510575e-102 -6.6914601931229284e-102 -5.68048781846604e-102 -3.0895297805427883e-102 -1.430538238128539e-102 -6.063236525144595e-103 -2.422658084651347e-103 -9.260194482807138e-104 -3.413549440329922e-104 -1.219220699196634e-104 -4.230418655063281e-105 -1.4276333702840312e-105 -4.685657321439816e-106 -1.4938727186584907e-106 -4.614095219862292e-107 -1.3740599709514194e-107 -3.913004834679281e-108 -1.050235589527677e-108 -2.579099225568408e-109 -5.39132037893471e-110 -7.222380511662754e-111 1.0670531523578476e-111 1.4374556336229982e-111 8.027644130272752e-112 3.600594141252979e-112 1.4492257392764783e-112 5.447100560687328e-113 1.9478127251063114e-113 6.692344923968422e-114 2.2215987701992017e-114 7.147574275635729e-115 2.2288758488698528e-115 6.746608494297564e-116 1.9775147386641492e-116 5.591573314080298e-117 1.5150288739496451e-117 3.886512141182019e-118 9.222245693660265e-119 1.9198213257472038e-119 2.951961658016938e-120 -3.538483866487137e-123 -2.724623988218837e-121 -1.6150089975988625e-121 -7.090990553662386e-122 -2.733377972933489e-122 -9.74518393649145e-123 -3.287973984264801e-123 -1.06227000242925e-123 -3.3075614022866147e-124 -9.959098384513107e-125 -2.903650818798805e-125 -8.194139855418911e-126 -2.2331914995897926e-126 -5.850462414632019e-127 -1.4607879513508861e-127 -3.4213367410040805e-128 -7.27263850456178e-129 -1.2885918664244966e-129 -1.3007370852553308e-130 3.181281278095909e-131 2.8300344996172367e-131 1.322110921616432e-131 5.087418319113192e-132 1.769638261653341e-132 5.761958585777846e-133 1.785557858952648e-133 5.312532919431151e-134 1.5246601664944884e-134 4.229544920151809e-135 1.1348470642701366e-135 2.9718966424452145e-136 9.012755596889576e-137 
-0.10118600560416166 -0.06947842114477211 -0.062168950471503615 -0.055927114870808536 -0.050535719193291334 -0.039620725495334935 2.3428756624211313e-05 1.596915680713047e-08 -3.796936201579994e-12 4.8407196065967385e-15 6.441465691603102e-18 -1.1614594804428881e-18 -4.4424212942191217e-20 -1.201702853456401e-21 -2.8138650499106734e-23 -6.097487292992273e-25 -1.2618623155334745e-26 -2.5341031163749305e-28 -4.965589978554399e-30 -9.436365937754482e-32 -1.6927844009929164e-33 -2.6273807867453646e-35 -2.2408437951808397e-37 7.73355440852869e-39 6.590010337670513e-40 3.4430784086271495e-41 1.6053971729650566e-42 7.272343399297834e-44 3.305494022786607e-45 1.5285710622993568e-46 7.221889318498387e-48 3.473379614025023e-49 1.676816219955118e-50 7.843198812019295e-52 3.2113007680896792e-53 6.588524794225669e-55 -8.850174438497609e-56 -1.9668569484058698e-56 -2.8930172672290417e-57 -3.867953265448565e-58 -5.070184203692304e-59 -6.705350449008508e-60 -9.057537701485849e-61 -1.2551816812358209e-61 -1.7832015810856827e-62 -2.58290017516022e-63 -3.7690894286668374e-64 -5.409288768737173e-65 -7.228419603676946e-66 -7.549532208217179e-67 2.636972556416299e-69 3.9438834346553235e-68 1.8748733905046976e-68 6.983629631366345e-69 2.4003207477911217e-69 8.001014995932726e-70 2.6402885573894748e-70 8.708123260629576e-71 2.8830050411828452e-71 9.595526160536156e-72 3.209936220762756e-72 1.0777081861374378e-72 3.622495147684292e-73 1.2147376058897925e-73 4.0441773451505796e-74 1.3277039289474375e-74 4.254935594278892e-75 1.309024667247505e-75 3.745412919212138e-76 9.23788184421278e-77 1.4552720466290885e-77 -2.977369546086837e-78 -4.656736705088322e-78 -3.227262771448572e-78 -1.8269599977903578e-78 -9.400734335330502e-79 -4.5686081725066714e-79 -2.1352919817357807e-79 -9.688762140311478e-80 -4.29185283883507e-80 -1.86208861278605e-80 -7.928252021280793e-81 -3.315924460831023e-81 -1.3627769550697788e-81 -5.501790548569904e-82 -2.180861618029719e-82 -8.471993555483089e-83 -3.2201005075952306e-83 -1.1930377852077902e-83 -4.287658258865781e-84 -1.4832004305089197e-84 -4.8713888302185645e-85 -1.479409582334095e-85 -3.910544122917534e-86 -7.303721098351604e-87 4.5239163783087675e-88 1.5082901358463864e-87 1.1110918690266358e-87 6.328381526582361e-88 3.2060321627943324e-88 1.513456002864712e-88 6.802032545008214e-89 2.94333669395915e-89 1.2349840842111957e-89 5.038812100824474e-90 2.0105305458103954e-90 7.814027858423215e-91 2.974255608163011e-91 1.106157098343339e-91 4.0069128383465865e-92 1.4158926777176931e-92 4.859385853991921e-93 1.6073367040968514e-93 5.096975097872059e-94 1.5231074390993885e-94 4.1556144985879616e-95 9.561663479008301e-96 1.3316027608190418e-96 -3.179481267395731e-97 -4.05917911921476e-97 -2.4921110586934043e-97 -1.2492064232293246e-97 -5.654053497797415e-98 -2.3979395857602982e-98 -9.70150447672627e-99 -3.780558843691855e-99 -1.4269738674407416e-99 -5.23401956264677e-100 -1.8688553614079366e-100 -6.499901188801725e-101 -2.2009615557523372e-101 -7.245496457923781e-102 -2.3124059828421386e-102 -7.119775651676611e-103 -2.0970535168333087e-103 -5.820046190279913e-104 -1.476613879291597e-104 -3.1775683119138964e-105 -4.294392162520078e-106 7.585725781999934e-107 9.879289403819262e-107 5.673670248429659e-107 2.6332544388750536e-107 1.0991120133340694e-107 4.289013669504304e-108 1.5938730725370643e-108 5.695412759749859e-109 1.9681291926632864e-109 6.595682770662046e-110 2.146392736201236e-110 6.780940608138813e-111 2.0792155806687015e-111 6.167267712022807e-112 1.7600620781389688e-112 4.788445107527203e-113 1.2209551736075109e-113 2.816024916323137e-114 5.348711570723858e-115 5.287560072752381e-116 -1.989950607161118e-116 -1.738852567951569e-116 -8.732378928894956e-117 -3.661815683169201e-117 -1.3949056691200794e-117 -4.987713427714055e-118 -1.700836033436481e-118 -5.579442882478116e-119 -1.7671358563281362e-119 -5.425160844126224e-120 -1.614522686677045e-120 -4.65326633583381e-121 -1.2938776830903445e-121 -3.457979820356604e-122 -8.791581754341486e-123 -2.0878398427074496e-123 -4.455831479012934e-124 -7.683796114633642e-125 -5.885256987445683e-126 3.2225842169192955e-126 2.3598660891144717e-126 1.0803939706802141e-126 4.186368721378834e-127 1.4799089128462768e-127 4.91834230124891e-128 1.559451964473069e-128 4.7545577395795054e-129 1.3997489854397796e-129 3.9863828674615814e-130 1.0981634916331046e-130 2.920587926290862e-131 7.46439217869485e-132 1.8189236890897535e-132 4.160957857140848e-133 8.657464254723969e-134 1.51168757396307e-134 1.571557170633288e-135 -3.0569518070135087e-136 -2.8764913844110877e-136 -1.3717933864525577e-136 -6.64806241193711e-137 
1900 1 15 0 0 0
15.295169683029945 15.294536536849149 15.291590000434866 15.290956606634886 15.290447825600737 15.28774486565812 13.874925854304601 13.283619559739865 12.775970993823663 12.271687363555868 12.01752765217247 12.01229153326517 12.009561311162797 12.007446797690498 12.00580004056407 12.004517490307562 12.0035185905351 12.00274060369831 12.002134669075899 12.001662733307716 12.001295159882249 12.001008867398864 12.00078587964041 12.00061219635242 12.000476913809727 12.000371539904245 12.000289460726757 12.000225525143788 12.000175721255252 12.000136924420357 12.000106701017485 12.000083155608936 12.00006481190748 12.000050520078283 12.00003938453932 12.00003070772813 12.000023946312858 12.0000186770833 12.000014570386975 12.000011369440129 12.000008874215773 12.000006928891452 12.000005412077764 12.000004229204176 12.00000330658967 12.00000258682537 12.000002025177281 12.00000158678543 12.000001244482263 12.000000977094016 12.000000768117491 12.00000060468918 12.00000047678316 12.000000376586692 12.000000298010924 12.000000236312935 12.000000187797038 12.000000149585272 12.000000119435391 12.000000095599743 12.000000076715837 12.000000061720932 12.000000049784756 12.000000040258406 12.000000032634773 12.000000026516059 12.000000021590713 12.000000017614175 12.00000001439397 12.000000011778768 12.000000009649213 12.000000007910263 12.000000006487216 12.00000000532175 12.000000004366399 12.000000003582187 12.000000002937933 12.00000000240829 12.000000001972708 12.000000001614483 12.00000000131995 12.000000001077929 12.00000000087913 12.000000000715952 12.00000000058229 12.000000000472813 12.000000000383329 12.000000000310267 12.000000000250733 12.00000000020226 12.000000000162904 12.000000000130978 12.00000000010517 12.000000000084288 12.00000000006745 12.000000000053905 12.00000000004302 12.000000000034282 12.000000000027281 12.000000000021693 12.000000000017216 12.000000000013642 12.000000000010797 12.000000000008534 12.000000000006745 12.000000000005324 12.000000000004206 12.00000000000331 12.00000000000259 12.000000000002025 12.000000000001576 12.000000000001227 12.000000000000952 12.00000000000074 12.000000000000574 12.000000000000446 12.000000000000343 12.000000000000265 12.00000000000021 12.000000000000169 12.000000000000137 12.00000000000011 12.000000000000085 12.00000000000006 12.000000000000048 12.000000000000032 12.00000000000002 12.000000000000014 12.000000000000012 12.000000000000016 12.000000000000012 12.000000000000012 12.000000000000009 12.000000000000007 12.000000000000007 12.0 12.0 12.0 12.0 12.0 12.000000000000002 12.000000000000007 12.000000000000009 12.00000000000001 12.000000000000018 12.000000000000023 12.000000000000021 12.00000000000002 12.000000000000025 12.000000000000025 12.00000000000003 12.000000000000039 12.000000000000044 12.000000000000052 12.00000000000006 12.000000000000071 12.000000000000089 12.000000000000108 12.000000000000124 12.00000000000014 12.00000000000016 12.000000000000181 12.000000000000199 12.000000000000211 12.000000000000224 12.000000000000234 12.00000000000025 12.000000000000266 12.000000000000282 12.000000000000297 12.000000000000309 12.000000000000316 12.00000000000033 12.000000000000338 12.00000000000034 12.000000000000348 12.000000000000352 12.000000000000353 12.000000000000357 12.000000000000357 12.000000000000353 12.000000000000352 12.000000000000345 12.000000000000338 12.000000000000336 12.000000000000332 12.000000000000332 12.000000000000325 12.000000000000323 12.000000000000323 12.000000000000329 12.00000000000033 12.000000000000334 12.000000000000334 12.00000000000034 12.00000000000034 12.000000000000343 12.000000000000343 12.000000000000345 12.00000000000034 
34.999999999999936 34.999999999999936 34.99999999999993 34.99999999999993 34.999999999999936 34.999999999999936 35.000000000000014 35.00000000000006 34.99999999999989 34.99999999999987 35.0 34.999999999999986 35.00000000000005 34.999999999999986 35.0 34.99999999999994 35.000000000000014 34.99999999999993 34.99999999999974 34.99999999999977 34.99999999999994 34.999999999999844 35.00000000000003 34.99999999999999 35.00000000000001 35.00000000000013 35.000000000000014 35.000000000000036 35.00000000000004 34.9999999999999 35.000000000000036 35.00000000000001 35.00000000000017 35.00000000000005 35.00000000000019 35.00000000000009 35.00000000000002 35.000000000000064 35.00000000000004 35.00000000000012 35.000000000000064 35.00000000000004 34.99999999999993 34.99999999999992 34.99999999999997 34.99999999999994 34.99999999999994 34.99999999999994 34.99999999999994 35.0 35.000000000000036 35.000000000000036 35.000000000000014 35.00000000000002 35.00000000000001 34.999999999999936 34.99999999999991 34.999999999999886 34.999999999999915 34.99999999999995 34.99999999999996 34.99999999999995 34.99999999999994 34.99999999999996 34.99999999999995 34.99999999999999 34.99999999999999 35.00000000000002 35.000000000000036 35.000000000000014 35.00000000000004 35.00000000000006 35.00000000000005 35.00000000000003 35.00000000000003 35.000000000000036 35.000000000000036 35.00000000000003 35.00000000000004 35.00000000000006 35.00000000000005 35.00000000000006 35.000000000000064 35.00000000000006 35.00000000000007 35.00000000000008 35.00000000000008 35.00000000000008 35.00000000000007 35.000000000000064 35.00000000000006 35.00000000000006 35.00000000000006 35.00000000000005 35.000000000000036 35.000000000000036 35.000000000000036 35.00000000000002 35.0 34.99999999999999 34.99999999999999 34.99999999999999 34.999999999999964 34.99999999999997 34.99999999999997 34.99999999999997 34.99999999999999 34.99999999999999 35.00000000000001 35.0 35.00000000000001 35.00000000000001 35.00000000000001 35.00000000000002 35.00000000000002 35.000000000000036 35.000000000000036 35.000000000000036 35.000000000000036 35.00000000000005 35.000000000000064 35.000000000000064 35.00000000000007 35.00000000000006 35.00000000000006 35.00000000000006 35.000000000000036 35.00000000000003 35.00000000000005 35.000000000000064 35.000000000000064 35.00000000000007 35.000000000000064 35.00000000000004 35.00000000000003 35.000000000000014 35.00000000000001 35.0 35.0 35.00000000000001 35.000000000000014 35.00000000000002 35.000000000000036 35.00000000000004 35.00000000000006 35.00000000000007 35.00000000000006 35.00000000000005 35.00000000000006 35.00000000000006 35.000000000000085 35.00000000000012 35.000000000000135 35.00000000000017 35.00000000000017 35.00000000000021 35.000000000000256 35.00000000000033 35.00000000000036 35.00000000000041 35.00000000000046 35.000000000000526 35.00000000000057 35.000000000000604 35.00000000000065 35.00000000000068 35.000000000000725 35.00000000000078 35.00000000000081 35.00000000000085 35.000000000000874 35.0000000000009 35.000000000000924 35.00000000000094 35.000000000000945 35.00000000000096 35.00000000000095 35.00000000000096 35.000000000000966 35.000000000000966 35.00000000000098 35.00000000000098 35.00000000000096 35.000000000000945 35.00000000000094 35.00000000000094 35.00000000000093 35.00000000000091 35.000000000000895 35.000000000000895 35.00000000000091 35.000000000000924 35.00000000000093 35.00000000000093 35.000000000000945 35.000000000000945 35.000000000000945 35.00000000000094 35.00000000000094 35.00000000000092 
0.098325429689633 -0.006215215884489917 -0.01491035740825264 -0.02074319357076251 -0.024901686978380685 -0.03151764405029591 -3.731094761058849e-05 1.1134045333627137e-08 6.7160294673604774e-12 -9.939877610814353e-15 -1.0963646988145373e-16 -2.3389342005134043e-18 -5.1086575520874725e-20 -1.0314981540246421e-21 -1.9551057212854096e-23 -3.49839597934607e-25 -5.853285306250905e-27 -8.775705858455412e-29 -9.998445009531982e-31 4.059672448758691e-34 5.951908407268593e-34 2.988911694272513e-35 1.1797489283639009e-36 4.3306552916173134e-38 1.5598274525983986e-39 5.640918968431528e-41 2.068602263899321e-42 7.703660318681775e-44 2.8923800746877356e-45 1.071294320111355e-46 3.694125732805777e-48 9.618046250880863e-50 -9.616047801628644e-52 -4.927643127682962e-52 -6.301512045939982e-53 -6.713724586677616e-54 -6.839469909322623e-55 -6.96772240414894e-56 -7.232462913500097e-57 -7.707800194453022e-58 -8.443899692486072e-59 -9.468239140413921e-60 -1.0745566112022314e-60 -1.2050651737942955e-61 -1.2622580702762493e-62 -1.0251334198303261e-63 1.133370505102735e-65 3.788143222154903e-65 1.4394121957062312e-65 4.383295399010538e-66 1.247486161794345e-66 3.4807407684693016e-67 9.713435643680709e-68 2.736022416277245e-68 7.809658461808694e-69 2.2612802894152527e-69 6.635595205410613e-70 1.9685013970237926e-70 5.880270462644862e-71 1.7585191540396513e-71 5.220273641142434e-72 1.5180690100498886e-72 4.226047499749022e-73 1.0733987029282422e-73 2.1653900539759123e-74 1.0937797694653411e-75 -2.3290281485421196e-75 -1.9671128724302973e-75 -1.1816585538692728e-75 -6.251307185044574e-76 -3.093489972026758e-76 -1.4681491336883685e-76 -6.764840578950759e-77 -3.0495004564574373e-77 -1.350608421208979e-77 -5.889806021365356e-78 -2.5319759070027387e-78 -1.0734123291404757e-78 -4.486889224209171e-79 -1.8480588821972198e-79 -7.490942595926331e-80 -2.9831592439780558e-80 -1.1638821863034864e-80 -4.431908479894142e-81 -1.6380142567673442e-81 -5.819938770446366e-82 -1.9569414124907243e-82 -6.032085436013287e-83 -1.5757336233031279e-83 -2.5153663971505194e-84 6.600916329236885e-85 9.786779327678374e-85 6.906866833797178e-85 3.984110242794783e-85 2.0793698655314215e-85 1.0196667255545496e-85 4.782239026252656e-86 2.1664161390448343e-86 9.53362520270106e-87 4.092977684789816e-87 1.7164527353107243e-87 7.041544075532058e-88 2.828335906810936e-88 1.1114829416865209e-88 4.274606796371597e-89 1.6038257241197343e-89 5.875609543267692e-90 2.08277042486362e-90 7.117668980902473e-91 2.3209348369984498e-91 7.045080684969129e-92 1.9112466420328804e-92 4.059049705753202e-93 2.4367176128864515e-94 -4.1510587276833343e-94 -3.5070263847836474e-94 -2.043220737849315e-94 -1.0291600936190242e-94 -4.775866941883444e-95 -2.0970379441123483e-95 -8.83247902623033e-96 -3.596647333493595e-96 -1.4209947057182406e-96 -5.472255637926377e-97 -2.054952211271905e-97 -7.527959610508752e-98 -2.6892983278361656e-98 -9.356838793373358e-99 -3.1626702992600433e-99 -1.0340730077584885e-99 -3.247461796411062e-100 -9.661844300130536e-101 -2.6652525566708196e-101 -6.4483623082450626e-102 -1.1471423396752049e-102 1.0545520797195782e-104 1.5149101332401456e-103 1.0427284358789323e-103 5.3653656676074474e-104 2.4305072021321732e-104 1.0207303971349551e-104 4.066084146733729e-105 1.5547775457873663e-105 5.745198820269843e-106 2.0597875924895578e-106 7.177369519888584e-107 2.4340796075896124e-107 8.027471245392853e-108 2.570475613020494e-108 7.967002013479709e-109 2.37337499058417e-109 6.744083509282561e-110 1.793804391813858e-110 4.298874863197019e-111 8.370088441754485e-112 7.546655142159887e-113 -4.1917281980040406e-113 -3.529127349011706e-113 -1.8282613982862487e-113 -7.99413060630557e-114 -3.1913749994808442e-114 -1.1988373209742203e-114 -4.301517241587736e-115 -1.4864071324592962e-115 -4.9701363664871814e-116 -1.6107281535199778e-116 -5.0688126386466216e-117 -1.5472252131076835e-117 -4.571565904551629e-118 -1.3004134119362642e-118 -3.5397336554916124e-119 -9.085451714127394e-120 -2.1377761934606567e-120 -4.307757482551969e-121 -5.759440548223374e-122 6.070342589740352e-123 9.141332149406081e-123 4.952926887746147e-123 2.1280672573459198e-123 8.171846730820772e-124 2.9244643201088644e-124 9.943468231601432e-125 3.244811323425397e-125 1.0219042907715657e-125 3.1148345823823636e-126 9.197429022730487e-127 2.628966314792517e-127 7.254110407010745e-128 1.9228500206089219e-128 4.8488251298761385e-129 1.1427754464254193e-129 2.4237217019574467e-130 4.171789011768833e-131 3.32214602112268e-132 -1.6273377712978042e-132 -1.207696836868599e-132 -5.510509829435354e-133 -2.1271756415033113e-133 -7.671288766276765e-134 -3.22280757469745e-134 
-0.10119848279694676 -0.06949077819931387 -0.062181024113719695 -0.05593894073856249 -0.050543055005307654 -0.03956489983583737 2.324201873217871e-05 1.5609349486598074e-08 -6.0617778471051765e-12 -1.4500657858158716e-14 -9.382258179553591e-17 -1.1686015466501243e-18 -1.0661308646123053e-20 5.422631428918556e-23 6.261536944299393e-24 2.222699632561794e-25 6.279467491365087e-27 1.6165517333017927e-28 3.983913858855275e-30 9.62023335344686e-32 2.3008646651852882e-33 5.458336249474209e-35 1.2716807637697247e-36 2.8174256589328995e-38 5.367657540454439e-40 4.906676113126186e-42 -3.2793898569697398e-43 -3.2619037191227807e-44 -2.1676193451037485e-45 -1.3090698621028351e-46 -7.748635673979668e-48 -4.6287341003629435e-49 -2.825554331061579e-50 -1.7690823002079483e-51 -1.1322286764760923e-52 -7.316623084473022e-54 -4.63484966262456e-55 -2.6613095473786333e-56 -9.925553303576435e-58 6.923567447018577e-59 2.731145486855586e-59 5.587173377884128e-60 1.0014506584042602e-60 1.7355817539655817e-61 3.012125189748516e-62 5.315020169396607e-63 9.597776612154117e-64 1.776681023841269e-64 3.3655664334324127e-65 6.490721728040619e-66 1.2622837804296732e-66 2.4329836818187464e-67 4.490567537822872e-68 7.284408602986401e-69 7.160434150696663e-70 -1.6632368909164242e-70 -1.585334381068814e-70 -8.138778925124588e-71 -3.5746837010405715e-71 -1.4729086465014251e-71 -5.88696540731306e-72 -2.316916736612023e-72 -9.045250256426509e-73 -3.51528941727237e-73 -1.3620088909298786e-73 -5.261833007799213e-74 -2.0254894521902254e-74 -7.758130782024241e-75 -2.9506542761895763e-75 -1.1112629659524278e-75 -4.1290662694705446e-76 -1.5057490590380492e-76 -5.347809468944184e-77 -1.8299011596916893e-77 -5.911098239925449e-78 -1.7260099578397657e-78 -4.0327658672263764e-79 -3.3388152124241306e-80 4.301083969686122e-80 4.173426098180835e-80 2.7223491504297482e-80 1.5343516952608237e-80 7.9895714313007275e-81 3.951889361735982e-81 1.8833935958802144e-81 8.713237413444177e-82 3.932746583127054e-82 1.7365314989427467e-82 7.516164670267536e-83 3.1904557895348846e-83 1.3293352690788555e-83 5.432186022968538e-84 2.1770665796686406e-84 8.538209108519995e-85 3.270380172919687e-85 1.2192777370718448e-85 4.399560772251594e-86 1.5231298721925729e-86 4.979585020664106e-87 1.4918227637498993e-87 3.7880020446611327e-88 5.9591108805437054e-89 -1.3809013687474577e-89 -2.0510424886303365e-89 -1.4006031294124141e-89 -7.772205449461677e-90 -3.901400368980514e-90 -1.8333903747672926e-90 -8.231069130946017e-91 -3.569229088722798e-91 -1.4986405855383168e-91 -6.1355868322410784e-92 -2.4519363112892425e-92 -9.555029658337746e-93 -3.6436063330759622e-93 -1.3571193922897939e-93 -4.930825471518164e-94 -1.7432650393236687e-94 -5.9757407246517945e-95 -1.9736147299367083e-95 -6.214522797283939e-96 -1.8301487913142849e-96 -4.831101998641437e-97 -1.0204082566746094e-97 -8.318386899809822e-99 7.854171215501357e-99 6.834439003825821e-99 3.892780159206143e-99 1.8962913180776087e-99 8.473075570569801e-100 3.574399869088137e-100 1.442521040846558e-100 5.6260144611476474e-101 2.1283710232184738e-101 7.830959187477274e-102 2.8060282472060773e-102 9.794944634168737e-103 3.328313851145509e-103 1.0988341270181218e-103 3.512523431453306e-104 1.080760651784302e-104 3.1685646369788166e-105 8.687339043563565e-106 2.1405796908028812e-106 4.246759499046801e-107 3.559852487222232e-108 -2.5564162449995114e-108 -2.1293580367238535e-108 -1.1305911686423782e-108 -5.105280163178395e-109 -2.1065909809406246e-109 -8.196208871607548e-110 -3.049467518229247e-110 -1.0936592957239981e-110 -3.798257598782051e-111 -1.2805701947248283e-111 -4.19518821467794e-112 -1.3350014893780047e-112 -4.118926724453543e-113 -1.2269015295565706e-113 -3.5125761434529946e-114 -9.553239055257093e-115 -2.4173695166074625e-115 -5.438683445176923e-116 -9.514531552554742e-117 -4.371021059441107e-118 6.897496827076977e-118 4.752370395049372e-118 2.271373750591988e-118 9.375576682934667e-119 3.5616628942738966e-119 1.2776811421015995e-119 4.385255436431317e-120 1.4504486851370377e-120 4.641566374132294e-121 1.4397548790009746e-121 4.3298359418768714e-122 1.2607334305119196e-122 3.5426136260402166e-123 9.548437227175431e-124 2.441666467564587e-124 5.800509600874206e-125 1.222032187895499e-125 1.9861140842757105e-126 7.297800019985323e-128 -1.3470301822574555e-127 -8.554291112132679e-128 -3.8139694631933615e-128 -1.4733347552696425e-128 -5.237060715680979e-129 -1.7573933330927542e-129 -5.639447869023961e-130 -1.7426342090473162e-130 -5.204287295028946e-131 -1.5042885712127369e-131 -4.2068520641792e-132 -1.1356659653275616e-132 -2.945961658932934e-133 -7.334719642900142e-134 -2.0341946337516382e-134 
1900 1 16 0 0 0
15.327851814726179 15.32721860566499 15.32427199012294 15.323638523914921 15.323129426128002 15.320387698667076 13.884230983871097 13.28604531193173 12.777826841297 12.273236400604544 12.01877732405615 12.013170576843688 12.010244576578916 12.007978968475731 12.006214546640795 12.004840353128687 12.003770076210474 12.002936496113804 12.002287261285149 12.001781599636605 12.001387757252099 12.001081003644114 12.000842078241044 12.000655980492722 12.000511027608297 12.000398120712397 12.000310173317747 12.000241666223143 12.000188300856038 12.000146729296377 12.00011434401616 12.000089114124991 12.00006945783214 12.000054143125412 12.000042210413241 12.000032912273584 12.000025666536319 12.000020019737244 12.000015618655887 12.000012188148597 12.000009513884946 12.000007428898764 12.000005803118272 12.00000453520769 12.000003546214378 12.000002774621242 12.00000217249218 12.0000017024714 12.000001335445353 12.000001048722863 12.00000082461732 12.000000649342123 12.000000512150745 12.000000404668523 12.00000032036854 12.000000254165306 12.00000020209682 12.000000161077699 12.00000012870326 12.000000103100481 12.000000082808468 12.000000066688182 12.000000053849524 12.000000043597451 12.000000035387597 12.000000028793954 12.000000023482269 12.000000019190198 12.000000015711318 12.000000012882886 12.000000010576978 12.00000000869151 12.000000007146184 12.000000005878379 12.000000004836973 12.000000003980361 12.0000000032749 12.000000002693467 12.00000000221399 12.000000001818442 12.000000001492237 12.000000001223185 12.00000000100148 12.00000000081886 12.00000000066861 12.00000000054511 12.000000000443737 12.000000000360627 12.000000000292612 12.00000000023703 12.00000000019167 12.00000000015472 12.000000000124723 12.000000000100345 12.000000000080608 12.000000000064656 12.000000000051779 12.000000000041405 12.000000000033078 12.000000000026379 12.00000000002101 12.000000000016707 12.000000000013264 12.000000000010518 12.000000000008335 12.000000000006606 12.000000000005231 12.000000000004126 12.00000000000323 12.000000000002533 12.000000000001986 12.000000000001553 12.000000000001215 12.000000000000947 12.000000000000737 12.000000000000576 12.000000000000451 12.000000000000352 12.000000000000279 12.000000000000218 12.000000000000172 12.000000000000133 12.000000000000107 12.000000000000082 12.000000000000062 12.000000000000046 12.000000000000036 12.000000000000027 12.00000000000002 12.00000000000002 12.000000000000014 12.000000000000016 12.00000000000002 12.000000000000016 12.000000000000012 12.000000000000009 12.000000000000005 12.000000000000002 12.000000000000002 12.000000000000004 12.000000000000007 12.000000000000009 12.00000000000001 12.00000000000001 12.000000000000009 12.000000000000014 12.00000000000002 12.000000000000025 12.000000000000032 12.000000000000032 12.000000000000037 12.000000000000039 12.000000000000046 12.000000000000053 12.000000000000064 12.000000000000075 12.00000000000009 12.000000000000107 12.000000000000128 12.000000000000147 12.000000000000167 12.000000000000185 12.000000000000199 12.000000000000215 12.000000000000233 12.000000000000249 12.00000000000027 12.000000000000288 12.000000000000302 12.000000000000313 12.000000000000323 12.000000000000334 12.000000000000345 12.000000000000352 12.000000000000359 12.000000000000364 12.000000000000368 12.00000000000037 12.000000000000375 12.000000000000375 12.000000000000377 12.000000000000366 12.000000000000353 12.000000000000348 12.000000000000348 12.000000000000345 12.00000000000034 12.000000000000341 12.00000000000034 12.000000000000345 12.00000000000035 12.00000000000036 12.000000000000362 12.00000000000036 12.000000000000357 12.000000000000359 12.000000000000364 12.00000000000037 12.00000000000037 12.000000000000368 
34.99999999999986 34.999999999999844 34.99999999999986 34.999999999999865 34.999999999999865 34.99999999999988 35.00000000000003 35.000000000000085 34.999999999999915 34.99999999999994 35.00000000000001 35.0 35.00000000000004 35.0 35.000000000000036 34.99999999999996 35.000000000000014 34.99999999999996 34.99999999999973 34.99999999999976 34.99999999999992 34.99999999999983 35.00000000000006 34.99999999999997 34.999999999999936 35.00000000000012 35.00000000000001 35.000000000000014 35.000000000000064 34.9999999999999 35.00000000000003 35.00000000000004 35.00000000000019 35.000000000000064 35.000000000000206 35.000000000000064 35.0 35.00000000000006 35.00000000000006 35.00000000000007 35.00000000000005 35.00000000000004 34.99999999999999 34.99999999999994 34.99999999999992 34.99999999999993 34.99999999999996 34.999999999999964 34.99999999999993 34.99999999999997 34.99999999999998 35.000000000000014 35.000000000000014 35.000000000000014 34.99999999999997 34.999999999999964 34.99999999999994 34.99999999999992 34.99999999999992 34.99999999999995 34.99999999999996 34.99999999999995 34.99999999999995 34.99999999999996 34.999999999999964 34.99999999999995 34.99999999999998 35.0 34.99999999999999 35.00000000000001 35.00000000000001 35.00000000000001 35.00000000000002 35.000000000000014 35.00000000000003 35.00000000000003 35.000000000000014 35.000000000000036 35.00000000000005 35.00000000000005 35.00000000000006 35.000000000000036 35.00000000000003 35.00000000000005 35.00000000000005 35.000000000000085 35.00000000000008 35.00000000000007 35.00000000000009 35.00000000000009 35.000000000000085 35.000000000000064 35.00000000000005 35.00000000000004 35.00000000000002 35.00000000000002 35.00000000000001 35.000000000000014 35.0 35.0 35.00000000000001 35.000000000000014 35.0 34.99999999999999 34.999999999999986 35.0 35.0 34.999999999999986 34.999999999999986 34.999999999999986 34.99999999999999 35.0 35.000000000000014 35.000000000000036 35.00000000000005 35.00000000000005 35.00000000000005 35.000000000000064 35.000000000000064 35.000000000000064 35.000000000000064 35.00000000000007 35.000000000000064 35.00000000000008 35.00000000000008 35.00000000000007 35.000000000000064 35.000000000000064 35.00000000000006 35.00000000000006 35.000000000000064 35.000000000000064 35.00000000000007 35.000000000000064 35.00000000000005 35.00000000000004 35.00000000000003 35.00000000000001 35.000000000000014 35.000000000000014 35.00000000000002 35.00000000000003 35.000000000000036 35.00000000000004 35.00000000000004 35.00000000000006 35.00000000000006 35.00000000000007 35.0000000000001 35.00000000000011 35.000000000000114 35.000000000000135 35.00000000000014 35.00000000000018 35.0000000000002 35.000000000000234 35.000000000000284 35.00000000000032 35.00000000000039 35.00000000000044 35.00000000000048 35.00000000000053 35.00000000000057 35.00000000000062 35.00000000000069 35.00000000000073 35.00000000000079 35.00000000000083 35.000000000000874 35.00000000000092 35.00000000000093 35.00000000000096 35.00000000000097 35.000000000001 35.000000000001 35.000000000001016 35.00000000000102 35.00000000000102 35.00000000000104 35.000000000001044 35.000000000001044 35.000000000001016 35.00000000000099 35.000000000000966 35.00000000000095 35.000000000000945 35.00000000000093 35.000000000000945 35.00000000000094 35.00000000000096 35.00000000000098 35.000000000001 35.000000000001016 35.00000000000101 35.000000000001 35.000000000001016 35.00000000000102 35.00000000000103 35.000000000001016 35.000000000001016 
0.09832650098156681 -0.0062127988951523536 -0.014906595651564464 -0.02073767854169441 -0.02489664218057971 -0.031535922524308514 -3.690778755664246e-05 1.1040654853277436e-08 6.8545983999694325e-12 -2.8159238541443375e-15 9.265436093833325e-18 5.352894709957897e-19 1.7415385648560238e-20 4.669823070321235e-22 1.1270314422786628e-23 2.5499537914080034e-25 5.526189156870964e-27 1.1588495232982975e-28 2.3507229675914907e-30 4.5391083603869336e-32 7.907522254069547e-34 1.0075091426686942e-35 -5.438644026979168e-38 -1.2183925015093485e-38 -7.2425704582449406e-40 -3.5560032743146787e-41 -1.654651979809503e-42 -7.641593999122252e-44 -3.573047824573622e-45 -1.7054539676961285e-46 -8.31400588133791e-48 -4.108466860330074e-49 -2.0157848696397877e-50 -9.314869656462807e-52 -3.3916207770107817e-53 1.0730901895671143e-55 2.4450598945930647e-55 4.31295796496334e-56 6.149442083769351e-57 8.310904376954283e-58 1.1186050185805761e-58 1.530422619523321e-59 2.1474659634271867e-60 3.0991221106308678e-61 4.592843740112058e-62 6.948748528743774e-63 1.0605004833232808e-63 1.5946296171066913e-64 2.240862496593143e-65 2.495406660435987e-66 1.4253758480258436e-68 -1.3114631680788184e-67 -6.654370544034579e-68 -2.6101680403393204e-68 -9.418934636072937e-69 -3.293496949418628e-69 -1.1400635739193075e-69 -3.94588356350094e-70 -1.371884983516188e-70 -4.79986972561577e-71 -1.6900972076456664e-71 -5.982686878558834e-72 -2.1247891738922893e-72 -7.549892389062561e-73 -2.67369970412702e-73 -9.388760387326196e-74 -3.245714143445843e-74 -1.0927365087461967e-74 -3.5184714422892447e-75 -1.0457327782237358e-75 -2.623718368810553e-76 -3.7020001766202045e-77 1.4928370214753288e-77 1.899348634966671e-77 1.3295564219776306e-77 7.80245784110621e-78 4.196927879883202e-78 2.140693322417857e-78 1.0523530163854032e-78 5.030083377180153e-79 2.3502303774748193e-79 1.0765866113507157e-79 4.8446841687831664e-80 2.1437142464095988e-80 9.33152843721669e-81 3.995563574353632e-81 1.6818755964326477e-81 6.951802764263997e-82 2.8168402120858524e-82 1.116065634382654e-82 4.306655657033192e-83 1.6087775342174263e-83 5.764972082126276e-84 1.9464114906895386e-84 5.983234276422492e-85 1.529436299780273e-85 2.1263110490548392e-86 -9.365337264082082e-87 -1.1530165388736108e-86 -7.910444736653772e-87 -4.527446285577131e-87 -2.3593451148136217e-87 -1.1575413881355422e-87 -5.441479109602455e-88 -2.4710355193003128e-88 -1.090574749677047e-88 -4.6952974585452365e-89 -1.9783739650749888e-89 -8.139230938711734e-90 -3.2768188500510174e-90 -1.2929132226414344e-90 -4.976920665228061e-91 -1.872509918318808e-91 -6.85664057540037e-92 -2.427240180988911e-92 -8.272144093328488e-93 -2.675563069081324e-93 -8.013419631779256e-94 -2.100433035771706e-94 -4.0012132719753206e-95 1.0101992115545977e-96 6.784998269530296e-96 5.0299390650980344e-96 2.8178081019097697e-96 1.396614652124139e-96 6.432483147530278e-97 2.814891467537609e-97 1.1838446516347592e-97 4.8231361615674224e-98 1.9099885428615435e-98 7.368838260398892e-99 2.7732369320191763e-99 1.0177303209301536e-99 3.643776631390126e-100 1.269910032766548e-100 4.2952054593996143e-101 1.4027947066316626e-101 4.38680847838106e-102 1.2940516796723004e-102 3.4949093521357665e-103 8.029352762283525e-104 1.1735267073299933e-104 -2.0366217764873915e-105 -2.9421251824277205e-105 -1.812231940001338e-105 -8.99656797255614e-106 -4.014422263671502e-106 -1.674507368538666e-106 -6.659581042500512e-107 -2.5495605530006944e-107 -9.44715368446308e-108 -3.3992155503172375e-108 -1.1896558316386757e-108 -4.0514516420073315e-109 -1.3416124101818515e-109 -4.310897583348142e-110 -1.339123812592202e-110 -3.995129756965857e-111 -1.1304498940092307e-111 -2.972725616899601e-112 -6.914184324810231e-113 -1.2241917239950789e-113 -3.2716257794944007e-115 1.1493869472550976e-114 7.899329702108181e-115 3.9010129713200828e-115 1.6789003160534404e-115 6.669165829903195e-116 2.5063911292517945e-116 9.024645468566366e-117 3.1351273324087116e-117 1.0549423763987182e-117 3.445035308301282e-118 1.0922682429025944e-118 3.358865606963141e-119 9.991280966033124e-120 2.8605073159778318e-120 7.812938207444459e-121 2.002873152930985e-121 4.659512666940821e-122 9.015199859414484e-123 9.73759884225296e-124 -2.8556840011308455e-124 -2.71145075957053e-124 -1.3873437040560583e-124 -5.87270478032622e-125 -2.251531058313637e-125 -8.092418033080122e-126 -2.7715914074767555e-126 -9.128292864263862e-127 -2.9047303961740123e-127 -8.951979011432925e-128 -2.6735274500440406e-128 -7.729242785530381e-129 -2.156639303631153e-129 -5.7745078801259114e-130 -1.4682127103025957e-130 -3.472008982977425e-131 -7.26996505478262e-132 -1.283446042671984e-132 
-0.10121074404737315 -0.0695029186358331 -0.06219288196309255 -0.05595055267976337 -0.050550230182743225 -0.039509543051498945 2.3069783917492398e-05 1.5517596207536172e-08 -4.557820525347561e-12 3.1406739854406935e-15 7.10042016015953e-17 1.2475826709611129e-18 2.2403715345262282e-20 3.5748233342867043e-22 4.723154468761287e-24 3.6268783804358726e-26 -6.268685601342073e-28 -4.437967258715452e-29 -1.6677606506578207e-30 -5.347379325915079e-32 -1.615464707749331e-33 -4.779067949432427e-35 -1.4095726728174044e-36 -4.175665374436112e-38 -1.240918940000891e-39 -3.6538621189557e-41 -1.028913968296165e-42 -2.486076011847438e-44 -2.6364226670732702e-46 2.862115124526043e-47 3.5657776982079033e-48 3.07752650434847e-49 2.4353664372359003e-50 1.8974828740120396e-51 1.4965967408325596e-52 1.209339750620673e-53 1.0050009057740024e-54 8.569526700846017e-56 7.427650882064823e-57 6.404962556636577e-58 5.22167115582002e-59 3.4207237046205364e-60 1.352028067275687e-62 -6.4073902800871225e-62 -1.9985423494012906e-62 -4.889783720068395e-63 -1.1185724373433807e-63 -2.5212384856904948e-64 -5.7213967769404735e-65 -1.3200615149176144e-65 -3.1095427664368966e-66 -7.484796765351753e-67 -1.8381860753103295e-67 -4.5893597380974355e-68 -1.1578027793210901e-68 -2.9231596246341854e-69 -7.26894334162878e-70 -1.728151979455712e-70 -3.668392136957715e-71 -5.439617526221638e-72 5.534638183200634e-73 1.0620222698554784e-72 6.952451935728394e-73 3.689729905710855e-73 1.793873371633999e-73 8.327230163868211e-74 3.759213637041981e-74 1.6657046049735303e-74 7.280279965043171e-75 3.1467359142452934e-75 1.3467523044846546e-75 5.708543974205117e-76 2.3952833764408107e-76 9.949394407973916e-77 4.087440473858684e-77 1.6577811635976364e-77 6.620901016229293e-78 2.594940950035044e-78 9.930428790242582e-79 3.6822887458577517e-79 1.3068668547501314e-79 4.338131945507012e-80 1.2813632221923832e-80 2.8898429437470394e-81 8.670250398936414e-83 -4.63909359010036e-82 -4.1277932255421824e-82 -2.6643273721329085e-82 -1.5081387204893278e-82 -7.924388256189767e-83 -3.960872662780499e-83 -1.907310476379396e-83 -8.917860878898895e-84 -4.0639109735574614e-84 -1.8109523458232506e-84 -7.9035157153678e-85 -3.3812907850770725e-85 -1.4181928716301599e-85 -5.834978990961064e-86 -2.349866301199224e-86 -9.260965424478973e-87 -3.5609014391229546e-87 -1.33038390812729e-87 -4.8058838285386936e-88 -1.660294126298505e-88 -5.394638067021236e-89 -1.5915168213769288e-89 -3.8831099548648942e-90 -4.8982551654757663e-91 2.4282753454727836e-91 2.7338378100000183e-91 1.7798544963170214e-91 9.720720076176521e-92 4.840032968255242e-92 2.266342594299762e-92 1.0170124684946583e-92 4.408003808028865e-93 1.8551596090365735e-93 7.605080443114205e-94 3.043240762071903e-94 1.1897373813323494e-94 4.544845163569169e-95 1.6956990886424834e-95 6.157913996158742e-96 2.177563328458068e-96 7.455326252713264e-97 2.45304872310244e-97 7.659260503184437e-98 2.219404632332671e-98 5.6540275805690934e-99 1.0674612526570504e-99 -1.5579194615341005e-102 -1.4910750336028403e-100 -1.0905419555712683e-100 -5.925759614184106e-101 -2.8316674409532385e-101 -1.2543597576056784e-101 -5.272033861948647e-102 -2.1280423964267942e-102 -8.306826617616819e-103 -3.1485661124026317e-103 -1.161483289495256e-103 -4.17432224910081e-104 -1.4615821335018516e-104 -4.980298594253206e-105 -1.6476887036262572e-105 -5.268818698862027e-106 -1.6171950083190395e-106 -4.713569796003681e-107 -1.2741514439761076e-107 -3.0316928431414358e-108 -5.387151277360723e-109 -4.0373483096080205e-111 6.156724201972874e-110 4.230043975025373e-110 2.1383393811832296e-110 9.477844613027707e-111 3.887684786320654e-111 1.5097926469715335e-111 5.626864558194345e-112 2.0253543752969092e-112 7.067434160002578e-113 2.3956280139241332e-113 7.893733990384487e-114 2.524613207138398e-114 7.82917074505959e-115 2.343415073659361e-115 6.722016449794695e-116 1.824323941495803e-116 4.568876921310474e-117 9.964581771918956e-118 1.5562982813275794e-118 -5.222933926002907e-120 -1.9553581157583407e-119 -1.1861827908640707e-119 -5.486425044033177e-120 -2.2440330046345816e-120 -8.518967785019881e-121 -3.067335311221558e-121 -1.0593375482376469e-121 -3.5310977586102933e-122 -1.139853429652404e-122 -3.568437203967362e-123 -1.0832800036756226e-123 -3.183370575987349e-124 -9.021751304726858e-125 -2.448996139811524e-125 -6.289592388860477e-126 -1.4914852308608454e-126 -3.0897682468513023e-127 -4.650750391488907e-128 8.197869360213234e-130 4.792611615783803e-129 2.7855050073432916e-129 1.2197123449691896e-129 4.7063599577526125e-130 1.6828170680669311e-130 5.711772314689436e-131 1.8997341691258775e-131 7.53144392967622e-132 
1900 1 17 0 0 0
15.360532657834442 15.359899387897393 15.356952695574146 15.356319159742903 15.355809751857855 15.353029649803691 13.893539943714512 13.28847429637603 12.779682801222766 12.274785431787539 12.020026774753298 12.014049740117647 12.010927877395131 12.008511167521768 12.006629076447808 12.005163235963327 12.004021578824403 12.003132402913936 12.002439865749656 12.001900476438566 12.001480363597802 12.001153147602775 12.000898283486842 12.000699770371188 12.000545146372458 12.000424705825948 12.000330889648406 12.000257810556063 12.000200883291571 12.000156536645495 12.00012198917495 12.000095074529751 12.000074105409679 12.00005776762019 12.000045037555878 12.00003511793159 12.000027387735797 12.000021363247683 12.000016667676592 12.00001300751697 12.000010154133395 12.000007929414426 12.000006194604799 12.00000484160246 12.00000378618215 12.000002962717755 12.000002320070495 12.000001818388196 12.00000142661067 12.000001120529207 12.000000881273124 12.000000694132343 12.000000547639885 12.0000004328584 12.000000342822505 12.000000272104169 12.000000216475035 12.000000172640947 12.000000138035839 12.000000110659885 12.000000088954952 12.000000071704436 12.000000057959232 12.000000046977277 12.000000038177692 12.000000031105918 12.000000025404853 12.00000002079461 12.000000017054559 12.000000014010924 12.000000011526566 12.000000009492867 12.000000007823756 12.000000006452114 12.000000005323416 12.000000004393097 12.000000003625347 12.000000002991042 12.000000002466605 12.000000002032841 12.000000001674024 12.000000001377181 12.000000001131735 12.000000000928866 12.000000000761357 12.000000000623162 12.00000000050927 12.000000000415538 12.000000000338519 12.000000000275307 12.000000000223515 12.00000000018116 12.00000000014659 12.00000000011841 12.000000000095488 12.000000000076883 12.000000000061803 12.000000000049608 12.00000000003977 12.000000000031823 12.000000000025418 12.000000000020286 12.000000000016163 12.000000000012864 12.000000000010226 12.000000000008116 12.000000000006438 12.000000000005096 12.00000000000402 12.00000000000316 12.000000000002482 12.000000000001949 12.000000000001528 12.000000000001194 12.000000000000933 12.00000000000073 12.000000000000572 12.000000000000451 12.00000000000036 12.000000000000282 12.00000000000022 12.00000000000017 12.000000000000135 12.00000000000011 12.000000000000089 12.000000000000066 12.000000000000053 12.000000000000039 12.000000000000032 12.000000000000028 12.000000000000025 12.000000000000021 12.00000000000002 12.000000000000012 12.000000000000009 12.000000000000007 12.0 12.0 12.0 12.0 12.000000000000002 12.000000000000004 12.000000000000009 12.000000000000012 12.000000000000012 12.000000000000014 12.000000000000016 12.000000000000021 12.000000000000028 12.000000000000036 12.000000000000037 12.000000000000046 12.000000000000053 12.000000000000062 12.000000000000076 12.000000000000094 12.00000000000011 12.000000000000128 12.000000000000146 12.000000000000165 12.00000000000018 12.000000000000192 12.000000000000211 12.000000000000234 12.00000000000025 12.000000000000263 12.000000000000282 12.000000000000304 12.00000000000032 12.00000000000033 12.000000000000345 12.000000000000353 12.00000000000036 12.00000000000037 12.000000000000378 12.000000000000382 12.000000000000384 12.000000000000387 12.00000000000039 12.000000000000398 12.000000000000394 12.000000000000387 12.000000000000378 12.000000000000375 12.000000000000371 12.000000000000368 12.000000000000362 12.000000000000362 12.000000000000362 12.00000000000036 12.000000000000362 12.000000000000366 12.000000000000371 12.000000000000378 12.000000000000387 12.000000000000394 12.000000000000398 12.000000000000396 12.000000000000394 12.000000000000393 
34.999999999999794 34.9999999999998 34.99999999999981 34.9999999999998 34.9999999999998 34.99999999999979 34.999999999999986 35.00000000000005 34.99999999999992 34.99999999999994 35.000000000000036 34.999999999999986 35.00000000000003 34.999999999999986 35.000000000000036 34.99999999999998 35.00000000000003 34.99999999999993 34.999999999999716 34.99999999999975 34.99999999999988 34.999999999999865 35.0 34.999999999999964 34.99999999999995 35.00000000000011 35.00000000000006 35.00000000000002 35.00000000000004 34.999999999999915 34.99999999999999 35.00000000000007 35.000000000000156 35.000000000000064 35.00000000000022 35.00000000000006 35.000000000000036 35.000000000000064 35.00000000000007 35.00000000000004 35.00000000000004 35.000000000000036 34.999999999999964 34.99999999999995 34.99999999999994 34.999999999999936 34.999999999999986 34.99999999999995 34.99999999999993 34.999999999999986 34.999999999999986 35.0 35.00000000000006 35.00000000000002 34.99999999999996 34.99999999999993 34.999999999999915 34.99999999999991 34.999999999999936 34.99999999999996 34.99999999999997 34.999999999999964 34.99999999999994 34.999999999999936 34.999999999999936 34.999999999999915 34.999999999999936 34.99999999999995 34.999999999999986 34.999999999999986 34.99999999999999 35.0 35.000000000000014 35.0 35.000000000000014 35.000000000000014 35.00000000000003 35.00000000000003 35.00000000000002 35.000000000000036 35.000000000000036 35.00000000000004 35.00000000000005 35.000000000000064 35.00000000000006 35.00000000000005 35.00000000000006 35.00000000000007 35.00000000000006 35.000000000000064 35.00000000000006 35.00000000000004 35.00000000000004 35.00000000000002 35.00000000000002 35.000000000000014 35.00000000000002 35.000000000000014 35.000000000000036 35.000000000000036 35.000000000000014 34.999999999999986 34.999999999999986 34.999999999999986 34.99999999999999 34.99999999999998 34.99999999999998 34.99999999999998 34.99999999999999 35.0 35.00000000000001 35.0 35.00000000000001 35.000000000000014 35.00000000000003 35.000000000000036 35.00000000000005 35.00000000000007 35.00000000000007 35.00000000000008 35.00000000000008 35.000000000000064 35.000000000000064 35.00000000000008 35.000000000000085 35.000000000000085 35.00000000000008 35.00000000000007 35.00000000000006 35.00000000000007 35.00000000000007 35.00000000000007 35.00000000000008 35.00000000000006 35.00000000000006 35.000000000000036 35.00000000000002 35.000000000000014 35.0 35.000000000000014 35.00000000000002 35.000000000000014 35.000000000000036 35.00000000000005 35.00000000000005 35.000000000000064 35.00000000000008 35.00000000000009 35.00000000000012 35.00000000000012 35.00000000000013 35.00000000000015 35.00000000000016 35.00000000000019 35.000000000000234 35.00000000000027 35.00000000000032 35.00000000000036 35.00000000000042 35.00000000000046 35.00000000000052 35.000000000000554 35.000000000000604 35.000000000000675 35.000000000000725 35.000000000000774 35.000000000000824 35.000000000000874 35.00000000000091 35.00000000000094 35.00000000000097 35.00000000000101 35.00000000000103 35.00000000000106 35.000000000001066 35.000000000001066 35.00000000000106 35.00000000000107 35.00000000000109 35.00000000000111 35.000000000001094 35.00000000000109 35.000000000001066 35.00000000000105 35.00000000000104 35.00000000000102 35.000000000001 35.00000000000101 35.000000000001016 35.000000000001016 35.00000000000103 35.00000000000104 35.00000000000104 35.00000000000105 35.000000000001066 35.00000000000109 35.000000000001094 35.0000000000011 35.00000000000111 35.00000000000111 
0.09832756642790669 -0.006210405787534166 -0.014902875629675919 -0.020732225682395314 -0.024891649223941815 -0.031553892440576964 -3.651469558079442e-05 1.0978107261902538e-08 7.097087685038048e-12 -1.8139405404365582e-16 1.6189963237729507e-17 1.9974120608592226e-19 6.299329122576498e-22 -6.841427609465306e-23 -3.1655235709861886e-24 -1.0184970697970517e-25 -2.8645048325950997e-27 -7.548401665789744e-29 -1.922791924238588e-30 -4.8085939736795923e-32 -1.187331055809382e-33 -2.8822678555966077e-35 -6.738492457963551e-37 -1.4258791551959518e-38 -2.126732032431366e-40 2.6460910818714165e-42 5.076068118699769e-43 3.7399435526292675e-44 2.3427801221885585e-45 1.40742891098152e-46 8.453926459984919e-48 5.1695063200764526e-49 3.241712093690772e-50 2.08533163363881e-51 1.3668852506663665e-52 8.969477754462395e-54 5.647637135599851e-55 3.005720624718322e-56 5.305298742013436e-58 -2.265824558549546e-58 -6.001521097483392e-59 -1.1643275015056711e-59 -2.0889736774721578e-60 -3.6916533119940344e-61 -6.58911633807141e-62 -1.2012967504368064e-62 -2.2477064060593433e-63 -4.3196445757070785e-64 -8.508121693763429e-65 -1.708597505542879e-65 -3.465998543425835e-66 -6.986724338654499e-67 -1.3555358887257846e-67 -2.3438073839130088e-68 -2.664856355283099e-69 4.2051181693647894e-70 5.021008232272775e-70 2.7688649874793154e-70 1.2838724654358235e-70 5.55661627729947e-71 2.3286033606445934e-71 9.603990889089087e-72 3.929582874330073e-72 1.6014224230432235e-72 6.511611638494056e-73 2.6430088519814913e-73 1.0704064067591879e-73 4.3210542460918306e-74 1.7358705049993102e-74 6.924842730486407e-75 2.735542919039862e-75 1.0660660670525655e-75 4.0768535543748255e-76 1.5200473837712647e-76 5.4637067960137776e-77 1.854904051834508e-77 5.6995965208967795e-78 1.4068976229479396e-78 1.2923080231956049e-79 -1.5944611871719715e-79 -1.647775557940195e-79 -1.1340179980505768e-79 -6.7322901406519384e-80 -3.691784815158289e-80 -1.9235318247797657e-80 -9.658294479591492e-81 -4.71076556266988e-81 -2.2428854268406246e-81 -1.045617084823207e-81 -4.780911695403484e-82 -2.146667041088261e-82 -9.469121496986543e-83 -4.103344874529927e-83 -1.7459611553212745e-83 -7.286992897816536e-84 -2.978570155726919e-84 -1.1890914394933924e-84 -4.6181825342337653e-85 -1.7345217666067758e-85 -6.235686897125422e-86 -2.1075224882909283e-86 -6.460125351479896e-87 -1.623867666758872e-87 -2.009854501231638e-88 1.224956254393636e-88 1.3795367722059148e-88 9.320400754027299e-89 5.310677148983045e-89 2.7678093461131853e-89 1.3579677896881749e-89 6.396545803382387e-90 2.913403446296671e-90 1.2875968319082345e-90 5.558524874898255e-91 2.3450934696240253e-91 9.662139416092336e-92 3.900399203763754e-92 1.5402371775362954e-92 5.943701326907921e-93 2.236774455680925e-93 8.18475579792993e-94 2.8971043255114953e-94 9.837671851335065e-95 3.158837487054567e-95 9.30030778531894e-96 2.349756635921378e-96 3.907135220981017e-97 -5.7376166363332594e-98 -1.0357701824945535e-97 -7.083603134279905e-98 -3.86621761162019e-98 -1.8940188305673494e-98 -8.67678672551e-99 -3.789131071402514e-99 -1.5938444680834845e-99 -6.497128625816166e-100 -2.576017517738537e-100 -9.95490207346765e-101 -3.75326793519418e-101 -1.3806493893256127e-101 -4.9507674978495924e-102 -1.7271086718494574e-102 -5.841533502154901e-103 -1.9046023775295036e-103 -5.928377053432335e-104 -1.7307967928714647e-104 -4.561100525253637e-105 -9.845450715676328e-106 -1.0394871084311367e-106 5.487637791698283e-107 5.266469643143511e-107 3.030248340079597e-107 1.4674803825886822e-107 6.482355984982094e-108 2.6950564987794137e-108 1.0712569161771403e-108 4.1062304945999528e-109 1.525455965706375e-109 5.502838736956076e-110 1.9327555273672349e-110 6.606989261747054e-111 2.1956772360511337e-111 7.077089045165646e-112 2.2009097752936125e-112 6.561552488223434e-113 1.8492630917547988e-113 4.799131296787415e-114 1.0758477663872183e-114 1.6716601913196886e-115 -1.1807117869143417e-116 -2.6931535797369635e-116 -1.653942067737593e-116 -7.910676963038468e-117 -3.36655083246832e-117 -1.333574680334644e-117 -5.019052262107822e-118 -1.8141851452422575e-118 -6.336076947573686e-119 -2.1452861156408406e-119 -7.052405161250152e-120 -2.251173127711519e-120 -6.968066274356963e-121 -2.0849906453951334e-121 -5.997017495386834e-122 -1.6415751588343476e-122 -4.1969489799257086e-123 -9.627960552807323e-124 -1.7713501991409309e-124 -1.333075299950928e-125 9.573467502239951e-126 7.322821498522588e-126 3.604131703927147e-126 1.5103196929688604e-126 5.789643659462698e-127 2.0902529201841343e-127 7.210547196866505e-128 2.395563207683291e-128 7.710240535656767e-129 2.454584270894246e-129 9.337757546690845e-130 
-0.10122291347121637 -0.0695149664506917 -0.06220464800150467 -0.05596207471698899 -0.05055736730624113 -0.039454749475240004 2.289681457575153e-05 1.5320531599769665e-08 -5.0538390908505634e-12 -5.044017080503819e-15 -2.800686918764038e-17 -6.521542566620886e-19 -1.4940075751311504e-20 -3.163105527727278e-22 -6.256429318809418e-24 -1.1536061824425499e-25 -1.9332930729130985e-27 -2.6799765463672037e-29 -1.7355488629506985e-31 7.746328043629723e-33 5.133802721305864e-34 2.2148851622668714e-35 8.510690688435543e-37 3.150909510611743e-38 1.1601816618252177e-39 4.310541669244473e-41 1.624359206902755e-42 6.191158762125128e-44 2.3546453206493425e-45 8.621072519169917e-47 2.730943296834752e-48 3.9688998588269846e-50 -5.1578343041591614e-51 -8.58735229422726e-52 -9.79482162677746e-53 -1.023100824232483e-53 -1.0521588051039625e-54 -1.0956855899267668e-55 -1.1697165531293449e-56 -1.2859837582312095e-57 -1.454897352182242e-58 -1.6838425953675532e-59 -1.9671530675996006e-60 -2.2553036848604124e-61 -2.368683910907075e-62 -1.7614701921084034e-63 1.124262820216045e-64 1.063981143418646e-64 3.890824203540791e-65 1.1996629086840337e-65 3.506562905494046e-66 1.0110455839500601e-66 2.9254379979941922e-67 8.563053707386135e-68 2.5444915179549804e-68 7.682224414114643e-69 2.354586127102206e-69 7.310100766848982e-70 2.2908764219408987e-70 7.211139415564852e-71 2.2641138072872063e-71 7.017635418986116e-72 2.1115494295914225e-72 5.977905731873152e-73 1.4793778397820517e-73 2.4188875573627727e-74 -4.211271360630033e-75 -7.352838260934598e-75 -5.304753163361236e-75 -3.122253574742887e-75 -1.6760231581650385e-75 -8.533822806604729e-76 -4.195738773579436e-76 -2.0124516804080724e-76 -9.470372847770504e-77 -4.3862433845707175e-77 -2.0030655888051396e-77 -9.02745982202006e-78 -4.0163248129135595e-78 -1.763670311357024e-78 -7.639506299262237e-79 -3.260474639441681e-79 -1.3689351339859916e-79 -5.641056414220384e-80 -2.2740982861537314e-80 -8.925226057256709e-81 -3.384495058361553e-81 -1.2247688253750775e-81 -4.1322554399911207e-82 -1.2341306996427867e-82 -2.775327583172362e-83 -3.977863977929827e-85 4.969173637765173e-84 4.376019217208018e-84 2.8347160859789815e-84 1.6147739944873225e-84 8.542712053705225e-85 4.2987591163905624e-85 2.0836273744092506e-85 9.797254883941909e-86 4.488912328859754e-86 2.0115525385381502e-86 8.819487972520687e-87 3.7900889013300973e-87 1.5958843824217173e-87 6.581213877010518e-88 2.6600721358396337e-88 1.051298354405926e-88 4.0543399717358615e-89 1.5147833827073474e-89 5.473886744823414e-90 1.8889529838846523e-90 6.093664351201918e-91 1.7716487871414336e-91 4.137025263142894e-92 3.872409917115726e-93 -3.710230278525651e-93 -3.6094412174266093e-93 -2.277947770381481e-93 -1.2284900744010779e-93 -6.080669925931131e-94 -2.843936559944064e-94 -1.2754323600169845e-94 -5.53115258436453e-95 -2.3271011771116034e-95 -9.55307247653191e-96 -3.8287115573416266e-96 -1.4991623325329669e-96 -5.733679473697838e-97 -2.140329658867172e-97 -7.785190850099452e-98 -2.7526833918261844e-98 -9.410272626160688e-99 -3.084642377945736e-99 -9.557109420506838e-100 -2.7207311511228825e-100 -6.647775527538666e-101 -1.0802597171249346e-101 1.3821578309906799e-102 2.5430204576699283e-102 1.6843040680371658e-102 8.863396414854156e-103 4.1774313609399654e-103 1.8391154530955518e-103 7.712546671578521e-104 3.113440141750013e-104 1.2159019277524887e-104 4.618193609672315e-105 1.7080601695130491e-105 6.155700372267349e-106 2.1610509994415463e-106 7.380388813066341e-107 2.444938796527785e-107 7.822983651582007e-108 2.3975165323393214e-108 6.939598520357372e-109 1.8446010962553625e-109 4.2086654834905427e-110 6.3959376738942505e-111 -7.368572266011148e-112 -1.2865576424934861e-111 -7.938716711115251e-112 -3.884187971989872e-112 -1.6989131087801465e-112 -6.936703376119383e-113 -2.694916759253028e-113 -1.0067381719275921e-113 -3.634140887825871e-114 -1.2737397007029734e-114 -4.339106736717711e-115 -1.436933014996972e-115 -4.621008435069252e-116 -1.4394311659725875e-116 -4.3227604030329414e-117 -1.2413359417987502e-117 -3.358372594256538e-118 -8.308240107607391e-119 -1.7456989011733758e-119 -2.3234881570489874e-120 3.7713627265831956e-121 4.917969785437841e-121 2.7595984893128716e-121 1.2481690049519078e-121 5.072748522295299e-122 1.9265766033621904e-122 6.964285064254528e-123 2.4196920395595194e-123 8.123139434003553e-124 2.6431518174816547e-124 8.34412321968852e-125 2.554523056695903e-125 7.568475191859801e-126 2.1609581110608017e-126 5.901041969460342e-127 1.520021775737126e-127 3.5926175759318386e-128 7.285814191885016e-129 9.79629458049292e-130 -1.2924332166338991e-130 -2.344736295946909e-130 
1900 1 18 0 0 0
15.393212343499531 15.392579014783442 15.389632248129567 15.388998645584364 15.388488934356218 15.385670840884854 13.902851954816105 13.29090651189827 12.781538875178281 12.276334457075276 12.021276011646485 12.014929020871744 12.011611213042771 12.009043394297688 12.00704362951567 12.005486138397288 12.004273098011456 12.00332832377626 12.002592482184914 12.002019363462555 12.001572978697807 12.001225299079376 12.000954495205345 12.000743565835656 12.000579269967902 12.000451295126437 12.000351609614215 12.000273958050297 12.000213468480512 12.000166346395972 12.000129636430595 12.000101036767413 12.000078754590927 12.000061393519331 12.000047865929103 12.000037324668494 12.000029109881709 12.000022707588585 12.000017717426184 12.000013827525201 12.000010794943465 12.000008430423057 12.000006586523902 12.000005148376644 12.000004026482625 12.0000031511059 12.00000246790436 12.000001934528884 12.000001517972263 12.000001192507606 12.000000938080003 12.000000739055666 12.000000583246448 12.000000461152606 12.000000365369328 12.000000290126549 12.000000230928219 12.000000184272258 12.000000147430075 12.000000118275922 12.00000009515282 12.000000076767726 12.000000062111896 12.000000050396169 12.000000041003643 12.000000033450394 12.000000027357368 12.000000022426311 12.000000018422606 12.000000015161694 12.000000012497186 12.000000010313615 12.000000008518992 12.000000007042312 12.000000005825033 12.000000004819881 12.000000003988697 12.000000003300558 12.00000000273023 12.000000002257373 12.000000001865073 12.000000001539615 12.000000001269694 12.000000001045892 12.000000000860453 12.000000000706919 12.00000000057994 12.000000000475042 12.000000000388486 12.000000000317199 12.000000000258538 12.000000000210376 12.000000000170882 12.000000000138586 12.00000000011219 12.000000000090683 12.00000000007318 12.000000000058947 12.00000000004742 12.000000000038092 12.00000000003054 12.000000000024453 12.000000000019558 12.00000000001561 12.000000000012449 12.00000000000991 12.000000000007876 12.000000000006247 12.000000000004942 12.000000000003903 12.000000000003073 12.000000000002421 12.0000000000019 12.00000000000149 12.00000000000117 12.000000000000913 12.000000000000718 12.000000000000565 12.000000000000444 12.00000000000035 12.000000000000272 12.000000000000213 12.00000000000017 12.000000000000135 12.000000000000108 12.000000000000083 12.00000000000007 12.00000000000006 12.000000000000052 12.00000000000004 12.000000000000032 12.000000000000025 12.00000000000002 12.000000000000014 12.000000000000009 12.000000000000004 12.000000000000002 12.000000000000002 12.0 12.0 12.000000000000002 12.000000000000007 12.000000000000007 12.000000000000007 12.000000000000009 12.000000000000016 12.000000000000025 12.000000000000021 12.000000000000028 12.000000000000034 12.000000000000044 12.000000000000046 12.000000000000055 12.000000000000064 12.000000000000082 12.000000000000098 12.000000000000112 12.000000000000135 12.00000000000015 12.000000000000167 12.000000000000188 12.000000000000206 12.000000000000222 12.000000000000242 12.000000000000265 12.000000000000288 12.000000000000306 12.000000000000323 12.000000000000338 12.000000000000348 12.000000000000362 12.000000000000373 12.000000000000384 12.000000000000394 12.000000000000405 12.00000000000041 12.000000000000412 12.000000000000416 12.000000000000417 12.000000000000414 12.000000000000409 12.000000000000407 12.000000000000407 12.0000000000004 12.000000000000396 12.000000000000394 12.00000000000039 12.000000000000384 12.00000000000038 12.000000000000387 12.000000000000396 12.0000000000004 12.000000000000401 12.000000000000405 12.000000000000412 12.000000000000416 12.000000000000425 12.000000000000425 12.000000000000425 12.000000000000425 
34.999999999999915 34.999999999999915 34.99999999999992 34.999999999999915 34.999999999999915 34.999999999999915 34.999999999999986 35.000000000000114 34.99999999999986 34.99999999999992 35.00000000000001 34.99999999999999 34.999999999999964 35.000000000000014 35.00000000000007 35.0 35.00000000000001 34.99999999999988 34.99999999999971 34.99999999999976 34.999999999999815 34.99999999999985 34.99999999999999 34.99999999999997 34.99999999999999 35.00000000000009 35.00000000000006 35.00000000000001 35.00000000000001 34.99999999999991 35.0 35.000000000000036 35.00000000000017 35.000000000000085 35.00000000000023 35.00000000000006 35.00000000000007 34.99999999999999 35.000000000000014 35.00000000000004 35.000000000000036 35.00000000000004 34.999999999999964 34.99999999999997 34.999999999999964 34.99999999999993 35.0 34.999999999999964 34.99999999999999 35.00000000000004 34.99999999999996 34.99999999999999 35.00000000000006 35.00000000000004 34.99999999999997 34.99999999999992 34.9999999999999 34.999999999999915 34.99999999999994 34.999999999999964 34.99999999999996 34.99999999999993 34.999999999999915 34.99999999999992 34.999999999999964 34.99999999999996 34.99999999999994 34.99999999999993 34.99999999999994 34.999999999999964 34.99999999999997 34.99999999999999 34.999999999999986 34.99999999999999 35.0 35.00000000000001 35.0 35.00000000000001 35.00000000000004 35.00000000000005 35.00000000000005 35.00000000000007 35.00000000000007 35.00000000000004 35.000000000000036 35.000000000000036 35.00000000000005 35.00000000000007 35.000000000000064 35.00000000000005 35.000000000000036 35.000000000000036 35.00000000000002 35.00000000000002 35.00000000000002 35.00000000000002 35.00000000000004 35.000000000000036 35.000000000000014 35.00000000000002 35.000000000000014 35.00000000000003 35.000000000000014 35.00000000000001 35.000000000000014 34.99999999999999 34.999999999999986 34.99999999999999 34.99999999999999 34.99999999999999 35.0 35.0 35.0 35.00000000000001 35.00000000000002 35.00000000000002 35.000000000000036 35.00000000000006 35.00000000000006 35.00000000000008 35.00000000000007 35.000000000000064 35.00000000000007 35.000000000000064 35.000000000000085 35.000000000000085 35.0000000000001 35.00000000000011 35.00000000000011 35.00000000000011 35.00000000000009 35.000000000000085 35.00000000000007 35.00000000000006 35.00000000000006 35.00000000000004 35.00000000000003 35.00000000000002 35.000000000000014 35.00000000000001 35.00000000000002 35.00000000000002 35.000000000000014 35.00000000000002 35.00000000000002 35.00000000000005 35.00000000000008 35.00000000000009 35.00000000000011 35.00000000000012 35.00000000000015 35.000000000000156 35.000000000000185 35.000000000000206 35.000000000000256 35.0000000000003 35.000000000000334 35.00000000000039 35.00000000000045 35.00000000000049 35.00000000000056 35.000000000000604 35.00000000000063 35.000000000000696 35.00000000000075 35.00000000000082 35.00000000000087 35.00000000000091 35.000000000000945 35.00000000000098 35.00000000000104 35.00000000000106 35.00000000000108 35.00000000000111 35.00000000000113 35.00000000000114 35.000000000001144 35.00000000000116 35.000000000001165 35.00000000000116 35.00000000000114 35.000000000001144 35.00000000000112 35.000000000001116 35.000000000001094 35.00000000000109 35.00000000000108 35.000000000001066 35.00000000000105 35.00000000000107 35.00000000000109 35.0000000000011 35.0000000000011 35.00000000000112 35.00000000000115 35.00000000000117 35.000000000001194 35.000000000001194 35.00000000000119 35.00000000000119 
0.09832859780058817 -0.006208064370593321 -0.014899224604743999 -0.020726861569663683 -0.024886734909816983 -0.03157159245967024 -3.613419269845754e-05 1.0881166821755616e-08 6.775962140898304e-12 -3.3962662651453446e-15 -1.6486274813943642e-17 -2.804265011222812e-19 -5.186097749089619e-21 -8.135615460042567e-23 -9.106759505535042e-25 1.6049205939875021e-27 5.548479837444964e-28 2.4865291377285785e-29 8.681127847759823e-31 2.7676557915644205e-32 8.501573749188046e-34 2.578304641258657e-35 7.80853885994504e-37 2.367862991796087e-38 7.140256366022516e-40 2.0917114333930586e-41 5.568125433399707e-43 1.0261882193177383e-44 -2.046919737012859e-46 -4.488316006092144e-47 -4.2374707468382847e-48 -3.445948006159236e-49 -2.70344319043337e-50 -2.1289155700241245e-51 -1.7119550498452294e-52 -1.41581633558506e-53 -1.2051814817693673e-54 -1.05061432433657e-55 -9.256618544296927e-57 -8.00386710008806e-58 -6.299915502661355e-59 -3.327694572710161e-60 2.5636736145495295e-61 1.4888056182978531e-61 4.137828453719628e-62 9.952846030456925e-63 2.2996386475429685e-63 5.2947713881265516e-64 1.2345242139323021e-64 2.936684756160789e-65 7.148771988348824e-66 1.7813542137479984e-66 4.5358980000176014e-67 1.1760118034108635e-67 3.0866604371792905e-68 8.128689167086186e-69 2.1170941655384086e-69 5.313393026470163e-70 1.2143722782594944e-70 2.1134799555695764e-71 -2.1127855020474108e-73 -2.9642052946455497e-72 -2.1939638530928076e-72 -1.248556810591745e-72 -6.419777065521058e-73 -3.135182067521873e-73 -1.4856747936582282e-73 -6.904258140811635e-74 -3.1644469567588623e-74 -1.4348605636953408e-74 -6.44648860981124e-75 -2.871435768362962e-75 -1.2676878365362493e-75 -5.549245130530348e-76 -2.4071942785008268e-76 -1.0334043169700202e-76 -4.382841985463772e-77 -1.831960174119674e-77 -7.521486911110949e-78 -3.019540084714952e-78 -1.1768384957447978e-78 -4.4031365599652415e-79 -1.5500100452485373e-79 -4.9191362753923514e-80 -1.2485217225117263e-80 -1.1566667609138924e-81 1.5094716752957818e-81 1.5871515216766195e-81 1.112824844635475e-81 6.722385270405525e-82 3.7452997515947297e-82 1.9797217954559102e-82 1.0069533621965443e-82 4.970026579500065e-83 2.391549969731146e-83 1.1257400534271196e-83 5.19239907320593e-84 2.349009027653254e-84 1.0436840878772892e-84 4.552563881960663e-85 1.9477576413898495e-85 8.170601151937947e-86 3.356142744085873e-86 1.3454233249444627e-86 5.242919433413197e-87 1.9737473419802655e-87 7.107148845201718e-88 2.4039719206374394e-88 7.358361745654019e-89 1.8280411373750648e-89 2.065886095535309e-90 -1.5553472359178035e-90 -1.675367016703508e-90 -1.1213888166380333e-90 -6.377347211117594e-91 -3.321737815101535e-91 -1.631343746744444e-91 -7.689897805488637e-92 -3.505766570186176e-92 -1.553747633414697e-92 -6.715209400171964e-93 -2.836373821742332e-93 -1.171658541953391e-93 -4.734496624382572e-94 -1.871848958268332e-94 -7.219575325759547e-95 -2.717904541042441e-95 -9.940796826799454e-96 -3.5127801713307625e-96 -1.1883589289195574e-96 -3.786258340056737e-97 -1.0990692211066395e-97 -2.6702013041204403e-98 -3.726315201573674e-99 1.2289555928968224e-99 1.5230768921090508e-99 9.87904409218571e-100 5.291296649518616e-100 2.5697165787811476e-100 1.1724061864910925e-100 5.1117666957560617e-101 2.1500126880937424e-101 8.771629180070109e-102 3.482687441804357e-102 1.3481876597889655e-102 5.093296298873021e-103 1.8751305377840298e-103 6.732743576477777e-104 2.3503129131305022e-104 7.94705628145359e-105 2.5855407189704165e-105 8.004064182358397e-106 2.3096138211713587e-106 5.935508930507164e-107 1.1877866481269095e-107 6.268518539227812e-109 -1.1316511181872611e-108 -8.956208906982235e-109 -4.9242519606853535e-109 -2.3434242098915913e-109 -1.0273817564340665e-109 -4.260357092094478e-110 -1.6937957280016847e-110 -6.4981314908770265e-111 -2.4198259638943096e-111 -8.763888104025288e-112 -3.0865492890276655e-112 -1.0585973790576958e-112 -3.5287530591478134e-113 -1.139929911085057e-113 -3.550826865860828e-114 -1.0573783400396856e-114 -2.96342411674426e-115 -7.572716566295578e-116 -1.6284849584434258e-116 -2.0970649757913847e-117 4.913422402205628e-118 5.750189566438994e-118 3.289439373892301e-118 1.5384637372119384e-118 6.496114359595134e-119 2.5694223419299743e-119 9.688122581926781e-120 3.515155679069053e-120 1.2337982326815926e-120 4.201266361499712e-121 1.3895428288301574e-121 4.4625429901410957e-122 1.3893782523428508e-122 4.17898048279117e-123 1.2066647454023993e-123 3.307396043632241e-124 8.422803401273446e-125 1.9005479357342878e-125 3.284767288972195e-126 1.0827965301342255e-127 -2.7278823563896853e-127 -1.8526719896449323e-127 -9.296519578483227e-128 -5.06069991238707e-128 
-0.10123496668998223 -0.06952689715913021 -0.062216297632045434 -0.05597348212600579 -0.05056443988092801 -0.03940047080254242 2.2727257211569763e-05 1.5153905202504505e-08 -4.928633027009241e-12 -2.9334505036608604e-15 6.1506804954336296e-18 1.8409579885294308e-19 5.641700612228395e-21 1.5248815648205756e-22 3.787652690673691e-24 8.881336926431666e-26 1.9943096140735875e-27 4.3073940395636604e-29 8.873538644604076e-31 1.684778477924867e-32 2.6172872377503764e-34 1.3373942497764813e-36 -1.531745332632485e-37 -1.1088996495824515e-38 -5.786307449201622e-40 -2.763598493381856e-41 -1.2909871362067685e-42 -6.061544736332806e-44 -2.895832627041763e-45 -1.4130105853893883e-46 -7.018066094060359e-48 -3.501524472178957e-49 -1.6978186022236989e-50 -7.288252958701053e-52 -1.7308758040248736e-53 1.7976759505965055e-54 4.415034876579275e-55 6.787994910298334e-56 9.408140566539544e-57 1.2761444044617926e-57 1.7472760794264266e-58 2.4481540079817707e-59 3.53053071121357e-60 5.2458696022599225e-61 8.008917326996268e-62 1.2475667055883938e-62 1.9561667932653424e-63 3.0061746359174327e-64 4.2563630589237226e-65 4.492862853848156e-66 -1.7315282991768154e-67 -3.5387125910972166e-67 -1.7275054986528433e-67 -6.853789814022477e-68 -2.534942084911182e-68 -9.136632481826563e-69 -3.270277763312402e-69 -1.1728573151691966e-69 -4.232429481656877e-70 -1.539291991157969e-70 -5.642450483072883e-71 -2.0825664691677436e-71 -7.725885792902505e-72 -2.8736249256597984e-72 -1.0681737095323762e-72 -3.9513843516001253e-73 -1.4464382420833035e-73 -5.197665323885789e-74 -1.8108203103887003e-74 -5.985831605539294e-75 -1.7949233023589757e-75 -4.2995124105772104e-76 -3.3358251287002182e-77 5.3123563927828374e-77 5.299437135149563e-77 3.6269990599793316e-77 2.1609978329465892e-77 1.196017200511102e-77 6.316339797183189e-78 3.226816668347437e-78 1.6065857834022292e-78 7.831561342423505e-79 3.7484950139486585e-79 1.7644670911246678e-79 8.176372933680907e-80 3.731370766008949e-80 1.6769760624778406e-80 7.41835741810518e-81 3.227349391836208e-81 1.378910702976381e-81 5.773273746261577e-82 2.3614878214523898e-82 9.391203206278697e-83 3.605824599785762e-83 1.3201411550661638e-83 4.505824624095628e-84 1.3627289792629692e-84 3.1239026468936607e-85 7.688878211992904e-87 -5.391650449546215e-86 -4.840235557003599e-86 -3.16608810003025e-86 -1.816716457778162e-86 -9.66784274691754e-87 -4.889337907128126e-87 -2.3796005611240756e-87 -1.123044715575068e-87 -5.165979950741407e-88 -2.3247909372578878e-88 -1.0222796285181173e-88 -4.401816952521577e-89 -1.8600436821023792e-89 -7.698216755573934e-90 -3.114055820041434e-90 -1.2330638350716914e-90 -4.758281961970786e-91 -1.778701477396728e-91 -6.418111818745381e-92 -2.207544844900749e-92 -7.088115465879275e-93 -2.0300534883401787e-93 -4.540057734668582e-94 -2.7407145305352326e-95 5.3455186835114204e-95 4.752115233519704e-95 2.928522109240823e-95 1.5649044635739365e-95 7.713992206843098e-96 3.601684412696655e-96 1.6145813908250938e-96 7.003214309314977e-97 2.9527909895710487e-97 1.2136200927498253e-97 4.8700624812588275e-98 1.9093096814358805e-98 7.312204737403218e-99 2.732948840620522e-99 9.948877715772442e-100 3.5158251384905883e-100 1.1995439067530996e-100 3.915231184969192e-101 1.202520234744921e-101 3.3606563036135378e-102 7.837825572445984e-103 1.0322223473289477e-103 -3.517401688250785e-104 -4.090777499569085e-104 -2.5419153490129597e-104 -1.3074037922488171e-104 -6.100533358813046e-105 -2.673766763608586e-105 -1.1194157218635886e-105 -4.519350579786714e-106 -1.768866668046384e-106 -6.732239070188035e-107 -2.4957082238474962e-107 -9.018767616773346e-108 -3.171923497371593e-108 -1.0852551400624047e-108 -3.5992713843136745e-109 -1.1510261617311847e-109 -3.517233056993467e-110 -1.0102757634380018e-110 -2.6332695113278945e-111 -5.714257823156739e-112 -6.88571254219637e-113 2.3360076303805923e-113 2.4763369509640267e-113 1.4275715618445073e-113 6.824316927656912e-114 2.9594906246288883e-114 1.2050325058109338e-114 4.683944494860379e-115 1.7538322965669089e-115 6.358030043495998e-116 2.2369948994568056e-116 7.655742684583984e-117 2.547389128478787e-117 8.228501410546676e-118 2.5726349785202298e-118 7.744599263118215e-119 2.224239634973753e-119 5.991228408527535e-120 1.4607146631449273e-120 2.9342691709292993e-121 3.0637374904186504e-122 -1.2292426036317393e-122 -1.1375677429266853e-122 -6.060127637234193e-123 -2.6982033433684797e-123 -1.0922339864673452e-123 -4.1535781467779274e-124 -1.5076522751187192e-124 -5.26905932620583e-125 -1.7798403633229224e-125 -5.8338716835733505e-126 -1.85603015500333e-126 -5.733524975346073e-127 -1.743537780932169e-127 -6.258746155040863e-128 
1900 1 19 0 0 0
15.425891010046263 15.425257624753598 15.422310786340649 15.421677120136799 15.421167112465541 15.418311402004617 13.912166194275551 13.293341956838798 12.78339506473628 12.27788347644214 12.022525041467983 12.015808417078505 12.01229458300642 12.009575648320274 12.007458205416988 12.005809060053519 12.00452463343902 12.00352425840733 12.002745110331972 12.00213826048008 12.001665602350528 12.001297457896007 12.001010713239546 12.000787366747558 12.000613398272419 12.000477888506015 12.00037233312003 12.00029010862194 12.000226056348843 12.000176158482482 12.000137285725511 12.000107000787192 12.000083405331111 12.000065020783314 12.000050695498093 12.000039532453739 12.000030832947072 12.000024052736242 12.000018767883871 12.000014648154957 12.00001143629912 12.00000893191056 12.000006978863206 12.000005455519512 12.000004267106426 12.000003339777466 12.0000026159866 12.000002050887181 12.000001609524475 12.000001264653108 12.000000995033792 12.000000784107952 12.000000618966912 12.000000489547588 12.000000388006056 12.000000308229417 12.000000245453764 12.000000195968932 12.000000156883884 12.000000125946018 12.00000010140005 12.000000081876243 12.000000066305656 12.000000053852803 12.000000043863874 12.000000035826334 12.000000029338342 12.00000002408414 12.000000019814703 12.00000001633441 12.000000013487968 12.000000011152807 12.00000000923147 12.000000007648234 12.00000000634116 12.000000005260137 12.000000004364574 12.000000003621587 12.00000000300447 12.000000002491623 12.000000002065114 12.000000001710355 12.000000001415163 12.000000001169784 12.00000000096581 12.00000000079634 12.0000000006557 12.000000000539094 12.000000000442585 12.000000000362721 12.000000000296794 12.000000000242443 12.000000000197714 12.000000000160936 12.000000000130802 12.00000000010613 12.000000000085956 12.000000000069514 12.000000000056122 12.000000000045242 12.000000000036412 12.00000000002925 12.00000000002346 12.000000000018796 12.000000000015033 12.000000000012003 12.000000000009575 12.000000000007624 12.000000000006045 12.000000000004798 12.00000000000379 12.000000000002993 12.000000000002364 12.00000000000186 12.000000000001462 12.00000000000115 12.000000000000902 12.000000000000705 12.00000000000056 12.00000000000044 12.000000000000346 12.000000000000268 12.000000000000213 12.000000000000169 12.000000000000131 12.000000000000105 12.000000000000085 12.000000000000068 12.000000000000057 12.000000000000048 12.000000000000044 12.000000000000039 12.000000000000028 12.00000000000002 12.000000000000016 12.000000000000016 12.000000000000012 12.00000000000001 12.000000000000009 12.000000000000007 12.000000000000004 12.000000000000004 12.000000000000004 12.000000000000009 12.000000000000012 12.000000000000016 12.000000000000018 12.000000000000025 12.00000000000003 12.000000000000036 12.00000000000004 12.00000000000005 12.000000000000057 12.000000000000068 12.000000000000085 12.000000000000101 12.000000000000119 12.000000000000137 12.000000000000158 12.00000000000018 12.000000000000203 12.00000000000022 12.00000000000024 12.000000000000258 12.000000000000279 12.0000000000003 12.000000000000318 12.000000000000338 12.000000000000353 12.000000000000368 12.000000000000378 12.000000000000389 12.0000000000004 12.000000000000409 12.000000000000416 12.000000000000423 12.000000000000426 12.000000000000426 12.000000000000428 12.00000000000043 12.00000000000043 12.000000000000425 12.000000000000423 12.00000000000042 12.000000000000417 12.00000000000041 12.000000000000407 12.000000000000401 12.000000000000401 12.000000000000403 12.000000000000407 12.000000000000409 12.000000000000416 12.000000000000428 12.000000000000444 12.000000000000453 12.00000000000046 12.000000000000457 12.00000000000046 12.000000000000458 
34.99999999999995 34.99999999999995 34.99999999999996 34.999999999999936 34.99999999999994 34.99999999999993 34.99999999999997 35.00000000000012 34.99999999999989 34.99999999999992 35.00000000000001 34.999999999999964 34.99999999999997 35.000000000000036 35.00000000000007 34.999999999999964 35.00000000000002 34.99999999999994 34.99999999999976 34.99999999999977 34.99999999999987 34.999999999999844 34.999999999999986 34.99999999999997 34.99999999999999 35.00000000000011 35.00000000000007 34.99999999999999 35.0 34.99999999999991 34.99999999999999 35.000000000000014 35.00000000000016 35.00000000000009 35.00000000000018 35.00000000000007 35.00000000000008 34.99999999999996 35.00000000000003 35.000000000000085 35.00000000000004 35.00000000000004 34.99999999999999 34.99999999999994 34.999999999999936 34.999999999999936 35.00000000000006 34.99999999999998 35.0 35.00000000000001 34.999999999999964 34.99999999999999 35.00000000000004 35.0 34.999999999999964 34.99999999999988 34.99999999999986 34.99999999999989 34.9999999999999 34.99999999999993 34.999999999999936 34.99999999999992 34.99999999999993 34.99999999999993 34.99999999999994 34.99999999999996 34.999999999999986 34.99999999999997 34.999999999999964 34.99999999999998 34.999999999999964 34.99999999999998 34.99999999999997 34.99999999999999 34.99999999999999 35.00000000000001 34.99999999999999 34.999999999999986 34.99999999999999 35.000000000000014 35.000000000000014 35.00000000000003 35.00000000000004 35.00000000000006 35.000000000000064 35.00000000000007 35.000000000000064 35.00000000000006 35.00000000000006 35.000000000000064 35.00000000000005 35.000000000000036 35.00000000000003 35.000000000000036 35.000000000000036 35.000000000000036 35.00000000000004 35.000000000000036 35.00000000000004 35.000000000000036 35.00000000000003 35.000000000000014 35.00000000000001 35.0 35.0 34.999999999999986 34.99999999999999 34.99999999999999 34.99999999999999 35.00000000000001 35.00000000000001 35.00000000000001 35.00000000000002 35.00000000000002 35.000000000000036 35.000000000000036 35.000000000000036 35.000000000000036 35.00000000000006 35.00000000000007 35.000000000000064 35.000000000000064 35.00000000000007 35.00000000000008 35.000000000000064 35.00000000000007 35.00000000000008 35.000000000000085 35.00000000000009 35.00000000000009 35.0000000000001 35.000000000000114 35.0000000000001 35.00000000000008 35.000000000000064 35.00000000000006 35.00000000000006 35.00000000000004 35.00000000000003 35.00000000000002 35.00000000000002 35.00000000000003 35.00000000000003 35.000000000000036 35.00000000000004 35.00000000000006 35.00000000000006 35.000000000000085 35.0000000000001 35.00000000000011 35.00000000000014 35.00000000000016 35.00000000000019 35.000000000000234 35.00000000000028 35.00000000000033 35.00000000000036 35.00000000000041 35.00000000000047 35.00000000000052 35.00000000000059 35.00000000000064 35.000000000000696 35.00000000000073 35.00000000000079 35.00000000000085 35.00000000000091 35.00000000000096 35.000000000001016 35.00000000000105 35.00000000000108 35.00000000000111 35.00000000000113 35.000000000001165 35.00000000000117 35.00000000000119 35.000000000001194 35.0000000000012 35.00000000000121 35.00000000000121 35.0000000000012 35.000000000001194 35.00000000000119 35.00000000000117 35.00000000000115 35.00000000000113 35.00000000000112 35.00000000000114 35.00000000000114 35.000000000001144 35.000000000001144 35.00000000000113 35.00000000000115 35.000000000001194 35.000000000001236 35.000000000001265 35.000000000001286 35.000000000001286 35.000000000001286 35.00000000000128 
0.09832961012446732 -0.006205759356510482 -0.014895626846399451 -0.020721569889821254 -0.02488188313572527 -0.03158901776977419 -3.576377330461713e-05 1.0802770939361782e-08 6.801111995124375e-12 -1.7106687928831141e-15 5.436467101366768e-18 1.6088852426315782e-19 3.8048549646168135e-21 8.351978061478546e-23 1.697696470824784e-24 3.150865006670161e-26 5.042394093181565e-28 5.3947334603417215e-30 -5.29139923833753e-32 -6.489803313350231e-33 -3.152570042671275e-34 -1.2773481344486868e-35 -4.867712724809051e-37 -1.822154356584286e-38 -6.834240185547638e-40 -2.5905657822720473e-41 -9.931540078010224e-43 -3.819272193196024e-44 -1.4381939268979226e-45 -4.964216901400122e-47 -1.2106500790287306e-48 2.7616765125007714e-50 8.486186545797293e-51 1.0569106643780295e-51 1.1297346861347284e-52 1.1647035215690705e-53 1.205761528833433e-54 1.275548616414421e-55 1.3893304611907984e-56 1.560875711592287e-57 1.8035849987398436e-58 2.125545841608233e-59 2.5105143832399314e-60 2.8610565069723214e-61 2.8377899388078614e-62 1.4111277086011753e-63 -4.391121767726597e-64 -2.3018620233436987e-64 -7.852500565166823e-65 -2.4009257353396324e-65 -7.097659340171139e-66 -2.088266031336205e-66 -6.195888110447812e-67 -1.8653905557815242e-67 -5.71364478868525e-68 -1.781248868138146e-68 -5.646109070253636e-69 -1.8156364070443133e-69 -5.903693691372703e-70 -1.9321758005796475e-70 -6.325090476223166e-71 -2.0523738811266317e-71 -6.508852990634183e-72 -1.9680667813559804e-72 -5.3801413381531163e-73 -1.1301525070382422e-73 -1.6865995067650823e-75 1.8416665670642248e-74 1.5922317274280267e-74 1.0257027879090814e-74 5.883430759001321e-75 3.1711133627587207e-75 1.6432233692493343e-75 8.28940493279008e-76 4.098838742042966e-76 1.9942696919915e-76 9.569701055444645e-77 4.534703851817793e-77 2.123249349703888e-77 9.825187807938738e-78 4.4920109655555e-78 2.0277805293829949e-78 9.028142083435969e-79 3.959279159914222e-79 1.706550357126502e-79 7.208131887899092e-80 2.9709141387143096e-80 1.1872433421209512e-80 4.552855701294562e-81 1.643946818009519e-81 5.380605105655928e-82 1.4383877744815039e-82 1.787951686034175e-83 -1.3824664822069263e-83 -1.6216386947160735e-83 -1.1772443382795022e-83 -7.253946333486284e-84 -4.099601482389313e-84 -2.191192600907979e-84 -1.1248157976149363e-84 -5.595630798491317e-85 -2.710792953502379e-85 -1.2830508420355878e-85 -5.952828855076966e-86 -2.7061828821107235e-86 -1.2067718853897284e-86 -5.282524927401118e-87 -2.2692931029979095e-87 -9.543484945519173e-88 -3.9349692522463776e-88 -1.580837643912564e-88 -6.1712998759157176e-89 -2.3307712352206665e-89 -8.40490898912201e-90 -2.844114481180004e-90 -8.688475044420053e-91 -2.147164390973119e-91 -2.2888209831644513e-92 1.9548356786338935e-92 2.0541210835579728e-92 1.3698753568973252e-92 7.779860777485836e-93 4.051337344621955e-93 1.993392821248828e-93 9.405795730229863e-94 4.293073915608238e-94 1.902928127523017e-94 8.234545781081745e-95 3.482241034792526e-95 1.4403243678856378e-95 5.828145813798968e-96 2.3059972576986744e-96 8.910433025738559e-97 3.3548472155900726e-97 1.226237538142908e-97 4.325465106222917e-98 1.4578998437646303e-98 4.611007572538671e-99 1.3177135281659583e-99 3.0723899325452176e-100 3.3897234791346663e-101 -2.14144888605159e-101 -2.1899583369349484e-101 -1.36815970565531e-101 -7.224085599273002e-102 -3.485604068986067e-102 -1.5846702885441158e-102 -6.901033366877426e-103 -2.903502297067583e-103 -1.1856862252702517e-103 -4.713890382944605e-104 -1.8273810510326354e-104 -6.9130213497558175e-105 -2.5508662031916873e-105 -9.170496091018733e-106 -3.203746185503265e-106 -1.0818311332788036e-106 -3.51160385517468e-107 -1.0811559286463102e-107 -3.0815334927965324e-108 -7.692515277505397e-109 -1.4022529466188969e-109 2.55888455870239e-111 2.078457490830971e-110 1.4696766318318143e-110 7.820928666842714e-111 3.674299893606677e-111 1.6024393486747093e-111 6.6345808594059155e-112 2.6385965413063875e-112 1.0147939994034428e-112 3.7884773684811284e-113 1.3750809921977969e-113 4.8609919656222426e-114 1.672343720693493e-114 5.589671751923786e-115 1.8092607372998975e-115 5.63939503402643e-116 1.6763176090775411e-116 4.667438495515132e-117 1.1722220687000695e-117 2.397249338155561e-118 2.3056693835009763e-119 -1.291505506223616e-119 -1.1513726916612147e-119 -6.276419522712823e-120 -2.8885241754439312e-120 -1.2131670803116641e-120 -4.796487300070211e-121 -1.8123521615645298e-121 -6.599687292369501e-122 -2.3271318378304723e-122 -7.965421426287695e-123 -2.648916180208946e-123 -8.55433515247688e-124 -2.6773420991862623e-124 -8.089036804711026e-125 -2.3431651025871924e-125 -6.483979784223506e-126 -1.9886767280194847e-126 
-0.10124690884908537 -0.06953871578130777 -0.062227835781985055 -0.055984779748796315 -0.05057145126762997 -0.03934669076684679 2.2560343027141757e-05 1.4992567795015686e-08 -4.854479711850079e-12 -2.6987337221329005e-15 3.627583715887806e-18 2.0769509437123285e-20 -4.876927084579549e-22 -3.324469423076499e-23 -1.241956668244176e-24 -3.8477282634092484e-26 -1.089289806922009e-27 -2.934664768755202e-29 -7.679874846864812e-31 -1.9709620714470683e-32 -4.9616260028373165e-34 -1.2096427849534583e-35 -2.7417394002554105e-37 -5.02479137197534e-39 -1.811846257783519e-41 5.650587125004491e-42 4.855361926871476e-43 3.1737339952656864e-44 1.930932657849978e-45 1.1601529325048838e-46 7.054810987967871e-48 4.389535369177442e-49 2.8036506839741236e-50 1.8324309750862284e-51 1.211597832619462e-52 7.886560147013571e-54 4.7098773099746234e-55 1.9547387352279135e-56 -9.12361295893526e-58 -4.494033208186655e-58 -9.66709333482948e-59 -1.7919936416746814e-59 -3.199353916925302e-60 -5.717903044138664e-61 -1.0403279434106108e-61 -1.9418044200656229e-62 -3.729009321816985e-63 -7.365765976603552e-64 -1.492161144459026e-64 -3.082165094387424e-65 -6.426610370778e-66 -1.3290367231460753e-66 -2.6328618601289327e-67 -4.581762567592866e-68 -4.797096588678518e-69 1.2416635991170692e-69 1.2589433442032063e-69 6.954555548223323e-70 3.2947654223967587e-70 1.4666934937057684e-70 6.342900378490807e-71 2.705306013243011e-71 1.1464882472951673e-71 4.845911618929303e-72 2.0462908570423496e-72 8.636643012127374e-73 3.642213663400727e-73 1.53335335710077e-73 6.435353195108682e-74 2.687710963806646e-74 1.1144591044172037e-74 4.574359651413095e-75 1.8509370933926863e-75 7.3511647106436e-76 2.844469756371015e-76 1.0592201024065324e-76 3.712987631732549e-77 1.1685591022857654e-77 2.87191240090765e-78 1.647546486573035e-79 -4.547308234740453e-79 -4.5042170998914924e-79 -3.1565419471679354e-79 -1.9332703998992637e-79 -1.0993670630019495e-79 -5.955690362064391e-80 -3.114708410242463e-80 -1.5844992224975571e-80 -7.878004532406963e-81 -3.8378875461535967e-81 -1.8360771218654963e-81 -8.633982324325173e-82 -3.993133552618331e-82 -1.8161304906307502e-82 -8.123152890827226e-83 -3.570379260446237e-83 -1.5392935257624241e-83 -6.5004650771244835e-84 -2.6802493215845564e-84 -1.0741248022625126e-84 -4.156059684242713e-85 -1.533696231331161e-85 -5.28147423813528e-86 -1.6201475401931046e-86 -3.8263760041334305e-87 -1.7814295279415801e-88 5.906566266150236e-88 5.501422137858137e-88 3.6456219889676313e-88 2.1099291254011367e-88 1.1287107001253748e-88 5.730601389645891e-89 2.80226016890371e-89 1.3270881578514765e-89 6.120512290168761e-90 2.7595810692019465e-90 1.2172774110845497e-90 5.250456104897721e-91 2.2213771542111816e-91 9.205347701534492e-92 3.7323206422084206e-92 1.47841436264061e-92 5.705012173277621e-93 2.1353296230435008e-93 7.696157160899428e-94 2.6399298507880624e-94 8.414444807550873e-95 2.3772587319303715e-95 5.097298065397958e-96 1.326479949765675e-97 -7.463226413445385e-97 -6.242290573300222e-97 -3.7860902253856567e-97 -2.009371523116776e-97 -9.874194102085784e-98 -4.60456975874951e-98 -2.063809373580981e-98 -8.956121396506778e-99 -3.7796186680346876e-99 -1.5552449606058385e-99 -6.248899127427284e-100 -2.453003452147847e-100 -9.405158768561976e-101 -3.5182228293543306e-101 -1.2812571753332244e-101 -4.524906593910505e-102 -1.5396643048786297e-102 -5.002732129191418e-103 -1.5231055396038896e-103 -4.174736705874679e-104 -9.239221931535388e-105 -8.803803184237772e-106 6.773224858340595e-106 6.347270478258547e-106 3.774822680383736e-106 1.909541461943603e-106 8.837731347515275e-107 3.861209720339363e-107 1.6154314255932242e-107 6.525454875673224e-108 2.5574704926472308e-108 9.753447203089231e-109 3.620802450682932e-109 1.3109245269992347e-109 4.6232486626865375e-110 1.58334339902319e-110 5.255839157740331e-111 1.6798448389622255e-111 5.116067871414162e-112 1.4565952502480273e-112 3.722041417037889e-113 7.613548712258121e-114 6.1475919905281475e-115 -5.333008376616317e-115 -4.512949481593936e-115 -2.4844327291599528e-115 -1.1680397722171102e-115 -5.0331019703065197e-116 -2.0459943916620936e-116 -7.960213366704964e-117 -2.9878283559610943e-117 -1.0868612781250412e-117 -3.8410450714149593e-118 -1.3200870976429326e-118 -4.410624922920914e-119 -1.430320919326429e-119 -4.486630356906669e-120 -1.3532849368060928e-120 -3.8849014641718564e-121 -1.0407370466716674e-121 -2.4949823442630017e-122 -4.7485790245853944e-123 -3.253151715509485e-124 3.1933854647499466e-124 2.469943677586085e-124 1.2688094286653828e-124 5.589055641763516e-125 2.267798795157094e-125 8.966910583774803e-126 4.232129652055996e-126 
1900 1 20 0 0 0
15.458568803526997 15.457935363974757 15.454988456504791 15.454354729854485 15.453844432804496 15.450951471679444 13.92148179253923 13.295780629030407 12.785251371464657 12.279432489866222 12.023773870391091 12.016687926872118 12.012977986816265 12.010107929147367 12.007872803760634 12.006132000586978 12.004776184802594 12.003720206538434 12.002897749953771 12.002257167281941 12.001758234371392 12.001369623889824 12.001066937445763 12.000831172980156 12.00064753117411 12.000504485865978 12.00039306007875 12.000306262194162 12.00023864682875 12.000185972845284 12.000144937006933 12.00011296654261 12.000088057589252 12.000068649376013 12.000053526231019 12.000041741259233 12.000032556907241 12.000025398668965 12.000019819030513 12.000015469389455 12.000012078185637 12.000009433864035 12.000007371611494 12.000005763021163 12.00000450804491 12.000003528724884 12.000002764310722 12.000002167457255 12.00000170126231 12.000001336961379 12.000001052130225 12.000000829285812 12.00000065479794 12.000000518040562 12.000000410729866 12.000000326409904 12.00000026004928 12.00000020772884 12.000000166394862 12.000000133668285 12.000000107694847 12.000000087028079 12.000000070539203 12.000000057345616 12.00000004675722 12.000000038232388 12.000000031346985 12.000000025767088 12.000000021229908 12.000000017528185 12.000000014498234 12.000000012009892 12.000000009960328 12.000000008269376 12.000000006871392 12.00000000571341 12.000000004752422 12.000000003953682 12.00000000328905 12.000000002735383 12.000000002273875 12.000000001889054 12.000000001568127 12.000000001300432 12.000000001077288 12.000000000891353 12.00000000073653 12.000000000607743 12.000000000500771 12.000000000411912 12.000000000338323 12.0000000002774 12.00000000022709 12.000000000185564 12.000000000151378 12.000000000123297 12.000000000100234 12.000000000081362 12.000000000065937 12.000000000053346 12.000000000043084 12.000000000034735 12.000000000027963 12.000000000022476 12.000000000018044 12.000000000014463 12.000000000011571 12.000000000009237 12.000000000007354 12.000000000005842 12.00000000000464 12.000000000003686 12.00000000000292 12.00000000000231 12.000000000001823 12.000000000001439 12.000000000001133 12.000000000000888 12.0000000000007 12.000000000000554 12.000000000000432 12.000000000000334 12.000000000000261 12.00000000000021 12.000000000000167 12.000000000000133 12.000000000000112 12.000000000000092 12.000000000000082 12.000000000000066 12.000000000000052 12.000000000000043 12.00000000000003 12.000000000000028 12.000000000000021 12.000000000000018 12.000000000000009 12.000000000000002 11.999999999999998 12.0 12.0 12.000000000000002 12.000000000000005 12.00000000000001 12.000000000000018 12.000000000000021 12.000000000000027 12.000000000000032 12.000000000000037 12.00000000000004 12.00000000000005 12.000000000000057 12.000000000000062 12.000000000000075 12.000000000000089 12.000000000000103 12.00000000000012 12.000000000000142 12.000000000000165 12.00000000000019 12.000000000000215 12.000000000000234 12.000000000000258 12.000000000000272 12.000000000000291 12.000000000000309 12.00000000000033 12.00000000000035 12.000000000000368 12.000000000000384 12.000000000000394 12.000000000000405 12.00000000000042 12.00000000000043 12.000000000000439 12.000000000000442 12.000000000000442 12.000000000000446 12.000000000000448 12.000000000000448 12.00000000000045 12.000000000000448 12.000000000000442 12.000000000000437 12.000000000000428 12.000000000000425 12.00000000000042 12.000000000000421 12.000000000000423 12.000000000000425 12.000000000000425 12.000000000000425 12.000000000000442 12.00000000000046 12.000000000000474 12.000000000000478 12.000000000000481 12.000000000000483 12.00000000000048 12.000000000000476 
34.99999999999996 34.99999999999996 34.999999999999964 34.99999999999997 34.99999999999997 34.99999999999997 34.999999999999964 35.000000000000135 34.99999999999989 34.99999999999992 35.00000000000006 34.99999999999993 34.99999999999998 35.000000000000064 35.00000000000008 35.0 35.00000000000003 34.99999999999991 34.99999999999975 34.9999999999997 34.999999999999886 34.99999999999987 35.0 35.00000000000002 35.0 35.00000000000012 35.000000000000014 35.000000000000036 35.0 34.999999999999936 34.99999999999995 34.999999999999936 35.00000000000017 35.000000000000114 35.00000000000014 35.00000000000008 35.000000000000064 34.99999999999994 34.999999999999986 35.000000000000064 35.00000000000009 35.000000000000064 35.00000000000001 34.99999999999997 34.99999999999992 34.99999999999998 35.000000000000064 35.00000000000007 35.00000000000006 35.0 35.0 34.99999999999999 35.000000000000064 35.00000000000006 34.99999999999992 34.99999999999989 34.999999999999886 34.999999999999886 34.99999999999991 34.9999999999999 34.999999999999915 34.99999999999993 34.999999999999915 34.99999999999994 34.99999999999993 34.999999999999915 34.99999999999995 34.99999999999996 34.999999999999964 34.999999999999964 34.99999999999997 34.999999999999964 34.999999999999986 34.99999999999998 34.99999999999998 34.999999999999986 34.99999999999997 35.0 35.000000000000014 35.00000000000002 35.00000000000002 35.00000000000003 35.00000000000005 35.00000000000005 35.00000000000006 35.00000000000006 35.00000000000004 35.000000000000036 35.000000000000036 35.00000000000003 35.000000000000036 35.000000000000036 35.00000000000002 35.00000000000003 35.00000000000003 35.00000000000002 35.000000000000014 35.00000000000002 35.00000000000003 35.000000000000036 35.00000000000003 35.00000000000002 35.00000000000002 35.00000000000002 35.000000000000014 35.000000000000014 35.000000000000014 35.00000000000001 34.99999999999999 34.999999999999986 35.000000000000014 35.00000000000006 35.00000000000006 35.00000000000006 35.00000000000005 35.00000000000006 35.00000000000005 35.00000000000004 35.00000000000006 35.00000000000006 35.00000000000005 35.00000000000004 35.00000000000006 35.000000000000064 35.000000000000064 35.00000000000009 35.000000000000114 35.00000000000012 35.000000000000135 35.00000000000012 35.000000000000114 35.0000000000001 35.00000000000008 35.00000000000009 35.00000000000008 35.00000000000005 35.00000000000003 35.00000000000002 35.00000000000003 35.00000000000002 35.00000000000002 35.00000000000003 35.000000000000036 35.00000000000005 35.00000000000007 35.00000000000008 35.00000000000007 35.0000000000001 35.000000000000114 35.000000000000135 35.000000000000156 35.00000000000018 35.0000000000002 35.00000000000023 35.000000000000256 35.0000000000003 35.00000000000036 35.00000000000042 35.00000000000049 35.00000000000057 35.000000000000625 35.00000000000068 35.00000000000074 35.00000000000078 35.00000000000084 35.00000000000089 35.00000000000095 35.00000000000101 35.00000000000106 35.000000000001094 35.00000000000112 35.000000000001144 35.000000000001194 35.00000000000122 35.00000000000124 35.00000000000124 35.00000000000124 35.00000000000124 35.00000000000125 35.00000000000124 35.00000000000124 35.00000000000125 35.000000000001236 35.00000000000122 35.000000000001215 35.00000000000121 35.00000000000118 35.00000000000119 35.0000000000012 35.000000000001194 35.000000000001194 35.0000000000012 35.00000000000125 35.00000000000129 35.00000000000133 35.000000000001336 35.00000000000136 35.000000000001364 35.000000000001364 35.00000000000136 
0.09833060042963222 -0.006203493441210141 -0.014892084620417571 -0.020716352344070797 -0.024877095778476452 -0.03160618114742903 -3.540350890679559e-05 1.0720908488073638e-08 6.706327861086154e-12 -2.192968537387653e-15 -2.9963008040300934e-18 -5.1035184150013857e-20 -1.5774319908277307e-21 -4.331898350113592e-23 -1.1045415477441564e-24 -2.66519565787583e-26 -6.137005577841701e-28 -1.3451057988052014e-29 -2.746078879443858e-31 -4.850320129735394e-33 -5.212453253809565e-35 1.2320220259894044e-36 1.300525994705161e-37 7.36248201452344e-39 3.6251933276603483e-40 1.7123631320804559e-41 8.051295641411805e-43 3.831994564494363e-44 1.8589491100293253e-45 9.189236595494238e-47 4.5899527073651547e-48 2.2648016803059506e-49 1.0409001946234098e-50 3.605641470931455e-52 -5.022807796029531e-54 -3.328782383723845e-54 -5.669840126351878e-55 -8.05453878845354e-56 -1.094274217542447e-56 -1.4870429568939123e-57 -2.060504147403296e-58 -2.9366779866550243e-59 -4.318483593755557e-60 -6.547679735676325e-61 -1.0191760158392752e-61 -1.6140627634567934e-62 -2.557068007329534e-63 -3.914629291773685e-64 -5.3029078238022315e-65 -4.280823467058327e-66 9.649695442902694e-67 7.679584479414718e-67 3.454348977708411e-67 1.3530692630637273e-67 5.045491339702743e-68 1.8505267938289304e-68 6.774277311661545e-69 2.492748072426088e-69 9.250479933628208e-70 3.465914273088699e-70 1.3108827041218807e-70 4.9996246779683075e-71 1.9194794500756007e-71 7.400782827598883e-72 2.8571669656679075e-72 1.100315339732021e-72 4.206413583125866e-73 1.5857100555226135e-73 5.837051683997652e-74 2.064773662695145e-74 6.810925710097598e-75 1.951556331117764e-75 3.7217260166103195e-76 -6.412168076073382e-77 -1.3552379729528146e-76 -1.1028399424402569e-76 -7.241666456279367e-77 -4.3092296803770814e-77 -2.4207725632595707e-77 -1.3083033664793917e-77 -6.872143719837688e-78 -3.529230277955821e-78 -1.77848237059681e-78 -8.814263187633633e-79 -4.3022690437607345e-79 -2.069785584671995e-79 -9.817886977420535e-80 -4.591348785517624e-80 -2.1162175411183787e-80 -9.6026328363819e-81 -4.286133571849348e-81 -1.8778546237026234e-81 -8.057119410595939e-82 -3.3709997078431535e-82 -1.3677403022987177e-82 -5.331140150117537e-83 -1.9624421359487833e-83 -6.601350452985975e-84 -1.86271187864242e-84 -3.016459376072174e-85 1.1805845062645261e-85 1.7043184644908913e-85 1.2970340780515007e-85 8.176724608375369e-86 4.6861720472580616e-86 2.5295224827861097e-86 1.3080694122592865e-86 6.545180150688519e-87 3.1879397844236015e-87 1.5146233394726702e-87 7.057572982562984e-88 3.2186775619466754e-88 1.439809175866767e-88 6.323942217917285e-89 2.7222329487672535e-89 1.1488614375229084e-89 4.736254525770587e-90 1.9076542061318554e-90 7.455524359491629e-91 2.8179509777068846e-91 1.0180806406313463e-91 3.448892464133627e-92 1.0527913397247512e-92 2.5923396617099176e-93 2.68695431880982e-94 -2.4442200796429827e-94 -2.54100660222765e-94 -1.6913730760530223e-94 -9.604414192627547e-95 -5.003897300537372e-95 -2.4638761917911313e-95 -1.163764099284772e-95 -5.317369856145143e-96 -2.362189978319426e-96 -1.023466617610629e-96 -4.332901629613103e-97 -1.7940565490059608e-97 -7.266433172254945e-98 -2.8773597576147423e-98 -1.1124044125768632e-98 -4.188737817066656e-99 -1.5302321261791738e-99 -5.389286705984141e-100 -1.8102471837916378e-100 -5.6843067800010025e-101 -1.5993976326900665e-101 -3.5683541098690088e-102 -2.791797614634473e-103 3.4135980990303756e-103 3.101064482219164e-103 1.8841328231584357e-103 9.838598991225748e-104 4.723515348231053e-104 2.1441882836791034e-104 9.334021351172557e-105 3.92837582782782e-105 1.605865523238628e-105 6.3873660541041385e-106 2.479684075878565e-106 9.394098722807848e-107 3.4710862457077706e-107 1.249119939944878e-107 4.36134192274582e-108 1.4729145849659239e-108 4.767044913050147e-109 1.45916319488711e-109 4.105575880272029e-110 9.928757366313402e-111 1.6093862408163208e-111 -1.8806167943729555e-112 -3.5769073096399782e-112 -2.3477140929949703e-112 -1.2207996244445633e-112 -5.680304433920948e-113 -2.4675845244544138e-113 -1.0206815328632841e-113 -4.062408182034276e-114 -1.5651579797687658e-114 -5.857524161399172e-115 -2.1331926772318038e-115 -7.563723686363778e-116 -2.6095099076933595e-116 -8.743242695224235e-117 -2.83474694745529e-117 -8.83851407468914e-118 -2.621245859752171e-118 -7.245901418701392e-119 -1.7852981011824108e-119 -3.4406547429647106e-120 -1.9077678469415523e-121 2.869021859457607e-121 2.1973764506989875e-121 1.1574134236699211e-121 5.264172923050951e-122 2.2030297395635808e-122 8.712805450686975e-123 3.3017126666365735e-123 1.211236279391601e-123 4.431989170154762e-124 1.9610252714350298e-124 
-0.10125874650303944 -0.06955042876440462 -0.06223926881241489 -0.055995973865773235 -0.05057840634145485 -0.03929339502563018 2.239551166483578e-05 1.483071959028515e-08 -4.85448308018312e-12 -3.1915914844342463e-15 -1.895740023821192e-18 -5.427420700441507e-20 -1.016758061815689e-21 -1.4454100546186075e-23 -7.815279701765559e-26 4.887141739990632e-27 2.8384074156505358e-28 1.0975623007170048e-29 3.7177609878243846e-31 1.1895012715669972e-32 3.7128729636840685e-34 1.1485586864991196e-35 3.542951040217317e-37 1.0869727385383874e-38 3.2657787213480213e-40 9.189358235653797e-42 2.0832414855335335e-43 5.85986677291382e-46 -4.179070904827484e-46 -4.507293101997844e-47 -3.782747558013502e-48 -2.9795093354348626e-49 -2.3295380696140266e-50 -1.8506031103444067e-51 -1.509370186718787e-52 -1.2681439601271172e-53 -1.0951814352000496e-54 -9.638273502737932e-56 -8.476054376115411e-57 -7.11726706398449e-58 -4.974773028018822e-59 -9.030782642346668e-61 7.497878831207887e-61 2.546335524963416e-61 6.476185444328232e-62 1.5258305607335426e-62 3.5345519864818734e-63 8.246465181026797e-64 1.9595309192220608e-64 4.7666865037411085e-65 1.1891472264142946e-65 3.0410799619067184e-66 7.955249791887284e-67 2.1204722213693044e-67 5.7249343171702904e-68 1.5513833832861822e-68 4.158361749227759e-69 1.0738283178618566e-69 2.521796434118529e-70 4.478081809123765e-71 -8.417859521652123e-73 -6.985074421254019e-72 -5.289640723956605e-72 -3.102025189038322e-72 -1.6473963596884426e-72 -8.320698180107905e-73 -4.0821942147329875e-73 -1.9659433438330835e-73 -9.34651210862957e-74 -4.4001923751052974e-74 -2.054705454697211e-74 -9.52277600373465e-75 -4.3798587812728017e-75 -2.00014921137279e-75 -9.065452926740097e-76 -4.073972798177975e-76 -1.8128097983153635e-76 -7.972587608062946e-77 -3.457245325942989e-77 -1.4733755233533746e-77 -6.142818045623738e-78 -2.488367480570739e-78 -9.686808069832996e-79 -3.5535098447436195e-79 -1.1792452313745223e-79 -3.1626111570963607e-80 -3.4852879950918256e-81 3.7235286282128327e-81 4.237500138281348e-81 3.125224425954078e-81 1.9760889126102602e-81 1.150538775378022e-81 6.353913434086053e-82 3.3765141382107723e-82 1.7415531447287562e-82 8.763644703853746e-83 4.314724020216271e-83 2.083708636456732e-83 9.88106108288409e-84 4.604354780056789e-84 2.1085471110004367e-84 9.490218744396105e-85 4.1941213545506777e-85 1.8184597734785413e-85 7.718714828279582e-86 3.198227664847207e-86 1.2878472242985438e-86 5.0089581947139975e-87 1.8609731210674266e-87 6.457598353427255e-88 2.0095173087275027e-88 4.9045267831488785e-89 3.54112370995252e-90 -6.493848088589463e-90 -6.370433564400785e-90 -4.2949579049983645e-90 -2.503359599566253e-90 -1.3475115334921093e-90 -6.86691593297864e-91 -3.367067794215471e-91 -1.5996032231430783e-91 -7.397025709345001e-92 -3.3401496361209694e-92 -1.4753608803532448e-92 -6.381619039739789e-93 -2.7033729004788486e-93 -1.120581887156147e-93 -4.546853706058224e-94 -1.8020381987861112e-94 -6.955175942374363e-95 -2.6023272922010088e-95 -9.370048170185427e-96 -3.206237001047907e-96 -1.0180310225540681e-96 -2.841485273923778e-97 -5.854154691207959e-98 4.72604385358447e-100 1.0238396747679963e-98 8.203499733559683e-99 4.913192898008037e-99 2.5941010312196454e-99 1.2719624989727909e-99 5.927279964925621e-100 2.656994117747684e-100 1.153655263097748e-100 4.872518727220768e-101 2.0059086527562062e-101 8.066729089114243e-102 3.1706125527068274e-102 1.2169423544121774e-102 4.555150546286195e-103 1.659036642381586e-103 5.856047690516562e-104 1.9902105519283667e-104 6.439452002084078e-105 1.9426708571243163e-105 5.218948117025378e-106 1.087950340271822e-106 5.674814978695777e-108 -1.1645880805188383e-107 -9.604930999394591e-108 -5.532627576138373e-108 -2.7612010244754904e-108 -1.2715834623240393e-108 -5.541036964670032e-109 -2.317385979025296e-109 -9.368164350759364e-110 -3.6767245846592317e-110 -1.404504591689406e-110 -5.2283837610337676e-111 -1.8971086655541615e-111 -6.6963338273685565e-112 -2.2979005380511525e-112 -7.631599723033231e-113 -2.436572542320212e-113 -7.392650416067538e-114 -2.0852870817126612e-114 -5.209039497195872e-115 -9.932143548196095e-116 -3.049324216140774e-117 1.0637939020490874e-116 7.903673834157545e-117 4.210647119496721e-117 1.955491272365933e-117 8.388238469450621e-118 3.4069369381943667e-118 1.3272360129152155e-118 4.994310334078393e-119 1.8227230707795617e-119 6.465708040863882e-120 2.2308683593006028e-120 7.482667418823731e-121 2.4351595384232437e-121 7.660590302591268e-122 2.3142812338891501e-122 6.636549862740715e-123 1.7662245061233318e-123 4.133142069783683e-124 6.913534754337336e-125 -5.6377402670362814e-126 
1900 1 21 0 0 0
15.491245878337853 15.4906123869663 15.487665413282608 15.487031629568389 15.486521050394535 15.483591197629618 13.930797829546513 13.298222525774165 12.787107796926298 12.280981497329032 12.02502250410452 12.01756754852707 12.013661424041993 12.010640236372288 12.008287424186785 12.006454959680152 12.00502775182212 12.003916167922512 12.003050400832313 12.002376083675806 12.001850874590643 12.001441796911038 12.001123167691821 12.000874984416797 12.000681668570083 12.000531087115515 12.000413790410292 12.000322418696246 12.000251239857864 12.000195789429348 12.000152590226383 12.000118933990906 12.000092711327602 12.000072279264181 12.000056358098615 12.000043951059165 12.000034281739458 12.000026745366762 12.000020870848548 12.000016291213276 12.000012720589462 12.000009936271585 12.00000776475829 12.00000607087249 12.000004749290103 12.000003717941278 12.000002912870464 12.000002284233892 12.000001793181143 12.00000140942817 12.000001109365677 12.000000874585917 12.000000690736671 12.000000546628623 12.000000433538105 12.000000344665885 12.00000027471242 12.00000021954969 12.000000175961192 12.00000014144092 12.000000114035458 12.00000009222173 12.000000074810925 12.000000060873418 12.000000049682445 12.000000040667684 12.000000033382245 12.000000027474464 12.00000002266732 12.000000018742474 12.00000001552718 12.000000012884206 12.00000001070512 12.000000008905257 12.000000007415167 12.00000000617914 12.000000005151897 12.000000004296622 12.000000003583512 12.000000002988337 12.00000000249119 12.000000002075621 12.000000001728216 12.000000001437682 12.000000001194856 12.000000000991875 12.000000000822395 12.000000000680945 12.000000000563038 12.000000000464851 12.000000000383162 12.00000000031533 12.000000000259083 12.000000000212506 12.00000000017399 12.000000000142233 12.000000000116074 12.00000000009458 12.00000000007692 12.000000000062464 12.000000000050628 12.000000000040965 12.000000000033097 12.000000000026688 12.000000000021501 12.00000000001729 12.000000000013882 12.000000000011118 12.000000000008885 12.000000000007086 12.00000000000565 12.000000000004496 12.00000000000357 12.000000000002832 12.000000000002247 12.000000000001773 12.0000000000014 12.000000000001103 12.000000000000874 12.000000000000687 12.00000000000054 12.000000000000417 12.000000000000329 12.000000000000258 12.000000000000203 12.000000000000167 12.000000000000135 12.000000000000112 12.000000000000094 12.000000000000076 12.00000000000006 12.000000000000044 12.000000000000032 12.000000000000028 12.000000000000025 12.00000000000002 12.000000000000016 12.000000000000018 12.000000000000014 12.00000000000001 12.000000000000009 12.000000000000009 12.000000000000016 12.000000000000012 12.000000000000021 12.000000000000028 12.000000000000036 12.000000000000039 12.000000000000037 12.000000000000039 12.00000000000005 12.000000000000059 12.000000000000071 12.00000000000008 12.000000000000094 12.000000000000114 12.000000000000137 12.00000000000016 12.00000000000018 12.000000000000203 12.000000000000222 12.000000000000245 12.000000000000265 12.000000000000282 12.000000000000306 12.000000000000323 12.00000000000034 12.000000000000362 12.000000000000378 12.000000000000396 12.000000000000412 12.000000000000425 12.000000000000437 12.000000000000448 12.000000000000458 12.000000000000464 12.000000000000469 12.000000000000473 12.00000000000047 12.000000000000464 12.000000000000462 12.00000000000046 12.000000000000458 12.000000000000457 12.000000000000448 12.000000000000444 12.000000000000439 12.000000000000442 12.00000000000044 12.000000000000444 12.000000000000446 12.00000000000045 12.000000000000462 12.000000000000481 12.000000000000494 12.0000000000005 12.000000000000497 12.000000000000501 12.000000000000503 12.000000000000501 
34.999999999999915 34.999999999999915 34.999999999999915 34.99999999999992 34.999999999999915 34.999999999999936 34.999999999999936 35.000000000000114 34.99999999999993 34.999999999999986 35.00000000000009 34.99999999999989 34.99999999999993 35.00000000000005 35.000000000000085 35.00000000000002 35.00000000000008 34.99999999999989 34.9999999999998 34.99999999999973 34.99999999999989 34.9999999999999 35.00000000000001 35.00000000000001 34.99999999999999 35.000000000000135 35.00000000000003 34.999999999999986 34.999999999999964 34.99999999999992 35.0 34.99999999999996 35.00000000000017 35.00000000000016 35.00000000000013 35.00000000000006 35.00000000000007 34.99999999999996 34.999999999999964 35.00000000000008 35.000000000000135 35.00000000000006 34.99999999999999 34.999999999999936 34.99999999999994 35.00000000000001 35.00000000000007 35.00000000000011 35.00000000000007 35.00000000000003 34.99999999999996 34.999999999999964 35.00000000000003 34.99999999999999 34.99999999999991 34.99999999999989 34.999999999999886 34.99999999999991 34.999999999999936 34.99999999999993 34.99999999999993 34.9999999999999 34.9999999999999 34.999999999999915 34.999999999999886 34.99999999999988 34.999999999999915 34.99999999999995 34.99999999999995 34.99999999999996 34.99999999999997 34.99999999999999 34.99999999999999 34.99999999999998 34.99999999999997 34.99999999999999 34.99999999999998 34.99999999999998 35.00000000000003 35.00000000000003 35.00000000000002 35.00000000000003 35.000000000000036 35.00000000000004 35.000000000000036 35.00000000000002 35.000000000000036 35.00000000000003 35.000000000000036 35.00000000000005 35.000000000000064 35.000000000000064 35.00000000000006 35.00000000000004 35.00000000000002 35.00000000000002 35.000000000000014 35.00000000000003 35.00000000000003 35.000000000000036 35.00000000000006 35.000000000000064 35.00000000000005 35.00000000000003 35.00000000000002 35.000000000000014 35.00000000000001 34.999999999999986 35.0 35.000000000000014 35.00000000000003 35.00000000000003 35.00000000000004 35.000000000000036 35.00000000000004 35.000000000000036 35.000000000000036 35.00000000000006 35.00000000000005 35.000000000000064 35.00000000000007 35.00000000000006 35.00000000000005 35.000000000000064 35.00000000000007 35.0000000000001 35.0000000000001 35.000000000000114 35.00000000000012 35.00000000000012 35.0000000000001 35.00000000000008 35.00000000000007 35.00000000000008 35.00000000000008 35.00000000000005 35.00000000000005 35.000000000000064 35.00000000000006 35.00000000000005 35.00000000000004 35.000000000000036 35.00000000000005 35.00000000000006 35.000000000000085 35.00000000000011 35.000000000000114 35.00000000000013 35.00000000000012 35.00000000000012 35.000000000000135 35.00000000000016 35.000000000000206 35.00000000000023 35.00000000000026 35.00000000000033 35.00000000000041 35.000000000000476 35.00000000000055 35.0000000000006 35.00000000000065 35.000000000000696 35.00000000000076 35.00000000000082 35.000000000000895 35.00000000000094 35.00000000000098 35.00000000000103 35.00000000000107 35.00000000000112 35.00000000000117 35.000000000001215 35.00000000000125 35.000000000001265 35.000000000001286 35.000000000001315 35.00000000000133 35.00000000000134 35.00000000000134 35.00000000000133 35.00000000000131 35.00000000000129 35.00000000000129 35.000000000001286 35.000000000001265 35.000000000001265 35.000000000001236 35.000000000001236 35.00000000000125 35.00000000000126 35.00000000000127 35.00000000000129 35.00000000000133 35.00000000000137 35.00000000000141 35.000000000001435 35.000000000001435 35.000000000001435 35.000000000001435 35.000000000001435 
0.09833157012552934 -0.006201265016202676 -0.01488859593978999 -0.020711206431844324 -0.02487237050477755 -0.031623090313060355 -3.505275347186745e-05 1.0640568001330267e-08 6.632377546630034e-12 -2.1557679072238418e-15 -1.6402659039496558e-18 2.7939217634899387e-21 2.6823237695226085e-22 1.1848943271488216e-23 4.0826676443604696e-25 1.2495347498636112e-26 3.5767008688027583e-28 9.824975790204674e-30 2.624579402212768e-31 6.845876067257965e-33 1.7316112528076932e-34 4.132658563857339e-36 8.529760043018066e-38 9.693761472556067e-40 -4.3947166695459894e-41 -4.9775407376303785e-42 -3.4467837371283266e-43 -2.1286665463164045e-44 -1.2772360226247797e-45 -7.695490981702951e-47 -4.7258944045352146e-48 -2.975807596346617e-49 -1.920465475091994e-50 -1.2608109075532663e-51 -8.261857417794273e-53 -5.159922638966996e-54 -2.6598193564166855e-55 -2.7758196942168377e-57 2.4620006083828585e-57 6.1795925990427535e-58 1.1867344272594689e-58 2.1297288455685144e-59 3.78316369149259e-60 6.810397104640879e-61 1.2560363104591705e-61 2.3846783451999848e-62 4.6664084939254734e-63 9.398210746634539e-64 1.940516200360049e-64 4.0790364961058715e-65 8.626128764220691e-66 1.7965867107885062e-66 3.5255881717559796e-67 5.761834755599046e-68 3.4453270436367643e-69 -3.4014421512798686e-69 -2.583202258092076e-69 -1.3670932334068694e-69 -6.46106608550322e-70 -2.910696930439975e-70 -1.2826993957644255e-70 -5.5973416431597854e-71 -2.433523030907631e-71 -1.0573336792542048e-71 -4.597146194293135e-72 -2.000706576429167e-72 -8.71210986338701e-73 -3.792452088204165e-73 -1.6482244610368126e-73 -7.140053146479984e-74 -3.076747504171601e-74 -1.3153985094757584e-74 -5.560553200871197e-75 -2.3164783017051336e-75 -9.456548074628744e-76 -3.750212309028741e-76 -1.423945191779664e-76 -5.037213634113771e-77 -1.558762542832361e-77 -3.386694042288527e-78 3.182868074324044e-79 1.0694404926585009e-78 9.418946623117256e-79 6.503018898547318e-79 4.0261188566394713e-79 2.3387283357006042e-79 1.3013903011564147e-79 7.014120585330624e-80 3.685836291559489e-80 1.8958467062591044e-80 9.570147941550118e-81 4.749156294470068e-81 2.3194353493812155e-81 1.115305612446667e-81 5.28023576988141e-82 2.4613540974170305e-82 1.128796300315586e-82 5.088846838709698e-83 2.2506165438202617e-83 9.74591213382704e-84 4.1158830938228275e-84 1.6868427018138427e-84 6.652757352210171e-85 2.4861344448870935e-85 8.564471221491592e-86 2.5336360214658404e-86 4.952337928096275e-87 -8.431937730369076e-88 -1.808441762569061e-87 -1.462334853610527e-87 -9.457865657831529e-88 -5.501048940602031e-88 -2.999860887302639e-88 -1.5622929818122008e-88 -7.866665023529018e-89 -3.844171236977527e-89 -1.8354748866594914e-89 -8.559863440909728e-90 -3.9163568755440433e-90 -1.754407403154482e-90 -7.717823601126807e-91 -3.329244983077175e-91 -1.4067281632614684e-91 -5.8140082683568034e-92 -2.3443661139692666e-92 -9.174864271863576e-93 -3.47115108956631e-93 -1.255153928689619e-93 -4.2558200154386897e-94 -1.29982012176869e-94 -3.199906442891454e-95 -3.289717658422992e-96 3.050582489180543e-96 3.164599054651093e-96 2.1076926660069397e-96 1.197882556332813e-96 6.246986383925467e-97 3.079143376918414e-97 1.4559603571190737e-97 6.65996409789417e-98 2.9620111898436646e-98 1.2848102773956442e-98 5.44545746107068e-99 2.2575339681278938e-99 9.14280401071917e-100 3.6230651474932344e-100 1.4012364830446978e-100 5.2767917927981744e-101 1.9267358575683136e-101 6.7754887976984646e-102 2.2685922699429564e-102 7.0763900993454485e-103 1.9611180332121147e-103 4.1882968006501615e-104 1.826496329805077e-105 -5.1838881792332685e-105 -4.346505111659374e-105 -2.5851956889536487e-105 -1.3383879903308969e-105 -6.401236669014816e-106 -2.901802110229933e-106 -1.2620646280988122e-106 -5.313345905068517e-107 -2.1737510249501747e-107 -8.66132469540376e-108 -3.366726288474589e-108 -1.2769570206965696e-108 -4.723344434143808e-109 -1.701189729312682e-109 -5.941435259887105e-110 -2.004908767446512e-110 -6.475202411616048e-111 -1.9700380603259076e-111 -5.4687214536675105e-112 -1.2777348507047806e-112 -1.7819992134725904e-113 4.665558721572008e-114 5.8957648031372986e-114 3.676773568673341e-114 1.8785719229845863e-114 8.677397255599962e-115 3.7591631066860347e-115 1.5543327922286816e-115 6.1926402892152e-116 2.3903544273094322e-116 8.966998411827866e-117 3.2739173222145745e-117 1.164045803287925e-117 4.026527611297066e-118 1.3521021795310184e-118 4.3901629255268705e-119 1.3689005867696746e-119 4.04989363722532e-120 1.1108111679433708e-120 2.6806427405712883e-121 4.811070338115743e-122 1.3552274166569258e-124 -5.962948647813859e-123 -4.429130096480727e-123 -3.0096266053890174e-123 
-0.1012704816225775 -0.06956203793876375 -0.06225059844877119 -0.0560070661092297 -0.050585305419393364 -0.03924056630679487 2.223272354890336e-05 1.4675070601164263e-08 -4.800894644874984e-12 -2.8527976597974854e-15 2.4326524093556506e-18 3.6254744917101644e-20 8.60050845171574e-22 1.9375123125467562e-23 3.9742502399110915e-25 7.171979162372013e-27 9.900908261026342e-29 1.9142114383628257e-31 -6.15275603140771e-32 -3.554812516423033e-33 -1.5383460516687416e-34 -6.062107333853913e-36 -2.310372580916024e-37 -8.743006557467053e-39 -3.3260708049577398e-40 -1.276941052778294e-41 -4.926365746093029e-43 -1.8783937775452034e-44 -6.7688734405848e-46 -1.9919386610659605e-47 -9.91155022823293e-50 6.327862024912218e-50 8.99615472008965e-51 9.877902287864568e-52 1.0176284363912685e-52 1.0414230694549944e-53 1.0839836241876658e-54 1.159885270225454e-55 1.2809534379089759e-56 1.4590244001987714e-57 1.7046805544844827e-58 2.0183548567327016e-59 2.3615306039102836e-60 2.5732136963739282e-61 2.134600329571421e-62 -4.910934460987537e-64 -9.723797040214401e-64 -3.820769252497285e-64 -1.2237256112580322e-64 -3.6866226825125464e-65 -1.093714331299505e-65 -3.258332742705525e-66 -9.838491027260053e-67 -3.024046450371963e-67 -9.476989956985005e-68 -3.02775260715254e-68 -9.848001543040964e-69 -3.2532886807485005e-69 -1.0878778961248453e-69 -3.665675315955457e-70 -1.2370238902013763e-70 -4.144576943285921e-71 -1.3604297086239125e-71 -4.2750817017852754e-72 -1.2258136690429737e-72 -2.7911779466760768e-73 -1.5800504521405242e-74 3.844888832692317e-74 3.6696365450845724e-74 2.4945262871282036e-74 1.4950400683003426e-74 8.390585740635297e-75 4.521621730293068e-75 2.371235130362737e-75 1.218934932453321e-75 6.168085907741028e-76 3.080118655153348e-76 1.5200481279538034e-76 7.419232278086193e-77 3.582868797742582e-77 1.711712767849969e-77 8.08706084307622e-78 3.7758733904826175e-78 1.7404348636893341e-78 7.908577961078877e-79 3.5355830652997683e-79 1.5507897530355836e-79 6.6475589031651676e-80 2.768537096502884e-80 1.1096632183305386e-80 4.211052274353886e-81 1.4646449646786115e-81 4.302099876008568e-82 7.51174787806351e-83 -2.6058376809561966e-83 -4.1304777509008996e-83 -3.290586964499292e-83 -2.1601250620546075e-83 -1.2876416273219304e-83 -7.231592518003412e-84 -3.892425157266852e-84 -2.0283549236819002e-84 -1.0294448307721233e-84 -5.1043465769682656e-85 -2.4812975740618597e-85 -1.1829250402063193e-85 -5.538533334725692e-86 -2.547301119916641e-86 -1.1511257131844424e-86 -5.1044931103454715e-87 -2.2206991506136007e-87 -9.46205401338595e-88 -3.937834505207618e-88 -1.5918830102428418e-88 -6.225741609888445e-89 -2.3228561000853707e-89 -8.137645918578673e-90 -2.558699060951087e-90 -6.45490115123217e-91 -6.259317631517634e-92 7.144888746743591e-92 7.470186010886442e-92 5.128524193931517e-92 3.018698657851302e-92 1.63394104486224e-92 8.359742773120726e-93 4.110618984608018e-93 1.9571710547632093e-93 9.068202050174419e-94 4.1013029038888805e-94 1.8140698924167175e-94 7.855491405340317e-95 3.331462036163476e-95 1.3832963078649586e-95 5.618183485189731e-96 2.2279197134973628e-96 8.601135692096172e-97 3.2176780721987156e-97 1.1576283535178416e-97 3.953208971462797e-98 1.2495895989782316e-98 3.450160428490172e-99 6.846013958530509e-100 -2.8438853679547128e-101 -1.3889814160529364e-100 -1.078161162667591e-100 -6.394375723735943e-101 -3.362777646964301e-101 -1.6462053430467587e-101 -7.667778181722855e-102 -3.4382397791750946e-102 -1.4938837357522504e-102 -6.31475798382442e-103 -2.6040451722536695e-103 -1.0485883147847041e-103 -4.125359942683317e-104 -1.583428165272928e-104 -5.930128588732992e-105 -2.1601692372246048e-105 -7.620431263429849e-106 -2.585337717827513e-106 -8.322574671927638e-107 -2.4876433184084745e-107 -6.543276778375554e-108 -1.2779259601492045e-108 -7.177207627359199e-112 1.8832629011983144e-109 1.427139297712791e-109 8.024888175386912e-110 3.965673959080891e-110 1.8182883325291928e-110 7.914218971823785e-111 3.3097344969705456e-111 1.339121791454626e-111 5.263265281304776e-112 2.0141459686993236e-112 7.512149179385161e-113 2.730525059770147e-113 9.661381769013313e-114 3.3195570053364374e-114 1.102818620693479e-114 3.516773983365002e-115 1.0627233747870076e-115 2.9683962714043784e-116 7.235170218715236e-117 1.2681758491951025e-117 -4.3431297579078317e-119 -1.9664407268252672e-118 -1.3422823653443291e-118 -6.979675943943794e-119 -3.211823136278191e-119 -1.3733835297239394e-119 -5.577677565296308e-120 -2.1762495141842744e-120 -8.211211104329395e-121 -3.005065680874469e-121 -1.0700919243656264e-121 -3.715726153031039e-122 -1.286005906587912e-122 -5.3564704696774765e-123 
