20
2.5 7.5 12.5 17.5 22.5 27.5 32.5 37.5 42.5 47.5 52.5 57.5 62.5 67.5 72.5 77.5 82.5 87.5 92.5 97.5 102.5 107.5 112.5 117.5 122.5 127.5 132.5 137.5 142.5 147.5 152.5 157.5 162.5 167.5 172.5 177.5 182.5 187.5 192.5 197.5 202.5 207.5 212.5 217.5 222.5 227.5 232.5 237.5 242.5 247.5 252.5 257.5 262.5 267.5 272.5 277.5 282.5 287.5 292.5 297.5 302.5 307.5 312.5 317.5 322.5 327.5 332.5 337.5 342.5 347.5 352.5 357.5 362.5 367.5 372.5 377.5 382.5 387.5 392.5 397.5 402.5 407.5 412.5 417.5 422.5 427.5 432.5 437.5 442.5 447.5 452.5 457.5 462.5 467.5 472.5 477.5 482.5 487.5 492.5 497.5 502.5 507.5 512.5 517.5 522.5 527.5 532.5 537.5 542.5 547.5 552.5 557.5 562.5 567.5 572.5 577.5 582.5 587.5 592.5 597.5 602.5 607.5 612.5 617.5 622.5 627.5 632.5 637.5 642.5 647.5 652.5 657.5 662.5 667.5 672.5 677.5 682.5 687.5 692.5 697.5 702.5 707.5 712.5 717.5 722.5 727.5 732.5 737.5 742.5 747.5 752.5 757.5 762.5 767.5 772.5 777.5 782.5 787.5 792.5 797.5 802.5 807.5 812.5 817.5 822.5 827.5 832.5 837.5 842.5 847.5 852.5 857.5 862.5 867.5 872.5 877.5 882.5 887.5 892.5 897.5 902.5 907.5 912.5 917.5 922.5 927.5 932.5 937.5 942.5 947.5 952.5 957.5 962.5 967.5 972.5 977.5 982.5 987.5 992.5 997.5 
1900 1 2 0 0 0
14.963662896626271 14.966112742490159 14.967241311493614 14.967601815565565 14.758110671506424 14.250030214332636 13.74999931616561 13.24999927775588 12.749999268910708 12.250104329775748 12.000130421248947 12.000000665766706 12.00000003425245 12.000000006075453 12.000000001937003 12.000000000802101 12.000000000374014 12.000000000181805 12.000000000086164 12.000000000039085 12.000000000016856 12.000000000006905 12.000000000002688 12.000000000000997 12.000000000000368 12.000000000000135 12.000000000000046 12.000000000000025 12.0 12.0 11.999999999999996 11.999999999999998 11.999999999999993 12.0 12.0 12.000000000000002 12.0 12.000000000000002 12.000000000000004 11.999999999999996 11.999999999999995 12.0 12.000000000000012 12.000000000000002 12.000000000000005 12.000000000000002 11.999999999999998 11.999999999999998 12.000000000000005 12.0 11.999999999999984 11.999999999999991 11.999999999999991 12.0 12.0 11.999999999999988 11.999999999999993 12.000000000000002 12.0 12.0 12.0 12.000000000000002 12.000000000000004 12.000000000000023 12.000000000000028 12.000000000000028 12.000000000000027 12.000000000000016 12.000000000000002 12.000000000000009 12.0 11.999999999999995 11.999999999999996 12.000000000000005 12.000000000000002 12.000000000000002 12.0 11.999999999999998 11.999999999999984 11.999999999999972 11.999999999999972 11.999999999999991 12.0 11.999999999999998 12.0 12.000000000000002 12.0 12.000000000000004 12.0 12.0 11.999999999999998 12.000000000000018 12.000000000000025 12.000000000000005 12.000000000000005 11.999999999999993 12.0 12.0 11.999999999999998 11.999999999999998 12.000000000000004 12.000000000000007 12.000000000000002 12.0 12.000000000000002 12.0 12.0 12.0 12.000000000000002 12.0 11.999999999999996 11.999999999999998 12.0 12.000000000000007 12.000000000000009 11.99999999999999 11.999999999999998 11.999999999999998 12.000000000000012 12.000000000000007 11.999999999999993 11.999999999999986 11.999999999999991 11.999999999999982 11.999999999999972 11.999999999999972 11.999999999999986 12.000000000000004 12.0 12.000000000000002 12.000000000000002 12.0 12.0 11.999999999999993 11.999999999999988 11.999999999999977 11.999999999999995 12.000000000000005 12.000000000000002 12.0 12.000000000000002 12.0 12.000000000000004 12.000000000000002 12.0 12.000000000000002 12.000000000000004 11.999999999999998 11.999999999999996 12.0 11.999999999999986 11.999999999999972 11.999999999999998 11.999999999999984 11.999999999999972 11.999999999999966 11.999999999999982 11.999999999999991 12.000000000000002 12.0 12.000000000000004 11.999999999999993 11.99999999999999 12.0 12.000000000000004 12.000000000000002 11.999999999999995 11.999999999999998 12.0 12.000000000000004 12.000000000000009 12.000000000000002 11.999999999999982 11.999999999999993 12.0 12.0 11.999999999999996 12.0 12.0 11.999999999999996 11.999999999999998 12.0 12.000000000000002 12.0 11.999999999999991 11.999999999999993 11.999999999999986 11.999999999999993 11.999999999999993 11.999999999999995 12.0 12.0 12.000000000000002 12.0 12.000000000000023 12.000000000000034 12.000000000000057 12.000000000000087 12.00000000000012 12.000000000000153 
35.0 35.00000000000001 35.00000000000002 35.000000000000014 34.99999999999998 34.99999999999984 35.00000000000049 35.00000000000074 35.0000000000007 34.999999999999936 34.99999999999971 35.00000000000001 35.000000000000156 35.00000000000002 34.99999999999999 34.99999999999998 34.999999999999964 34.99999999999997 35.00000000000001 35.0 34.99999999999999 34.99999999999999 35.00000000000003 35.000000000000036 35.00000000000009 35.00000000000006 35.000000000000036 35.00000000000002 35.00000000000001 35.0 34.99999999999994 34.99999999999994 34.99999999999995 34.99999999999996 34.99999999999999 35.000000000000036 35.00000000000006 35.00000000000005 35.00000000000002 34.999999999999964 34.99999999999996 34.999999999999964 35.000000000000014 35.000000000000014 35.000000000000036 35.0 34.99999999999997 34.99999999999992 34.99999999999994 34.99999999999996 34.99999999999992 34.99999999999995 34.99999999999995 35.00000000000001 35.000000000000014 35.000000000000014 35.00000000000003 35.00000000000008 35.000000000000064 35.00000000000004 35.00000000000004 35.00000000000004 35.000000000000036 35.00000000000003 35.000000000000014 35.00000000000004 35.00000000000004 35.00000000000004 35.000000000000014 35.0 34.99999999999998 34.9999999999999 34.999999999999915 34.99999999999998 34.99999999999996 34.99999999999996 34.99999999999999 34.999999999999964 34.999999999999915 34.999999999999915 34.999999999999915 34.99999999999991 34.9999999999999 34.99999999999992 34.999999999999915 34.99999999999992 34.99999999999997 35.00000000000004 35.000000000000036 35.00000000000002 35.00000000000001 35.00000000000005 35.00000000000007 35.00000000000002 34.99999999999999 34.99999999999995 34.999999999999986 34.999999999999964 34.99999999999997 34.99999999999995 34.99999999999996 35.00000000000001 35.000000000000014 34.99999999999997 34.999999999999964 34.99999999999995 34.99999999999996 34.99999999999995 34.99999999999996 34.99999999999997 34.999999999999986 34.999999999999964 34.99999999999996 34.99999999999999 35.0 34.99999999999999 35.0 35.0 35.00000000000005 35.00000000000001 34.999999999999915 34.99999999999992 34.99999999999995 34.99999999999997 34.999999999999964 34.99999999999998 34.99999999999998 35.00000000000001 35.000000000000014 35.000000000000014 35.00000000000006 35.00000000000004 35.000000000000036 34.999999999999986 34.999999999999964 34.999999999999915 34.99999999999994 34.99999999999995 34.99999999999989 34.999999999999844 34.999999999999915 34.99999999999995 34.999999999999986 34.99999999999995 34.999999999999986 34.99999999999999 34.99999999999999 34.99999999999995 34.99999999999993 34.99999999999992 34.99999999999994 34.99999999999993 34.99999999999997 34.99999999999996 34.99999999999997 34.99999999999996 34.99999999999998 34.999999999999936 34.99999999999997 34.999999999999915 34.99999999999994 34.99999999999992 34.999999999999915 34.99999999999992 34.999999999999964 34.999999999999936 34.999999999999936 34.99999999999998 35.00000000000002 35.00000000000006 35.00000000000007 35.0 34.99999999999996 34.999999999999964 34.99999999999999 35.000000000000014 34.999999999999986 35.00000000000002 35.00000000000003 35.00000000000003 35.000000000000014 35.00000000000001 35.00000000000001 34.999999999999986 34.999999999999986 34.999999999999964 34.99999999999998 34.99999999999998 34.99999999999997 34.999999999999964 34.999999999999964 35.000000000000036 35.000000000000036 35.00000000000003 35.000000000000085 35.00000000000017 35.000000000000185 35.000000000000284 35.0000000000004 35.00000000000049 
0.0 0.0 0.0 0.0 0.0 0.0 0.0 0.0 0.0 0.0 0.0 0.0 0.0 0.0 0.0 0.0 0.0 0.0 0.0 0.0 0.0 0.0 0.0 0.0 0.0 0.0 0.0 0.0 0.0 0.0 0.0 0.0 0.0 0.0 0.0 0.0 0.0 0.0 0.0 0.0 0.0 0.0 0.0 0.0 0.0 0.0 0.0 0.0 0.0 0.0 0.0 0.0 0.0 0.0 0.0 0.0 0.0 0.0 0.0 0.0 0.0 0.0 0.0 0.0 0.0 0.0 0.0 0.0 0.0 0.0 0.0 0.0 0.0 0.0 0.0 0.0 0.0 0.0 0.0 0.0 0.0 0.0 0.0 0.0 0.0 0.0 0.0 0.0 0.0 0.0 0.0 0.0 0.0 0.0 0.0 0.0 0.0 0.0 0.0 0.0 0.0 0.0 0.0 0.0 0.0 0.0 0.0 0.0 0.0 0.0 0.0 0.0 0.0 0.0 0.0 0.0 0.0 0.0 0.0 0.0 0.0 0.0 0.0 0.0 0.0 0.0 0.0 0.0 0.0 0.0 0.0 0.0 0.0 0.0 0.0 0.0 0.0 0.0 0.0 0.0 0.0 0.0 0.0 0.0 0.0 0.0 0.0 0.0 0.0 0.0 0.0 0.0 0.0 0.0 0.0 0.0 0.0 0.0 0.0 0.0 0.0 0.0 0.0 0.0 0.0 0.0 0.0 0.0 0.0 0.0 0.0 0.0 0.0 0.0 0.0 0.0 0.0 0.0 0.0 0.0 0.0 0.0 0.0 0.0 0.0 0.0 0.0 0.0 0.0 0.0 0.0 0.0 0.0 0.0 0.0 0.0 0.0 0.0 0.0 0.0 
0.0 0.0 0.0 0.0 0.0 0.0 0.0 0.0 0.0 0.0 0.0 0.0 0.0 0.0 0.0 0.0 0.0 0.0 0.0 0.0 0.0 0.0 0.0 0.0 0.0 0.0 0.0 0.0 0.0 0.0 0.0 0.0 0.0 0.0 0.0 0.0 0.0 0.0 0.0 0.0 0.0 0.0 0.0 0.0 0.0 0.0 0.0 0.0 0.0 0.0 0.0 0.0 0.0 0.0 0.0 0.0 0.0 0.0 0.0 0.0 0.0 0.0 0.0 0.0 0.0 0.0 0.0 0.0 0.0 0.0 0.0 0.0 0.0 0.0 0.0 0.0 0.0 0.0 0.0 0.0 0.0 0.0 0.0 0.0 0.0 0.0 0.0 0.0 0.0 0.0 0.0 0.0 0.0 0.0 0.0 0.0 0.0 0.0 0.0 0.0 0.0 0.0 0.0 0.0 0.0 0.0 0.0 0.0 0.0 0.0 0.0 0.0 0.0 0.0 0.0 0.0 0.0 0.0 0.0 0.0 0.0 0.0 0.0 0.0 0.0 0.0 0.0 0.0 0.0 0.0 0.0 0.0 0.0 0.0 0.0 0.0 0.0 0.0 0.0 0.0 0.0 0.0 0.0 0.0 0.0 0.0 0.0 0.0 0.0 0.0 0.0 0.0 0.0 0.0 0.0 0.0 0.0 0.0 0.0 0.0 0.0 0.0 0.0 0.0 0.0 0.0 0.0 0.0 0.0 0.0 0.0 0.0 0.0 0.0 0.0 0.0 0.0 0.0 0.0 0.0 0.0 0.0 0.0 0.0 0.0 0.0 0.0 0.0 0.0 0.0 0.0 0.0 0.0 0.0 0.0 0.0 0.0 0.0 0.0 0.0 
1900 1 3 0 0 0
14.928854624198545 14.93087600291907 14.931277728142296 14.930339053308575 14.774142639805882 14.250029325617737 13.749998636450345 13.249998555407572 12.749998576864089 12.250208601947188 12.000260181826157 12.000001880802001 12.00000011040377 12.000000020130349 12.00000000659992 12.000000002906864 12.000000001493746 12.000000000834573 12.000000000487887 12.000000000291296 12.000000000172053 12.000000000099519 12.000000000056136 12.000000000030786 12.000000000016406 12.000000000008477 12.000000000004249 12.000000000002071 12.000000000000965 12.000000000000423 12.000000000000165 12.000000000000048 12.000000000000004 12.000000000000002 12.0 11.999999999999995 11.999999999999998 12.000000000000002 12.000000000000004 12.000000000000004 12.000000000000002 11.999999999999998 12.000000000000007 12.000000000000004 12.000000000000021 12.000000000000027 12.000000000000028 12.000000000000007 11.999999999999995 12.0 12.0 11.999999999999998 11.999999999999998 12.0 12.0 11.999999999999998 12.0 12.000000000000014 11.999999999999998 12.0 12.00000000000001 12.000000000000027 12.000000000000027 12.000000000000027 12.000000000000021 12.000000000000027 12.00000000000002 12.000000000000028 12.00000000000001 12.0 12.000000000000005 12.000000000000005 12.000000000000007 12.000000000000009 12.000000000000025 12.000000000000016 12.000000000000007 11.999999999999995 11.99999999999997 11.99999999999997 11.99999999999998 11.999999999999975 11.999999999999998 12.000000000000002 11.999999999999995 11.999999999999998 12.000000000000004 12.0 12.000000000000002 12.000000000000009 12.000000000000004 12.0 12.000000000000005 12.0 11.999999999999993 12.0 12.0 11.999999999999986 11.999999999999991 11.999999999999998 12.0 12.000000000000009 11.999999999999998 12.0 12.000000000000002 12.0 12.0 11.999999999999998 12.000000000000005 12.000000000000002 12.000000000000004 12.000000000000007 11.999999999999996 11.999999999999996 11.999999999999995 12.0 12.0 11.999999999999993 11.999999999999993 12.000000000000005 12.000000000000002 11.999999999999975 11.999999999999975 11.999999999999977 11.999999999999977 11.999999999999975 11.999999999999982 12.000000000000004 12.0 12.000000000000002 11.999999999999996 12.0 11.999999999999998 11.999999999999998 11.999999999999995 12.0 11.999999999999996 11.999999999999984 11.999999999999979 11.999999999999995 12.000000000000002 12.0 12.000000000000007 12.000000000000004 11.999999999999996 11.999999999999998 11.999999999999998 11.999999999999998 12.0 12.0 11.999999999999986 11.99999999999997 11.999999999999966 11.99999999999997 11.999999999999979 11.999999999999979 11.99999999999998 12.0 12.0 12.000000000000002 12.000000000000004 12.0 12.000000000000002 11.999999999999998 11.999999999999998 12.0 12.000000000000002 11.999999999999998 12.0 12.0 12.0 11.999999999999998 11.999999999999998 12.000000000000002 12.000000000000002 11.999999999999996 11.999999999999993 12.0 11.999999999999998 11.999999999999993 12.0 12.0 11.999999999999991 11.999999999999995 12.0 12.000000000000014 12.0 12.000000000000004 12.0 12.0 12.00000000000001 12.000000000000025 12.000000000000021 12.000000000000027 12.000000000000028 12.00000000000003 12.000000000000055 12.000000000000057 12.000000000000123 12.000000000000178 
35.00000000000004 35.00000000000005 35.00000000000005 35.00000000000006 35.00000000000003 35.00000000000003 35.00000000000153 35.0000000000014 35.00000000000122 35.000000000000384 34.999999999999474 35.00000000000001 35.00000000000014 35.00000000000003 35.00000000000003 35.00000000000011 35.00000000000008 35.00000000000006 35.000000000000036 35.00000000000001 34.999999999999986 35.00000000000003 35.00000000000004 35.00000000000008 35.000000000000085 35.00000000000008 35.00000000000004 35.000000000000036 34.99999999999999 34.99999999999995 34.99999999999994 34.999999999999915 34.99999999999987 34.99999999999996 34.99999999999995 34.99999999999997 34.99999999999999 34.99999999999997 34.99999999999997 35.000000000000014 35.0 34.999999999999986 35.000000000000014 35.00000000000003 35.00000000000003 35.00000000000005 35.00000000000007 35.00000000000001 34.999999999999986 34.999999999999964 34.999999999999964 34.99999999999997 34.99999999999996 35.000000000000014 35.00000000000005 35.00000000000003 35.000000000000036 35.00000000000006 35.000000000000036 35.00000000000003 35.00000000000006 35.000000000000064 35.000000000000036 35.00000000000003 34.99999999999998 34.99999999999998 35.00000000000001 35.00000000000002 35.000000000000014 34.99999999999999 35.00000000000003 35.00000000000005 35.00000000000001 35.00000000000001 35.000000000000036 35.00000000000003 34.999999999999986 34.999999999999964 34.999999999999865 34.999999999999865 34.999999999999886 34.99999999999986 34.99999999999987 34.9999999999999 34.99999999999987 34.9999999999999 34.999999999999936 34.99999999999989 34.99999999999989 34.999999999999915 34.999999999999936 34.99999999999991 34.99999999999993 34.99999999999992 34.99999999999994 34.99999999999996 34.99999999999994 34.99999999999993 34.99999999999993 34.99999999999999 35.0 35.000000000000036 34.999999999999986 35.0 34.99999999999999 34.99999999999995 34.99999999999994 34.999999999999964 34.99999999999999 34.99999999999996 34.99999999999992 34.999999999999964 34.99999999999996 34.99999999999995 34.99999999999994 34.99999999999994 34.99999999999998 34.999999999999964 34.99999999999998 34.99999999999999 35.00000000000001 35.00000000000001 35.00000000000002 35.00000000000004 35.000000000000064 34.99999999999997 34.99999999999998 35.0 34.999999999999986 35.0 34.99999999999999 35.00000000000002 35.00000000000001 34.999999999999964 34.99999999999991 34.99999999999989 34.99999999999988 34.999999999999844 34.99999999999984 34.999999999999865 34.99999999999989 34.999999999999936 34.999999999999986 35.0 35.00000000000003 35.00000000000003 35.0 35.00000000000001 35.0 35.0 34.99999999999998 34.99999999999995 34.99999999999992 34.99999999999994 34.99999999999996 34.99999999999997 34.999999999999986 35.0 34.999999999999964 35.00000000000001 34.99999999999998 34.999999999999964 34.99999999999996 34.99999999999993 34.999999999999915 34.999999999999964 34.999999999999964 34.99999999999998 35.000000000000014 35.00000000000001 34.999999999999986 34.99999999999994 34.99999999999997 34.99999999999997 34.999999999999964 34.99999999999999 34.99999999999999 35.00000000000006 35.000000000000036 34.99999999999999 35.00000000000003 35.0 34.999999999999986 34.99999999999997 35.00000000000001 35.00000000000006 35.00000000000008 35.00000000000004 35.00000000000002 35.000000000000014 35.000000000000085 35.00000000000008 35.000000000000085 35.00000000000013 35.000000000000135 35.00000000000017 35.000000000000206 35.00000000000019 35.00000000000036 35.000000000000576 
0.0 0.0 0.0 0.0 0.0 0.0 0.0 0.0 0.0 0.0 0.0 0.0 0.0 0.0 0.0 0.0 0.0 0.0 0.0 0.0 0.0 0.0 0.0 0.0 0.0 0.0 0.0 0.0 0.0 0.0 0.0 0.0 0.0 0.0 0.0 0.0 0.0 0.0 0.0 0.0 0.0 0.0 0.0 0.0 0.0 0.0 0.0 0.0 0.0 0.0 0.0 0.0 0.0 0.0 0.0 0.0 0.0 0.0 0.0 0.0 0.0 0.0 0.0 0.0 0.0 0.0 0.0 0.0 0.0 0.0 0.0 0.0 0.0 0.0 0.0 0.0 0.0 0.0 0.0 0.0 0.0 0.0 0.0 0.0 0.0 0.0 0.0 0.0 0.0 0.0 0.0 0.0 0.0 0.0 0.0 0.0 0.0 0.0 0.0 0.0 0.0 0.0 0.0 0.0 0.0 0.0 0.0 0.0 0.0 0.0 0.0 0.0 0.0 0.0 0.0 0.0 0.0 0.0 0.0 0.0 0.0 0.0 0.0 0.0 0.0 0.0 0.0 0.0 0.0 0.0 0.0 0.0 0.0 0.0 0.0 0.0 0.0 0.0 0.0 0.0 0.0 0.0 0.0 0.0 0.0 0.0 0.0 0.0 0.0 0.0 0.0 0.0 0.0 0.0 0.0 0.0 0.0 0.0 0.0 0.0 0.0 0.0 0.0 0.0 0.0 0.0 0.0 0.0 0.0 0.0 0.0 0.0 0.0 0.0 0.0 0.0 0.0 0.0 0.0 0.0 0.0 0.0 0.0 0.0 0.0 0.0 0.0 0.0 0.0 0.0 0.0 0.0 0.0 0.0 0.0 0.0 0.0 0.0 0.0 0.0 
0.0 0.0 0.0 0.0 0.0 0.0 0.0 0.0 0.0 0.0 0.0 0.0 0.0 0.0 0.0 0.0 0.0 0.0 0.0 0.0 0.0 0.0 0.0 0.0 0.0 0.0 0.0 0.0 0.0 0.0 0.0 0.0 0.0 0.0 0.0 0.0 0.0 0.0 0.0 0.0 0.0 0.0 0.0 0.0 0.0 0.0 0.0 0.0 0.0 0.0 0.0 0.0 0.0 0.0 0.0 0.0 0.0 0.0 0.0 0.0 0.0 0.0 0.0 0.0 0.0 0.0 0.0 0.0 0.0 0.0 0.0 0.0 0.0 0.0 0.0 0.0 0.0 0.0 0.0 0.0 0.0 0.0 0.0 0.0 0.0 0.0 0.0 0.0 0.0 0.0 0.0 0.0 0.0 0.0 0.0 0.0 0.0 0.0 0.0 0.0 0.0 0.0 0.0 0.0 0.0 0.0 0.0 0.0 0.0 0.0 0.0 0.0 0.0 0.0 0.0 0.0 0.0 0.0 0.0 0.0 0.0 0.0 0.0 0.0 0.0 0.0 0.0 0.0 0.0 0.0 0.0 0.0 0.0 0.0 0.0 0.0 0.0 0.0 0.0 0.0 0.0 0.0 0.0 0.0 0.0 0.0 0.0 0.0 0.0 0.0 0.0 0.0 0.0 0.0 0.0 0.0 0.0 0.0 0.0 0.0 0.0 0.0 0.0 0.0 0.0 0.0 0.0 0.0 0.0 0.0 0.0 0.0 0.0 0.0 0.0 0.0 0.0 0.0 0.0 0.0 0.0 0.0 0.0 0.0 0.0 0.0 0.0 0.0 0.0 0.0 0.0 0.0 0.0 0.0 0.0 0.0 0.0 0.0 0.0 0.0 
1900 1 4 0 0 0
14.882006918042512 14.884209217380535 14.884841844389232 14.884623728353626 14.832548346661518 14.25004904063727 13.749997956948814 13.249997833088896 12.749997927704221 12.250312842330938 12.000389523612002 12.000003458268969 12.000000220057583 12.000000040939703 12.00000001351103 12.000000006052717 12.000000003203231 12.000000001865107 12.000000001148777 12.000000000731605 12.000000000475403 12.000000000310425 12.000000000200805 12.000000000128063 12.000000000080298 12.00000000004942 12.00000000002982 12.000000000017616 12.000000000010177 12.000000000005764 12.000000000003183 12.000000000001712 12.000000000000908 12.000000000000458 12.000000000000222 12.000000000000119 12.000000000000059 12.000000000000028 12.000000000000023 12.00000000000003 12.000000000000027 12.000000000000023 12.00000000000001 12.000000000000004 12.000000000000018 12.000000000000028 12.000000000000027 12.000000000000036 12.000000000000027 11.999999999999998 12.0 12.000000000000005 11.999999999999998 11.999999999999998 11.999999999999998 12.000000000000002 12.0 12.0 12.0 12.0 12.0 12.00000000000001 12.000000000000016 12.000000000000032 12.000000000000025 12.000000000000028 12.000000000000025 12.000000000000027 12.000000000000023 12.000000000000004 11.999999999999996 11.999999999999988 11.999999999999995 11.999999999999996 11.999999999999998 11.999999999999998 11.999999999999996 12.00000000000001 12.000000000000016 12.000000000000032 12.000000000000028 12.00000000000003 12.000000000000016 12.000000000000009 12.000000000000002 12.000000000000002 12.0 11.999999999999993 11.99999999999999 11.999999999999995 11.999999999999998 12.000000000000012 12.000000000000021 12.000000000000021 12.000000000000027 12.000000000000005 11.999999999999993 11.999999999999993 12.0 12.000000000000004 11.999999999999998 11.999999999999998 12.000000000000004 12.0 12.000000000000002 12.0 11.999999999999998 11.999999999999991 11.999999999999996 12.0 12.000000000000004 12.000000000000007 12.0 11.999999999999998 12.0 11.999999999999996 11.999999999999984 11.999999999999972 11.99999999999997 11.99999999999997 11.999999999999972 11.999999999999968 11.999999999999972 11.999999999999973 11.999999999999991 11.999999999999995 12.0 12.000000000000002 12.000000000000002 12.000000000000004 11.999999999999998 11.999999999999993 11.999999999999991 12.0 12.0 12.000000000000018 12.000000000000016 12.000000000000025 12.000000000000021 12.000000000000009 12.00000000000001 12.000000000000002 12.0 12.0 11.999999999999998 12.0 11.999999999999996 12.000000000000002 11.999999999999982 11.999999999999972 11.999999999999968 11.999999999999968 11.99999999999997 11.999999999999968 11.999999999999972 11.999999999999972 11.999999999999972 11.999999999999995 11.999999999999998 11.999999999999993 11.999999999999996 11.999999999999998 11.999999999999998 11.999999999999993 11.999999999999998 11.999999999999991 12.000000000000002 12.000000000000005 12.000000000000004 11.999999999999991 11.999999999999993 12.000000000000002 12.0 11.999999999999996 11.999999999999998 11.999999999999996 12.000000000000004 12.000000000000004 11.999999999999996 11.999999999999991 11.999999999999995 11.999999999999984 11.999999999999996 12.0 11.999999999999998 11.999999999999998 12.000000000000002 12.0 12.0 12.0 12.000000000000018 12.000000000000028 12.000000000000025 12.000000000000032 12.00000000000004 12.000000000000057 12.000000000000085 12.000000000000117 12.000000000000163 12.0000000000002 
35.0 35.00000000000001 35.00000000000001 35.000000000000014 35.000000000000064 35.000000000000064 35.00000000000055 35.00000000000208 35.000000000001826 34.999999999999545 35.00000000000011 35.00000000000003 35.000000000000185 34.99999999999996 35.00000000000002 35.000000000000085 35.00000000000007 35.00000000000006 35.000000000000064 35.00000000000002 34.99999999999999 35.000000000000014 35.000000000000036 35.00000000000004 35.00000000000001 35.000000000000014 35.00000000000004 35.00000000000002 35.000000000000014 35.00000000000001 34.99999999999997 34.99999999999997 35.00000000000001 34.99999999999999 35.0 35.00000000000003 35.00000000000005 35.00000000000004 35.00000000000005 35.00000000000004 35.000000000000064 35.00000000000006 35.00000000000004 35.000000000000036 35.000000000000036 35.000000000000064 35.000000000000064 35.00000000000011 35.00000000000007 35.00000000000002 35.000000000000036 35.00000000000002 34.99999999999999 34.99999999999999 35.0 35.00000000000001 34.99999999999999 35.00000000000001 35.0 35.0 35.00000000000002 35.00000000000001 34.99999999999997 35.0 34.99999999999999 34.99999999999998 34.99999999999998 34.999999999999986 35.000000000000014 35.00000000000003 35.0 34.999999999999986 35.000000000000014 34.99999999999997 34.999999999999964 34.99999999999998 34.99999999999998 35.00000000000002 35.000000000000036 35.000000000000036 35.00000000000003 35.00000000000001 34.99999999999999 34.99999999999997 34.99999999999994 34.999999999999886 34.999999999999865 34.99999999999983 34.99999999999984 34.99999999999984 34.99999999999986 34.999999999999915 34.99999999999994 34.999999999999964 34.99999999999999 35.0 34.99999999999996 34.99999999999994 34.99999999999999 35.00000000000004 35.00000000000006 35.00000000000011 35.0000000000001 35.00000000000009 35.000000000000085 34.99999999999998 34.99999999999995 34.999999999999936 34.99999999999992 34.99999999999992 34.99999999999992 34.99999999999993 34.999999999999886 34.99999999999992 34.999999999999915 34.999999999999915 34.999999999999886 34.999999999999915 34.99999999999993 34.999999999999986 34.99999999999995 34.999999999999964 34.999999999999964 34.999999999999964 35.000000000000014 34.99999999999999 34.99999999999999 35.00000000000002 35.00000000000002 34.99999999999999 34.99999999999999 34.99999999999996 34.99999999999995 34.999999999999915 34.99999999999994 34.99999999999999 34.99999999999994 34.99999999999999 35.0 34.99999999999998 34.999999999999964 34.99999999999999 34.999999999999986 34.99999999999999 34.99999999999999 35.000000000000014 35.000000000000014 35.00000000000004 35.00000000000006 35.000000000000014 35.0 34.999999999999964 34.999999999999936 34.99999999999993 34.99999999999995 34.99999999999993 34.999999999999915 34.99999999999992 34.99999999999993 34.999999999999915 34.99999999999995 34.999999999999964 34.999999999999986 34.999999999999986 34.99999999999999 35.00000000000002 35.00000000000007 35.00000000000002 35.00000000000001 34.999999999999986 35.000000000000036 35.00000000000004 35.00000000000005 35.000000000000014 35.00000000000001 34.99999999999999 35.00000000000003 35.00000000000007 35.00000000000003 34.99999999999999 34.99999999999997 34.99999999999994 34.99999999999996 34.999999999999986 34.99999999999997 35.00000000000001 35.00000000000004 35.00000000000004 35.00000000000008 35.00000000000009 35.00000000000013 35.00000000000014 35.00000000000012 35.00000000000014 35.00000000000019 35.000000000000234 35.000000000000256 35.00000000000027 35.0000000000004 35.00000000000053 
0.0 0.0 0.0 0.0 0.0 0.0 0.0 0.0 0.0 0.0 0.0 0.0 0.0 0.0 0.0 0.0 0.0 0.0 0.0 0.0 0.0 0.0 0.0 0.0 0.0 0.0 0.0 0.0 0.0 0.0 0.0 0.0 0.0 0.0 0.0 0.0 0.0 0.0 0.0 0.0 0.0 0.0 0.0 0.0 0.0 0.0 0.0 0.0 0.0 0.0 0.0 0.0 0.0 0.0 0.0 0.0 0.0 0.0 0.0 0.0 0.0 0.0 0.0 0.0 0.0 0.0 0.0 0.0 0.0 0.0 0.0 0.0 0.0 0.0 0.0 0.0 0.0 0.0 0.0 0.0 0.0 0.0 0.0 0.0 0.0 0.0 0.0 0.0 0.0 0.0 0.0 0.0 0.0 0.0 0.0 0.0 0.0 0.0 0.0 0.0 0.0 0.0 0.0 0.0 0.0 0.0 0.0 0.0 0.0 0.0 0.0 0.0 0.0 0.0 0.0 0.0 0.0 0.0 0.0 0.0 0.0 0.0 0.0 0.0 0.0 0.0 0.0 0.0 0.0 0.0 0.0 0.0 0.0 0.0 0.0 0.0 0.0 0.0 0.0 0.0 0.0 0.0 0.0 0.0 0.0 0.0 0.0 0.0 0.0 0.0 0.0 0.0 0.0 0.0 0.0 0.0 0.0 0.0 0.0 0.0 0.0 0.0 0.0 0.0 0.0 0.0 0.0 0.0 0.0 0.0 0.0 0.0 0.0 0.0 0.0 0.0 0.0 0.0 0.0 0.0 0.0 0.0 0.0 0.0 0.0 0.0 0.0 0.0 0.0 0.0 0.0 0.0 0.0 0.0 0.0 0.0 0.0 0.0 0.0 0.0 
0.0 0.0 0.0 0.0 0.0 0.0 0.0 0.0 0.0 0.0 0.0 0.0 0.0 0.0 0.0 0.0 0.0 0.0 0.0 0.0 0.0 0.0 0.0 0.0 0.0 0.0 0.0 0.0 0.0 0.0 0.0 0.0 0.0 0.0 0.0 0.0 0.0 0.0 0.0 0.0 0.0 0.0 0.0 0.0 0.0 0.0 0.0 0.0 0.0 0.0 0.0 0.0 0.0 0.0 0.0 0.0 0.0 0.0 0.0 0.0 0.0 0.0 0.0 0.0 0.0 0.0 0.0 0.0 0.0 0.0 0.0 0.0 0.0 0.0 0.0 0.0 0.0 0.0 0.0 0.0 0.0 0.0 0.0 0.0 0.0 0.0 0.0 0.0 0.0 0.0 0.0 0.0 0.0 0.0 0.0 0.0 0.0 0.0 0.0 0.0 0.0 0.0 0.0 0.0 0.0 0.0 0.0 0.0 0.0 0.0 0.0 0.0 0.0 0.0 0.0 0.0 0.0 0.0 0.0 0.0 0.0 0.0 0.0 0.0 0.0 0.0 0.0 0.0 0.0 0.0 0.0 0.0 0.0 0.0 0.0 0.0 0.0 0.0 0.0 0.0 0.0 0.0 0.0 0.0 0.0 0.0 0.0 0.0 0.0 0.0 0.0 0.0 0.0 0.0 0.0 0.0 0.0 0.0 0.0 0.0 0.0 0.0 0.0 0.0 0.0 0.0 0.0 0.0 0.0 0.0 0.0 0.0 0.0 0.0 0.0 0.0 0.0 0.0 0.0 0.0 0.0 0.0 0.0 0.0 0.0 0.0 0.0 0.0 0.0 0.0 0.0 0.0 0.0 0.0 0.0 0.0 0.0 0.0 0.0 0.0 
1900 1 5 0 0 0
14.845347105072767 14.847566978219128 14.848457722130025 14.848689700467023 14.848064921824598 14.252912325786875 13.749997340953243 13.249997110823347 12.749997321392804 12.250417050813589 12.000518517588494 12.000005331780095 12.000000359554877 12.000000067977394 12.000000022442812 12.000000010082086 12.000000005391223 12.000000003195202 12.000000002018801 12.000000001328138 12.000000000896513 12.000000000614822 12.000000000425405 12.000000000293355 12.00000000020027 12.000000000135069 12.000000000089884 12.000000000058948 12.00000000003808 12.000000000024215 12.000000000015165 12.000000000009322 12.000000000005633 12.000000000003359 12.000000000001965 12.000000000001114 12.00000000000062 12.000000000000355 12.0000000000002 12.000000000000124 12.000000000000082 12.000000000000052 12.000000000000032 12.000000000000027 12.000000000000023 12.000000000000028 12.000000000000028 12.000000000000023 12.00000000000002 11.999999999999998 11.999999999999998 11.999999999999995 12.000000000000002 12.000000000000002 11.999999999999995 11.999999999999998 11.999999999999998 12.000000000000004 12.000000000000009 12.000000000000025 12.000000000000027 12.000000000000027 12.000000000000025 12.000000000000025 12.000000000000028 12.000000000000043 12.000000000000046 12.000000000000027 12.000000000000027 12.000000000000028 12.00000000000003 12.000000000000028 12.000000000000016 12.000000000000009 12.000000000000025 12.00000000000003 12.00000000000003 12.000000000000027 12.000000000000025 12.000000000000028 12.000000000000034 12.00000000000003 12.000000000000021 12.0 11.999999999999998 12.000000000000005 11.999999999999991 11.999999999999993 11.999999999999998 11.999999999999995 12.000000000000002 12.0 12.0 11.999999999999996 12.000000000000002 11.999999999999998 12.00000000000001 12.000000000000005 12.0 11.999999999999998 12.0 12.000000000000009 12.0 12.0 12.0 12.0 12.0 12.000000000000002 11.999999999999998 12.0 11.999999999999998 12.000000000000002 11.999999999999998 11.999999999999996 12.000000000000002 11.999999999999993 12.0 11.999999999999986 11.99999999999997 11.999999999999979 11.999999999999972 11.999999999999972 11.999999999999993 12.000000000000002 12.0 12.000000000000007 12.000000000000009 12.000000000000005 12.000000000000009 12.000000000000009 12.000000000000002 12.0 11.999999999999995 11.999999999999995 12.000000000000005 12.000000000000005 12.0 12.000000000000004 12.0 12.000000000000005 12.0 11.999999999999998 12.0 12.0 12.0 12.0 12.0 11.999999999999984 11.999999999999972 11.99999999999997 11.999999999999973 11.999999999999972 11.999999999999968 11.99999999999997 11.99999999999997 11.99999999999997 11.999999999999972 11.999999999999973 11.999999999999972 11.999999999999972 11.999999999999972 11.99999999999997 11.999999999999984 12.0 12.0 12.000000000000004 12.000000000000004 12.000000000000002 12.0 11.999999999999995 11.999999999999996 11.999999999999998 11.999999999999996 12.000000000000002 12.0 12.0 11.999999999999991 11.999999999999996 12.0 12.000000000000002 11.999999999999996 11.999999999999998 11.99999999999999 11.999999999999982 11.99999999999999 12.0 12.0 11.999999999999998 11.999999999999991 11.999999999999998 11.999999999999998 12.000000000000012 12.00000000000003 12.000000000000057 12.000000000000089 12.000000000000124 12.000000000000176 12.00000000000023 12.000000000000307 12.000000000000338 
34.999999999999964 34.999999999999964 34.999999999999964 34.99999999999997 35.000000000000014 34.999999999999986 35.000000000000135 35.00000000000282 35.000000000002544 35.00000000000037 34.99999999999991 34.999999999999936 35.00000000000029 35.00000000000004 35.000000000000036 35.000000000000064 35.000000000000064 35.00000000000007 35.00000000000005 35.00000000000006 35.0 35.00000000000001 34.99999999999998 35.00000000000001 35.00000000000002 35.000000000000036 35.000000000000036 35.000000000000014 34.99999999999998 34.99999999999997 34.999999999999986 34.99999999999994 34.99999999999997 34.99999999999998 34.99999999999999 34.99999999999995 34.99999999999997 35.00000000000004 35.000000000000064 35.00000000000008 35.00000000000005 35.000000000000014 35.00000000000005 35.00000000000003 35.000000000000014 35.00000000000007 35.00000000000003 35.00000000000001 35.0 34.999999999999986 34.999999999999986 34.99999999999999 35.00000000000002 35.00000000000006 35.00000000000003 35.000000000000085 35.00000000000006 35.000000000000085 35.0000000000001 35.000000000000085 35.00000000000007 35.000000000000064 35.00000000000004 35.000000000000014 35.00000000000004 35.00000000000005 35.00000000000005 34.999999999999986 35.00000000000002 35.00000000000004 35.00000000000006 35.000000000000036 35.00000000000003 35.00000000000005 35.00000000000004 35.000000000000064 35.00000000000007 35.00000000000001 34.99999999999999 35.000000000000014 35.00000000000007 35.000000000000036 34.99999999999996 34.99999999999991 34.99999999999991 34.99999999999993 34.99999999999987 34.99999999999986 34.999999999999886 34.999999999999865 34.999999999999865 34.999999999999886 34.99999999999995 34.99999999999993 34.999999999999964 34.99999999999995 35.00000000000003 35.00000000000006 35.00000000000003 35.00000000000004 35.00000000000006 35.00000000000006 35.0 34.99999999999997 34.999999999999986 34.99999999999994 34.9999999999999 34.99999999999993 34.99999999999991 34.9999999999999 34.99999999999989 34.99999999999992 34.999999999999936 34.99999999999991 34.999999999999915 34.99999999999987 34.9999999999999 34.999999999999936 34.999999999999936 34.99999999999995 34.99999999999992 34.999999999999915 34.99999999999995 34.99999999999997 34.99999999999999 35.00000000000001 34.99999999999997 34.99999999999996 34.99999999999993 34.99999999999994 34.99999999999995 34.99999999999993 34.99999999999992 34.999999999999915 34.99999999999997 34.99999999999998 35.000000000000014 35.00000000000004 35.00000000000004 35.00000000000007 35.000000000000014 35.000000000000014 35.000000000000014 34.99999999999999 34.999999999999986 35.00000000000004 35.00000000000006 35.00000000000003 34.99999999999999 34.99999999999994 34.99999999999996 34.99999999999996 34.999999999999936 34.99999999999993 34.999999999999986 34.999999999999986 34.99999999999993 34.99999999999993 34.99999999999992 34.99999999999989 34.99999999999986 34.99999999999986 34.99999999999991 34.999999999999964 34.999999999999986 34.99999999999997 34.999999999999964 34.999999999999936 34.99999999999994 34.99999999999997 34.999999999999964 34.999999999999964 35.000000000000014 35.00000000000002 35.00000000000005 35.000000000000036 35.00000000000001 34.99999999999998 35.0 35.0 34.99999999999997 34.999999999999986 34.999999999999964 34.99999999999998 34.999999999999964 35.0 35.0 35.000000000000014 35.0 34.99999999999999 35.000000000000064 35.000000000000085 35.00000000000011 35.00000000000018 35.000000000000284 35.000000000000405 35.00000000000053 35.00000000000062 35.00000000000087 35.00000000000097 
0.0 0.0 0.0 0.0 0.0 0.0 0.0 0.0 0.0 0.0 0.0 0.0 0.0 0.0 0.0 0.0 0.0 0.0 0.0 0.0 0.0 0.0 0.0 0.0 0.0 0.0 0.0 0.0 0.0 0.0 0.0 0.0 0.0 0.0 0.0 0.0 0.0 0.0 0.0 0.0 0.0 0.0 0.0 0.0 0.0 0.0 0.0 0.0 0.0 0.0 0.0 0.0 0.0 0.0 0.0 0.0 0.0 0.0 0.0 0.0 0.0 0.0 0.0 0.0 0.0 0.0 0.0 0.0 0.0 0.0 0.0 0.0 0.0 0.0 0.0 0.0 0.0 0.0 0.0 0.0 0.0 0.0 0.0 0.0 0.0 0.0 0.0 0.0 0.0 0.0 0.0 0.0 0.0 0.0 0.0 0.0 0.0 0.0 0.0 0.0 0.0 0.0 0.0 0.0 0.0 0.0 0.0 0.0 0.0 0.0 0.0 0.0 0.0 0.0 0.0 0.0 0.0 0.0 0.0 0.0 0.0 0.0 0.0 0.0 0.0 0.0 0.0 0.0 0.0 0.0 0.0 0.0 0.0 0.0 0.0 0.0 0.0 0.0 0.0 0.0 0.0 0.0 0.0 0.0 0.0 0.0 0.0 0.0 0.0 0.0 0.0 0.0 0.0 0.0 0.0 0.0 0.0 0.0 0.0 0.0 0.0 0.0 0.0 0.0 0.0 0.0 0.0 0.0 0.0 0.0 0.0 0.0 0.0 0.0 0.0 0.0 0.0 0.0 0.0 0.0 0.0 0.0 0.0 0.0 0.0 0.0 0.0 0.0 0.0 0.0 0.0 0.0 0.0 0.0 0.0 0.0 0.0 0.0 0.0 0.0 
0.0 0.0 0.0 0.0 0.0 0.0 0.0 0.0 0.0 0.0 0.0 0.0 0.0 0.0 0.0 0.0 0.0 0.0 0.0 0.0 0.0 0.0 0.0 0.0 0.0 0.0 0.0 0.0 0.0 0.0 0.0 0.0 0.0 0.0 0.0 0.0 0.0 0.0 0.0 0.0 0.0 0.0 0.0 0.0 0.0 0.0 0.0 0.0 0.0 0.0 0.0 0.0 0.0 0.0 0.0 0.0 0.0 0.0 0.0 0.0 0.0 0.0 0.0 0.0 0.0 0.0 0.0 0.0 0.0 0.0 0.0 0.0 0.0 0.0 0.0 0.0 0.0 0.0 0.0 0.0 0.0 0.0 0.0 0.0 0.0 0.0 0.0 0.0 0.0 0.0 0.0 0.0 0.0 0.0 0.0 0.0 0.0 0.0 0.0 0.0 0.0 0.0 0.0 0.0 0.0 0.0 0.0 0.0 0.0 0.0 0.0 0.0 0.0 0.0 0.0 0.0 0.0 0.0 0.0 0.0 0.0 0.0 0.0 0.0 0.0 0.0 0.0 0.0 0.0 0.0 0.0 0.0 0.0 0.0 0.0 0.0 0.0 0.0 0.0 0.0 0.0 0.0 0.0 0.0 0.0 0.0 0.0 0.0 0.0 0.0 0.0 0.0 0.0 0.0 0.0 0.0 0.0 0.0 0.0 0.0 0.0 0.0 0.0 0.0 0.0 0.0 0.0 0.0 0.0 0.0 0.0 0.0 0.0 0.0 0.0 0.0 0.0 0.0 0.0 0.0 0.0 0.0 0.0 0.0 0.0 0.0 0.0 0.0 0.0 0.0 0.0 0.0 0.0 0.0 0.0 0.0 0.0 0.0 0.0 0.0 
1900 1 6 0 0 0
14.812811165046007 14.81516217876981 14.816245559241635 14.816719761011537 14.816655855283512 14.286196344278368 13.75000427170896 13.249996389627157 12.74999675787705 12.250521227291836 12.000647204920648 12.000007463088588 12.000000526646708 12.000000100992565 12.000000033368302 12.000000014998312 12.00000000806002 12.000000004824061 12.000000003089959 12.000000002069049 12.000000001426901 12.0000000010034 12.000000000714733 12.00000000051348 12.000000000368622 12.000000000262881 12.00000000018582 12.000000000130044 12.000000000090017 12.000000000061561 12.000000000041583 12.000000000027741 12.000000000018263 12.000000000011866 12.000000000007605 12.000000000004809 12.000000000002995 12.00000000000184 12.000000000001123 12.000000000000664 12.00000000000038 12.000000000000217 12.000000000000139 12.000000000000087 12.000000000000053 12.000000000000052 12.000000000000046 12.000000000000039 12.000000000000048 12.00000000000003 12.000000000000025 12.000000000000002 12.0 12.000000000000002 12.000000000000004 11.999999999999998 12.0 12.000000000000009 12.000000000000007 12.000000000000014 12.000000000000028 12.000000000000028 12.000000000000028 12.000000000000028 12.000000000000032 12.00000000000004 12.000000000000037 12.00000000000003 12.000000000000027 12.000000000000028 12.00000000000003 12.000000000000034 12.000000000000032 12.000000000000027 12.000000000000028 12.000000000000027 12.000000000000027 12.000000000000028 12.000000000000025 12.000000000000028 12.000000000000014 12.000000000000016 12.000000000000028 12.000000000000018 12.0 11.999999999999995 11.999999999999993 11.999999999999993 12.0 12.000000000000009 12.000000000000004 12.000000000000002 11.99999999999999 11.999999999999998 11.999999999999998 12.0 11.999999999999995 12.0 11.999999999999996 11.999999999999993 11.999999999999998 11.999999999999998 12.0 12.000000000000002 12.0 12.0 12.0 12.0 11.999999999999998 12.0 12.0 11.999999999999998 12.000000000000002 11.999999999999995 11.99999999999999 11.999999999999986 11.999999999999982 11.999999999999979 11.999999999999998 11.999999999999996 11.999999999999998 11.999999999999993 11.999999999999998 12.0 12.0 11.999999999999995 11.999999999999993 12.0 12.000000000000016 12.000000000000009 12.0 12.000000000000002 11.999999999999993 11.999999999999998 12.000000000000002 12.0 12.00000000000001 12.000000000000004 12.0 12.0 11.999999999999995 11.999999999999993 12.0 12.000000000000002 12.0 11.999999999999995 12.000000000000005 12.0 11.99999999999999 11.999999999999975 11.999999999999972 11.999999999999973 11.999999999999977 11.999999999999973 11.999999999999972 11.999999999999968 11.999999999999975 11.999999999999984 11.999999999999972 11.999999999999968 11.999999999999972 11.999999999999977 11.999999999999975 11.999999999999996 12.0 11.999999999999998 12.000000000000002 12.000000000000004 12.000000000000007 12.000000000000004 11.999999999999998 12.0 12.000000000000002 12.0 12.000000000000004 12.000000000000007 12.0 11.999999999999998 12.000000000000007 12.0 11.999999999999998 12.000000000000004 12.000000000000004 12.000000000000021 12.000000000000002 12.000000000000002 12.0 12.000000000000012 12.000000000000002 12.000000000000004 12.000000000000005 12.000000000000032 12.00000000000005 12.000000000000083 12.000000000000115 12.000000000000146 12.000000000000203 12.000000000000298 12.000000000000336 12.000000000000341 
34.99999999999994 34.99999999999993 34.99999999999992 34.999999999999936 34.99999999999995 34.99999999999999 35.000000000000156 35.000000000003574 35.00000000000298 34.99999999999995 34.99999999999939 34.99999999999998 35.00000000000016 34.999999999999986 35.0000000000001 35.00000000000013 35.000000000000114 35.000000000000085 35.0000000000001 35.000000000000064 35.00000000000003 35.00000000000006 35.00000000000008 35.000000000000114 35.00000000000008 35.000000000000064 35.000000000000085 35.0000000000001 35.000000000000085 35.00000000000008 35.000000000000036 35.000000000000036 35.00000000000002 34.999999999999964 34.99999999999995 34.999999999999986 35.00000000000001 35.00000000000004 35.000000000000085 35.000000000000114 35.00000000000007 35.000000000000085 35.0000000000001 35.000000000000085 35.000000000000085 35.0000000000001 35.00000000000011 35.00000000000013 35.00000000000015 35.00000000000012 35.000000000000085 35.00000000000005 35.00000000000005 35.00000000000006 35.00000000000005 35.00000000000008 35.0000000000001 35.00000000000014 35.00000000000011 35.00000000000013 35.00000000000012 35.00000000000011 35.00000000000009 35.00000000000007 35.000000000000085 35.000000000000114 35.00000000000008 35.00000000000005 34.99999999999999 34.99999999999998 35.0 35.0 35.00000000000003 35.00000000000004 35.00000000000001 35.000000000000014 35.00000000000002 35.00000000000005 35.00000000000004 35.00000000000006 34.999999999999986 34.99999999999998 34.99999999999999 34.99999999999994 34.99999999999991 34.99999999999987 34.999999999999886 34.99999999999987 34.9999999999999 34.99999999999993 34.9999999999999 34.99999999999988 34.99999999999987 34.999999999999865 34.99999999999992 34.99999999999995 34.999999999999915 34.99999999999993 34.99999999999997 34.99999999999997 34.99999999999995 34.99999999999995 34.999999999999936 34.999999999999936 34.99999999999993 34.99999999999994 34.9999999999999 34.99999999999988 34.99999999999985 34.99999999999983 34.99999999999983 34.99999999999984 34.9999999999999 34.999999999999865 34.99999999999986 34.99999999999987 34.999999999999936 34.99999999999993 34.9999999999999 34.999999999999936 34.99999999999991 34.9999999999999 34.99999999999993 34.99999999999993 34.999999999999964 34.999999999999915 34.99999999999993 34.999999999999936 34.99999999999997 34.99999999999997 34.99999999999989 34.99999999999992 34.99999999999991 34.99999999999993 34.99999999999995 34.999999999999986 35.00000000000007 35.00000000000009 35.00000000000009 35.0000000000001 35.00000000000008 35.00000000000006 35.0000000000001 35.00000000000009 35.00000000000011 35.00000000000009 35.00000000000014 35.000000000000135 35.00000000000011 35.00000000000009 35.000000000000064 35.00000000000006 35.00000000000001 34.999999999999964 34.999999999999964 34.999999999999936 34.99999999999991 34.999999999999936 34.9999999999999 34.99999999999988 34.99999999999988 34.99999999999991 34.99999999999992 34.99999999999991 34.999999999999915 34.999999999999915 34.99999999999992 35.00000000000001 35.00000000000007 35.00000000000007 35.000000000000036 35.00000000000006 35.000000000000085 35.00000000000009 35.0000000000001 35.00000000000012 35.00000000000009 35.00000000000006 35.00000000000004 35.00000000000001 34.99999999999997 35.000000000000014 35.00000000000001 35.00000000000006 35.00000000000002 35.0 35.000000000000014 35.00000000000006 35.000000000000036 35.000000000000114 35.000000000000085 35.00000000000018 35.000000000000234 35.00000000000029 35.00000000000038 35.00000000000043 35.000000000000604 35.00000000000085 35.00000000000084 35.00000000000087 
0.0 0.0 0.0 0.0 0.0 0.0 0.0 0.0 0.0 0.0 0.0 0.0 0.0 0.0 0.0 0.0 0.0 0.0 0.0 0.0 0.0 0.0 0.0 0.0 0.0 0.0 0.0 0.0 0.0 0.0 0.0 0.0 0.0 0.0 0.0 0.0 0.0 0.0 0.0 0.0 0.0 0.0 0.0 0.0 0.0 0.0 0.0 0.0 0.0 0.0 0.0 0.0 0.0 0.0 0.0 0.0 0.0 0.0 0.0 0.0 0.0 0.0 0.0 0.0 0.0 0.0 0.0 0.0 0.0 0.0 0.0 0.0 0.0 0.0 0.0 0.0 0.0 0.0 0.0 0.0 0.0 0.0 0.0 0.0 0.0 0.0 0.0 0.0 0.0 0.0 0.0 0.0 0.0 0.0 0.0 0.0 0.0 0.0 0.0 0.0 0.0 0.0 0.0 0.0 0.0 0.0 0.0 0.0 0.0 0.0 0.0 0.0 0.0 0.0 0.0 0.0 0.0 0.0 0.0 0.0 0.0 0.0 0.0 0.0 0.0 0.0 0.0 0.0 0.0 0.0 0.0 0.0 0.0 0.0 0.0 0.0 0.0 0.0 0.0 0.0 0.0 0.0 0.0 0.0 0.0 0.0 0.0 0.0 0.0 0.0 0.0 0.0 0.0 0.0 0.0 0.0 0.0 0.0 0.0 0.0 0.0 0.0 0.0 0.0 0.0 0.0 0.0 0.0 0.0 0.0 0.0 0.0 0.0 0.0 0.0 0.0 0.0 0.0 0.0 0.0 0.0 0.0 0.0 0.0 0.0 0.0 0.0 0.0 0.0 0.0 0.0 0.0 0.0 0.0 0.0 0.0 0.0 0.0 0.0 0.0 
0.0 0.0 0.0 0.0 0.0 0.0 0.0 0.0 0.0 0.0 0.0 0.0 0.0 0.0 0.0 0.0 0.0 0.0 0.0 0.0 0.0 0.0 0.0 0.0 0.0 0.0 0.0 0.0 0.0 0.0 0.0 0.0 0.0 0.0 0.0 0.0 0.0 0.0 0.0 0.0 0.0 0.0 0.0 0.0 0.0 0.0 0.0 0.0 0.0 0.0 0.0 0.0 0.0 0.0 0.0 0.0 0.0 0.0 0.0 0.0 0.0 0.0 0.0 0.0 0.0 0.0 0.0 0.0 0.0 0.0 0.0 0.0 0.0 0.0 0.0 0.0 0.0 0.0 0.0 0.0 0.0 0.0 0.0 0.0 0.0 0.0 0.0 0.0 0.0 0.0 0.0 0.0 0.0 0.0 0.0 0.0 0.0 0.0 0.0 0.0 0.0 0.0 0.0 0.0 0.0 0.0 0.0 0.0 0.0 0.0 0.0 0.0 0.0 0.0 0.0 0.0 0.0 0.0 0.0 0.0 0.0 0.0 0.0 0.0 0.0 0.0 0.0 0.0 0.0 0.0 0.0 0.0 0.0 0.0 0.0 0.0 0.0 0.0 0.0 0.0 0.0 0.0 0.0 0.0 0.0 0.0 0.0 0.0 0.0 0.0 0.0 0.0 0.0 0.0 0.0 0.0 0.0 0.0 0.0 0.0 0.0 0.0 0.0 0.0 0.0 0.0 0.0 0.0 0.0 0.0 0.0 0.0 0.0 0.0 0.0 0.0 0.0 0.0 0.0 0.0 0.0 0.0 0.0 0.0 0.0 0.0 0.0 0.0 0.0 0.0 0.0 0.0 0.0 0.0 0.0 0.0 0.0 0.0 0.0 0.0 
1900 1 7 0 0 0
14.780595112154298 14.78294784025675 14.78403263930653 14.78450882204354 14.784447266605824 14.31999764849147 13.750024841616595 13.249995674259692 12.749996237114537 12.250625371685864 12.000775613474827 12.000009826421916 12.000000719703548 12.00000013974858 12.000000046210236 12.000000020747704 12.000000011166417 12.000000006717384 12.000000004338224 12.000000002937528 12.000000002054431 12.000000001469257 12.000000001066834 12.000000000782887 12.000000000578629 12.000000000427784 12.000000000314612 12.000000000229846 12.000000000166553 12.000000000119629 12.000000000085093 12.000000000059933 12.000000000041764 12.00000000002879 12.000000000019632 12.000000000013234 12.000000000008813 12.000000000005798 12.000000000003762 12.000000000002427 12.000000000001549 12.00000000000097 12.000000000000592 12.000000000000362 12.000000000000231 12.000000000000156 12.00000000000011 12.000000000000078 12.000000000000055 12.000000000000052 12.000000000000025 12.000000000000007 11.999999999999998 12.000000000000002 11.999999999999998 11.999999999999995 11.999999999999996 11.999999999999996 12.000000000000002 12.000000000000016 12.000000000000028 12.000000000000027 12.000000000000016 12.000000000000021 12.000000000000023 12.000000000000025 12.000000000000027 12.000000000000032 12.000000000000043 12.000000000000044 12.000000000000027 12.000000000000027 12.000000000000025 12.00000000000002 12.000000000000016 12.000000000000014 12.000000000000023 12.000000000000021 12.000000000000027 12.000000000000025 12.00000000000002 12.000000000000025 12.000000000000027 12.000000000000028 12.000000000000021 11.999999999999998 12.0 12.000000000000004 12.0 12.0 12.00000000000001 12.000000000000007 12.000000000000007 12.000000000000012 12.000000000000002 12.000000000000004 12.000000000000009 12.000000000000009 12.000000000000014 12.000000000000007 12.0 12.000000000000002 11.999999999999996 11.999999999999996 11.999999999999996 11.999999999999998 12.0 12.000000000000007 12.000000000000005 12.000000000000005 12.00000000000001 12.000000000000002 12.0 12.000000000000002 12.0 12.000000000000004 12.000000000000002 12.000000000000002 11.999999999999998 12.0 11.999999999999998 11.999999999999993 11.99999999999999 11.999999999999986 11.999999999999998 11.999999999999991 12.0 11.999999999999996 11.999999999999998 12.000000000000002 12.000000000000004 12.000000000000002 12.0 11.999999999999998 12.000000000000002 12.0 12.000000000000002 12.0 12.000000000000009 12.00000000000003 12.000000000000027 12.000000000000027 12.0 11.999999999999995 12.0 12.00000000000001 12.000000000000002 11.999999999999996 11.999999999999996 12.0 11.999999999999995 11.999999999999982 11.999999999999973 11.999999999999973 11.999999999999973 11.999999999999975 11.999999999999975 11.999999999999973 11.999999999999982 11.999999999999973 11.999999999999972 11.999999999999975 11.999999999999982 11.999999999999977 11.999999999999972 11.999999999999991 11.99999999999999 12.000000000000002 12.0 12.0 11.999999999999995 11.999999999999995 12.000000000000002 12.0 11.999999999999996 11.999999999999991 12.0 12.000000000000004 11.99999999999999 12.0 12.0 11.999999999999988 11.999999999999993 11.999999999999996 11.999999999999998 12.0 11.999999999999996 11.999999999999995 12.000000000000007 12.000000000000028 12.000000000000055 12.000000000000057 12.00000000000006 12.000000000000083 12.000000000000137 12.000000000000199 12.000000000000245 12.00000000000029 12.000000000000355 12.000000000000394 
34.999999999999986 34.99999999999998 34.999999999999986 34.99999999999997 34.999999999999986 35.00000000000003 35.00000000000011 35.000000000004576 35.000000000003524 35.00000000000013 35.00000000000016 34.999999999999964 35.00000000000011 35.000000000000156 35.00000000000016 35.0000000000001 35.00000000000013 35.000000000000085 35.000000000000014 35.00000000000003 35.000000000000014 34.99999999999998 35.00000000000006 35.000000000000064 35.000000000000085 35.0000000000001 35.00000000000011 35.00000000000011 35.0000000000001 35.000000000000085 35.000000000000036 34.99999999999999 34.99999999999997 34.99999999999989 34.99999999999991 34.99999999999993 34.99999999999991 34.9999999999999 34.999999999999936 35.0 35.00000000000005 35.00000000000006 35.00000000000008 35.00000000000007 35.000000000000114 35.00000000000015 35.000000000000135 35.000000000000156 35.000000000000114 35.00000000000011 35.0000000000001 35.00000000000008 35.00000000000009 35.0000000000001 35.00000000000014 35.00000000000006 35.00000000000005 35.000000000000014 35.000000000000014 35.00000000000004 35.00000000000004 35.00000000000003 35.00000000000004 35.000000000000036 35.000000000000014 35.00000000000001 35.00000000000001 35.00000000000005 35.000000000000064 35.00000000000005 34.99999999999999 34.999999999999964 34.99999999999996 34.999999999999936 34.99999999999998 35.000000000000014 35.000000000000036 35.00000000000003 35.00000000000004 35.00000000000006 35.000000000000036 35.00000000000004 35.00000000000002 34.999999999999964 34.99999999999994 34.99999999999989 34.99999999999985 34.999999999999865 34.999999999999886 34.9999999999999 34.99999999999988 34.99999999999987 34.999999999999886 34.99999999999991 34.999999999999915 34.999999999999936 34.999999999999986 35.000000000000014 35.0 34.99999999999995 34.99999999999987 34.99999999999988 34.999999999999886 34.99999999999989 34.99999999999988 34.99999999999992 34.999999999999915 34.99999999999992 34.99999999999992 34.99999999999993 34.99999999999992 34.99999999999991 34.99999999999988 34.99999999999991 34.99999999999992 34.9999999999999 34.999999999999936 34.99999999999991 34.99999999999991 34.999999999999915 34.99999999999992 34.9999999999999 34.99999999999989 34.99999999999985 34.999999999999865 34.999999999999865 34.99999999999991 34.999999999999886 34.999999999999886 34.99999999999995 34.999999999999986 34.99999999999997 34.99999999999994 34.99999999999999 35.000000000000036 35.000000000000064 35.000000000000085 35.000000000000114 35.000000000000135 35.00000000000016 35.000000000000135 35.00000000000015 35.00000000000015 35.00000000000016 35.000000000000185 35.00000000000017 35.000000000000114 35.0000000000001 35.00000000000012 35.000000000000114 35.00000000000011 35.000000000000085 35.00000000000006 35.00000000000002 34.99999999999996 34.99999999999992 34.999999999999915 34.999999999999886 34.99999999999988 34.999999999999886 34.99999999999987 34.99999999999991 34.99999999999994 34.99999999999992 34.99999999999988 34.99999999999988 34.999999999999886 34.99999999999993 34.99999999999998 35.00000000000001 35.0 35.00000000000006 35.000000000000114 35.000000000000135 35.00000000000008 35.000000000000064 35.00000000000011 35.0000000000001 35.000000000000064 35.000000000000064 35.00000000000004 35.00000000000003 35.00000000000003 35.00000000000007 35.00000000000009 35.00000000000009 35.000000000000085 35.00000000000006 35.00000000000006 35.000000000000085 35.000000000000114 35.00000000000019 35.00000000000026 35.00000000000031 35.000000000000405 35.00000000000053 35.0000000000006 35.00000000000068 35.00000000000082 35.00000000000093 
0.0 0.0 0.0 0.0 0.0 0.0 0.0 0.0 0.0 0.0 0.0 0.0 0.0 0.0 0.0 0.0 0.0 0.0 0.0 0.0 0.0 0.0 0.0 0.0 0.0 0.0 0.0 0.0 0.0 0.0 0.0 0.0 0.0 0.0 0.0 0.0 0.0 0.0 0.0 0.0 0.0 0.0 0.0 0.0 0.0 0.0 0.0 0.0 0.0 0.0 0.0 0.0 0.0 0.0 0.0 0.0 0.0 0.0 0.0 0.0 0.0 0.0 0.0 0.0 0.0 0.0 0.0 0.0 0.0 0.0 0.0 0.0 0.0 0.0 0.0 0.0 0.0 0.0 0.0 0.0 0.0 0.0 0.0 0.0 0.0 0.0 0.0 0.0 0.0 0.0 0.0 0.0 0.0 0.0 0.0 0.0 0.0 0.0 0.0 0.0 0.0 0.0 0.0 0.0 0.0 0.0 0.0 0.0 0.0 0.0 0.0 0.0 0.0 0.0 0.0 0.0 0.0 0.0 0.0 0.0 0.0 0.0 0.0 0.0 0.0 0.0 0.0 0.0 0.0 0.0 0.0 0.0 0.0 0.0 0.0 0.0 0.0 0.0 0.0 0.0 0.0 0.0 0.0 0.0 0.0 0.0 0.0 0.0 0.0 0.0 0.0 0.0 0.0 0.0 0.0 0.0 0.0 0.0 0.0 0.0 0.0 0.0 0.0 0.0 0.0 0.0 0.0 0.0 0.0 0.0 0.0 0.0 0.0 0.0 0.0 0.0 0.0 0.0 0.0 0.0 0.0 0.0 0.0 0.0 0.0 0.0 0.0 0.0 0.0 0.0 0.0 0.0 0.0 0.0 0.0 0.0 0.0 0.0 0.0 0.0 
0.0 0.0 0.0 0.0 0.0 0.0 0.0 0.0 0.0 0.0 0.0 0.0 0.0 0.0 0.0 0.0 0.0 0.0 0.0 0.0 0.0 0.0 0.0 0.0 0.0 0.0 0.0 0.0 0.0 0.0 0.0 0.0 0.0 0.0 0.0 0.0 0.0 0.0 0.0 0.0 0.0 0.0 0.0 0.0 0.0 0.0 0.0 0.0 0.0 0.0 0.0 0.0 0.0 0.0 0.0 0.0 0.0 0.0 0.0 0.0 0.0 0.0 0.0 0.0 0.0 0.0 0.0 0.0 0.0 0.0 0.0 0.0 0.0 0.0 0.0 0.0 0.0 0.0 0.0 0.0 0.0 0.0 0.0 0.0 0.0 0.0 0.0 0.0 0.0 0.0 0.0 0.0 0.0 0.0 0.0 0.0 0.0 0.0 0.0 0.0 0.0 0.0 0.0 0.0 0.0 0.0 0.0 0.0 0.0 0.0 0.0 0.0 0.0 0.0 0.0 0.0 0.0 0.0 0.0 0.0 0.0 0.0 0.0 0.0 0.0 0.0 0.0 0.0 0.0 0.0 0.0 0.0 0.0 0.0 0.0 0.0 0.0 0.0 0.0 0.0 0.0 0.0 0.0 0.0 0.0 0.0 0.0 0.0 0.0 0.0 0.0 0.0 0.0 0.0 0.0 0.0 0.0 0.0 0.0 0.0 0.0 0.0 0.0 0.0 0.0 0.0 0.0 0.0 0.0 0.0 0.0 0.0 0.0 0.0 0.0 0.0 0.0 0.0 0.0 0.0 0.0 0.0 0.0 0.0 0.0 0.0 0.0 0.0 0.0 0.0 0.0 0.0 0.0 0.0 0.0 0.0 0.0 0.0 0.0 0.0 
1900 1 8 0 0 0
14.748383719598374 14.7507381689736 14.75182440469738 14.752302622409365 14.752243748912223 14.353761551641934 13.750058978082729 13.249994970271826 12.749995759061102 12.250729483922495 12.000903763770852 12.000012402878664 12.000000937489506 12.000000184075361 12.00000006093292 12.000000027316535 12.000000014700992 12.000000008866097 12.000000005756009 12.000000003926127 12.000000002772094 12.00000000200548 12.00000000147613 12.000000001099794 12.000000000826468 12.00000000062494 12.000000000472513 12.000000000355804 12.00000000026642 12.000000000198147 12.0000000001463 12.000000000107159 12.000000000077835 12.000000000056037 12.00000000003998 12.000000000028251 12.00000000001978 12.000000000013717 12.000000000009422 12.000000000006402 12.00000000000431 12.000000000002863 12.000000000001888 12.00000000000123 12.00000000000082 12.000000000000535 12.000000000000336 12.000000000000218 12.000000000000142 12.000000000000092 12.000000000000064 12.000000000000059 12.000000000000044 12.00000000000002 12.000000000000007 12.0 11.999999999999998 12.0 12.000000000000004 12.000000000000014 12.000000000000021 12.00000000000003 12.000000000000018 12.000000000000027 12.000000000000027 12.000000000000028 12.000000000000034 12.000000000000025 12.000000000000023 12.000000000000034 12.000000000000025 12.000000000000025 12.0 12.000000000000002 12.000000000000002 12.000000000000012 12.000000000000016 12.000000000000027 12.000000000000028 12.000000000000028 12.000000000000028 12.000000000000027 12.000000000000025 12.000000000000025 12.000000000000014 12.00000000000002 12.000000000000021 12.000000000000021 11.999999999999998 12.000000000000002 12.0 12.000000000000002 12.000000000000004 12.000000000000025 12.000000000000023 12.000000000000027 12.000000000000027 12.000000000000025 12.000000000000025 11.999999999999998 12.0 11.999999999999998 12.000000000000002 12.00000000000001 12.000000000000009 12.0 11.999999999999996 11.999999999999998 11.999999999999998 12.0 11.999999999999998 11.999999999999984 11.999999999999998 12.000000000000007 12.0 11.999999999999998 11.999999999999991 11.999999999999998 12.0 11.999999999999995 11.999999999999998 12.0 11.999999999999996 12.000000000000002 11.999999999999996 11.999999999999993 12.0 11.999999999999998 11.999999999999993 11.999999999999996 11.999999999999998 11.99999999999999 12.0 11.999999999999996 12.000000000000002 12.000000000000002 12.00000000000003 12.000000000000027 12.00000000000003 12.000000000000027 12.000000000000025 12.000000000000025 12.00000000000001 12.000000000000009 12.0 12.0 12.0 11.999999999999998 12.0 11.999999999999998 11.999999999999993 11.999999999999991 12.000000000000002 11.999999999999975 11.999999999999972 11.999999999999975 11.999999999999977 11.999999999999973 11.999999999999979 11.999999999999998 12.0 11.999999999999996 11.999999999999998 11.999999999999995 11.999999999999996 12.0 12.000000000000002 12.0 12.0 12.0 11.999999999999998 12.000000000000002 12.000000000000005 11.999999999999998 11.999999999999998 11.999999999999996 11.999999999999998 12.0 11.999999999999996 11.999999999999993 11.999999999999988 11.999999999999996 12.0 12.0 12.000000000000004 12.0 11.999999999999995 12.000000000000007 12.000000000000025 12.000000000000028 12.000000000000043 12.000000000000057 12.000000000000083 12.000000000000119 12.000000000000169 12.000000000000224 12.000000000000258 12.000000000000314 12.000000000000353 12.000000000000362 
34.99999999999996 34.99999999999996 34.99999999999996 34.99999999999995 34.999999999999964 35.00000000000001 34.99999999999997 35.00000000000497 35.000000000004015 35.00000000000008 35.00000000000004 34.99999999999997 35.00000000000008 35.0000000000002 35.00000000000014 35.00000000000008 35.00000000000006 35.000000000000114 35.00000000000004 34.99999999999999 34.999999999999986 34.99999999999995 35.000000000000014 35.00000000000003 34.99999999999998 35.00000000000005 35.00000000000005 35.000000000000036 35.00000000000007 35.00000000000004 35.000000000000036 34.999999999999986 34.99999999999998 34.99999999999992 34.99999999999992 34.999999999999936 34.999999999999964 34.99999999999998 35.000000000000014 35.00000000000001 35.00000000000006 35.00000000000005 35.00000000000005 35.00000000000008 35.00000000000015 35.000000000000156 35.00000000000011 35.00000000000011 35.00000000000013 35.000000000000135 35.00000000000019 35.00000000000019 35.000000000000206 35.00000000000014 35.000000000000114 35.0000000000001 35.000000000000064 35.00000000000006 35.00000000000004 35.00000000000004 35.00000000000002 35.000000000000014 34.99999999999993 34.99999999999994 34.999999999999964 34.99999999999999 34.99999999999997 34.999999999999964 34.99999999999994 34.99999999999997 34.99999999999997 34.99999999999997 34.99999999999994 34.99999999999994 34.99999999999999 35.0 35.00000000000004 35.000000000000064 35.00000000000006 35.00000000000009 35.000000000000114 35.00000000000006 35.00000000000004 34.99999999999999 34.99999999999998 34.99999999999994 34.99999999999993 34.99999999999995 34.99999999999991 34.999999999999915 34.9999999999999 34.9999999999999 34.999999999999936 34.99999999999993 34.99999999999995 34.99999999999997 35.0 35.000000000000036 34.99999999999999 34.99999999999996 34.99999999999996 34.99999999999998 34.99999999999995 34.999999999999986 34.99999999999995 34.99999999999992 34.99999999999992 34.999999999999915 34.9999999999999 34.999999999999936 34.999999999999964 34.99999999999994 34.99999999999995 35.000000000000014 34.999999999999986 34.999999999999936 34.999999999999936 34.99999999999992 34.99999999999993 34.999999999999886 34.99999999999987 34.99999999999987 34.99999999999985 34.999999999999844 34.99999999999983 34.99999999999983 34.99999999999988 34.99999999999987 34.99999999999988 34.99999999999991 34.99999999999992 34.999999999999915 34.99999999999995 34.99999999999998 35.00000000000006 35.00000000000006 35.0000000000001 35.00000000000014 35.00000000000018 35.00000000000016 35.000000000000156 35.00000000000017 35.00000000000016 35.0000000000002 35.0000000000002 35.000000000000234 35.000000000000206 35.000000000000185 35.000000000000156 35.0000000000001 35.00000000000007 35.00000000000006 35.00000000000008 35.00000000000003 34.99999999999999 34.99999999999998 34.99999999999992 34.9999999999999 34.9999999999999 34.99999999999992 34.99999999999997 34.999999999999986 34.99999999999998 34.99999999999996 34.99999999999993 34.999999999999936 34.99999999999994 34.99999999999993 34.99999999999997 34.99999999999994 34.999999999999986 35.00000000000003 35.00000000000004 35.00000000000003 35.000000000000036 35.000000000000036 35.00000000000004 35.00000000000007 35.00000000000008 35.00000000000008 35.00000000000003 35.0 35.00000000000001 35.00000000000002 35.00000000000002 34.999999999999986 34.99999999999999 35.000000000000036 35.0000000000001 35.000000000000135 35.000000000000206 35.00000000000028 35.00000000000033 35.00000000000036 35.00000000000045 35.00000000000055 35.00000000000059 35.000000000000725 35.00000000000082 35.000000000000874 
0.0 0.0 0.0 0.0 0.0 0.0 0.0 0.0 0.0 0.0 0.0 0.0 0.0 0.0 0.0 0.0 0.0 0.0 0.0 0.0 0.0 0.0 0.0 0.0 0.0 0.0 0.0 0.0 0.0 0.0 0.0 0.0 0.0 0.0 0.0 0.0 0.0 0.0 0.0 0.0 0.0 0.0 0.0 0.0 0.0 0.0 0.0 0.0 0.0 0.0 0.0 0.0 0.0 0.0 0.0 0.0 0.0 0.0 0.0 0.0 0.0 0.0 0.0 0.0 0.0 0.0 0.0 0.0 0.0 0.0 0.0 0.0 0.0 0.0 0.0 0.0 0.0 0.0 0.0 0.0 0.0 0.0 0.0 0.0 0.0 0.0 0.0 0.0 0.0 0.0 0.0 0.0 0.0 0.0 0.0 0.0 0.0 0.0 0.0 0.0 0.0 0.0 0.0 0.0 0.0 0.0 0.0 0.0 0.0 0.0 0.0 0.0 0.0 0.0 0.0 0.0 0.0 0.0 0.0 0.0 0.0 0.0 0.0 0.0 0.0 0.0 0.0 0.0 0.0 0.0 0.0 0.0 0.0 0.0 0.0 0.0 0.0 0.0 0.0 0.0 0.0 0.0 0.0 0.0 0.0 0.0 0.0 0.0 0.0 0.0 0.0 0.0 0.0 0.0 0.0 0.0 0.0 0.0 0.0 0.0 0.0 0.0 0.0 0.0 0.0 0.0 0.0 0.0 0.0 0.0 0.0 0.0 0.0 0.0 0.0 0.0 0.0 0.0 0.0 0.0 0.0 0.0 0.0 0.0 0.0 0.0 0.0 0.0 0.0 0.0 0.0 0.0 0.0 0.0 0.0 0.0 0.0 0.0 0.0 0.0 
0.0 0.0 0.0 0.0 0.0 0.0 0.0 0.0 0.0 0.0 0.0 0.0 0.0 0.0 0.0 0.0 0.0 0.0 0.0 0.0 0.0 0.0 0.0 0.0 0.0 0.0 0.0 0.0 0.0 0.0 0.0 0.0 0.0 0.0 0.0 0.0 0.0 0.0 0.0 0.0 0.0 0.0 0.0 0.0 0.0 0.0 0.0 0.0 0.0 0.0 0.0 0.0 0.0 0.0 0.0 0.0 0.0 0.0 0.0 0.0 0.0 0.0 0.0 0.0 0.0 0.0 0.0 0.0 0.0 0.0 0.0 0.0 0.0 0.0 0.0 0.0 0.0 0.0 0.0 0.0 0.0 0.0 0.0 0.0 0.0 0.0 0.0 0.0 0.0 0.0 0.0 0.0 0.0 0.0 0.0 0.0 0.0 0.0 0.0 0.0 0.0 0.0 0.0 0.0 0.0 0.0 0.0 0.0 0.0 0.0 0.0 0.0 0.0 0.0 0.0 0.0 0.0 0.0 0.0 0.0 0.0 0.0 0.0 0.0 0.0 0.0 0.0 0.0 0.0 0.0 0.0 0.0 0.0 0.0 0.0 0.0 0.0 0.0 0.0 0.0 0.0 0.0 0.0 0.0 0.0 0.0 0.0 0.0 0.0 0.0 0.0 0.0 0.0 0.0 0.0 0.0 0.0 0.0 0.0 0.0 0.0 0.0 0.0 0.0 0.0 0.0 0.0 0.0 0.0 0.0 0.0 0.0 0.0 0.0 0.0 0.0 0.0 0.0 0.0 0.0 0.0 0.0 0.0 0.0 0.0 0.0 0.0 0.0 0.0 0.0 0.0 0.0 0.0 0.0 0.0 0.0 0.0 0.0 0.0 0.0 
1900 1 9 0 0 0
14.716177551813406 14.718533733991718 14.719621438907536 14.720101781380674 14.720046085068658 14.387485011525339 13.750106598671946 13.249994283176195 12.749995323675169 12.250833563936688 12.001031671757543 12.000015177818701 12.000001179015939 12.000000233832209 12.000000077506371 12.000000034694263 12.000000018656747 12.000000011264367 12.000000007336856 12.000000005029886 12.000000003574995 12.000000002607857 12.000000001938329 12.00000000146055 12.000000001111399 12.00000000085166 12.000000000656042 12.00000000050514 12.00000000038754 12.000000000295863 12.000000000224597 12.000000000169427 12.000000000126963 12.000000000094445 12.000000000069713 12.000000000051074 12.000000000037113 12.000000000026736 12.000000000019108 12.000000000013545 12.00000000000952 12.000000000006631 12.000000000004594 12.000000000003162 12.000000000002153 12.00000000000144 12.000000000000952 12.000000000000613 12.000000000000396 12.00000000000026 12.000000000000162 12.000000000000083 12.000000000000039 12.000000000000018 12.000000000000002 12.0 12.0 12.000000000000002 12.0 11.999999999999996 12.000000000000009 12.000000000000012 12.000000000000014 12.000000000000012 12.000000000000021 12.000000000000032 12.000000000000053 12.00000000000005 12.000000000000036 12.000000000000027 12.000000000000025 12.000000000000025 12.000000000000023 12.000000000000025 12.000000000000027 12.000000000000023 12.000000000000027 12.000000000000027 12.00000000000003 12.000000000000025 12.000000000000023 12.000000000000023 12.000000000000027 12.000000000000023 12.000000000000027 12.000000000000023 12.00000000000001 12.0 11.999999999999996 12.0 12.000000000000016 12.000000000000027 12.000000000000027 12.000000000000028 12.000000000000025 12.000000000000028 12.000000000000023 12.000000000000028 12.000000000000016 12.0 12.000000000000002 12.0 11.999999999999998 12.000000000000004 12.000000000000018 12.000000000000023 12.000000000000025 12.000000000000025 12.00000000000002 12.000000000000002 12.0 11.99999999999999 11.999999999999996 11.999999999999996 12.0 12.000000000000005 12.000000000000005 12.0 12.000000000000004 12.0 12.000000000000002 12.0 11.999999999999991 12.0 12.000000000000004 11.999999999999998 11.999999999999996 11.999999999999998 11.999999999999998 11.999999999999996 12.000000000000002 12.000000000000002 12.0 11.999999999999998 12.000000000000002 12.000000000000023 12.000000000000027 12.000000000000023 12.000000000000036 12.000000000000034 12.000000000000027 12.000000000000012 12.000000000000004 12.000000000000004 12.0 11.999999999999995 11.999999999999998 11.999999999999995 11.999999999999996 12.000000000000002 11.999999999999998 11.999999999999996 11.999999999999993 11.999999999999986 11.999999999999975 11.999999999999975 11.999999999999973 11.999999999999975 11.999999999999973 11.999999999999986 11.999999999999996 12.0 11.999999999999998 12.000000000000009 12.000000000000002 11.999999999999998 12.000000000000002 12.0 11.999999999999998 11.999999999999998 12.0 12.000000000000002 11.999999999999998 11.999999999999998 12.0 12.000000000000004 12.0 11.999999999999991 11.999999999999993 12.000000000000007 12.000000000000005 12.000000000000009 12.000000000000012 12.0 12.000000000000004 12.0 12.000000000000014 12.000000000000023 12.000000000000034 12.000000000000057 12.00000000000008 12.000000000000083 12.000000000000117 12.000000000000147 12.000000000000192 12.000000000000231 12.00000000000026 12.000000000000298 12.000000000000362 12.000000000000405 
34.99999999999997 34.99999999999997 34.999999999999964 34.99999999999997 34.99999999999998 35.00000000000002 34.99999999999984 35.00000000000386 35.000000000004576 34.999999999999666 34.999999999999226 35.000000000000014 35.0 35.00000000000016 35.000000000000156 35.00000000000016 35.000000000000156 35.000000000000064 35.000000000000014 35.000000000000014 35.00000000000003 35.000000000000085 35.000000000000036 35.00000000000003 35.0 35.0 35.00000000000001 35.00000000000001 34.99999999999999 34.99999999999999 34.99999999999994 34.99999999999995 34.99999999999996 34.99999999999997 34.99999999999996 34.999999999999964 34.99999999999997 34.99999999999998 34.99999999999998 35.00000000000002 35.000000000000014 35.00000000000004 35.000000000000085 35.00000000000009 35.00000000000018 35.00000000000018 35.00000000000011 35.000000000000036 35.00000000000007 35.00000000000011 35.000000000000114 35.00000000000006 35.00000000000006 35.00000000000008 35.000000000000064 35.000000000000064 35.00000000000005 35.000000000000014 35.0 35.00000000000001 35.000000000000014 34.999999999999986 34.99999999999997 34.999999999999986 34.99999999999998 35.00000000000001 35.0 34.999999999999986 34.99999999999995 34.99999999999996 34.999999999999915 34.99999999999989 34.99999999999994 35.0 35.000000000000036 35.00000000000005 35.0000000000001 35.00000000000011 35.000000000000085 35.00000000000009 35.000000000000064 35.000000000000036 35.00000000000003 34.999999999999986 34.99999999999994 34.9999999999999 34.99999999999994 34.99999999999991 34.999999999999936 34.99999999999996 34.999999999999964 34.99999999999996 34.99999999999997 35.0 35.00000000000005 35.00000000000005 35.000000000000064 35.00000000000007 35.00000000000004 35.000000000000036 35.00000000000003 35.00000000000001 34.999999999999964 34.99999999999995 34.99999999999996 34.99999999999998 34.99999999999996 34.99999999999996 34.99999999999991 34.9999999999999 34.99999999999996 34.99999999999994 34.999999999999936 34.99999999999993 34.999999999999936 34.999999999999915 34.999999999999915 34.99999999999994 34.99999999999997 34.99999999999993 34.999999999999915 34.99999999999989 34.99999999999984 34.99999999999985 34.999999999999844 34.99999999999982 34.999999999999815 34.999999999999844 34.99999999999986 34.99999999999988 34.999999999999936 34.99999999999997 35.0 35.0 35.00000000000003 35.00000000000006 35.00000000000006 35.00000000000008 35.000000000000156 35.00000000000017 35.000000000000156 35.00000000000016 35.000000000000156 35.00000000000019 35.000000000000206 35.00000000000019 35.000000000000185 35.00000000000018 35.00000000000016 35.000000000000156 35.0000000000001 35.00000000000004 35.00000000000004 35.00000000000004 35.00000000000006 35.000000000000036 35.0 34.99999999999996 34.99999999999992 34.99999999999995 34.99999999999993 34.999999999999936 34.99999999999992 34.99999999999996 34.999999999999936 34.99999999999992 34.99999999999994 34.99999999999994 34.99999999999996 34.99999999999995 34.99999999999998 34.99999999999999 34.99999999999998 34.99999999999997 35.00000000000001 35.00000000000002 35.00000000000002 35.00000000000002 35.00000000000005 35.000000000000064 35.000000000000014 35.000000000000036 35.000000000000036 34.99999999999999 34.99999999999999 35.000000000000014 35.00000000000007 35.00000000000013 35.000000000000135 35.000000000000156 35.000000000000206 35.000000000000256 35.00000000000039 35.000000000000504 35.00000000000056 35.000000000000604 35.00000000000068 35.00000000000073 35.00000000000089 35.000000000000945 
0.0 0.0 0.0 0.0 0.0 0.0 0.0 0.0 0.0 0.0 0.0 0.0 0.0 0.0 0.0 0.0 0.0 0.0 0.0 0.0 0.0 0.0 0.0 0.0 0.0 0.0 0.0 0.0 0.0 0.0 0.0 0.0 0.0 0.0 0.0 0.0 0.0 0.0 0.0 0.0 0.0 0.0 0.0 0.0 0.0 0.0 0.0 0.0 0.0 0.0 0.0 0.0 0.0 0.0 0.0 0.0 0.0 0.0 0.0 0.0 0.0 0.0 0.0 0.0 0.0 0.0 0.0 0.0 0.0 0.0 0.0 0.0 0.0 0.0 0.0 0.0 0.0 0.0 0.0 0.0 0.0 0.0 0.0 0.0 0.0 0.0 0.0 0.0 0.0 0.0 0.0 0.0 0.0 0.0 0.0 0.0 0.0 0.0 0.0 0.0 0.0 0.0 0.0 0.0 0.0 0.0 0.0 0.0 0.0 0.0 0.0 0.0 0.0 0.0 0.0 0.0 0.0 0.0 0.0 0.0 0.0 0.0 0.0 0.0 0.0 0.0 0.0 0.0 0.0 0.0 0.0 0.0 0.0 0.0 0.0 0.0 0.0 0.0 0.0 0.0 0.0 0.0 0.0 0.0 0.0 0.0 0.0 0.0 0.0 0.0 0.0 0.0 0.0 0.0 0.0 0.0 0.0 0.0 0.0 0.0 0.0 0.0 0.0 0.0 0.0 0.0 0.0 0.0 0.0 0.0 0.0 0.0 0.0 0.0 0.0 0.0 0.0 0.0 0.0 0.0 0.0 0.0 0.0 0.0 0.0 0.0 0.0 0.0 0.0 0.0 0.0 0.0 0.0 0.0 0.0 0.0 0.0 0.0 0.0 0.0 
0.0 0.0 0.0 0.0 0.0 0.0 0.0 0.0 0.0 0.0 0.0 0.0 0.0 0.0 0.0 0.0 0.0 0.0 0.0 0.0 0.0 0.0 0.0 0.0 0.0 0.0 0.0 0.0 0.0 0.0 0.0 0.0 0.0 0.0 0.0 0.0 0.0 0.0 0.0 0.0 0.0 0.0 0.0 0.0 0.0 0.0 0.0 0.0 0.0 0.0 0.0 0.0 0.0 0.0 0.0 0.0 0.0 0.0 0.0 0.0 0.0 0.0 0.0 0.0 0.0 0.0 0.0 0.0 0.0 0.0 0.0 0.0 0.0 0.0 0.0 0.0 0.0 0.0 0.0 0.0 0.0 0.0 0.0 0.0 0.0 0.0 0.0 0.0 0.0 0.0 0.0 0.0 0.0 0.0 0.0 0.0 0.0 0.0 0.0 0.0 0.0 0.0 0.0 0.0 0.0 0.0 0.0 0.0 0.0 0.0 0.0 0.0 0.0 0.0 0.0 0.0 0.0 0.0 0.0 0.0 0.0 0.0 0.0 0.0 0.0 0.0 0.0 0.0 0.0 0.0 0.0 0.0 0.0 0.0 0.0 0.0 0.0 0.0 0.0 0.0 0.0 0.0 0.0 0.0 0.0 0.0 0.0 0.0 0.0 0.0 0.0 0.0 0.0 0.0 0.0 0.0 0.0 0.0 0.0 0.0 0.0 0.0 0.0 0.0 0.0 0.0 0.0 0.0 0.0 0.0 0.0 0.0 0.0 0.0 0.0 0.0 0.0 0.0 0.0 0.0 0.0 0.0 0.0 0.0 0.0 0.0 0.0 0.0 0.0 0.0 0.0 0.0 0.0 0.0 0.0 0.0 0.0 0.0 0.0 0.0 
1900 1 10 0 0 0
14.68397764905666 14.68633559090294 14.687424834835577 14.687907479674251 14.687855754469014 14.421162252919155 13.750167624279774 13.249993618449494 12.749994930917254 12.250937611670231 12.001159350306796 12.000018139463046 12.00000144346688 12.00000028890027 12.000000095904841 12.00000004287199 12.000000023028313 12.000000013908037 12.000000009076428 12.000000006245093 12.000000004460091 12.000000003273321 12.00000000245093 12.000000001862452 12.000000001430887 12.000000001108177 12.000000000863233 12.000000000675351 12.000000000527807 12.000000000411141 12.00000000031889 12.000000000246118 12.000000000188905 12.00000000014415 12.000000000109306 12.000000000082323 12.000000000061595 12.00000000004577 12.000000000033767 12.000000000024711 12.000000000017952 12.00000000001295 12.000000000009274 12.0000000000066 12.000000000004649 12.000000000003237 12.000000000002236 12.000000000001535 12.000000000001027 12.000000000000677 12.000000000000437 12.00000000000028 12.000000000000176 12.000000000000108 12.000000000000059 12.000000000000025 12.000000000000004 12.0 12.000000000000005 11.999999999999996 12.0 11.999999999999998 12.0 12.000000000000027 12.000000000000025 12.000000000000025 12.000000000000025 12.000000000000027 12.00000000000003 12.000000000000028 12.000000000000027 12.000000000000027 12.000000000000027 12.000000000000012 12.000000000000007 12.000000000000016 12.000000000000028 12.00000000000003 12.000000000000032 12.000000000000027 12.000000000000028 12.00000000000003 12.000000000000027 12.000000000000025 12.000000000000025 12.00000000000002 12.000000000000025 12.000000000000036 12.000000000000039 12.000000000000028 12.000000000000018 12.000000000000016 12.000000000000007 12.000000000000016 12.000000000000016 12.00000000000001 12.000000000000023 12.000000000000027 12.000000000000021 12.000000000000023 12.000000000000021 12.00000000000001 12.000000000000005 11.999999999999998 12.000000000000002 12.000000000000009 12.000000000000004 11.999999999999996 11.999999999999996 12.0 11.999999999999996 11.999999999999995 11.999999999999995 12.0 11.999999999999995 12.000000000000002 12.000000000000004 12.0 12.000000000000002 12.0 12.0 12.0 12.0 12.000000000000004 12.0 12.000000000000002 12.0 12.0 12.000000000000007 12.000000000000009 12.000000000000007 12.000000000000012 11.999999999999995 12.0 11.999999999999995 11.999999999999998 12.00000000000001 12.000000000000025 12.000000000000027 12.000000000000027 12.000000000000009 12.0 12.000000000000009 12.000000000000027 12.000000000000034 12.000000000000027 12.000000000000025 12.000000000000005 12.000000000000004 12.000000000000002 12.000000000000004 12.000000000000009 12.000000000000009 12.00000000000002 12.0 11.999999999999998 11.999999999999996 11.999999999999996 11.999999999999991 11.999999999999995 11.999999999999998 12.0 12.0 12.000000000000002 12.0 12.000000000000007 11.999999999999998 12.0 12.0 11.999999999999996 12.0 12.000000000000002 12.000000000000002 11.999999999999996 12.0 11.999999999999993 11.999999999999993 12.0 12.0 12.0 12.000000000000002 12.0 12.000000000000002 12.0 12.00000000000002 12.000000000000004 12.000000000000014 12.000000000000023 12.000000000000036 12.000000000000064 12.000000000000082 12.000000000000101 12.000000000000139 12.000000000000176 12.000000000000197 12.000000000000224 12.000000000000261 12.000000000000314 12.000000000000352 12.000000000000385 
35.00000000000006 35.000000000000064 35.00000000000006 35.00000000000006 35.00000000000006 35.00000000000006 34.999999999999865 35.00000000000338 35.0000000000051 35.00000000000019 34.99999999999991 35.00000000000018 35.00000000000009 35.00000000000014 35.00000000000013 35.0000000000001 35.000000000000064 35.00000000000008 35.00000000000009 35.000000000000036 35.000000000000014 35.00000000000002 34.999999999999964 35.0 34.99999999999999 35.000000000000014 35.00000000000003 35.00000000000001 35.00000000000002 34.99999999999995 34.99999999999993 34.9999999999999 34.99999999999989 34.999999999999915 34.999999999999886 34.99999999999991 34.99999999999996 35.00000000000001 35.00000000000001 35.000000000000014 34.99999999999999 35.000000000000036 35.00000000000007 35.000000000000085 35.0000000000001 35.00000000000007 35.00000000000007 35.00000000000011 35.00000000000008 35.00000000000005 35.00000000000004 35.000000000000036 35.00000000000006 35.00000000000011 35.00000000000007 35.00000000000004 35.00000000000002 35.00000000000003 35.000000000000036 34.99999999999999 34.99999999999999 34.99999999999998 34.999999999999915 34.99999999999996 34.999999999999964 34.999999999999936 34.99999999999996 34.99999999999996 34.99999999999994 34.99999999999995 34.999999999999936 34.99999999999995 34.999999999999936 34.99999999999994 34.99999999999994 34.999999999999936 34.99999999999999 35.00000000000003 35.000000000000036 34.999999999999986 34.99999999999998 35.000000000000036 35.00000000000002 35.000000000000014 34.99999999999996 34.99999999999995 34.999999999999986 35.0 35.000000000000014 35.00000000000004 35.00000000000002 35.000000000000014 35.000000000000014 35.00000000000001 35.00000000000001 35.000000000000014 35.00000000000001 35.0 35.000000000000014 35.00000000000002 35.0 35.00000000000002 35.000000000000014 35.00000000000001 35.0 35.0 34.99999999999996 34.999999999999915 34.999999999999915 34.999999999999915 34.99999999999991 34.99999999999991 34.999999999999886 34.99999999999992 34.99999999999991 34.99999999999993 34.999999999999936 34.999999999999936 34.99999999999993 34.99999999999991 34.99999999999987 34.999999999999865 34.99999999999984 34.9999999999998 34.99999999999979 34.99999999999984 34.999999999999865 34.99999999999989 34.999999999999936 34.999999999999964 34.999999999999964 34.999999999999964 34.99999999999997 34.99999999999999 34.999999999999986 35.00000000000002 35.00000000000007 35.00000000000011 35.0000000000001 35.00000000000014 35.000000000000156 35.00000000000012 35.000000000000156 35.00000000000022 35.000000000000234 35.0000000000002 35.00000000000017 35.000000000000114 35.00000000000013 35.00000000000016 35.00000000000019 35.000000000000206 35.00000000000019 35.00000000000019 35.00000000000013 35.00000000000005 35.00000000000003 35.0 34.999999999999986 35.0 35.00000000000005 35.00000000000002 35.00000000000002 35.00000000000006 35.00000000000003 35.00000000000002 34.99999999999997 34.999999999999936 34.99999999999999 34.99999999999992 34.999999999999915 34.99999999999991 34.999999999999936 34.999999999999964 34.999999999999986 35.000000000000014 35.00000000000003 35.00000000000005 35.00000000000005 35.00000000000004 35.00000000000004 35.000000000000036 35.0000000000001 35.00000000000013 35.0000000000001 35.000000000000114 35.00000000000013 35.00000000000017 35.00000000000025 35.000000000000334 35.00000000000037 35.0000000000004 35.000000000000455 35.00000000000052 35.00000000000057 35.00000000000055 35.000000000000604 35.00000000000076 35.00000000000081 35.000000000000895 
0.0 0.0 0.0 0.0 0.0 0.0 0.0 0.0 0.0 0.0 0.0 0.0 0.0 0.0 0.0 0.0 0.0 0.0 0.0 0.0 0.0 0.0 0.0 0.0 0.0 0.0 0.0 0.0 0.0 0.0 0.0 0.0 0.0 0.0 0.0 0.0 0.0 0.0 0.0 0.0 0.0 0.0 0.0 0.0 0.0 0.0 0.0 0.0 0.0 0.0 0.0 0.0 0.0 0.0 0.0 0.0 0.0 0.0 0.0 0.0 0.0 0.0 0.0 0.0 0.0 0.0 0.0 0.0 0.0 0.0 0.0 0.0 0.0 0.0 0.0 0.0 0.0 0.0 0.0 0.0 0.0 0.0 0.0 0.0 0.0 0.0 0.0 0.0 0.0 0.0 0.0 0.0 0.0 0.0 0.0 0.0 0.0 0.0 0.0 0.0 0.0 0.0 0.0 0.0 0.0 0.0 0.0 0.0 0.0 0.0 0.0 0.0 0.0 0.0 0.0 0.0 0.0 0.0 0.0 0.0 0.0 0.0 0.0 0.0 0.0 0.0 0.0 0.0 0.0 0.0 0.0 0.0 0.0 0.0 0.0 0.0 0.0 0.0 0.0 0.0 0.0 0.0 0.0 0.0 0.0 0.0 0.0 0.0 0.0 0.0 0.0 0.0 0.0 0.0 0.0 0.0 0.0 0.0 0.0 0.0 0.0 0.0 0.0 0.0 0.0 0.0 0.0 0.0 0.0 0.0 0.0 0.0 0.0 0.0 0.0 0.0 0.0 0.0 0.0 0.0 0.0 0.0 0.0 0.0 0.0 0.0 0.0 0.0 0.0 0.0 0.0 0.0 0.0 0.0 0.0 0.0 0.0 0.0 0.0 0.0 
0.0 0.0 0.0 0.0 0.0 0.0 0.0 0.0 0.0 0.0 0.0 0.0 0.0 0.0 0.0 0.0 0.0 0.0 0.0 0.0 0.0 0.0 0.0 0.0 0.0 0.0 0.0 0.0 0.0 0.0 0.0 0.0 0.0 0.0 0.0 0.0 0.0 0.0 0.0 0.0 0.0 0.0 0.0 0.0 0.0 0.0 0.0 0.0 0.0 0.0 0.0 0.0 0.0 0.0 0.0 0.0 0.0 0.0 0.0 0.0 0.0 0.0 0.0 0.0 0.0 0.0 0.0 0.0 0.0 0.0 0.0 0.0 0.0 0.0 0.0 0.0 0.0 0.0 0.0 0.0 0.0 0.0 0.0 0.0 0.0 0.0 0.0 0.0 0.0 0.0 0.0 0.0 0.0 0.0 0.0 0.0 0.0 0.0 0.0 0.0 0.0 0.0 0.0 0.0 0.0 0.0 0.0 0.0 0.0 0.0 0.0 0.0 0.0 0.0 0.0 0.0 0.0 0.0 0.0 0.0 0.0 0.0 0.0 0.0 0.0 0.0 0.0 0.0 0.0 0.0 0.0 0.0 0.0 0.0 0.0 0.0 0.0 0.0 0.0 0.0 0.0 0.0 0.0 0.0 0.0 0.0 0.0 0.0 0.0 0.0 0.0 0.0 0.0 0.0 0.0 0.0 0.0 0.0 0.0 0.0 0.0 0.0 0.0 0.0 0.0 0.0 0.0 0.0 0.0 0.0 0.0 0.0 0.0 0.0 0.0 0.0 0.0 0.0 0.0 0.0 0.0 0.0 0.0 0.0 0.0 0.0 0.0 0.0 0.0 0.0 0.0 0.0 0.0 0.0 0.0 0.0 0.0 0.0 0.0 0.0 
1900 1 11 0 0 0
14.651786144552968 14.654145926493463 14.655236890298324 14.65572226702923 14.655675921235243 14.4547810480122 13.75024194559283 13.249992981531372 12.749994580750217 12.251041627068822 12.001286810098458 12.000021278063578 12.000001730152634 12.00000034917685 12.000000116105985 12.000000051843106 12.00000002781203 12.000000016793951 12.000000010972736 12.00000000756909 12.000000005425099 12.000000003999618 12.000000003011552 12.000000002303745 12.000000001783091 12.00000000139253 12.000000001094746 12.000000000864755 12.00000000068544 12.000000000542425 12.000000000428013 12.000000000336383 12.00000000026323 12.000000000204963 12.000000000158758 12.000000000122293 12.000000000093648 12.00000000007127 12.000000000053898 12.000000000040512 12.00000000003023 12.000000000022423 12.000000000016524 12.0000000000121 12.000000000008798 12.000000000006343 12.000000000004537 12.000000000003212 12.000000000002254 12.000000000001556 12.000000000001055 12.000000000000712 12.000000000000473 12.000000000000302 12.000000000000188 12.000000000000108 12.000000000000073 12.000000000000027 12.000000000000004 12.000000000000004 12.000000000000005 12.000000000000004 12.000000000000016 12.000000000000027 12.000000000000027 12.000000000000023 12.000000000000023 12.000000000000028 12.000000000000023 12.000000000000018 12.000000000000018 12.000000000000016 12.000000000000027 12.000000000000027 12.000000000000027 12.000000000000032 12.000000000000027 12.000000000000025 12.000000000000023 12.000000000000021 12.00000000000003 12.000000000000034 12.000000000000027 12.000000000000023 12.000000000000025 12.000000000000025 12.00000000000003 12.000000000000027 12.000000000000023 12.000000000000023 12.000000000000023 12.000000000000023 12.000000000000002 12.0 12.000000000000002 12.000000000000004 12.000000000000002 12.000000000000012 12.000000000000028 12.00000000000002 12.000000000000005 11.999999999999995 11.99999999999999 11.999999999999993 12.0 12.000000000000002 12.000000000000007 11.999999999999998 12.000000000000004 12.000000000000002 11.999999999999995 12.000000000000005 11.999999999999998 11.999999999999996 12.0 12.0 12.000000000000002 12.0 11.999999999999993 12.0 12.000000000000002 12.0 11.999999999999998 11.999999999999998 12.000000000000002 12.0 11.999999999999998 12.000000000000004 12.000000000000005 12.0 12.000000000000009 12.000000000000007 12.000000000000004 12.0 12.000000000000002 12.0 11.999999999999996 12.000000000000002 12.0 12.000000000000018 12.000000000000018 12.000000000000004 12.000000000000023 12.000000000000025 12.000000000000032 12.00000000000003 12.000000000000027 12.000000000000027 12.000000000000023 12.000000000000004 12.000000000000004 11.999999999999995 11.999999999999993 11.999999999999993 11.999999999999975 11.999999999999982 11.999999999999998 12.0 11.999999999999993 12.0 12.0 12.0 11.999999999999993 11.999999999999995 11.999999999999996 11.999999999999996 11.999999999999993 12.0 12.000000000000002 12.000000000000005 11.999999999999998 12.0 11.999999999999998 11.999999999999993 12.000000000000002 12.000000000000002 12.000000000000002 12.0 11.999999999999995 12.000000000000004 12.0 12.0 11.999999999999993 12.000000000000002 12.000000000000002 12.000000000000004 12.000000000000002 12.000000000000002 12.00000000000003 12.000000000000057 12.000000000000087 12.000000000000114 12.000000000000142 12.000000000000167 12.000000000000187 12.000000000000224 12.00000000000027 12.000000000000286 12.00000000000036 12.000000000000407 
34.999999999999986 34.99999999999998 34.999999999999964 34.99999999999997 34.99999999999996 35.00000000000006 34.999999999999936 35.00000000000387 35.00000000000556 34.99999999999949 35.000000000000306 35.00000000000002 35.00000000000017 35.00000000000019 35.00000000000023 35.000000000000185 35.00000000000018 35.00000000000015 35.00000000000005 34.99999999999996 34.999999999999936 34.99999999999995 35.00000000000002 34.999999999999986 35.00000000000004 35.000000000000036 35.000000000000036 35.0 34.99999999999999 34.99999999999997 35.0 34.999999999999936 34.9999999999999 34.99999999999987 34.9999999999999 34.99999999999989 34.99999999999988 34.999999999999915 34.99999999999992 34.999999999999986 34.999999999999986 35.00000000000001 35.00000000000005 35.000000000000085 35.000000000000064 35.00000000000007 35.00000000000007 35.00000000000005 35.000000000000064 35.00000000000004 35.000000000000036 35.00000000000002 35.00000000000005 35.000000000000064 35.00000000000006 35.00000000000005 35.000000000000014 34.99999999999997 34.999999999999964 34.99999999999997 34.999999999999964 34.99999999999992 34.999999999999915 34.999999999999936 34.999999999999915 34.99999999999993 34.99999999999997 34.99999999999997 34.99999999999995 34.99999999999998 34.99999999999997 34.999999999999964 34.99999999999997 34.99999999999995 34.99999999999997 34.99999999999996 34.999999999999964 34.99999999999996 34.99999999999997 35.000000000000014 35.000000000000036 35.00000000000005 35.00000000000001 34.999999999999986 34.99999999999998 34.99999999999999 35.00000000000005 35.00000000000004 35.0 35.00000000000002 35.00000000000003 35.00000000000005 35.00000000000003 35.00000000000002 35.00000000000004 35.00000000000002 34.99999999999997 34.99999999999997 35.00000000000003 35.000000000000036 35.00000000000003 34.99999999999999 34.99999999999997 34.999999999999986 35.0 34.999999999999986 34.99999999999995 34.999999999999915 34.99999999999996 34.99999999999995 34.99999999999994 34.99999999999997 34.99999999999994 34.99999999999989 34.99999999999988 34.999999999999844 34.999999999999886 34.999999999999844 34.99999999999984 34.99999999999985 34.999999999999844 34.999999999999844 34.99999999999987 34.99999999999988 34.99999999999989 34.99999999999989 34.99999999999992 34.999999999999915 34.99999999999994 34.99999999999998 35.00000000000002 34.999999999999986 35.00000000000001 35.0 34.99999999999999 35.00000000000004 35.00000000000005 35.00000000000005 35.000000000000036 35.000000000000064 35.000000000000114 35.00000000000012 35.000000000000185 35.00000000000026 35.00000000000029 35.000000000000256 35.00000000000026 35.00000000000026 35.000000000000234 35.0000000000002 35.0000000000002 35.00000000000013 35.00000000000012 35.00000000000012 35.00000000000006 35.00000000000005 35.00000000000004 35.00000000000005 35.00000000000003 35.00000000000003 35.00000000000001 34.999999999999986 34.999999999999936 34.999999999999915 34.999999999999915 34.99999999999994 34.99999999999995 34.99999999999993 34.99999999999994 34.99999999999994 34.99999999999992 34.999999999999964 35.00000000000004 35.000000000000036 35.00000000000004 35.00000000000005 35.00000000000001 35.0 35.00000000000002 35.00000000000005 35.00000000000008 35.000000000000114 35.000000000000114 35.00000000000009 35.0000000000001 35.00000000000011 35.00000000000013 35.00000000000016 35.00000000000021 35.00000000000027 35.00000000000034 35.00000000000037 35.000000000000405 35.00000000000048 35.00000000000052 35.000000000000604 35.000000000000675 35.00000000000069 35.00000000000083 35.00000000000098 
0.0 0.0 0.0 0.0 0.0 0.0 0.0 0.0 0.0 0.0 0.0 0.0 0.0 0.0 0.0 0.0 0.0 0.0 0.0 0.0 0.0 0.0 0.0 0.0 0.0 0.0 0.0 0.0 0.0 0.0 0.0 0.0 0.0 0.0 0.0 0.0 0.0 0.0 0.0 0.0 0.0 0.0 0.0 0.0 0.0 0.0 0.0 0.0 0.0 0.0 0.0 0.0 0.0 0.0 0.0 0.0 0.0 0.0 0.0 0.0 0.0 0.0 0.0 0.0 0.0 0.0 0.0 0.0 0.0 0.0 0.0 0.0 0.0 0.0 0.0 0.0 0.0 0.0 0.0 0.0 0.0 0.0 0.0 0.0 0.0 0.0 0.0 0.0 0.0 0.0 0.0 0.0 0.0 0.0 0.0 0.0 0.0 0.0 0.0 0.0 0.0 0.0 0.0 0.0 0.0 0.0 0.0 0.0 0.0 0.0 0.0 0.0 0.0 0.0 0.0 0.0 0.0 0.0 0.0 0.0 0.0 0.0 0.0 0.0 0.0 0.0 0.0 0.0 0.0 0.0 0.0 0.0 0.0 0.0 0.0 0.0 0.0 0.0 0.0 0.0 0.0 0.0 0.0 0.0 0.0 0.0 0.0 0.0 0.0 0.0 0.0 0.0 0.0 0.0 0.0 0.0 0.0 0.0 0.0 0.0 0.0 0.0 0.0 0.0 0.0 0.0 0.0 0.0 0.0 0.0 0.0 0.0 0.0 0.0 0.0 0.0 0.0 0.0 0.0 0.0 0.0 0.0 0.0 0.0 0.0 0.0 0.0 0.0 0.0 0.0 0.0 0.0 0.0 0.0 0.0 0.0 0.0 0.0 0.0 0.0 
0.0 0.0 0.0 0.0 0.0 0.0 0.0 0.0 0.0 0.0 0.0 0.0 0.0 0.0 0.0 0.0 0.0 0.0 0.0 0.0 0.0 0.0 0.0 0.0 0.0 0.0 0.0 0.0 0.0 0.0 0.0 0.0 0.0 0.0 0.0 0.0 0.0 0.0 0.0 0.0 0.0 0.0 0.0 0.0 0.0 0.0 0.0 0.0 0.0 0.0 0.0 0.0 0.0 0.0 0.0 0.0 0.0 0.0 0.0 0.0 0.0 0.0 0.0 0.0 0.0 0.0 0.0 0.0 0.0 0.0 0.0 0.0 0.0 0.0 0.0 0.0 0.0 0.0 0.0 0.0 0.0 0.0 0.0 0.0 0.0 0.0 0.0 0.0 0.0 0.0 0.0 0.0 0.0 0.0 0.0 0.0 0.0 0.0 0.0 0.0 0.0 0.0 0.0 0.0 0.0 0.0 0.0 0.0 0.0 0.0 0.0 0.0 0.0 0.0 0.0 0.0 0.0 0.0 0.0 0.0 0.0 0.0 0.0 0.0 0.0 0.0 0.0 0.0 0.0 0.0 0.0 0.0 0.0 0.0 0.0 0.0 0.0 0.0 0.0 0.0 0.0 0.0 0.0 0.0 0.0 0.0 0.0 0.0 0.0 0.0 0.0 0.0 0.0 0.0 0.0 0.0 0.0 0.0 0.0 0.0 0.0 0.0 0.0 0.0 0.0 0.0 0.0 0.0 0.0 0.0 0.0 0.0 0.0 0.0 0.0 0.0 0.0 0.0 0.0 0.0 0.0 0.0 0.0 0.0 0.0 0.0 0.0 0.0 0.0 0.0 0.0 0.0 0.0 0.0 0.0 0.0 0.0 0.0 0.0 0.0 
1900 1 12 0 0 0
14.619609547550864 14.6219715865042 14.623065035555047 14.623554757004227 14.623517024592324 14.4883211953253 13.750309929683883 13.249992368793507 12.749994273137023 12.251145610083958 12.001414060187525 12.000024585376547 12.000002038479444 12.000000414572627 12.000000138090064 12.000000061602378 12.000000033005495 12.00000001992037 12.00000001302382 12.000000008999955 12.00000000646914 12.000000004786267 12.000000003619514 12.000000002782954 12.000000002166992 12.000000001703604 12.000000001349122 12.000000001074334 12.000000000858856 12.000000000688264 12.000000000550584 12.000000000439195 12.000000000349118 12.000000000276417 12.00000000021789 12.000000000170918 12.000000000133404 12.000000000103588 12.00000000007998 12.000000000061421 12.000000000046898 12.000000000035612 12.000000000026859 12.000000000020135 12.000000000015 12.00000000001111 12.000000000008171 12.000000000005954 12.00000000000431 12.000000000003094 12.0000000000022 12.000000000001549 12.00000000000107 12.000000000000727 12.00000000000049 12.000000000000323 12.000000000000192 12.000000000000135 12.00000000000008 12.000000000000064 12.000000000000053 12.000000000000046 12.000000000000025 12.000000000000027 12.00000000000003 12.000000000000027 12.000000000000012 12.000000000000023 12.00000000000003 12.000000000000027 12.000000000000027 12.000000000000028 12.000000000000025 12.000000000000027 12.000000000000025 12.00000000000003 12.000000000000027 12.000000000000028 12.000000000000027 12.000000000000027 12.000000000000027 12.000000000000028 12.000000000000027 12.000000000000027 12.00000000000002 12.000000000000025 12.000000000000025 12.000000000000028 12.000000000000032 12.000000000000027 12.000000000000021 12.0 11.999999999999995 11.999999999999991 11.999999999999996 12.0 11.999999999999998 12.000000000000002 12.0 12.000000000000005 12.000000000000009 12.000000000000007 12.0 11.999999999999977 11.999999999999975 11.999999999999998 12.000000000000005 12.00000000000001 12.000000000000014 12.000000000000023 12.000000000000007 12.000000000000004 12.0 12.000000000000002 12.000000000000004 12.000000000000002 12.000000000000002 12.0 11.999999999999995 11.999999999999995 11.999999999999998 12.0 12.0 11.999999999999991 12.000000000000002 12.0 11.999999999999996 11.999999999999998 11.999999999999995 11.99999999999999 12.0 11.999999999999995 11.999999999999996 12.000000000000004 11.999999999999995 11.999999999999998 12.000000000000002 11.999999999999998 11.999999999999996 12.0 12.000000000000002 11.999999999999998 11.999999999999993 12.00000000000002 12.00000000000003 12.000000000000027 12.000000000000025 12.000000000000009 12.000000000000007 12.000000000000002 11.999999999999993 11.99999999999999 12.0 12.000000000000002 12.000000000000018 12.000000000000009 12.0 12.000000000000004 12.0 12.000000000000002 12.000000000000002 12.000000000000007 12.000000000000002 12.000000000000004 12.0 11.999999999999995 12.000000000000002 11.999999999999996 12.0 12.0 12.0 11.999999999999998 11.99999999999999 12.000000000000004 12.000000000000002 12.000000000000005 12.0 11.999999999999996 11.999999999999991 12.0 12.00000000000001 12.000000000000012 12.0 12.0 12.000000000000007 12.0 12.0 12.00000000000001 12.000000000000028 12.000000000000055 12.000000000000073 12.000000000000107 12.00000000000014 12.000000000000165 12.000000000000197 12.000000000000226 12.000000000000258 12.000000000000302 12.000000000000359 12.0000000000004 
34.999999999999986 34.99999999999999 35.0 35.0 34.99999999999999 35.00000000000013 34.999999999999986 35.00000000000399 35.000000000006125 35.00000000000009 34.99999999999973 34.999999999999964 35.00000000000008 35.0000000000003 35.000000000000234 35.000000000000234 35.00000000000004 35.000000000000036 35.000000000000085 35.000000000000064 35.00000000000007 35.00000000000002 35.0 34.99999999999994 34.99999999999992 34.99999999999991 34.99999999999994 34.999999999999936 34.999999999999936 34.999999999999986 35.000000000000014 34.99999999999998 34.999999999999964 34.99999999999994 34.999999999999986 34.99999999999997 34.999999999999986 35.00000000000003 35.00000000000002 35.00000000000007 35.000000000000085 35.0000000000001 35.00000000000008 35.000000000000064 35.00000000000004 35.00000000000009 35.00000000000009 35.00000000000005 35.00000000000006 35.00000000000007 35.000000000000064 35.00000000000006 35.000000000000064 35.00000000000004 35.00000000000006 35.000000000000036 35.00000000000004 35.000000000000014 35.00000000000003 35.00000000000009 35.000000000000064 35.000000000000014 34.99999999999998 34.999999999999964 34.99999999999995 34.99999999999991 34.9999999999999 34.99999999999993 34.999999999999964 34.99999999999997 34.99999999999998 34.999999999999964 34.99999999999999 35.00000000000003 35.00000000000004 35.00000000000006 35.00000000000007 35.00000000000007 35.00000000000006 35.00000000000005 35.000000000000036 35.00000000000003 35.00000000000003 35.000000000000064 35.000000000000064 35.00000000000006 35.00000000000005 35.000000000000064 35.00000000000009 35.00000000000006 35.000000000000014 34.99999999999998 34.99999999999999 34.99999999999998 34.999999999999964 35.0 35.00000000000003 35.000000000000036 35.00000000000002 34.99999999999998 35.00000000000002 35.000000000000036 35.00000000000002 34.99999999999994 34.99999999999993 34.999999999999936 34.99999999999995 34.99999999999999 35.00000000000003 34.99999999999998 34.99999999999997 34.99999999999995 34.99999999999995 34.99999999999991 34.99999999999991 34.999999999999886 34.9999999999999 34.99999999999983 34.9999999999998 34.999999999999815 34.9999999999998 34.9999999999998 34.99999999999977 34.99999999999976 34.99999999999979 34.99999999999986 34.999999999999886 34.999999999999886 34.99999999999988 34.99999999999989 34.99999999999993 34.99999999999995 34.99999999999995 34.99999999999997 35.00000000000001 35.00000000000002 35.000000000000085 35.00000000000012 35.00000000000007 35.00000000000008 35.000000000000114 35.00000000000009 35.00000000000011 35.000000000000206 35.00000000000029 35.000000000000284 35.000000000000234 35.00000000000018 35.00000000000016 35.00000000000014 35.00000000000012 35.000000000000114 35.000000000000114 35.0000000000001 35.0000000000001 35.00000000000009 35.000000000000036 35.00000000000001 34.99999999999996 34.99999999999994 34.99999999999991 34.99999999999991 34.99999999999989 34.999999999999886 34.99999999999992 34.99999999999992 34.99999999999993 34.999999999999886 34.99999999999988 34.99999999999989 34.999999999999936 34.999999999999936 34.99999999999996 34.99999999999997 35.000000000000014 35.00000000000007 35.000000000000064 35.000000000000036 35.000000000000014 35.00000000000006 35.000000000000114 35.00000000000013 35.0000000000001 35.000000000000114 35.00000000000012 35.00000000000011 35.00000000000012 35.00000000000012 35.000000000000185 35.00000000000025 35.00000000000029 35.00000000000038 35.00000000000046 35.00000000000049 35.000000000000576 35.000000000000604 35.00000000000067 35.000000000000774 35.0000000000009 35.00000000000097 
0.0 0.0 0.0 0.0 0.0 0.0 0.0 0.0 0.0 0.0 0.0 0.0 0.0 0.0 0.0 0.0 0.0 0.0 0.0 0.0 0.0 0.0 0.0 0.0 0.0 0.0 0.0 0.0 0.0 0.0 0.0 0.0 0.0 0.0 0.0 0.0 0.0 0.0 0.0 0.0 0.0 0.0 0.0 0.0 0.0 0.0 0.0 0.0 0.0 0.0 0.0 0.0 0.0 0.0 0.0 0.0 0.0 0.0 0.0 0.0 0.0 0.0 0.0 0.0 0.0 0.0 0.0 0.0 0.0 0.0 0.0 0.0 0.0 0.0 0.0 0.0 0.0 0.0 0.0 0.0 0.0 0.0 0.0 0.0 0.0 0.0 0.0 0.0 0.0 0.0 0.0 0.0 0.0 0.0 0.0 0.0 0.0 0.0 0.0 0.0 0.0 0.0 0.0 0.0 0.0 0.0 0.0 0.0 0.0 0.0 0.0 0.0 0.0 0.0 0.0 0.0 0.0 0.0 0.0 0.0 0.0 0.0 0.0 0.0 0.0 0.0 0.0 0.0 0.0 0.0 0.0 0.0 0.0 0.0 0.0 0.0 0.0 0.0 0.0 0.0 0.0 0.0 0.0 0.0 0.0 0.0 0.0 0.0 0.0 0.0 0.0 0.0 0.0 0.0 0.0 0.0 0.0 0.0 0.0 0.0 0.0 0.0 0.0 0.0 0.0 0.0 0.0 0.0 0.0 0.0 0.0 0.0 0.0 0.0 0.0 0.0 0.0 0.0 0.0 0.0 0.0 0.0 0.0 0.0 0.0 0.0 0.0 0.0 0.0 0.0 0.0 0.0 0.0 0.0 0.0 0.0 0.0 0.0 0.0 0.0 
0.0 0.0 0.0 0.0 0.0 0.0 0.0 0.0 0.0 0.0 0.0 0.0 0.0 0.0 0.0 0.0 0.0 0.0 0.0 0.0 0.0 0.0 0.0 0.0 0.0 0.0 0.0 0.0 0.0 0.0 0.0 0.0 0.0 0.0 0.0 0.0 0.0 0.0 0.0 0.0 0.0 0.0 0.0 0.0 0.0 0.0 0.0 0.0 0.0 0.0 0.0 0.0 0.0 0.0 0.0 0.0 0.0 0.0 0.0 0.0 0.0 0.0 0.0 0.0 0.0 0.0 0.0 0.0 0.0 0.0 0.0 0.0 0.0 0.0 0.0 0.0 0.0 0.0 0.0 0.0 0.0 0.0 0.0 0.0 0.0 0.0 0.0 0.0 0.0 0.0 0.0 0.0 0.0 0.0 0.0 0.0 0.0 0.0 0.0 0.0 0.0 0.0 0.0 0.0 0.0 0.0 0.0 0.0 0.0 0.0 0.0 0.0 0.0 0.0 0.0 0.0 0.0 0.0 0.0 0.0 0.0 0.0 0.0 0.0 0.0 0.0 0.0 0.0 0.0 0.0 0.0 0.0 0.0 0.0 0.0 0.0 0.0 0.0 0.0 0.0 0.0 0.0 0.0 0.0 0.0 0.0 0.0 0.0 0.0 0.0 0.0 0.0 0.0 0.0 0.0 0.0 0.0 0.0 0.0 0.0 0.0 0.0 0.0 0.0 0.0 0.0 0.0 0.0 0.0 0.0 0.0 0.0 0.0 0.0 0.0 0.0 0.0 0.0 0.0 0.0 0.0 0.0 0.0 0.0 0.0 0.0 0.0 0.0 0.0 0.0 0.0 0.0 0.0 0.0 0.0 0.0 0.0 0.0 0.0 0.0 
1900 1 13 0 0 0
14.587486223273974 14.58985317738397 14.590953564245545 14.591456727147433 14.591437180208308 14.521541644781413 13.750379512058565 13.249991736290822 12.749994008018252 12.251249560668985 12.001541108383739 12.00002805430853 12.000002367929138 12.000000485008833 12.000000161840338 12.000000072145777 12.000000038607668 12.000000023286956 12.000000015229649 12.000000010537944 12.000000007591826 12.000000005632739 12.000000004274428 12.000000003300213 12.000000002582016 12.000000002040908 12.000000001625898 12.00000000130306 12.000000001048974 12.000000000847296 12.000000000685466 12.000000000553529 12.000000000445791 12.000000000357822 12.000000000286187 12.000000000227924 12.000000000180751 12.00000000014268 12.000000000112102 12.00000000008764 12.000000000068153 12.000000000052736 12.000000000040588 12.000000000031076 12.000000000023661 12.000000000017915 12.00000000001349 12.000000000010083 12.000000000007491 12.00000000000553 12.00000000000406 12.000000000002956 12.00000000000213 12.00000000000151 12.000000000001053 12.000000000000737 12.000000000000515 12.000000000000352 12.00000000000024 12.000000000000162 12.000000000000114 12.000000000000082 12.000000000000062 12.000000000000046 12.000000000000055 12.000000000000053 12.000000000000032 12.00000000000003 12.00000000000003 12.000000000000023 12.000000000000025 12.000000000000023 12.000000000000028 12.000000000000028 12.00000000000002 12.000000000000018 12.000000000000025 12.000000000000021 12.00000000000001 12.000000000000016 12.000000000000018 12.000000000000018 12.000000000000027 12.000000000000027 12.000000000000027 12.000000000000034 12.000000000000028 12.000000000000025 12.000000000000021 12.000000000000005 12.0 12.0 12.000000000000005 12.00000000000002 12.000000000000002 12.000000000000002 12.000000000000023 12.000000000000025 12.000000000000021 12.000000000000025 12.00000000000002 12.000000000000021 12.000000000000004 12.0 11.999999999999984 11.999999999999979 11.999999999999988 12.0 12.00000000000002 12.00000000000002 12.000000000000021 12.000000000000023 12.000000000000002 12.000000000000002 12.000000000000002 12.0 12.000000000000002 12.000000000000004 12.000000000000005 12.000000000000012 12.000000000000005 11.999999999999996 12.000000000000004 11.999999999999995 11.999999999999996 11.999999999999998 12.0 12.0 12.0 12.000000000000004 12.000000000000004 11.999999999999996 12.0 12.0 12.0 12.000000000000002 11.999999999999991 12.000000000000002 12.000000000000027 12.000000000000027 12.000000000000034 12.000000000000028 12.000000000000025 12.00000000000002 12.000000000000025 12.000000000000025 12.000000000000025 12.000000000000009 12.0 12.000000000000009 11.999999999999996 12.0 12.0 12.000000000000002 12.000000000000002 11.999999999999996 11.999999999999998 12.0 12.0 12.00000000000001 12.00000000000001 12.000000000000009 12.000000000000002 12.0 11.999999999999998 12.000000000000004 12.000000000000004 12.000000000000007 12.000000000000012 12.0 11.999999999999977 11.99999999999998 12.0 12.000000000000018 12.000000000000027 12.000000000000028 12.000000000000027 12.000000000000014 12.000000000000005 12.000000000000004 12.0 12.0 11.999999999999998 11.999999999999998 11.999999999999998 12.000000000000007 12.000000000000027 12.00000000000005 12.00000000000005 12.00000000000007 12.000000000000092 12.000000000000112 12.00000000000014 12.000000000000194 12.00000000000023 12.000000000000275 12.000000000000297 12.000000000000314 12.000000000000373 12.000000000000407 
35.00000000000001 35.00000000000002 35.00000000000004 35.00000000000004 35.00000000000005 35.000000000000064 34.999999999999936 35.00000000000411 35.000000000006644 34.999999999999694 34.99999999999934 34.99999999999993 35.00000000000005 35.00000000000016 35.00000000000017 35.000000000000135 35.00000000000012 35.000000000000064 35.00000000000005 35.000000000000085 35.00000000000009 35.00000000000004 35.000000000000036 34.99999999999994 34.999999999999915 34.99999999999986 34.99999999999988 34.99999999999987 34.9999999999999 34.99999999999992 34.99999999999996 34.99999999999997 34.99999999999999 35.00000000000006 35.00000000000009 35.0000000000001 35.00000000000007 35.000000000000064 35.000000000000064 35.00000000000004 35.000000000000036 35.00000000000006 35.000000000000064 35.000000000000064 35.000000000000114 35.00000000000014 35.000000000000156 35.00000000000014 35.00000000000013 35.00000000000013 35.00000000000014 35.00000000000011 35.000000000000064 35.00000000000004 35.00000000000003 35.00000000000004 35.000000000000085 35.000000000000064 35.00000000000006 35.00000000000008 35.00000000000008 35.00000000000006 34.999999999999986 34.999999999999936 34.99999999999998 34.99999999999997 34.999999999999936 34.999999999999964 34.99999999999997 34.99999999999994 34.99999999999997 34.999999999999986 35.00000000000003 35.000000000000036 35.00000000000003 35.000000000000036 35.000000000000036 35.00000000000003 35.000000000000014 35.0 35.000000000000014 35.00000000000001 35.00000000000002 35.00000000000003 35.00000000000005 35.00000000000004 35.00000000000003 34.99999999999999 35.00000000000005 35.00000000000005 35.00000000000005 35.000000000000036 35.000000000000036 35.00000000000007 35.00000000000006 35.00000000000003 35.000000000000085 35.000000000000085 35.00000000000007 35.00000000000005 35.00000000000006 35.00000000000005 35.000000000000036 34.999999999999986 34.999999999999915 34.99999999999988 34.99999999999988 34.99999999999987 34.999999999999936 34.99999999999995 34.99999999999998 34.99999999999997 34.99999999999994 34.99999999999993 34.99999999999992 34.99999999999989 34.99999999999989 34.99999999999987 34.999999999999886 34.9999999999999 34.99999999999987 34.99999999999983 34.99999999999984 34.99999999999983 34.99999999999984 34.99999999999981 34.99999999999977 34.99999999999976 34.99999999999977 34.99999999999982 34.99999999999987 34.9999999999999 34.99999999999995 34.99999999999997 34.99999999999998 34.99999999999998 34.99999999999998 35.00000000000003 35.0000000000001 35.00000000000014 35.00000000000018 35.00000000000017 35.00000000000014 35.00000000000015 35.00000000000013 35.000000000000185 35.0000000000002 35.00000000000019 35.0000000000002 35.00000000000021 35.00000000000023 35.00000000000018 35.00000000000014 35.00000000000015 35.00000000000012 35.00000000000005 35.00000000000001 34.99999999999999 35.00000000000002 35.00000000000001 34.99999999999997 34.999999999999964 34.999999999999936 34.99999999999994 34.99999999999996 34.99999999999997 34.999999999999936 34.999999999999915 34.99999999999993 34.999999999999886 34.999999999999865 34.99999999999989 34.999999999999936 34.99999999999999 35.000000000000036 35.00000000000003 35.00000000000006 35.000000000000085 35.00000000000009 35.00000000000009 35.00000000000006 35.00000000000004 35.000000000000064 35.0000000000001 35.00000000000014 35.00000000000017 35.00000000000019 35.000000000000234 35.00000000000024 35.00000000000027 35.00000000000032 35.00000000000037 35.000000000000426 35.000000000000526 35.000000000000576 35.000000000000696 35.00000000000075 35.0000000000008 35.000000000000924 35.00000000000102 
0.0 0.0 0.0 0.0 0.0 0.0 0.0 0.0 0.0 0.0 0.0 0.0 0.0 0.0 0.0 0.0 0.0 0.0 0.0 0.0 0.0 0.0 0.0 0.0 0.0 0.0 0.0 0.0 0.0 0.0 0.0 0.0 0.0 0.0 0.0 0.0 0.0 0.0 0.0 0.0 0.0 0.0 0.0 0.0 0.0 0.0 0.0 0.0 0.0 0.0 0.0 0.0 0.0 0.0 0.0 0.0 0.0 0.0 0.0 0.0 0.0 0.0 0.0 0.0 0.0 0.0 0.0 0.0 0.0 0.0 0.0 0.0 0.0 0.0 0.0 0.0 0.0 0.0 0.0 0.0 0.0 0.0 0.0 0.0 0.0 0.0 0.0 0.0 0.0 0.0 0.0 0.0 0.0 0.0 0.0 0.0 0.0 0.0 0.0 0.0 0.0 0.0 0.0 0.0 0.0 0.0 0.0 0.0 0.0 0.0 0.0 0.0 0.0 0.0 0.0 0.0 0.0 0.0 0.0 0.0 0.0 0.0 0.0 0.0 0.0 0.0 0.0 0.0 0.0 0.0 0.0 0.0 0.0 0.0 0.0 0.0 0.0 0.0 0.0 0.0 0.0 0.0 0.0 0.0 0.0 0.0 0.0 0.0 0.0 0.0 0.0 0.0 0.0 0.0 0.0 0.0 0.0 0.0 0.0 0.0 0.0 0.0 0.0 0.0 0.0 0.0 0.0 0.0 0.0 0.0 0.0 0.0 0.0 0.0 0.0 0.0 0.0 0.0 0.0 0.0 0.0 0.0 0.0 0.0 0.0 0.0 0.0 0.0 0.0 0.0 0.0 0.0 0.0 0.0 0.0 0.0 0.0 0.0 0.0 0.0 
0.0 0.0 0.0 0.0 0.0 0.0 0.0 0.0 0.0 0.0 0.0 0.0 0.0 0.0 0.0 0.0 0.0 0.0 0.0 0.0 0.0 0.0 0.0 0.0 0.0 0.0 0.0 0.0 0.0 0.0 0.0 0.0 0.0 0.0 0.0 0.0 0.0 0.0 0.0 0.0 0.0 0.0 0.0 0.0 0.0 0.0 0.0 0.0 0.0 0.0 0.0 0.0 0.0 0.0 0.0 0.0 0.0 0.0 0.0 0.0 0.0 0.0 0.0 0.0 0.0 0.0 0.0 0.0 0.0 0.0 0.0 0.0 0.0 0.0 0.0 0.0 0.0 0.0 0.0 0.0 0.0 0.0 0.0 0.0 0.0 0.0 0.0 0.0 0.0 0.0 0.0 0.0 0.0 0.0 0.0 0.0 0.0 0.0 0.0 0.0 0.0 0.0 0.0 0.0 0.0 0.0 0.0 0.0 0.0 0.0 0.0 0.0 0.0 0.0 0.0 0.0 0.0 0.0 0.0 0.0 0.0 0.0 0.0 0.0 0.0 0.0 0.0 0.0 0.0 0.0 0.0 0.0 0.0 0.0 0.0 0.0 0.0 0.0 0.0 0.0 0.0 0.0 0.0 0.0 0.0 0.0 0.0 0.0 0.0 0.0 0.0 0.0 0.0 0.0 0.0 0.0 0.0 0.0 0.0 0.0 0.0 0.0 0.0 0.0 0.0 0.0 0.0 0.0 0.0 0.0 0.0 0.0 0.0 0.0 0.0 0.0 0.0 0.0 0.0 0.0 0.0 0.0 0.0 0.0 0.0 0.0 0.0 0.0 0.0 0.0 0.0 0.0 0.0 0.0 0.0 0.0 0.0 0.0 0.0 0.0 
1900 1 14 0 0 0
14.55626729870699 14.558543025503106 14.559543966995939 14.55996273356205 14.55996754752635 14.550820972653288 13.750761587574997 13.249990953393361 12.749993785252038 12.251353478780443 12.001667961516343 12.000031678670219 12.000002718045243 12.000000560418759 12.000000187346464 12.000000083475806 12.000000044624754 12.000000026900963 12.000000017597774 12.000000012189945 12.000000008798507 12.0000000065449 12.000000004981061 12.000000003858663 12.000000003030705 12.000000002405987 12.000000001925903 12.000000001551472 12.000000001255962 12.000000001020272 12.000000000830711 12.000000000677067 12.000000000551713 12.000000000448324 12.000000000363023 12.000000000292939 12.000000000235461 12.000000000188502 12.000000000150283 12.00000000011929 12.000000000094248 12.000000000074117 12.000000000058007 12.000000000045173 12.000000000035008 12.000000000026988 12.000000000020698 12.000000000015794 12.000000000011978 12.000000000009049 12.00000000000679 12.000000000005056 12.000000000003741 12.000000000002746 12.000000000001991 12.000000000001442 12.000000000001029 12.000000000000727 12.000000000000512 12.00000000000035 12.000000000000242 12.000000000000163 12.00000000000011 12.0000000000001 12.000000000000078 12.000000000000059 12.000000000000048 12.000000000000032 12.00000000000003 12.000000000000034 12.000000000000043 12.000000000000048 12.000000000000034 12.000000000000037 12.000000000000032 12.000000000000028 12.000000000000027 12.00000000000003 12.000000000000032 12.000000000000028 12.000000000000034 12.000000000000032 12.000000000000027 12.000000000000025 12.000000000000025 12.000000000000027 12.000000000000025 12.000000000000028 12.00000000000002 12.000000000000014 11.999999999999998 11.999999999999998 12.0 12.000000000000007 12.000000000000004 11.999999999999998 11.999999999999995 11.999999999999996 11.999999999999998 12.0 12.000000000000002 12.0 12.000000000000002 12.000000000000004 12.0 12.000000000000012 12.000000000000021 12.000000000000021 12.00000000000003 12.000000000000028 12.000000000000027 12.000000000000023 12.000000000000027 12.000000000000025 11.999999999999998 12.000000000000002 12.0 11.999999999999998 11.999999999999996 11.999999999999979 11.999999999999973 11.999999999999973 11.999999999999995 11.999999999999991 11.99999999999999 11.999999999999988 12.0 11.999999999999993 12.0 12.0 12.0 12.0 12.000000000000016 12.000000000000012 12.00000000000001 12.0 12.00000000000001 12.000000000000023 12.000000000000025 12.000000000000027 12.000000000000027 12.000000000000021 12.000000000000021 12.000000000000027 12.000000000000028 12.000000000000027 12.000000000000018 12.000000000000016 12.000000000000007 12.0 11.999999999999998 11.999999999999995 12.000000000000007 12.000000000000002 11.999999999999984 11.999999999999986 11.999999999999979 12.0 11.999999999999993 11.999999999999996 12.0 12.000000000000007 11.999999999999998 11.999999999999998 11.999999999999993 11.999999999999996 11.999999999999998 11.999999999999995 12.0 12.000000000000002 12.000000000000002 12.000000000000007 12.000000000000009 12.0 12.0 11.999999999999995 11.999999999999998 12.000000000000025 12.000000000000027 12.000000000000025 12.000000000000027 12.00000000000002 12.000000000000014 12.000000000000016 12.000000000000018 12.000000000000023 12.000000000000028 12.000000000000055 12.000000000000066 12.000000000000085 12.00000000000011 12.000000000000142 12.000000000000169 12.000000000000195 12.00000000000022 12.000000000000252 12.000000000000286 12.000000000000318 12.000000000000373 12.000000000000409 
35.00000000000003 35.000000000000036 35.00000000000003 35.00000000000002 35.00000000000003 35.00000000000008 34.999999999999964 35.000000000004015 35.00000000000693 34.99999999999978 35.000000000000064 34.99999999999983 35.00000000000001 35.00000000000017 35.000000000000284 35.0000000000003 35.00000000000016 35.000000000000036 35.00000000000008 35.00000000000009 35.000000000000114 35.000000000000156 35.00000000000005 34.999999999999986 34.99999999999991 34.99999999999993 34.999999999999865 34.99999999999987 34.99999999999988 34.999999999999915 34.99999999999995 34.99999999999997 34.99999999999997 34.99999999999999 35.00000000000002 35.000000000000036 35.000000000000085 35.0000000000001 35.0000000000001 35.000000000000135 35.000000000000114 35.00000000000007 35.00000000000005 35.00000000000002 35.000000000000036 35.00000000000002 35.00000000000005 35.0000000000001 35.0000000000001 35.000000000000135 35.00000000000014 35.0000000000001 35.000000000000064 35.00000000000005 35.000000000000014 35.000000000000036 35.000000000000014 35.00000000000001 34.99999999999999 34.999999999999964 34.999999999999986 34.999999999999986 35.0 34.999999999999986 35.00000000000002 35.0 34.99999999999998 34.99999999999998 34.999999999999986 35.0 35.00000000000004 35.00000000000006 35.00000000000009 35.000000000000085 35.00000000000003 34.99999999999999 34.99999999999997 34.99999999999996 34.99999999999998 34.99999999999999 35.00000000000001 34.99999999999999 35.00000000000002 35.00000000000005 35.00000000000004 35.000000000000085 35.00000000000008 35.0000000000001 35.000000000000085 35.00000000000007 35.00000000000002 35.0 35.00000000000002 35.00000000000003 35.000000000000014 34.99999999999999 34.999999999999964 34.99999999999995 34.99999999999996 34.999999999999986 35.000000000000014 34.999999999999986 34.999999999999964 34.99999999999996 34.99999999999995 34.99999999999995 34.99999999999998 34.999999999999964 34.999999999999964 34.99999999999993 34.999999999999915 34.9999999999999 34.9999999999999 34.999999999999915 34.99999999999989 34.99999999999988 34.99999999999988 34.99999999999986 34.99999999999985 34.999999999999844 34.99999999999983 34.9999999999998 34.99999999999979 34.999999999999744 34.99999999999974 34.99999999999969 34.99999999999972 34.9999999999997 34.99999999999974 34.99999999999981 34.999999999999865 34.99999999999993 34.99999999999995 35.000000000000014 35.00000000000004 35.00000000000004 35.00000000000004 35.000000000000064 35.00000000000006 35.00000000000009 35.00000000000011 35.00000000000011 35.0000000000001 35.000000000000156 35.000000000000156 35.00000000000017 35.00000000000014 35.00000000000015 35.000000000000156 35.00000000000016 35.00000000000015 35.000000000000114 35.000000000000085 35.000000000000036 35.00000000000001 35.000000000000014 35.000000000000036 35.00000000000006 35.00000000000006 35.000000000000036 35.00000000000007 35.00000000000007 35.000000000000014 34.99999999999995 34.99999999999993 34.99999999999993 34.99999999999995 34.99999999999994 34.99999999999993 34.99999999999995 34.99999999999997 34.99999999999996 34.999999999999964 34.99999999999997 34.999999999999964 34.999999999999986 35.00000000000001 35.00000000000006 35.000000000000085 35.00000000000006 35.000000000000085 35.00000000000007 35.00000000000003 35.00000000000004 35.00000000000007 35.00000000000008 35.00000000000016 35.00000000000022 35.0000000000003 35.00000000000033 35.000000000000334 35.000000000000405 35.00000000000044 35.00000000000053 35.00000000000061 35.00000000000069 35.00000000000075 35.00000000000076 35.00000000000088 35.00000000000098 
0.0 0.0 0.0 0.0 0.0 0.0 0.0 0.0 0.0 0.0 0.0 0.0 0.0 0.0 0.0 0.0 0.0 0.0 0.0 0.0 0.0 0.0 0.0 0.0 0.0 0.0 0.0 0.0 0.0 0.0 0.0 0.0 0.0 0.0 0.0 0.0 0.0 0.0 0.0 0.0 0.0 0.0 0.0 0.0 0.0 0.0 0.0 0.0 0.0 0.0 0.0 0.0 0.0 0.0 0.0 0.0 0.0 0.0 0.0 0.0 0.0 0.0 0.0 0.0 0.0 0.0 0.0 0.0 0.0 0.0 0.0 0.0 0.0 0.0 0.0 0.0 0.0 0.0 0.0 0.0 0.0 0.0 0.0 0.0 0.0 0.0 0.0 0.0 0.0 0.0 0.0 0.0 0.0 0.0 0.0 0.0 0.0 0.0 0.0 0.0 0.0 0.0 0.0 0.0 0.0 0.0 0.0 0.0 0.0 0.0 0.0 0.0 0.0 0.0 0.0 0.0 0.0 0.0 0.0 0.0 0.0 0.0 0.0 0.0 0.0 0.0 0.0 0.0 0.0 0.0 0.0 0.0 0.0 0.0 0.0 0.0 0.0 0.0 0.0 0.0 0.0 0.0 0.0 0.0 0.0 0.0 0.0 0.0 0.0 0.0 0.0 0.0 0.0 0.0 0.0 0.0 0.0 0.0 0.0 0.0 0.0 0.0 0.0 0.0 0.0 0.0 0.0 0.0 0.0 0.0 0.0 0.0 0.0 0.0 0.0 0.0 0.0 0.0 0.0 0.0 0.0 0.0 0.0 0.0 0.0 0.0 0.0 0.0 0.0 0.0 0.0 0.0 0.0 0.0 0.0 0.0 0.0 0.0 0.0 0.0 
0.0 0.0 0.0 0.0 0.0 0.0 0.0 0.0 0.0 0.0 0.0 0.0 0.0 0.0 0.0 0.0 0.0 0.0 0.0 0.0 0.0 0.0 0.0 0.0 0.0 0.0 0.0 0.0 0.0 0.0 0.0 0.0 0.0 0.0 0.0 0.0 0.0 0.0 0.0 0.0 0.0 0.0 0.0 0.0 0.0 0.0 0.0 0.0 0.0 0.0 0.0 0.0 0.0 0.0 0.0 0.0 0.0 0.0 0.0 0.0 0.0 0.0 0.0 0.0 0.0 0.0 0.0 0.0 0.0 0.0 0.0 0.0 0.0 0.0 0.0 0.0 0.0 0.0 0.0 0.0 0.0 0.0 0.0 0.0 0.0 0.0 0.0 0.0 0.0 0.0 0.0 0.0 0.0 0.0 0.0 0.0 0.0 0.0 0.0 0.0 0.0 0.0 0.0 0.0 0.0 0.0 0.0 0.0 0.0 0.0 0.0 0.0 0.0 0.0 0.0 0.0 0.0 0.0 0.0 0.0 0.0 0.0 0.0 0.0 0.0 0.0 0.0 0.0 0.0 0.0 0.0 0.0 0.0 0.0 0.0 0.0 0.0 0.0 0.0 0.0 0.0 0.0 0.0 0.0 0.0 0.0 0.0 0.0 0.0 0.0 0.0 0.0 0.0 0.0 0.0 0.0 0.0 0.0 0.0 0.0 0.0 0.0 0.0 0.0 0.0 0.0 0.0 0.0 0.0 0.0 0.0 0.0 0.0 0.0 0.0 0.0 0.0 0.0 0.0 0.0 0.0 0.0 0.0 0.0 0.0 0.0 0.0 0.0 0.0 0.0 0.0 0.0 0.0 0.0 0.0 0.0 0.0 0.0 0.0 0.0 
1900 1 15 0 0 0
14.529082765609425 14.531138117286856 14.532091473205371 14.532570782440557 14.532690643122397 14.532154733736252 13.778893253136586 13.249994637657947 12.749993604960096 12.251457364373914 12.001794625624967 12.000035452998722 12.000003088425334 12.000000640751328 12.00000021461154 12.000000095610377 12.000000051079402 12.000000030786497 12.000000020151683 12.00000001397819 12.000000010109627 12.000000007539759 12.000000005753664 12.000000004469925 12.000000003521622 12.000000002805125 12.00000000225347 12.000000001822324 12.000000001481128 12.00000000120818 12.000000000988125 12.000000000809404 12.000000000663388 12.000000000543748 12.000000000445432 12.000000000363956 12.000000000296335 12.000000000240325 12.000000000194143 12.00000000015616 12.000000000125107 12.000000000099785 12.00000000007924 12.000000000062638 12.00000000004928 12.000000000038602 12.0000000000301 12.000000000023348 12.000000000018028 12.000000000013845 12.000000000010571 12.000000000008031 12.000000000006073 12.00000000000455 12.000000000003379 12.000000000002498 12.00000000000184 12.000000000001343 12.00000000000097 12.000000000000696 12.0000000000005 12.000000000000348 12.000000000000249 12.000000000000162 12.000000000000107 12.000000000000078 12.000000000000053 12.000000000000039 12.00000000000003 12.000000000000036 12.000000000000043 12.000000000000048 12.000000000000046 12.00000000000003 12.000000000000028 12.000000000000034 12.000000000000036 12.000000000000027 12.000000000000025 12.000000000000014 12.000000000000012 12.00000000000002 12.000000000000027 12.000000000000027 12.000000000000027 12.00000000000002 12.000000000000025 12.000000000000018 12.000000000000002 12.0 12.000000000000005 11.999999999999998 11.999999999999996 12.000000000000004 12.0 12.0 12.0 11.999999999999998 12.000000000000004 12.0 12.000000000000004 12.0 12.000000000000002 12.0 12.000000000000002 12.000000000000025 12.000000000000028 12.00000000000003 12.000000000000034 12.00000000000003 12.000000000000027 12.000000000000032 12.000000000000028 12.000000000000014 12.000000000000005 11.999999999999991 12.0 12.0 12.000000000000002 11.999999999999998 11.999999999999998 11.999999999999995 11.999999999999988 12.0 11.999999999999998 11.999999999999998 11.999999999999996 12.0 12.0 12.0 12.0 12.000000000000005 12.000000000000023 12.000000000000027 12.000000000000027 12.000000000000027 12.000000000000028 12.000000000000028 12.000000000000032 12.000000000000027 12.000000000000025 12.000000000000027 12.000000000000027 12.000000000000027 12.000000000000025 12.000000000000023 12.000000000000021 12.000000000000009 12.000000000000002 12.000000000000002 12.000000000000004 12.000000000000002 11.999999999999996 12.000000000000005 12.000000000000005 11.999999999999998 12.0 12.000000000000002 12.0 12.000000000000002 12.000000000000014 12.000000000000027 12.000000000000016 12.000000000000009 12.000000000000002 12.0 11.999999999999995 11.999999999999995 11.999999999999996 11.999999999999993 11.999999999999993 12.0 11.999999999999998 11.999999999999993 11.999999999999998 12.00000000000001 12.000000000000021 12.000000000000027 12.000000000000023 12.000000000000027 12.000000000000027 12.000000000000028 12.00000000000001 12.000000000000018 12.000000000000028 12.000000000000032 12.000000000000027 12.000000000000053 12.000000000000083 12.000000000000108 12.000000000000133 12.000000000000142 12.000000000000167 12.000000000000195 12.000000000000227 12.000000000000254 12.000000000000284 12.000000000000343 12.00000000000039 12.000000000000389 
35.00000000000007 35.00000000000007 35.00000000000007 35.000000000000064 35.000000000000064 35.00000000000006 34.9999999999999 35.00000000000378 35.00000000000747 34.99999999999981 34.999999999999865 34.99999999999972 34.999999999999986 35.000000000000306 35.00000000000036 35.00000000000032 35.00000000000016 35.00000000000005 35.00000000000003 35.00000000000007 35.000000000000064 35.00000000000001 34.99999999999997 34.99999999999991 34.99999999999988 34.99999999999986 34.999999999999844 34.99999999999988 34.99999999999992 34.99999999999995 34.999999999999936 34.99999999999996 34.999999999999964 35.00000000000001 35.00000000000004 35.00000000000005 35.00000000000008 35.00000000000008 35.000000000000085 35.00000000000009 35.00000000000008 35.00000000000009 35.000000000000064 35.00000000000003 34.99999999999999 35.0 35.00000000000004 35.00000000000006 35.00000000000007 35.00000000000007 35.00000000000005 35.00000000000005 35.00000000000008 35.00000000000005 35.00000000000002 35.00000000000002 35.00000000000001 34.999999999999964 34.999999999999964 34.99999999999998 34.999999999999986 35.0 35.00000000000002 34.99999999999999 34.99999999999998 34.99999999999996 34.99999999999994 34.999999999999964 34.99999999999997 35.00000000000001 35.00000000000004 35.000000000000064 35.00000000000007 35.00000000000006 35.000000000000085 35.000000000000036 34.99999999999999 34.999999999999986 34.99999999999996 34.9999999999999 34.99999999999991 34.99999999999999 35.000000000000085 35.000000000000085 35.00000000000009 35.00000000000006 35.000000000000036 35.00000000000005 35.000000000000014 35.00000000000001 35.000000000000064 35.00000000000004 34.999999999999986 34.999999999999964 34.99999999999995 34.99999999999996 34.99999999999995 34.99999999999995 35.00000000000001 35.00000000000003 35.000000000000036 35.000000000000064 35.000000000000064 35.00000000000002 34.99999999999997 34.999999999999964 35.0 35.00000000000001 35.00000000000002 34.99999999999995 34.99999999999998 34.99999999999998 34.99999999999999 34.99999999999997 34.99999999999997 34.99999999999988 34.999999999999886 34.999999999999886 34.99999999999989 34.99999999999987 34.999999999999844 34.9999999999998 34.99999999999972 34.99999999999975 34.999999999999766 34.99999999999977 34.999999999999794 34.99999999999982 34.999999999999815 34.99999999999985 34.99999999999985 34.99999999999988 34.99999999999994 34.99999999999997 34.999999999999986 34.999999999999986 35.000000000000036 35.00000000000007 35.000000000000156 35.000000000000114 35.0000000000001 35.000000000000114 35.00000000000012 35.000000000000156 35.000000000000114 35.00000000000011 35.00000000000014 35.00000000000017 35.000000000000135 35.00000000000013 35.000000000000135 35.00000000000012 35.00000000000009 35.00000000000012 35.00000000000012 35.000000000000085 35.000000000000064 35.000000000000085 35.00000000000008 35.00000000000011 35.00000000000009 35.000000000000064 35.0 34.999999999999964 34.99999999999994 34.99999999999992 34.9999999999999 34.9999999999999 34.9999999999999 34.9999999999999 34.999999999999936 34.999999999999964 34.99999999999997 34.999999999999964 35.0 35.00000000000004 35.0 35.00000000000002 34.99999999999998 35.00000000000002 35.00000000000004 35.000000000000036 35.000000000000014 35.000000000000064 35.00000000000009 35.000000000000156 35.000000000000156 35.00000000000023 35.00000000000027 35.00000000000033 35.00000000000039 35.00000000000041 35.000000000000426 35.00000000000049 35.00000000000056 35.000000000000625 35.00000000000066 35.0000000000008 35.000000000000824 35.000000000000874 
0.0 0.0 0.0 0.0 0.0 0.0 0.0 0.0 0.0 0.0 0.0 0.0 0.0 0.0 0.0 0.0 0.0 0.0 0.0 0.0 0.0 0.0 0.0 0.0 0.0 0.0 0.0 0.0 0.0 0.0 0.0 0.0 0.0 0.0 0.0 0.0 0.0 0.0 0.0 0.0 0.0 0.0 0.0 0.0 0.0 0.0 0.0 0.0 0.0 0.0 0.0 0.0 0.0 0.0 0.0 0.0 0.0 0.0 0.0 0.0 0.0 0.0 0.0 0.0 0.0 0.0 0.0 0.0 0.0 0.0 0.0 0.0 0.0 0.0 0.0 0.0 0.0 0.0 0.0 0.0 0.0 0.0 0.0 0.0 0.0 0.0 0.0 0.0 0.0 0.0 0.0 0.0 0.0 0.0 0.0 0.0 0.0 0.0 0.0 0.0 0.0 0.0 0.0 0.0 0.0 0.0 0.0 0.0 0.0 0.0 0.0 0.0 0.0 0.0 0.0 0.0 0.0 0.0 0.0 0.0 0.0 0.0 0.0 0.0 0.0 0.0 0.0 0.0 0.0 0.0 0.0 0.0 0.0 0.0 0.0 0.0 0.0 0.0 0.0 0.0 0.0 0.0 0.0 0.0 0.0 0.0 0.0 0.0 0.0 0.0 0.0 0.0 0.0 0.0 0.0 0.0 0.0 0.0 0.0 0.0 0.0 0.0 0.0 0.0 0.0 0.0 0.0 0.0 0.0 0.0 0.0 0.0 0.0 0.0 0.0 0.0 0.0 0.0 0.0 0.0 0.0 0.0 0.0 0.0 0.0 0.0 0.0 0.0 0.0 0.0 0.0 0.0 0.0 0.0 0.0 0.0 0.0 0.0 0.0 0.0 
0.0 0.0 0.0 0.0 0.0 0.0 0.0 0.0 0.0 0.0 0.0 0.0 0.0 0.0 0.0 0.0 0.0 0.0 0.0 0.0 0.0 0.0 0.0 0.0 0.0 0.0 0.0 0.0 0.0 0.0 0.0 0.0 0.0 0.0 0.0 0.0 0.0 0.0 0.0 0.0 0.0 0.0 0.0 0.0 0.0 0.0 0.0 0.0 0.0 0.0 0.0 0.0 0.0 0.0 0.0 0.0 0.0 0.0 0.0 0.0 0.0 0.0 0.0 0.0 0.0 0.0 0.0 0.0 0.0 0.0 0.0 0.0 0.0 0.0 0.0 0.0 0.0 0.0 0.0 0.0 0.0 0.0 0.0 0.0 0.0 0.0 0.0 0.0 0.0 0.0 0.0 0.0 0.0 0.0 0.0 0.0 0.0 0.0 0.0 0.0 0.0 0.0 0.0 0.0 0.0 0.0 0.0 0.0 0.0 0.0 0.0 0.0 0.0 0.0 0.0 0.0 0.0 0.0 0.0 0.0 0.0 0.0 0.0 0.0 0.0 0.0 0.0 0.0 0.0 0.0 0.0 0.0 0.0 0.0 0.0 0.0 0.0 0.0 0.0 0.0 0.0 0.0 0.0 0.0 0.0 0.0 0.0 0.0 0.0 0.0 0.0 0.0 0.0 0.0 0.0 0.0 0.0 0.0 0.0 0.0 0.0 0.0 0.0 0.0 0.0 0.0 0.0 0.0 0.0 0.0 0.0 0.0 0.0 0.0 0.0 0.0 0.0 0.0 0.0 0.0 0.0 0.0 0.0 0.0 0.0 0.0 0.0 0.0 0.0 0.0 0.0 0.0 0.0 0.0 0.0 0.0 0.0 0.0 0.0 0.0 
1900 1 16 0 0 0
14.502231735850636 14.504287569820164 14.505241200180944 14.505720755610337 14.505840880038084 14.505311318379551 13.812729414970917 13.250011847752232 12.749993471069748 12.251561217419082 12.001921106108657 12.000039372417307 12.000003478689868 12.000000725928743 12.000000243594473 12.000000108512074 12.00000005793332 12.00000003490428 12.000000022852749 12.00000001586657 12.000000011493205 12.000000008589508 12.00000000657129 12.000000005118126 12.000000004043338 12.000000003230198 12.000000002603405 12.000000002112708 12.000000001723603 12.000000001411793 12.000000001159766 12.000000000954765 12.000000000786923 12.000000000648964 12.000000000535225 12.00000000044132 12.000000000362862 12.000000000297472 12.000000000243027 12.000000000197824 12.000000000160412 12.000000000129553 12.000000000104244 12.00000000008351 12.000000000066631 12.000000000052937 12.000000000041867 12.000000000032959 12.000000000025826 12.000000000020142 12.000000000015639 12.00000000001208 12.000000000009287 12.000000000007114 12.000000000005407 12.000000000004087 12.000000000003077 12.00000000000228 12.000000000001677 12.00000000000123 12.000000000000897 12.00000000000065 12.000000000000457 12.000000000000346 12.000000000000245 12.000000000000167 12.000000000000119 12.000000000000078 12.000000000000053 12.000000000000048 12.000000000000044 12.000000000000034 12.000000000000018 12.000000000000018 12.000000000000025 12.000000000000025 12.000000000000027 12.000000000000027 12.000000000000025 12.000000000000021 12.000000000000027 12.000000000000027 12.000000000000027 12.00000000000003 12.000000000000036 12.000000000000027 12.00000000000002 12.0 11.999999999999996 12.000000000000004 12.0 12.0 12.000000000000004 12.000000000000002 12.0 12.000000000000002 12.000000000000005 12.000000000000005 12.000000000000002 11.999999999999998 11.999999999999996 12.0 11.999999999999995 12.0 12.000000000000016 12.000000000000027 12.000000000000027 12.000000000000028 12.000000000000028 12.000000000000028 12.000000000000043 12.000000000000052 12.000000000000027 12.000000000000005 11.999999999999998 11.999999999999995 11.999999999999998 12.0 12.0 12.0 12.0 12.0 11.999999999999996 12.0 12.000000000000004 12.0 12.0 12.000000000000004 12.000000000000007 12.000000000000004 12.000000000000025 12.000000000000012 12.000000000000016 12.000000000000028 12.000000000000027 12.000000000000044 12.00000000000005 12.000000000000036 12.000000000000027 12.000000000000023 12.000000000000023 12.000000000000028 12.000000000000032 12.000000000000028 12.000000000000028 12.00000000000002 12.000000000000012 11.999999999999998 11.999999999999996 12.0 12.0 12.000000000000005 12.000000000000002 11.99999999999999 11.999999999999996 12.0 12.0 12.0 12.0 12.000000000000005 12.0 12.000000000000002 12.000000000000007 12.000000000000018 12.000000000000028 12.000000000000014 12.0 11.99999999999999 11.999999999999986 12.0 12.0 11.999999999999998 12.0 12.000000000000004 12.0 12.0 12.0 11.999999999999998 12.000000000000004 12.000000000000021 12.000000000000028 12.000000000000028 12.000000000000034 12.000000000000034 12.000000000000028 12.000000000000027 12.000000000000027 12.000000000000044 12.000000000000055 12.00000000000009 12.000000000000108 12.000000000000139 12.000000000000163 12.000000000000195 12.000000000000236 12.000000000000284 12.000000000000322 12.000000000000371 12.000000000000425 12.000000000000416 
35.00000000000002 35.000000000000014 35.00000000000002 35.000000000000014 35.000000000000014 34.999999999999986 34.999999999999915 35.00000000000381 35.000000000008164 34.99999999999957 34.99999999999894 34.999999999999886 35.0 35.000000000000405 35.000000000000355 35.00000000000018 35.00000000000006 35.00000000000008 35.00000000000002 34.999999999999964 34.99999999999995 35.0 34.99999999999996 34.999999999999915 34.99999999999991 34.999999999999865 34.99999999999984 34.99999999999989 34.99999999999991 34.99999999999988 34.999999999999886 34.999999999999936 35.000000000000014 35.00000000000004 35.00000000000005 35.00000000000005 35.000000000000036 35.00000000000006 35.0000000000001 35.00000000000012 35.00000000000008 35.00000000000008 35.000000000000085 35.00000000000005 35.0000000000001 35.00000000000011 35.00000000000012 35.000000000000036 35.00000000000001 35.00000000000002 35.00000000000003 35.00000000000007 35.00000000000011 35.000000000000135 35.000000000000085 35.00000000000005 35.00000000000005 35.0 34.99999999999997 34.99999999999994 34.999999999999936 34.99999999999995 34.9999999999999 34.99999999999996 34.999999999999986 34.99999999999995 34.99999999999997 34.99999999999999 35.00000000000002 35.00000000000001 35.00000000000005 35.000000000000036 34.99999999999997 34.99999999999996 34.99999999999999 35.0 35.00000000000004 35.00000000000003 35.00000000000002 35.00000000000004 35.000000000000014 34.99999999999997 34.99999999999999 35.00000000000004 35.00000000000004 35.00000000000002 35.0 35.00000000000001 35.00000000000002 35.000000000000036 35.0 34.999999999999986 34.99999999999997 34.999999999999964 34.99999999999997 35.00000000000003 35.000000000000014 35.000000000000064 35.00000000000003 35.00000000000002 34.99999999999999 34.99999999999998 34.99999999999996 35.00000000000003 35.000000000000036 35.00000000000002 35.000000000000014 35.00000000000004 35.00000000000004 35.00000000000002 35.000000000000036 35.00000000000002 34.99999999999995 34.999999999999915 34.999999999999886 34.99999999999986 34.999999999999815 34.99999999999982 34.99999999999983 34.999999999999844 34.99999999999984 34.999999999999815 34.999999999999794 34.99999999999981 34.99999999999982 34.99999999999978 34.999999999999815 34.999999999999844 34.99999999999985 34.999999999999865 34.9999999999999 34.99999999999987 34.99999999999987 34.999999999999936 34.999999999999964 34.999999999999964 35.000000000000014 35.000000000000036 35.00000000000002 35.00000000000005 35.00000000000005 35.00000000000007 35.00000000000011 35.00000000000011 35.0000000000001 35.00000000000007 35.00000000000008 35.00000000000007 35.000000000000064 35.00000000000007 35.0000000000001 35.000000000000114 35.0000000000001 35.00000000000002 35.00000000000001 34.999999999999986 35.0 35.0 34.99999999999998 34.99999999999999 34.99999999999998 34.99999999999997 34.99999999999996 34.99999999999997 34.99999999999997 34.99999999999996 34.99999999999992 34.999999999999886 34.999999999999886 34.999999999999936 34.99999999999992 34.999999999999915 34.99999999999994 34.99999999999992 34.9999999999999 34.99999999999992 34.999999999999865 34.99999999999985 34.999999999999865 34.999999999999915 34.999999999999964 34.999999999999936 35.0 35.00000000000004 35.00000000000007 35.00000000000007 35.000000000000085 35.000000000000114 35.000000000000156 35.000000000000256 35.0000000000003 35.000000000000334 35.00000000000042 35.00000000000051 35.00000000000064 35.000000000000746 35.00000000000085 35.000000000000966 35.00000000000107 35.000000000000945 
0.0 0.0 0.0 0.0 0.0 0.0 0.0 0.0 0.0 0.0 0.0 0.0 0.0 0.0 0.0 0.0 0.0 0.0 0.0 0.0 0.0 0.0 0.0 0.0 0.0 0.0 0.0 0.0 0.0 0.0 0.0 0.0 0.0 0.0 0.0 0.0 0.0 0.0 0.0 0.0 0.0 0.0 0.0 0.0 0.0 0.0 0.0 0.0 0.0 0.0 0.0 0.0 0.0 0.0 0.0 0.0 0.0 0.0 0.0 0.0 0.0 0.0 0.0 0.0 0.0 0.0 0.0 0.0 0.0 0.0 0.0 0.0 0.0 0.0 0.0 0.0 0.0 0.0 0.0 0.0 0.0 0.0 0.0 0.0 0.0 0.0 0.0 0.0 0.0 0.0 0.0 0.0 0.0 0.0 0.0 0.0 0.0 0.0 0.0 0.0 0.0 0.0 0.0 0.0 0.0 0.0 0.0 0.0 0.0 0.0 0.0 0.0 0.0 0.0 0.0 0.0 0.0 0.0 0.0 0.0 0.0 0.0 0.0 0.0 0.0 0.0 0.0 0.0 0.0 0.0 0.0 0.0 0.0 0.0 0.0 0.0 0.0 0.0 0.0 0.0 0.0 0.0 0.0 0.0 0.0 0.0 0.0 0.0 0.0 0.0 0.0 0.0 0.0 0.0 0.0 0.0 0.0 0.0 0.0 0.0 0.0 0.0 0.0 0.0 0.0 0.0 0.0 0.0 0.0 0.0 0.0 0.0 0.0 0.0 0.0 0.0 0.0 0.0 0.0 0.0 0.0 0.0 0.0 0.0 0.0 0.0 0.0 0.0 0.0 0.0 0.0 0.0 0.0 0.0 0.0 0.0 0.0 0.0 0.0 0.0 
0.0 0.0 0.0 0.0 0.0 0.0 0.0 0.0 0.0 0.0 0.0 0.0 0.0 0.0 0.0 0.0 0.0 0.0 0.0 0.0 0.0 0.0 0.0 0.0 0.0 0.0 0.0 0.0 0.0 0.0 0.0 0.0 0.0 0.0 0.0 0.0 0.0 0.0 0.0 0.0 0.0 0.0 0.0 0.0 0.0 0.0 0.0 0.0 0.0 0.0 0.0 0.0 0.0 0.0 0.0 0.0 0.0 0.0 0.0 0.0 0.0 0.0 0.0 0.0 0.0 0.0 0.0 0.0 0.0 0.0 0.0 0.0 0.0 0.0 0.0 0.0 0.0 0.0 0.0 0.0 0.0 0.0 0.0 0.0 0.0 0.0 0.0 0.0 0.0 0.0 0.0 0.0 0.0 0.0 0.0 0.0 0.0 0.0 0.0 0.0 0.0 0.0 0.0 0.0 0.0 0.0 0.0 0.0 0.0 0.0 0.0 0.0 0.0 0.0 0.0 0.0 0.0 0.0 0.0 0.0 0.0 0.0 0.0 0.0 0.0 0.0 0.0 0.0 0.0 0.0 0.0 0.0 0.0 0.0 0.0 0.0 0.0 0.0 0.0 0.0 0.0 0.0 0.0 0.0 0.0 0.0 0.0 0.0 0.0 0.0 0.0 0.0 0.0 0.0 0.0 0.0 0.0 0.0 0.0 0.0 0.0 0.0 0.0 0.0 0.0 0.0 0.0 0.0 0.0 0.0 0.0 0.0 0.0 0.0 0.0 0.0 0.0 0.0 0.0 0.0 0.0 0.0 0.0 0.0 0.0 0.0 0.0 0.0 0.0 0.0 0.0 0.0 0.0 0.0 0.0 0.0 0.0 0.0 0.0 0.0 
1900 1 17 0 0 0
14.475390195435937 14.477446463528139 14.478400332972978 14.478880104526025 14.47900048605448 14.478477755682542 13.84649495005129 13.250042741292333 12.749993389169727 12.251665037884559 12.002047407830213 12.000043432543556 12.00000388850337 12.000000815896362 12.000000274280277 12.000000122175003 12.000000065182519 12.000000039250587 12.000000025697753 12.000000017852209 12.000000012946465 12.000000009691792 12.0000000074304 12.000000005800908 12.000000004594009 12.000000003679988 12.00000000297477 12.000000002421732 12.000000001982704 12.000000001630294 12.000000001344812 12.000000001112117 12.0000000009211 12.00000000076374 12.000000000633579 12.000000000525581 12.000000000435772 12.000000000360343 12.000000000297142 12.000000000244261 12.000000000200114 12.000000000163395 12.00000000013292 12.000000000107741 12.000000000086986 12.000000000069953 12.000000000056023 12.00000000004469 12.000000000035499 12.00000000002808 12.00000000002211 12.000000000017337 12.000000000013523 12.000000000010498 12.000000000008114 12.000000000006239 12.00000000000477 12.000000000003634 12.000000000002748 12.000000000002055 12.000000000001528 12.000000000001126 12.000000000000824 12.0000000000006 12.000000000000435 12.00000000000032 12.000000000000227 12.000000000000172 12.000000000000123 12.000000000000083 12.000000000000064 12.000000000000043 12.000000000000027 12.000000000000028 12.000000000000027 12.000000000000027 12.000000000000028 12.000000000000028 12.000000000000027 12.000000000000027 12.000000000000028 12.000000000000043 12.000000000000048 12.000000000000043 12.000000000000028 12.000000000000027 12.000000000000005 12.0 12.000000000000005 12.000000000000005 12.000000000000004 11.999999999999998 11.999999999999993 11.999999999999996 12.000000000000004 12.00000000000001 12.000000000000012 12.0 12.0 12.000000000000004 12.000000000000018 12.000000000000025 12.000000000000027 12.000000000000028 12.000000000000032 12.000000000000028 12.000000000000027 12.000000000000027 12.000000000000028 12.000000000000046 12.000000000000048 12.000000000000037 12.000000000000025 12.000000000000028 12.000000000000027 12.000000000000018 12.0 12.000000000000002 12.000000000000012 12.000000000000009 12.00000000000001 12.0 11.999999999999996 12.0 12.0 12.0 12.000000000000004 12.000000000000002 12.000000000000002 12.000000000000007 12.0 12.000000000000012 12.000000000000027 12.000000000000043 12.000000000000028 12.000000000000027 12.000000000000028 12.000000000000028 12.000000000000032 12.000000000000028 12.000000000000027 12.000000000000028 12.000000000000034 12.000000000000027 12.000000000000021 12.000000000000018 12.000000000000012 12.000000000000002 11.999999999999998 11.999999999999991 11.99999999999999 12.0 12.00000000000001 12.000000000000004 12.000000000000005 12.0 12.0 12.0 12.000000000000002 12.0 12.000000000000002 12.000000000000012 12.000000000000007 12.000000000000004 11.999999999999998 11.99999999999999 11.999999999999972 11.99999999999999 12.0 12.0 12.0 12.000000000000007 11.999999999999998 11.999999999999986 11.999999999999998 11.999999999999996 12.0 12.0 12.000000000000004 12.000000000000002 12.000000000000004 12.000000000000018 12.000000000000027 12.000000000000025 12.000000000000025 12.000000000000021 12.000000000000025 12.000000000000032 12.000000000000055 12.00000000000009 12.00000000000011 12.000000000000139 12.000000000000194 12.000000000000222 12.000000000000254 12.000000000000297 12.000000000000346 12.000000000000423 12.000000000000457 12.000000000000476 
35.000000000000036 35.00000000000005 35.00000000000005 35.00000000000003 35.00000000000002 35.00000000000001 35.00000000000006 35.000000000003865 35.00000000000932 35.00000000000004 34.999999999999886 34.99999999999996 34.99999999999999 35.00000000000043 35.00000000000048 35.00000000000018 35.00000000000007 35.00000000000016 35.000000000000114 35.000000000000064 35.00000000000007 35.000000000000064 35.00000000000011 35.00000000000006 35.000000000000036 34.99999999999994 34.999999999999936 34.999999999999936 34.99999999999994 34.99999999999995 34.99999999999998 35.00000000000002 35.00000000000003 35.00000000000005 35.00000000000011 35.00000000000011 35.00000000000012 35.00000000000011 35.00000000000013 35.00000000000012 35.00000000000008 35.000000000000064 35.000000000000064 35.00000000000006 35.00000000000006 35.00000000000003 35.000000000000036 35.000000000000014 35.00000000000003 35.00000000000008 35.00000000000008 35.00000000000007 35.00000000000005 35.000000000000064 35.00000000000004 35.00000000000004 35.00000000000005 35.00000000000005 35.000000000000036 34.999999999999986 34.999999999999986 34.999999999999936 34.99999999999996 34.99999999999994 34.99999999999995 34.999999999999986 34.99999999999998 35.00000000000002 35.00000000000002 35.00000000000001 34.99999999999999 35.00000000000002 35.00000000000002 34.99999999999999 35.00000000000001 34.99999999999999 34.999999999999986 35.0 35.00000000000001 35.00000000000002 35.000000000000036 35.00000000000008 35.00000000000007 35.00000000000008 35.00000000000005 35.00000000000004 35.0 35.000000000000014 35.00000000000004 35.00000000000004 35.00000000000005 35.00000000000001 34.999999999999986 35.00000000000001 35.00000000000005 35.00000000000008 35.00000000000007 35.000000000000036 35.000000000000036 35.00000000000004 35.00000000000006 35.00000000000007 35.00000000000009 35.000000000000085 35.000000000000085 35.000000000000036 35.000000000000036 35.0 34.99999999999998 35.00000000000002 35.000000000000036 35.00000000000003 35.0 34.99999999999999 34.999999999999915 34.99999999999994 34.999999999999936 34.99999999999992 34.999999999999915 34.99999999999989 34.99999999999987 34.999999999999844 34.999999999999815 34.999999999999794 34.99999999999979 34.999999999999815 34.99999999999983 34.999999999999794 34.9999999999998 34.99999999999983 34.99999999999982 34.999999999999815 34.99999999999986 34.999999999999936 34.999999999999936 34.99999999999994 34.99999999999999 34.999999999999986 35.00000000000002 35.000000000000036 35.00000000000002 34.999999999999986 35.0 34.999999999999986 35.000000000000014 35.00000000000006 35.00000000000007 35.00000000000007 35.00000000000002 35.000000000000014 35.00000000000005 35.00000000000007 35.00000000000011 35.00000000000007 35.00000000000007 35.000000000000036 35.00000000000002 35.00000000000001 34.99999999999999 35.00000000000003 35.00000000000001 35.00000000000002 34.99999999999999 34.999999999999986 34.999999999999936 34.99999999999991 34.99999999999986 34.999999999999865 34.99999999999987 34.999999999999865 34.9999999999999 34.99999999999989 34.99999999999986 34.99999999999984 34.999999999999915 34.99999999999989 34.99999999999988 34.99999999999991 34.99999999999991 34.99999999999992 34.99999999999994 34.99999999999998 34.99999999999999 35.0 35.000000000000014 35.00000000000003 35.00000000000002 35.000000000000064 35.000000000000135 35.00000000000025 35.00000000000033 35.0000000000004 35.00000000000052 35.00000000000059 35.0000000000007 35.00000000000082 35.00000000000094 35.00000000000113 35.000000000001215 35.00000000000125 
0.0 0.0 0.0 0.0 0.0 0.0 0.0 0.0 0.0 0.0 0.0 0.0 0.0 0.0 0.0 0.0 0.0 0.0 0.0 0.0 0.0 0.0 0.0 0.0 0.0 0.0 0.0 0.0 0.0 0.0 0.0 0.0 0.0 0.0 0.0 0.0 0.0 0.0 0.0 0.0 0.0 0.0 0.0 0.0 0.0 0.0 0.0 0.0 0.0 0.0 0.0 0.0 0.0 0.0 0.0 0.0 0.0 0.0 0.0 0.0 0.0 0.0 0.0 0.0 0.0 0.0 0.0 0.0 0.0 0.0 0.0 0.0 0.0 0.0 0.0 0.0 0.0 0.0 0.0 0.0 0.0 0.0 0.0 0.0 0.0 0.0 0.0 0.0 0.0 0.0 0.0 0.0 0.0 0.0 0.0 0.0 0.0 0.0 0.0 0.0 0.0 0.0 0.0 0.0 0.0 0.0 0.0 0.0 0.0 0.0 0.0 0.0 0.0 0.0 0.0 0.0 0.0 0.0 0.0 0.0 0.0 0.0 0.0 0.0 0.0 0.0 0.0 0.0 0.0 0.0 0.0 0.0 0.0 0.0 0.0 0.0 0.0 0.0 0.0 0.0 0.0 0.0 0.0 0.0 0.0 0.0 0.0 0.0 0.0 0.0 0.0 0.0 0.0 0.0 0.0 0.0 0.0 0.0 0.0 0.0 0.0 0.0 0.0 0.0 0.0 0.0 0.0 0.0 0.0 0.0 0.0 0.0 0.0 0.0 0.0 0.0 0.0 0.0 0.0 0.0 0.0 0.0 0.0 0.0 0.0 0.0 0.0 0.0 0.0 0.0 0.0 0.0 0.0 0.0 0.0 0.0 0.0 0.0 0.0 0.0 
0.0 0.0 0.0 0.0 0.0 0.0 0.0 0.0 0.0 0.0 0.0 0.0 0.0 0.0 0.0 0.0 0.0 0.0 0.0 0.0 0.0 0.0 0.0 0.0 0.0 0.0 0.0 0.0 0.0 0.0 0.0 0.0 0.0 0.0 0.0 0.0 0.0 0.0 0.0 0.0 0.0 0.0 0.0 0.0 0.0 0.0 0.0 0.0 0.0 0.0 0.0 0.0 0.0 0.0 0.0 0.0 0.0 0.0 0.0 0.0 0.0 0.0 0.0 0.0 0.0 0.0 0.0 0.0 0.0 0.0 0.0 0.0 0.0 0.0 0.0 0.0 0.0 0.0 0.0 0.0 0.0 0.0 0.0 0.0 0.0 0.0 0.0 0.0 0.0 0.0 0.0 0.0 0.0 0.0 0.0 0.0 0.0 0.0 0.0 0.0 0.0 0.0 0.0 0.0 0.0 0.0 0.0 0.0 0.0 0.0 0.0 0.0 0.0 0.0 0.0 0.0 0.0 0.0 0.0 0.0 0.0 0.0 0.0 0.0 0.0 0.0 0.0 0.0 0.0 0.0 0.0 0.0 0.0 0.0 0.0 0.0 0.0 0.0 0.0 0.0 0.0 0.0 0.0 0.0 0.0 0.0 0.0 0.0 0.0 0.0 0.0 0.0 0.0 0.0 0.0 0.0 0.0 0.0 0.0 0.0 0.0 0.0 0.0 0.0 0.0 0.0 0.0 0.0 0.0 0.0 0.0 0.0 0.0 0.0 0.0 0.0 0.0 0.0 0.0 0.0 0.0 0.0 0.0 0.0 0.0 0.0 0.0 0.0 0.0 0.0 0.0 0.0 0.0 0.0 0.0 0.0 0.0 0.0 0.0 0.0 
1900 1 18 0 0 0
14.448558615611265 14.450615256162179 14.451569319664387 14.452049269240668 14.452169899433134 14.451654606152925 13.880187144361631 13.250087210812747 12.74999336480239 12.251768825741777 12.0021735351999 12.000047629408126 12.0000043175604 12.000000910605165 12.000000306657403 12.000000136595457 12.000000072825943 12.00000004382524 12.000000028686394 12.000000019934706 12.00000001446895 12.000000010845987 12.00000000832985 12.000000006517075 12.00000000517279 12.000000004153854 12.000000003366614 12.000000002748953 12.000000002257718 12.000000001862848 12.000000001542547 12.000000001280844 12.000000001065501 12.000000000887605 12.000000000740066 12.000000000617284 12.000000000514833 12.000000000428946 12.000000000356524 12.000000000295524 12.000000000244265 12.000000000201283 12.00000000016533 12.000000000135339 12.000000000110422 12.000000000089766 12.00000000007271 12.000000000058671 12.000000000047168 12.000000000037781 12.000000000030127 12.00000000002392 12.000000000018911 12.000000000014893 12.000000000011662 12.000000000009077 12.00000000000704 12.000000000005432 12.000000000004166 12.000000000003197 12.00000000000243 12.000000000001855 12.000000000001394 12.00000000000104 12.000000000000785 12.000000000000577 12.000000000000425 12.000000000000298 12.000000000000206 12.00000000000013 12.00000000000009 12.000000000000078 12.000000000000052 12.000000000000027 12.000000000000023 12.000000000000023 12.000000000000025 12.000000000000027 12.000000000000025 12.000000000000028 12.00000000000003 12.000000000000032 12.000000000000016 12.000000000000004 12.000000000000004 12.0 11.999999999999996 12.0 12.000000000000002 12.000000000000007 12.000000000000012 12.000000000000023 12.000000000000025 12.000000000000027 12.000000000000023 12.000000000000002 11.999999999999996 11.999999999999998 12.000000000000002 12.000000000000016 12.000000000000027 12.000000000000027 12.000000000000023 12.000000000000025 12.000000000000032 12.000000000000032 12.000000000000028 12.000000000000025 12.000000000000023 12.000000000000025 12.000000000000027 12.00000000000003 12.000000000000025 12.000000000000027 12.000000000000032 12.000000000000027 12.00000000000002 12.0 11.999999999999995 12.0 12.0 11.999999999999995 11.999999999999995 12.000000000000002 12.000000000000004 12.000000000000002 12.0 12.000000000000009 12.0 12.000000000000005 12.000000000000023 12.000000000000025 12.000000000000025 12.000000000000028 12.000000000000027 12.000000000000023 12.000000000000027 12.000000000000027 12.000000000000025 12.000000000000018 12.000000000000027 12.000000000000032 12.000000000000023 12.000000000000018 12.000000000000023 12.000000000000027 12.000000000000025 12.000000000000027 12.000000000000025 12.000000000000009 12.000000000000004 11.999999999999996 11.999999999999993 11.99999999999999 11.999999999999998 11.999999999999998 12.0 11.999999999999998 12.000000000000004 12.000000000000004 12.000000000000002 12.0 12.000000000000005 11.999999999999986 11.999999999999975 11.999999999999973 11.999999999999986 12.0 12.000000000000002 12.000000000000004 11.999999999999998 11.999999999999996 12.000000000000005 11.999999999999996 11.999999999999998 11.999999999999991 11.999999999999995 12.0 12.0 12.000000000000007 12.000000000000014 12.000000000000023 12.000000000000027 12.000000000000023 12.000000000000034 12.00000000000003 12.000000000000034 12.000000000000052 12.000000000000055 12.000000000000078 12.00000000000011 12.000000000000139 12.000000000000167 12.00000000000022 12.000000000000274 12.000000000000304 12.00000000000035 12.000000000000385 12.000000000000457 12.00000000000052 
34.99999999999999 35.00000000000001 35.00000000000002 35.00000000000002 35.00000000000002 34.99999999999999 34.99999999999993 35.000000000003695 35.000000000008384 34.9999999999994 35.00000000000017 35.000000000000064 34.999999999999936 35.00000000000036 35.0000000000005 35.00000000000024 35.00000000000012 35.00000000000013 35.0000000000002 35.00000000000019 35.00000000000009 35.00000000000006 35.00000000000003 34.99999999999999 35.00000000000001 35.00000000000006 34.999999999999986 34.99999999999995 34.99999999999992 34.99999999999992 34.99999999999998 35.000000000000036 35.000000000000064 35.00000000000008 35.00000000000011 35.00000000000008 35.000000000000085 35.000000000000064 35.00000000000008 35.00000000000012 35.000000000000135 35.000000000000114 35.000000000000085 35.000000000000064 35.000000000000064 35.00000000000008 35.0000000000001 35.000000000000135 35.00000000000013 35.00000000000015 35.00000000000011 35.00000000000008 35.000000000000085 35.00000000000006 35.00000000000005 34.99999999999996 34.99999999999996 34.99999999999996 34.99999999999996 34.99999999999998 34.99999999999998 35.00000000000005 35.00000000000005 35.00000000000005 35.00000000000006 35.00000000000006 35.00000000000002 35.00000000000002 35.00000000000003 34.99999999999997 34.99999999999998 35.000000000000014 34.999999999999986 34.99999999999996 34.99999999999997 35.0 35.00000000000001 35.00000000000003 35.00000000000006 35.00000000000004 35.00000000000003 34.99999999999998 34.99999999999994 34.99999999999995 35.0 35.000000000000036 34.99999999999999 34.99999999999999 35.00000000000003 35.000000000000085 35.0000000000001 35.0000000000001 35.00000000000011 35.00000000000011 35.000000000000114 35.000000000000085 35.000000000000036 35.000000000000014 35.00000000000003 35.00000000000006 35.00000000000007 35.000000000000085 35.00000000000008 35.00000000000011 35.00000000000012 35.0000000000001 35.000000000000064 35.0 34.99999999999999 34.99999999999997 34.999999999999964 34.999999999999986 34.99999999999999 34.99999999999999 34.999999999999986 34.999999999999986 34.999999999999986 34.99999999999992 34.999999999999865 34.99999999999988 34.99999999999988 34.999999999999844 34.99999999999982 34.999999999999844 34.99999999999986 34.99999999999983 34.99999999999983 34.999999999999844 34.99999999999983 34.999999999999844 34.99999999999984 34.99999999999985 34.999999999999886 34.99999999999991 34.99999999999988 34.999999999999886 34.999999999999915 34.99999999999995 34.999999999999964 34.99999999999992 34.99999999999999 35.00000000000003 35.00000000000002 34.99999999999999 35.00000000000003 35.00000000000004 35.000000000000064 35.00000000000003 35.00000000000005 35.00000000000002 35.00000000000001 34.99999999999999 34.99999999999998 34.99999999999997 34.999999999999986 34.99999999999997 34.999999999999964 34.999999999999986 34.99999999999997 34.99999999999999 35.00000000000003 35.00000000000001 35.0 34.99999999999992 34.99999999999989 34.9999999999999 34.999999999999915 34.999999999999936 34.99999999999994 34.99999999999995 34.99999999999992 34.99999999999992 34.99999999999992 34.99999999999987 34.9999999999999 34.999999999999886 34.99999999999986 34.99999999999989 34.99999999999991 34.99999999999995 35.0 34.99999999999998 35.00000000000001 35.000000000000014 35.00000000000006 35.00000000000008 35.00000000000011 35.00000000000015 35.00000000000016 35.00000000000024 35.000000000000355 35.000000000000455 35.00000000000053 35.000000000000625 35.000000000000746 35.00000000000084 35.00000000000095 35.00000000000106 35.00000000000125 35.000000000001386 
0.0 0.0 0.0 0.0 0.0 0.0 0.0 0.0 0.0 0.0 0.0 0.0 0.0 0.0 0.0 0.0 0.0 0.0 0.0 0.0 0.0 0.0 0.0 0.0 0.0 0.0 0.0 0.0 0.0 0.0 0.0 0.0 0.0 0.0 0.0 0.0 0.0 0.0 0.0 0.0 0.0 0.0 0.0 0.0 0.0 0.0 0.0 0.0 0.0 0.0 0.0 0.0 0.0 0.0 0.0 0.0 0.0 0.0 0.0 0.0 0.0 0.0 0.0 0.0 0.0 0.0 0.0 0.0 0.0 0.0 0.0 0.0 0.0 0.0 0.0 0.0 0.0 0.0 0.0 0.0 0.0 0.0 0.0 0.0 0.0 0.0 0.0 0.0 0.0 0.0 0.0 0.0 0.0 0.0 0.0 0.0 0.0 0.0 0.0 0.0 0.0 0.0 0.0 0.0 0.0 0.0 0.0 0.0 0.0 0.0 0.0 0.0 0.0 0.0 0.0 0.0 0.0 0.0 0.0 0.0 0.0 0.0 0.0 0.0 0.0 0.0 0.0 0.0 0.0 0.0 0.0 0.0 0.0 0.0 0.0 0.0 0.0 0.0 0.0 0.0 0.0 0.0 0.0 0.0 0.0 0.0 0.0 0.0 0.0 0.0 0.0 0.0 0.0 0.0 0.0 0.0 0.0 0.0 0.0 0.0 0.0 0.0 0.0 0.0 0.0 0.0 0.0 0.0 0.0 0.0 0.0 0.0 0.0 0.0 0.0 0.0 0.0 0.0 0.0 0.0 0.0 0.0 0.0 0.0 0.0 0.0 0.0 0.0 0.0 0.0 0.0 0.0 0.0 0.0 0.0 0.0 0.0 0.0 0.0 0.0 
0.0 0.0 0.0 0.0 0.0 0.0 0.0 0.0 0.0 0.0 0.0 0.0 0.0 0.0 0.0 0.0 0.0 0.0 0.0 0.0 0.0 0.0 0.0 0.0 0.0 0.0 0.0 0.0 0.0 0.0 0.0 0.0 0.0 0.0 0.0 0.0 0.0 0.0 0.0 0.0 0.0 0.0 0.0 0.0 0.0 0.0 0.0 0.0 0.0 0.0 0.0 0.0 0.0 0.0 0.0 0.0 0.0 0.0 0.0 0.0 0.0 0.0 0.0 0.0 0.0 0.0 0.0 0.0 0.0 0.0 0.0 0.0 0.0 0.0 0.0 0.0 0.0 0.0 0.0 0.0 0.0 0.0 0.0 0.0 0.0 0.0 0.0 0.0 0.0 0.0 0.0 0.0 0.0 0.0 0.0 0.0 0.0 0.0 0.0 0.0 0.0 0.0 0.0 0.0 0.0 0.0 0.0 0.0 0.0 0.0 0.0 0.0 0.0 0.0 0.0 0.0 0.0 0.0 0.0 0.0 0.0 0.0 0.0 0.0 0.0 0.0 0.0 0.0 0.0 0.0 0.0 0.0 0.0 0.0 0.0 0.0 0.0 0.0 0.0 0.0 0.0 0.0 0.0 0.0 0.0 0.0 0.0 0.0 0.0 0.0 0.0 0.0 0.0 0.0 0.0 0.0 0.0 0.0 0.0 0.0 0.0 0.0 0.0 0.0 0.0 0.0 0.0 0.0 0.0 0.0 0.0 0.0 0.0 0.0 0.0 0.0 0.0 0.0 0.0 0.0 0.0 0.0 0.0 0.0 0.0 0.0 0.0 0.0 0.0 0.0 0.0 0.0 0.0 0.0 0.0 0.0 0.0 0.0 0.0 0.0 
1900 1 19 0 0 0
14.421737587948595 14.42379452043978 14.424748719442416 14.425228797733128 14.425349665716325 14.424842585558252 13.913802562365031 13.250145153556689 12.749993403459616 12.25187258096788 12.002299492245573 12.000051959392433 12.000004765580503 12.000001010010134 12.000000340714697 12.000000151770651 12.000000080862575 12.000000048627664 12.000000031818526 12.00000002211382 12.000000016060202 12.000000012051444 12.000000009269659 12.000000007265957 12.000000005779032 12.000000004650808 12.000000003778478 12.000000003093422 12.000000002547996 12.000000002109106 12.000000001752383 12.00000000146043 12.000000001219682 12.000000001020327 12.000000000854504 12.000000000716087 12.000000000600322 12.000000000503144 12.00000000042109 12.000000000351587 12.00000000029283 12.000000000243231 12.000000000201453 12.000000000166379 12.00000000013695 12.00000000011238 12.000000000091921 12.000000000074925 12.00000000006085 12.00000000004924 12.000000000039702 12.000000000031893 12.000000000025528 12.000000000020348 12.000000000016145 12.00000000001276 12.000000000010049 12.000000000007883 12.000000000006152 12.000000000004773 12.000000000003686 12.000000000002826 12.00000000000217 12.000000000001648 12.000000000001256 12.000000000000954 12.000000000000709 12.000000000000522 12.000000000000382 12.00000000000027 12.000000000000203 12.000000000000158 12.000000000000123 12.000000000000105 12.000000000000078 12.000000000000059 12.000000000000052 12.000000000000053 12.000000000000032 12.000000000000027 12.00000000000001 12.000000000000002 12.0 12.0 11.99999999999999 11.999999999999977 11.999999999999973 11.999999999999979 11.999999999999998 12.00000000000002 12.00000000000002 12.000000000000021 12.000000000000025 12.000000000000025 12.000000000000018 12.000000000000004 12.000000000000005 12.0 12.0 12.0 12.000000000000012 12.000000000000025 12.000000000000025 12.000000000000025 12.000000000000025 12.000000000000005 12.000000000000021 12.000000000000025 12.000000000000027 12.000000000000025 12.000000000000023 12.000000000000027 12.000000000000025 12.000000000000028 12.000000000000018 12.000000000000027 12.000000000000027 12.000000000000016 11.999999999999995 11.999999999999998 12.0 11.999999999999995 11.999999999999993 12.0 11.999999999999996 11.999999999999995 11.999999999999998 11.999999999999986 11.999999999999996 12.000000000000002 12.0 12.000000000000007 12.00000000000002 12.000000000000009 12.000000000000009 12.000000000000027 12.000000000000032 12.000000000000028 12.000000000000021 12.000000000000005 12.000000000000025 12.000000000000025 12.000000000000023 12.000000000000021 12.00000000000002 12.000000000000021 12.000000000000025 12.000000000000012 12.000000000000009 12.000000000000004 12.000000000000007 12.000000000000007 12.000000000000007 12.000000000000007 12.0 12.000000000000007 12.000000000000014 12.0 11.999999999999998 11.999999999999993 11.999999999999998 11.999999999999998 11.999999999999991 11.999999999999979 11.999999999999972 11.99999999999997 11.999999999999982 11.999999999999998 12.0 11.999999999999995 11.999999999999993 11.999999999999998 12.0 12.000000000000002 12.0 12.000000000000002 12.000000000000018 12.000000000000021 12.000000000000027 12.000000000000027 12.000000000000027 12.000000000000032 12.00000000000003 12.000000000000025 12.000000000000027 12.000000000000025 12.00000000000004 12.00000000000005 12.000000000000075 12.000000000000096 12.000000000000107 12.000000000000128 12.000000000000165 12.000000000000224 12.000000000000272 12.000000000000323 12.000000000000362 12.000000000000412 12.000000000000469 12.000000000000512 
35.00000000000005 35.00000000000004 35.00000000000004 35.00000000000005 35.00000000000005 35.000000000000036 35.00000000000001 35.00000000000371 35.00000000000774 35.000000000000114 34.99999999999967 35.00000000000021 34.99999999999997 35.000000000000256 35.00000000000055 35.00000000000025 35.000000000000135 35.00000000000016 35.00000000000013 35.000000000000114 35.00000000000017 35.0000000000001 35.00000000000009 35.00000000000005 35.000000000000064 35.00000000000004 35.000000000000014 34.999999999999986 35.00000000000004 35.00000000000007 35.000000000000036 35.0 35.00000000000005 35.00000000000009 35.00000000000009 35.00000000000011 35.000000000000135 35.00000000000015 35.00000000000016 35.00000000000011 35.000000000000085 35.00000000000008 35.00000000000009 35.00000000000009 35.00000000000008 35.00000000000006 35.00000000000007 35.00000000000007 35.000000000000064 35.000000000000036 35.00000000000004 35.00000000000007 35.00000000000012 35.00000000000013 35.00000000000007 35.000000000000036 35.000000000000036 35.00000000000005 35.00000000000006 35.00000000000004 35.000000000000064 35.000000000000064 35.0000000000001 35.00000000000011 35.000000000000135 35.000000000000135 35.00000000000009 35.00000000000007 35.00000000000005 35.00000000000003 35.00000000000002 35.000000000000036 35.00000000000007 35.00000000000006 35.0000000000001 35.00000000000012 35.00000000000012 35.00000000000009 35.00000000000005 35.0 34.999999999999964 34.99999999999991 34.99999999999989 34.99999999999994 34.999999999999915 34.9999999999999 34.99999999999991 34.99999999999992 34.99999999999997 34.999999999999986 35.000000000000014 35.00000000000005 35.00000000000009 35.00000000000015 35.0000000000001 35.000000000000064 35.00000000000005 35.00000000000005 35.00000000000006 35.000000000000036 35.00000000000006 35.00000000000009 35.00000000000009 35.0000000000001 35.000000000000064 34.999999999999986 35.00000000000003 35.000000000000036 35.00000000000002 35.000000000000036 35.00000000000004 35.00000000000006 35.00000000000009 35.00000000000002 35.000000000000014 34.99999999999998 34.999999999999986 34.99999999999997 34.99999999999993 34.9999999999999 34.99999999999986 34.99999999999982 34.99999999999981 34.999999999999815 34.99999999999986 34.99999999999984 34.99999999999982 34.99999999999978 34.99999999999979 34.99999999999978 34.999999999999794 34.999999999999844 34.99999999999985 34.999999999999844 34.99999999999984 34.99999999999994 34.99999999999998 34.99999999999993 34.999999999999936 34.99999999999991 34.99999999999993 34.999999999999936 34.99999999999994 34.99999999999993 34.999999999999936 34.999999999999964 35.00000000000001 34.99999999999999 35.00000000000002 35.00000000000003 35.000000000000036 35.00000000000004 35.00000000000006 35.00000000000006 35.00000000000002 35.00000000000006 35.000000000000064 35.000000000000014 34.99999999999998 34.99999999999994 34.99999999999994 34.99999999999994 34.99999999999995 34.999999999999936 34.999999999999936 34.99999999999993 34.99999999999995 34.99999999999997 34.999999999999964 34.999999999999936 34.999999999999936 34.99999999999991 34.999999999999886 34.999999999999915 34.9999999999999 34.99999999999995 34.999999999999986 34.999999999999964 34.99999999999997 34.999999999999986 35.00000000000003 35.000000000000036 35.00000000000004 35.00000000000006 35.00000000000009 35.00000000000009 35.00000000000015 35.00000000000017 35.00000000000022 35.00000000000028 35.000000000000355 35.00000000000041 35.000000000000476 35.000000000000604 35.000000000000746 35.00000000000086 35.00000000000099 35.00000000000112 35.00000000000127 35.000000000001336 
0.0 0.0 0.0 0.0 0.0 0.0 0.0 0.0 0.0 0.0 0.0 0.0 0.0 0.0 0.0 0.0 0.0 0.0 0.0 0.0 0.0 0.0 0.0 0.0 0.0 0.0 0.0 0.0 0.0 0.0 0.0 0.0 0.0 0.0 0.0 0.0 0.0 0.0 0.0 0.0 0.0 0.0 0.0 0.0 0.0 0.0 0.0 0.0 0.0 0.0 0.0 0.0 0.0 0.0 0.0 0.0 0.0 0.0 0.0 0.0 0.0 0.0 0.0 0.0 0.0 0.0 0.0 0.0 0.0 0.0 0.0 0.0 0.0 0.0 0.0 0.0 0.0 0.0 0.0 0.0 0.0 0.0 0.0 0.0 0.0 0.0 0.0 0.0 0.0 0.0 0.0 0.0 0.0 0.0 0.0 0.0 0.0 0.0 0.0 0.0 0.0 0.0 0.0 0.0 0.0 0.0 0.0 0.0 0.0 0.0 0.0 0.0 0.0 0.0 0.0 0.0 0.0 0.0 0.0 0.0 0.0 0.0 0.0 0.0 0.0 0.0 0.0 0.0 0.0 0.0 0.0 0.0 0.0 0.0 0.0 0.0 0.0 0.0 0.0 0.0 0.0 0.0 0.0 0.0 0.0 0.0 0.0 0.0 0.0 0.0 0.0 0.0 0.0 0.0 0.0 0.0 0.0 0.0 0.0 0.0 0.0 0.0 0.0 0.0 0.0 0.0 0.0 0.0 0.0 0.0 0.0 0.0 0.0 0.0 0.0 0.0 0.0 0.0 0.0 0.0 0.0 0.0 0.0 0.0 0.0 0.0 0.0 0.0 0.0 0.0 0.0 0.0 0.0 0.0 0.0 0.0 0.0 0.0 0.0 0.0 
0.0 0.0 0.0 0.0 0.0 0.0 0.0 0.0 0.0 0.0 0.0 0.0 0.0 0.0 0.0 0.0 0.0 0.0 0.0 0.0 0.0 0.0 0.0 0.0 0.0 0.0 0.0 0.0 0.0 0.0 0.0 0.0 0.0 0.0 0.0 0.0 0.0 0.0 0.0 0.0 0.0 0.0 0.0 0.0 0.0 0.0 0.0 0.0 0.0 0.0 0.0 0.0 0.0 0.0 0.0 0.0 0.0 0.0 0.0 0.0 0.0 0.0 0.0 0.0 0.0 0.0 0.0 0.0 0.0 0.0 0.0 0.0 0.0 0.0 0.0 0.0 0.0 0.0 0.0 0.0 0.0 0.0 0.0 0.0 0.0 0.0 0.0 0.0 0.0 0.0 0.0 0.0 0.0 0.0 0.0 0.0 0.0 0.0 0.0 0.0 0.0 0.0 0.0 0.0 0.0 0.0 0.0 0.0 0.0 0.0 0.0 0.0 0.0 0.0 0.0 0.0 0.0 0.0 0.0 0.0 0.0 0.0 0.0 0.0 0.0 0.0 0.0 0.0 0.0 0.0 0.0 0.0 0.0 0.0 0.0 0.0 0.0 0.0 0.0 0.0 0.0 0.0 0.0 0.0 0.0 0.0 0.0 0.0 0.0 0.0 0.0 0.0 0.0 0.0 0.0 0.0 0.0 0.0 0.0 0.0 0.0 0.0 0.0 0.0 0.0 0.0 0.0 0.0 0.0 0.0 0.0 0.0 0.0 0.0 0.0 0.0 0.0 0.0 0.0 0.0 0.0 0.0 0.0 0.0 0.0 0.0 0.0 0.0 0.0 0.0 0.0 0.0 0.0 0.0 0.0 0.0 0.0 0.0 0.0 0.0 
1900 1 20 0 0 0
14.394927877627321 14.39698499373555 14.397939249842315 14.398419391224001 14.398540482663515 14.398042636770985 13.947336735841084 13.25021647032181 12.74999351058241 12.25197630354226 12.00242528266566 12.000056419179009 12.00000523230511 12.000001114069525 12.000000376441987 12.000000167697504 12.000000089291596 12.000000053657692 12.000000035094038 12.00000002438935 12.0000000177201 12.000000013308348 12.000000010248947 12.000000008046328 12.000000006412042 12.000000005170579 12.000000004209904 12.000000003454877 12.00000000285313 12.000000002368331 12.000000001973952 12.000000001650378 12.000000001383325 12.000000001161649 12.000000000976756 12.00000000082197 12.000000000692102 12.00000000058283 12.000000000490695 12.000000000412347 12.000000000345741 12.000000000289232 12.000000000241343 12.000000000200824 12.000000000166644 12.000000000137874 12.000000000113713 12.000000000093504 12.000000000076641 12.000000000062617 12.000000000050987 12.000000000041371 12.000000000033452 12.000000000026949 12.000000000021636 12.000000000017305 12.000000000013786 12.000000000010935 12.000000000008635 12.000000000006803 12.000000000005347 12.00000000000417 12.000000000003224 12.000000000002478 12.000000000001906 12.000000000001458 12.000000000001108 12.000000000000828 12.00000000000063 12.000000000000467 12.000000000000348 12.000000000000256 12.00000000000019 12.000000000000135 12.00000000000011 12.000000000000096 12.000000000000076 12.000000000000052 12.000000000000025 12.0 12.0 12.000000000000002 12.000000000000002 12.000000000000002 12.0 11.999999999999998 11.999999999999986 11.999999999999995 12.000000000000004 12.000000000000002 11.999999999999998 11.999999999999996 11.999999999999993 12.0 12.00000000000001 12.00000000000002 12.000000000000018 12.000000000000021 12.000000000000028 12.000000000000021 12.000000000000021 12.000000000000025 12.000000000000023 12.000000000000025 12.000000000000027 12.000000000000023 12.00000000000003 12.000000000000027 12.000000000000025 12.000000000000036 12.000000000000028 12.000000000000025 12.000000000000025 12.000000000000009 12.000000000000005 12.000000000000027 12.000000000000025 12.000000000000025 12.000000000000002 11.999999999999996 12.000000000000005 12.0 11.999999999999995 11.999999999999998 12.000000000000002 11.999999999999998 12.0 11.999999999999995 11.999999999999998 12.0 12.0 12.000000000000002 12.000000000000012 12.000000000000025 12.00000000000003 12.000000000000025 12.000000000000027 12.000000000000027 12.000000000000025 12.000000000000023 12.000000000000025 12.000000000000023 12.000000000000014 12.000000000000027 12.000000000000025 12.000000000000021 12.000000000000025 12.000000000000027 12.000000000000032 12.000000000000027 12.000000000000025 12.000000000000025 12.000000000000025 12.000000000000021 12.00000000000002 12.000000000000021 12.00000000000002 12.00000000000001 12.000000000000004 12.000000000000002 11.999999999999993 11.999999999999982 11.999999999999979 11.99999999999998 12.0 12.0 11.999999999999995 11.999999999999998 12.0 12.000000000000005 11.999999999999998 12.00000000000001 12.0 12.000000000000002 12.000000000000005 12.00000000000002 12.000000000000025 12.000000000000023 12.00000000000004 12.000000000000027 12.000000000000021 12.000000000000025 12.000000000000018 12.000000000000025 12.000000000000027 12.000000000000043 12.000000000000053 12.00000000000008 12.000000000000107 12.000000000000133 12.000000000000151 12.000000000000158 12.000000000000194 12.000000000000233 12.000000000000282 12.000000000000336 12.000000000000362 12.000000000000396 12.000000000000458 12.00000000000052 
35.00000000000005 35.000000000000064 35.000000000000064 35.00000000000005 35.00000000000004 35.00000000000006 35.000000000000114 35.000000000003574 35.00000000000781 34.999999999999744 34.99999999999949 35.000000000000156 35.00000000000002 35.000000000000135 35.00000000000055 35.000000000000306 35.0000000000002 35.00000000000013 35.00000000000013 35.00000000000014 35.00000000000014 35.00000000000015 35.00000000000018 35.0000000000001 35.000000000000036 35.00000000000001 35.00000000000001 35.00000000000002 34.999999999999986 34.99999999999999 34.99999999999997 35.00000000000002 35.00000000000006 35.0000000000001 35.00000000000013 35.00000000000007 35.00000000000009 35.00000000000009 35.0000000000001 35.00000000000005 35.00000000000001 35.00000000000005 35.00000000000013 35.00000000000012 35.00000000000014 35.000000000000114 35.00000000000009 35.00000000000005 35.00000000000003 35.00000000000005 35.00000000000003 35.00000000000002 35.00000000000003 35.00000000000001 35.00000000000001 35.000000000000014 35.00000000000002 35.00000000000001 35.000000000000014 35.00000000000003 35.00000000000007 35.00000000000009 35.000000000000064 35.00000000000005 35.00000000000005 35.00000000000005 35.000000000000064 35.000000000000064 35.00000000000006 35.000000000000064 35.00000000000004 35.00000000000004 35.00000000000006 35.00000000000007 35.00000000000007 35.00000000000007 35.000000000000036 35.00000000000002 34.99999999999999 34.99999999999996 34.99999999999995 34.99999999999993 34.999999999999936 34.9999999999999 34.99999999999994 34.999999999999936 34.99999999999989 34.99999999999994 35.0 35.000000000000014 35.00000000000005 35.00000000000002 35.000000000000014 35.00000000000006 35.00000000000008 35.00000000000011 35.0000000000001 35.00000000000013 35.0000000000001 35.00000000000009 35.000000000000114 35.000000000000085 35.000000000000085 35.000000000000085 35.000000000000085 35.00000000000006 35.0000000000001 35.00000000000012 35.00000000000013 35.000000000000114 35.000000000000085 35.00000000000007 35.00000000000006 35.00000000000004 35.00000000000002 35.00000000000003 35.0 35.00000000000001 34.99999999999995 34.99999999999995 34.99999999999993 34.99999999999987 34.99999999999985 34.99999999999987 34.999999999999865 34.999999999999844 34.99999999999981 34.99999999999977 34.99999999999978 34.99999999999977 34.99999999999977 34.99999999999981 34.99999999999986 34.999999999999886 34.99999999999989 34.99999999999988 34.99999999999985 34.99999999999987 34.99999999999982 34.999999999999844 34.999999999999865 34.99999999999989 34.9999999999999 34.99999999999994 34.99999999999997 34.99999999999996 35.000000000000014 35.00000000000008 35.0000000000001 35.0000000000001 35.00000000000013 35.00000000000016 35.00000000000018 35.00000000000011 35.0000000000001 35.00000000000006 35.000000000000036 35.000000000000014 34.999999999999986 34.99999999999995 34.99999999999993 34.9999999999999 34.99999999999994 34.999999999999964 34.99999999999997 34.99999999999998 34.99999999999999 35.00000000000002 35.00000000000001 35.00000000000002 34.999999999999964 35.00000000000002 35.00000000000004 35.000000000000014 35.00000000000002 35.0 35.0 35.000000000000014 35.00000000000002 35.0 35.00000000000001 35.000000000000014 35.000000000000014 35.00000000000005 35.000000000000085 35.0000000000001 35.000000000000156 35.000000000000234 35.00000000000032 35.00000000000042 35.000000000000455 35.00000000000043 35.00000000000055 35.00000000000072 35.000000000000846 35.000000000000945 35.000000000001 35.00000000000106 35.00000000000125 35.000000000001435 
0.0 0.0 0.0 0.0 0.0 0.0 0.0 0.0 0.0 0.0 0.0 0.0 0.0 0.0 0.0 0.0 0.0 0.0 0.0 0.0 0.0 0.0 0.0 0.0 0.0 0.0 0.0 0.0 0.0 0.0 0.0 0.0 0.0 0.0 0.0 0.0 0.0 0.0 0.0 0.0 0.0 0.0 0.0 0.0 0.0 0.0 0.0 0.0 0.0 0.0 0.0 0.0 0.0 0.0 0.0 0.0 0.0 0.0 0.0 0.0 0.0 0.0 0.0 0.0 0.0 0.0 0.0 0.0 0.0 0.0 0.0 0.0 0.0 0.0 0.0 0.0 0.0 0.0 0.0 0.0 0.0 0.0 0.0 0.0 0.0 0.0 0.0 0.0 0.0 0.0 0.0 0.0 0.0 0.0 0.0 0.0 0.0 0.0 0.0 0.0 0.0 0.0 0.0 0.0 0.0 0.0 0.0 0.0 0.0 0.0 0.0 0.0 0.0 0.0 0.0 0.0 0.0 0.0 0.0 0.0 0.0 0.0 0.0 0.0 0.0 0.0 0.0 0.0 0.0 0.0 0.0 0.0 0.0 0.0 0.0 0.0 0.0 0.0 0.0 0.0 0.0 0.0 0.0 0.0 0.0 0.0 0.0 0.0 0.0 0.0 0.0 0.0 0.0 0.0 0.0 0.0 0.0 0.0 0.0 0.0 0.0 0.0 0.0 0.0 0.0 0.0 0.0 0.0 0.0 0.0 0.0 0.0 0.0 0.0 0.0 0.0 0.0 0.0 0.0 0.0 0.0 0.0 0.0 0.0 0.0 0.0 0.0 0.0 0.0 0.0 0.0 0.0 0.0 0.0 0.0 0.0 0.0 0.0 0.0 0.0 
0.0 0.0 0.0 0.0 0.0 0.0 0.0 0.0 0.0 0.0 0.0 0.0 0.0 0.0 0.0 0.0 0.0 0.0 0.0 0.0 0.0 0.0 0.0 0.0 0.0 0.0 0.0 0.0 0.0 0.0 0.0 0.0 0.0 0.0 0.0 0.0 0.0 0.0 0.0 0.0 0.0 0.0 0.0 0.0 0.0 0.0 0.0 0.0 0.0 0.0 0.0 0.0 0.0 0.0 0.0 0.0 0.0 0.0 0.0 0.0 0.0 0.0 0.0 0.0 0.0 0.0 0.0 0.0 0.0 0.0 0.0 0.0 0.0 0.0 0.0 0.0 0.0 0.0 0.0 0.0 0.0 0.0 0.0 0.0 0.0 0.0 0.0 0.0 0.0 0.0 0.0 0.0 0.0 0.0 0.0 0.0 0.0 0.0 0.0 0.0 0.0 0.0 0.0 0.0 0.0 0.0 0.0 0.0 0.0 0.0 0.0 0.0 0.0 0.0 0.0 0.0 0.0 0.0 0.0 0.0 0.0 0.0 0.0 0.0 0.0 0.0 0.0 0.0 0.0 0.0 0.0 0.0 0.0 0.0 0.0 0.0 0.0 0.0 0.0 0.0 0.0 0.0 0.0 0.0 0.0 0.0 0.0 0.0 0.0 0.0 0.0 0.0 0.0 0.0 0.0 0.0 0.0 0.0 0.0 0.0 0.0 0.0 0.0 0.0 0.0 0.0 0.0 0.0 0.0 0.0 0.0 0.0 0.0 0.0 0.0 0.0 0.0 0.0 0.0 0.0 0.0 0.0 0.0 0.0 0.0 0.0 0.0 0.0 0.0 0.0 0.0 0.0 0.0 0.0 0.0 0.0 0.0 0.0 0.0 0.0 
1900 1 21 0 0 0
14.36813050693587 14.370187655759825 14.37114186048601 14.371621974941213 14.371743270732894 14.371256051380708 13.980783667266218 13.250301064300603 12.749993691562622 12.252079993449376 12.002550909872632 12.000061005711284 12.000005717494433 12.00000122274433 12.000000413829783 12.000000184373063 12.000000098111965 12.000000058915198 12.000000038512626 12.000000026761146 12.00000001944833 12.00000001461581 12.000000011267582 12.000000008858265 12.000000007071158 12.000000005712387 12.000000004660338 12.000000003832707 12.00000000317271 12.000000002640439 12.000000002206711 12.000000001850598 12.000000001556153 12.000000001311175 12.000000001106498 12.00000000093475 12.000000000790212 12.000000000668214 12.00000000056518 12.000000000477657 12.000000000402938 12.000000000339188 12.000000000284878 12.000000000238677 12.00000000019947 12.000000000166244 12.00000000013817 12.00000000011452 12.000000000094643 12.000000000077966 12.000000000064023 12.000000000052424 12.000000000042775 12.000000000034786 12.000000000028196 12.00000000002278 12.000000000018343 12.000000000014705 12.000000000011761 12.000000000009365 12.000000000007436 12.000000000005878 12.000000000004626 12.000000000003622 12.000000000002824 12.000000000002185 12.000000000001688 12.000000000001304 12.000000000000991 12.000000000000746 12.000000000000554 12.00000000000041 12.000000000000309 12.00000000000023 12.000000000000163 12.000000000000115 12.000000000000075 12.000000000000052 12.000000000000046 12.00000000000005 12.000000000000023 12.000000000000016 12.000000000000002 12.000000000000004 11.999999999999998 12.0 12.000000000000002 12.000000000000002 12.000000000000002 12.000000000000002 12.0 11.999999999999998 11.999999999999996 12.0 12.000000000000007 11.999999999999996 12.000000000000005 12.00000000000002 12.000000000000028 12.000000000000025 12.000000000000025 12.000000000000021 12.000000000000021 12.000000000000027 12.000000000000025 12.000000000000025 12.000000000000023 12.00000000000002 12.000000000000012 12.000000000000007 12.000000000000002 12.000000000000004 12.000000000000002 12.000000000000005 12.000000000000002 12.000000000000002 12.0 11.999999999999998 12.000000000000004 12.000000000000005 12.000000000000004 12.0 11.999999999999998 12.000000000000004 12.0 11.999999999999998 11.999999999999993 12.000000000000002 11.999999999999996 11.999999999999998 11.999999999999993 11.999999999999998 12.0 12.000000000000002 12.000000000000004 12.000000000000007 12.000000000000018 12.00000000000003 12.00000000000003 12.000000000000025 12.000000000000025 12.000000000000025 12.000000000000025 12.000000000000025 12.000000000000021 12.000000000000025 12.000000000000021 12.000000000000025 12.000000000000027 12.00000000000003 12.000000000000025 12.000000000000023 12.000000000000018 12.000000000000016 12.000000000000027 12.000000000000016 12.000000000000004 11.999999999999998 11.999999999999977 11.999999999999982 11.999999999999973 11.999999999999977 11.999999999999975 11.999999999999977 11.999999999999982 11.999999999999991 11.999999999999986 11.999999999999977 11.999999999999986 11.999999999999995 11.999999999999996 12.000000000000002 12.000000000000002 12.000000000000016 12.000000000000027 12.000000000000028 12.000000000000027 12.000000000000027 12.000000000000027 12.00000000000004 12.000000000000052 12.000000000000068 12.000000000000064 12.000000000000053 12.000000000000053 12.000000000000053 12.000000000000059 12.000000000000083 12.000000000000107 12.000000000000139 12.000000000000153 12.00000000000018 12.000000000000195 12.000000000000222 12.000000000000279 12.00000000000031 12.000000000000341 12.000000000000393 12.000000000000474 12.00000000000052 
35.000000000000114 35.00000000000013 35.000000000000135 35.00000000000012 35.00000000000011 35.000000000000085 34.99999999999999 35.000000000003425 35.000000000008185 34.999999999999744 35.000000000000135 35.00000000000005 34.99999999999992 35.00000000000015 35.0000000000004 35.00000000000019 35.000000000000234 35.00000000000019 35.0 35.00000000000004 35.000000000000085 35.000000000000085 35.000000000000135 35.00000000000009 35.000000000000085 35.00000000000012 35.000000000000156 35.00000000000009 35.00000000000006 34.99999999999999 35.0 35.00000000000005 35.0000000000001 35.000000000000135 35.00000000000015 35.00000000000015 35.00000000000014 35.00000000000007 35.00000000000006 35.000000000000064 35.000000000000064 35.00000000000011 35.00000000000009 35.00000000000009 35.00000000000007 35.00000000000007 35.00000000000004 35.00000000000004 35.00000000000003 35.0 35.0 35.00000000000004 35.00000000000001 34.99999999999999 34.99999999999999 34.99999999999998 35.00000000000001 35.0 35.00000000000003 35.00000000000005 35.00000000000008 35.00000000000008 35.000000000000085 35.00000000000008 35.00000000000009 35.00000000000008 35.00000000000008 35.00000000000008 35.00000000000007 35.00000000000006 34.999999999999986 34.999999999999964 34.999999999999986 35.00000000000001 35.000000000000014 34.999999999999986 34.99999999999997 34.99999999999997 34.99999999999995 34.99999999999996 34.999999999999936 34.99999999999993 34.999999999999886 34.999999999999886 34.99999999999992 34.99999999999991 34.999999999999915 34.99999999999994 34.999999999999986 35.000000000000014 35.00000000000003 35.00000000000006 35.00000000000001 35.000000000000036 35.0000000000001 35.00000000000007 35.00000000000004 35.00000000000006 35.00000000000006 35.00000000000009 35.0000000000001 35.00000000000011 35.000000000000135 35.00000000000017 35.00000000000013 35.000000000000135 35.00000000000013 35.00000000000012 35.0000000000001 35.00000000000008 35.00000000000009 35.00000000000012 35.00000000000009 35.00000000000006 35.00000000000006 35.000000000000064 35.00000000000008 35.00000000000004 35.000000000000014 34.99999999999998 34.999999999999964 34.99999999999993 34.99999999999991 34.999999999999886 34.999999999999886 34.999999999999844 34.99999999999983 34.999999999999844 34.999999999999794 34.99999999999977 34.999999999999766 34.999999999999794 34.99999999999979 34.99999999999981 34.99999999999979 34.999999999999794 34.999999999999886 34.999999999999886 34.99999999999986 34.99999999999988 34.99999999999992 34.99999999999989 34.99999999999992 34.999999999999986 35.00000000000002 35.00000000000005 35.000000000000085 35.000000000000085 35.0000000000001 35.00000000000013 35.000000000000114 35.00000000000009 35.00000000000007 35.00000000000008 35.00000000000011 35.00000000000007 35.00000000000003 34.99999999999995 34.99999999999991 34.999999999999964 34.99999999999995 34.99999999999993 34.999999999999915 34.999999999999936 34.99999999999993 34.999999999999915 34.99999999999992 34.9999999999999 34.99999999999986 34.9999999999999 34.99999999999996 34.999999999999986 34.999999999999964 34.999999999999986 35.00000000000001 34.99999999999999 34.999999999999964 34.99999999999996 34.999999999999986 35.00000000000007 35.00000000000008 35.00000000000011 35.000000000000135 35.00000000000014 35.00000000000014 35.00000000000017 35.0000000000002 35.00000000000025 35.00000000000033 35.0000000000004 35.00000000000048 35.00000000000058 35.00000000000063 35.00000000000068 35.00000000000081 35.00000000000088 35.00000000000097 35.00000000000107 35.00000000000129 35.00000000000141 
0.0 0.0 0.0 0.0 0.0 0.0 0.0 0.0 0.0 0.0 0.0 0.0 0.0 0.0 0.0 0.0 0.0 0.0 0.0 0.0 0.0 0.0 0.0 0.0 0.0 0.0 0.0 0.0 0.0 0.0 0.0 0.0 0.0 0.0 0.0 0.0 0.0 0.0 0.0 0.0 0.0 0.0 0.0 0.0 0.0 0.0 0.0 0.0 0.0 0.0 0.0 0.0 0.0 0.0 0.0 0.0 0.0 0.0 0.0 0.0 0.0 0.0 0.0 0.0 0.0 0.0 0.0 0.0 0.0 0.0 0.0 0.0 0.0 0.0 0.0 0.0 0.0 0.0 0.0 0.0 0.0 0.0 0.0 0.0 0.0 0.0 0.0 0.0 0.0 0.0 0.0 0.0 0.0 0.0 0.0 0.0 0.0 0.0 0.0 0.0 0.0 0.0 0.0 0.0 0.0 0.0 0.0 0.0 0.0 0.0 0.0 0.0 0.0 0.0 0.0 0.0 0.0 0.0 0.0 0.0 0.0 0.0 0.0 0.0 0.0 0.0 0.0 0.0 0.0 0.0 0.0 0.0 0.0 0.0 0.0 0.0 0.0 0.0 0.0 0.0 0.0 0.0 0.0 0.0 0.0 0.0 0.0 0.0 0.0 0.0 0.0 0.0 0.0 0.0 0.0 0.0 0.0 0.0 0.0 0.0 0.0 0.0 0.0 0.0 0.0 0.0 0.0 0.0 0.0 0.0 0.0 0.0 0.0 0.0 0.0 0.0 0.0 0.0 0.0 0.0 0.0 0.0 0.0 0.0 0.0 0.0 0.0 0.0 0.0 0.0 0.0 0.0 0.0 0.0 0.0 0.0 0.0 0.0 0.0 0.0 
0.0 0.0 0.0 0.0 0.0 0.0 0.0 0.0 0.0 0.0 0.0 0.0 0.0 0.0 0.0 0.0 0.0 0.0 0.0 0.0 0.0 0.0 0.0 0.0 0.0 0.0 0.0 0.0 0.0 0.0 0.0 0.0 0.0 0.0 0.0 0.0 0.0 0.0 0.0 0.0 0.0 0.0 0.0 0.0 0.0 0.0 0.0 0.0 0.0 0.0 0.0 0.0 0.0 0.0 0.0 0.0 0.0 0.0 0.0 0.0 0.0 0.0 0.0 0.0 0.0 0.0 0.0 0.0 0.0 0.0 0.0 0.0 0.0 0.0 0.0 0.0 0.0 0.0 0.0 0.0 0.0 0.0 0.0 0.0 0.0 0.0 0.0 0.0 0.0 0.0 0.0 0.0 0.0 0.0 0.0 0.0 0.0 0.0 0.0 0.0 0.0 0.0 0.0 0.0 0.0 0.0 0.0 0.0 0.0 0.0 0.0 0.0 0.0 0.0 0.0 0.0 0.0 0.0 0.0 0.0 0.0 0.0 0.0 0.0 0.0 0.0 0.0 0.0 0.0 0.0 0.0 0.0 0.0 0.0 0.0 0.0 0.0 0.0 0.0 0.0 0.0 0.0 0.0 0.0 0.0 0.0 0.0 0.0 0.0 0.0 0.0 0.0 0.0 0.0 0.0 0.0 0.0 0.0 0.0 0.0 0.0 0.0 0.0 0.0 0.0 0.0 0.0 0.0 0.0 0.0 0.0 0.0 0.0 0.0 0.0 0.0 0.0 0.0 0.0 0.0 0.0 0.0 0.0 0.0 0.0 0.0 0.0 0.0 0.0 0.0 0.0 0.0 0.0 0.0 0.0 0.0 0.0 0.0 0.0 0.0 
