20
2.5 7.5 12.5 17.5 22.5 27.5 32.5 37.5 42.5 47.5 52.5 57.5 62.5 67.5 72.5 77.5 82.5 87.5 92.5 97.5 102.5 107.5 112.5 117.5 122.5 127.5 132.5 137.5 142.5 147.5 152.5 157.5 162.5 167.5 172.5 177.5 182.5 187.5 192.5 197.5 202.5 207.5 212.5 217.5 222.5 227.5 232.5 237.5 242.5 247.5 252.5 257.5 262.5 267.5 272.5 277.5 282.5 287.5 292.5 297.5 302.5 307.5 312.5 317.5 322.5 327.5 332.5 337.5 342.5 347.5 352.5 357.5 362.5 367.5 372.5 377.5 382.5 387.5 392.5 397.5 402.5 407.5 412.5 417.5 422.5 427.5 432.5 437.5 442.5 447.5 452.5 457.5 462.5 467.5 472.5 477.5 482.5 487.5 492.5 497.5 502.5 507.5 512.5 517.5 522.5 527.5 532.5 537.5 542.5 547.5 552.5 557.5 562.5 567.5 572.5 577.5 582.5 587.5 592.5 597.5 602.5 607.5 612.5 617.5 622.5 627.5 632.5 637.5 642.5 647.5 652.5 657.5 662.5 667.5 672.5 677.5 682.5 687.5 692.5 697.5 702.5 707.5 712.5 717.5 722.5 727.5 732.5 737.5 742.5 747.5 752.5 757.5 762.5 767.5 772.5 777.5 782.5 787.5 792.5 797.5 802.5 807.5 812.5 817.5 822.5 827.5 832.5 837.5 842.5 847.5 852.5 857.5 862.5 867.5 872.5 877.5 882.5 887.5 892.5 897.5 902.5 907.5 912.5 917.5 922.5 927.5 932.5 937.5 942.5 947.5 952.5 957.5 962.5 967.5 972.5 977.5 982.5 987.5 992.5 997.5 
1900 1 2 0 0 0
14.960266986345195 14.962749017779204 14.963732395011423 14.963937890448113 14.772004603184632 14.250068460918087 13.749999317381489 13.249999278244054 12.749999284733041 12.250104433613453 12.000130591681733 12.000000672234846 12.000000034579154 12.00000000602897 12.000000001864699 12.000000000744231 12.00000000033421 12.000000000157755 12.00000000007333 12.000000000032893 12.000000000014133 12.00000000000581 12.000000000002286 12.000000000000862 12.00000000000031 12.000000000000105 12.000000000000032 12.000000000000005 12.0 11.999999999999995 12.0 12.000000000000002 12.000000000000002 12.0 11.999999999999993 11.999999999999996 12.0 12.000000000000005 12.000000000000004 12.000000000000002 11.999999999999995 11.999999999999996 11.999999999999998 12.0 12.000000000000004 12.0 12.000000000000004 11.999999999999998 11.999999999999995 12.0 12.0 12.0 12.0 12.000000000000005 12.000000000000004 12.000000000000005 12.0 12.0 12.000000000000004 12.000000000000005 12.00000000000001 12.000000000000014 12.000000000000012 12.000000000000014 12.000000000000018 12.000000000000012 12.00000000000001 12.00000000000001 12.000000000000005 12.0 11.999999999999995 11.999999999999998 12.000000000000002 12.0 12.0 12.000000000000004 12.000000000000002 12.000000000000002 12.000000000000002 12.0 12.000000000000004 12.000000000000002 12.0 12.000000000000002 12.0 11.999999999999998 11.999999999999998 12.000000000000004 12.000000000000009 12.000000000000012 12.000000000000012 12.000000000000005 12.000000000000002 12.000000000000004 12.0 11.999999999999998 12.0 11.999999999999996 11.999999999999995 11.999999999999996 11.999999999999996 12.0 12.000000000000002 12.0 12.0 11.999999999999998 11.999999999999995 11.999999999999995 11.999999999999996 12.0 11.999999999999998 11.999999999999998 12.000000000000002 12.0 11.999999999999991 11.999999999999995 12.000000000000002 12.000000000000004 12.000000000000009 12.00000000000001 12.000000000000005 12.0 11.999999999999995 12.0 12.000000000000005 12.000000000000009 12.000000000000009 12.000000000000012 12.00000000000001 12.00000000000001 12.000000000000005 11.999999999999998 11.999999999999998 11.999999999999995 11.999999999999991 11.999999999999993 11.999999999999998 11.999999999999996 12.0 12.0 12.000000000000004 12.000000000000004 12.000000000000004 12.0 11.999999999999998 11.999999999999995 11.999999999999995 12.0 12.000000000000002 11.999999999999995 11.999999999999993 11.999999999999996 12.000000000000002 12.000000000000002 12.000000000000002 12.0 12.000000000000002 12.000000000000005 12.000000000000004 12.000000000000005 12.0 12.000000000000004 11.999999999999995 11.999999999999998 11.999999999999998 12.0 11.999999999999993 11.999999999999993 11.999999999999995 11.999999999999998 12.0 12.000000000000002 12.0 12.0 12.0 12.000000000000004 12.000000000000004 12.000000000000005 12.000000000000004 12.0 11.999999999999998 11.999999999999998 12.000000000000005 11.999999999999998 11.999999999999996 11.999999999999995 11.999999999999993 11.999999999999993 11.999999999999996 12.0 12.0 11.999999999999998 12.0 12.000000000000004 12.000000000000002 12.000000000000004 12.000000000000012 12.000000000000016 12.000000000000023 12.000000000000025 
34.999999999999964 34.999999999999964 34.999999999999964 34.999999999999964 34.99999999999996 34.99999999999995 35.00000000000001 35.00000000000007 35.00000000000001 35.00000000000001 35.00000000000004 35.00000000000013 35.00000000000002 35.000000000000036 35.00000000000002 35.000000000000014 34.99999999999999 34.999999999999986 35.0 34.99999999999999 34.999999999999986 35.00000000000002 35.00000000000005 35.000000000000036 35.00000000000001 35.0 34.99999999999999 34.999999999999986 34.999999999999986 34.99999999999998 34.99999999999999 34.999999999999986 34.99999999999998 34.999999999999986 34.99999999999997 34.999999999999964 34.99999999999998 35.00000000000001 35.00000000000001 35.0 35.00000000000001 35.00000000000002 35.000000000000014 35.00000000000001 35.000000000000014 35.000000000000014 35.00000000000002 35.00000000000003 35.00000000000001 35.00000000000002 35.00000000000002 35.000000000000036 35.000000000000036 35.00000000000003 35.00000000000002 35.00000000000002 35.00000000000002 35.00000000000002 35.00000000000003 35.00000000000003 35.000000000000014 35.00000000000003 35.000000000000036 35.00000000000004 35.000000000000036 35.00000000000003 35.000000000000014 35.000000000000014 35.00000000000001 34.99999999999999 34.999999999999964 34.999999999999964 34.99999999999998 34.999999999999986 34.999999999999986 35.0 35.00000000000001 34.99999999999999 34.99999999999999 34.999999999999986 34.99999999999999 35.00000000000001 35.00000000000001 35.00000000000001 35.0 34.99999999999999 35.0 35.00000000000001 35.00000000000003 35.00000000000004 35.00000000000004 35.00000000000004 35.00000000000002 35.000000000000014 35.0 34.999999999999986 34.99999999999999 34.99999999999999 34.99999999999999 35.0 35.0 35.000000000000014 35.00000000000002 35.00000000000002 35.000000000000014 35.00000000000001 34.999999999999986 34.99999999999998 34.99999999999999 34.99999999999999 34.99999999999999 34.999999999999986 34.99999999999999 34.99999999999998 34.99999999999998 34.99999999999999 35.000000000000014 35.000000000000014 35.00000000000002 35.00000000000004 35.00000000000004 35.00000000000003 35.000000000000014 35.000000000000014 35.000000000000036 35.00000000000005 35.00000000000005 35.00000000000005 35.00000000000003 35.00000000000002 35.00000000000001 35.0 34.99999999999999 34.999999999999986 34.99999999999998 34.999999999999964 34.999999999999986 35.0 35.000000000000014 35.0 35.00000000000001 35.000000000000014 35.000000000000014 35.00000000000001 34.999999999999986 34.99999999999997 34.999999999999986 35.0 35.00000000000001 34.99999999999999 35.0 35.00000000000001 35.00000000000003 35.00000000000003 35.000000000000014 35.00000000000002 35.00000000000002 35.000000000000014 35.00000000000002 35.00000000000002 35.000000000000014 35.00000000000002 35.000000000000014 35.00000000000002 35.000000000000014 35.00000000000002 34.999999999999986 34.999999999999986 34.99999999999998 34.999999999999986 35.0 35.00000000000001 35.00000000000001 34.99999999999999 34.999999999999986 35.0 35.0 35.00000000000001 35.00000000000001 34.999999999999986 34.999999999999986 34.999999999999986 35.0 34.999999999999986 34.999999999999964 34.99999999999998 34.999999999999986 34.99999999999998 34.999999999999986 35.00000000000001 35.00000000000001 34.99999999999999 34.99999999999999 35.0 35.000000000000014 35.00000000000001 35.000000000000014 35.000000000000014 35.00000000000003 35.00000000000005 
0.0 0.0 0.0 0.0 0.0 0.0 0.0 0.0 0.0 0.0 0.0 0.0 0.0 0.0 0.0 0.0 0.0 0.0 0.0 0.0 0.0 0.0 0.0 0.0 0.0 0.0 0.0 0.0 0.0 0.0 0.0 0.0 0.0 0.0 0.0 0.0 0.0 0.0 0.0 0.0 0.0 0.0 0.0 0.0 0.0 0.0 0.0 0.0 0.0 0.0 0.0 0.0 0.0 0.0 0.0 0.0 0.0 0.0 0.0 0.0 0.0 0.0 0.0 0.0 0.0 0.0 0.0 0.0 0.0 0.0 0.0 0.0 0.0 0.0 0.0 0.0 0.0 0.0 0.0 0.0 0.0 0.0 0.0 0.0 0.0 0.0 0.0 0.0 0.0 0.0 0.0 0.0 0.0 0.0 0.0 0.0 0.0 0.0 0.0 0.0 0.0 0.0 0.0 0.0 0.0 0.0 0.0 0.0 0.0 0.0 0.0 0.0 0.0 0.0 0.0 0.0 0.0 0.0 0.0 0.0 0.0 0.0 0.0 0.0 0.0 0.0 0.0 0.0 0.0 0.0 0.0 0.0 0.0 0.0 0.0 0.0 0.0 0.0 0.0 0.0 0.0 0.0 0.0 0.0 0.0 0.0 0.0 0.0 0.0 0.0 0.0 0.0 0.0 0.0 0.0 0.0 0.0 0.0 0.0 0.0 0.0 0.0 0.0 0.0 0.0 0.0 0.0 0.0 0.0 0.0 0.0 0.0 0.0 0.0 0.0 0.0 0.0 0.0 0.0 0.0 0.0 0.0 0.0 0.0 0.0 0.0 0.0 0.0 0.0 0.0 0.0 0.0 0.0 0.0 0.0 0.0 0.0 0.0 0.0 0.0 
0.0 0.0 0.0 0.0 0.0 0.0 0.0 0.0 0.0 0.0 0.0 0.0 0.0 0.0 0.0 0.0 0.0 0.0 0.0 0.0 0.0 0.0 0.0 0.0 0.0 0.0 0.0 0.0 0.0 0.0 0.0 0.0 0.0 0.0 0.0 0.0 0.0 0.0 0.0 0.0 0.0 0.0 0.0 0.0 0.0 0.0 0.0 0.0 0.0 0.0 0.0 0.0 0.0 0.0 0.0 0.0 0.0 0.0 0.0 0.0 0.0 0.0 0.0 0.0 0.0 0.0 0.0 0.0 0.0 0.0 0.0 0.0 0.0 0.0 0.0 0.0 0.0 0.0 0.0 0.0 0.0 0.0 0.0 0.0 0.0 0.0 0.0 0.0 0.0 0.0 0.0 0.0 0.0 0.0 0.0 0.0 0.0 0.0 0.0 0.0 0.0 0.0 0.0 0.0 0.0 0.0 0.0 0.0 0.0 0.0 0.0 0.0 0.0 0.0 0.0 0.0 0.0 0.0 0.0 0.0 0.0 0.0 0.0 0.0 0.0 0.0 0.0 0.0 0.0 0.0 0.0 0.0 0.0 0.0 0.0 0.0 0.0 0.0 0.0 0.0 0.0 0.0 0.0 0.0 0.0 0.0 0.0 0.0 0.0 0.0 0.0 0.0 0.0 0.0 0.0 0.0 0.0 0.0 0.0 0.0 0.0 0.0 0.0 0.0 0.0 0.0 0.0 0.0 0.0 0.0 0.0 0.0 0.0 0.0 0.0 0.0 0.0 0.0 0.0 0.0 0.0 0.0 0.0 0.0 0.0 0.0 0.0 0.0 0.0 0.0 0.0 0.0 0.0 0.0 0.0 0.0 0.0 0.0 0.0 0.0 
1900 1 3 0 0 0
14.917688165650263 14.920340113194749 14.92142085354671 14.921321665801537 14.814496283716391 14.250251937228862 13.749998694211754 13.249998555914551 12.749998592933087 12.250208705660697 12.000260348552201 12.000001890401634 12.000000111167262 12.00000002017636 12.00000000654291 12.000000002838044 12.000000001433143 12.00000000078674 12.00000000045308 12.000000000266649 12.000000000155696 12.000000000089258 12.000000000049996 12.000000000027281 12.000000000014488 12.000000000007475 12.000000000003748 12.000000000001826 12.000000000000863 12.000000000000398 12.00000000000018 12.000000000000083 12.000000000000039 12.000000000000018 12.000000000000005 12.000000000000004 12.000000000000002 11.999999999999998 12.0 11.999999999999996 11.999999999999998 11.999999999999996 11.999999999999998 11.999999999999998 11.999999999999988 11.99999999999999 11.999999999999988 11.999999999999988 11.999999999999991 11.999999999999995 11.999999999999995 11.999999999999988 11.999999999999991 11.999999999999991 12.0 12.000000000000012 12.000000000000007 12.00000000000001 12.000000000000012 12.000000000000012 12.000000000000012 12.000000000000014 12.000000000000018 12.000000000000018 12.000000000000018 12.000000000000012 12.000000000000009 12.000000000000005 12.000000000000004 12.000000000000002 11.999999999999998 11.999999999999996 11.999999999999995 11.999999999999995 11.999999999999993 12.0 12.000000000000005 12.0 12.000000000000004 11.999999999999998 12.0 11.999999999999998 11.999999999999998 11.999999999999995 11.999999999999996 11.999999999999993 11.99999999999999 11.999999999999993 11.999999999999991 11.999999999999995 11.999999999999996 11.999999999999998 12.000000000000002 12.000000000000004 12.000000000000007 12.000000000000005 12.0 11.999999999999995 11.999999999999995 11.99999999999999 11.999999999999986 11.999999999999988 11.999999999999995 11.999999999999998 12.0 11.999999999999993 11.999999999999995 11.999999999999993 12.0 12.000000000000004 12.000000000000004 11.999999999999998 12.0 11.999999999999998 11.999999999999993 11.999999999999995 11.999999999999995 11.999999999999996 11.999999999999995 11.999999999999984 11.999999999999982 11.99999999999999 11.999999999999991 11.999999999999995 11.999999999999996 12.000000000000007 12.000000000000014 12.000000000000012 12.000000000000014 12.00000000000001 12.000000000000005 12.0 11.999999999999998 12.0 12.0 11.999999999999995 11.999999999999996 11.999999999999995 11.999999999999998 11.999999999999998 12.000000000000002 12.000000000000002 11.999999999999995 11.999999999999996 12.0 12.0 12.000000000000002 12.000000000000002 11.999999999999996 11.999999999999993 12.000000000000002 12.000000000000005 12.000000000000002 12.0 12.0 12.0 12.000000000000004 12.00000000000001 12.000000000000009 12.000000000000016 12.000000000000014 12.000000000000012 12.00000000000001 12.000000000000005 12.000000000000002 12.000000000000005 12.000000000000002 11.999999999999995 11.999999999999998 11.999999999999995 11.999999999999995 11.999999999999998 12.000000000000002 12.0 12.0 12.0 11.999999999999998 12.000000000000004 11.999999999999996 12.0 12.000000000000004 12.000000000000005 12.000000000000002 11.999999999999995 11.999999999999995 11.999999999999988 11.999999999999984 11.999999999999984 11.999999999999988 11.999999999999993 11.999999999999995 11.999999999999998 11.999999999999998 12.000000000000004 12.000000000000016 12.000000000000025 12.000000000000034 12.00000000000004 12.000000000000043 12.000000000000046 
34.999999999999986 34.999999999999986 34.999999999999986 34.99999999999999 34.999999999999936 34.99999999999998 35.00000000000001 35.00000000000018 34.99999999999993 35.00000000000003 34.99999999999999 35.000000000000206 35.000000000000085 34.99999999999999 34.999999999999986 35.0 34.99999999999997 34.999999999999986 34.999999999999986 35.00000000000001 35.000000000000014 35.000000000000014 35.00000000000002 35.00000000000003 35.00000000000001 34.99999999999999 34.999999999999986 34.999999999999964 34.999999999999964 34.99999999999996 34.999999999999964 34.99999999999997 34.999999999999986 34.99999999999997 34.99999999999997 34.99999999999997 34.99999999999998 34.999999999999986 34.999999999999986 34.99999999999997 34.999999999999964 34.99999999999997 35.00000000000001 35.00000000000001 34.99999999999998 34.99999999999998 34.999999999999986 34.99999999999999 35.0 35.0 35.0 35.0 35.00000000000001 34.99999999999999 35.000000000000014 35.000000000000036 35.00000000000003 35.00000000000003 35.00000000000002 35.00000000000003 35.00000000000002 35.000000000000014 35.00000000000001 35.000000000000014 35.0 34.999999999999986 34.99999999999999 35.000000000000014 35.000000000000014 35.00000000000001 34.99999999999999 34.99999999999998 34.99999999999995 34.99999999999995 34.99999999999996 34.999999999999986 35.00000000000001 34.99999999999999 34.999999999999986 34.99999999999997 35.0 35.00000000000001 35.000000000000014 35.00000000000002 35.00000000000003 35.00000000000001 34.99999999999999 34.99999999999999 34.99999999999998 34.999999999999986 35.0 35.0 35.0 35.000000000000014 35.000000000000014 35.00000000000002 34.99999999999999 34.99999999999998 34.99999999999997 34.99999999999997 34.999999999999986 34.99999999999998 34.99999999999999 34.999999999999986 34.99999999999998 34.99999999999995 34.999999999999936 34.99999999999994 34.999999999999964 34.999999999999964 34.99999999999997 34.999999999999964 34.99999999999996 34.99999999999997 34.99999999999996 34.99999999999994 34.99999999999996 34.99999999999997 34.999999999999964 34.99999999999995 34.99999999999997 34.999999999999986 34.999999999999986 35.00000000000001 35.00000000000001 35.00000000000003 35.000000000000036 35.000000000000036 35.000000000000036 35.00000000000003 35.000000000000014 35.0 34.999999999999986 35.0 34.99999999999999 34.99999999999997 34.99999999999998 34.99999999999999 34.999999999999986 35.0 35.00000000000001 35.0 34.999999999999986 34.99999999999999 34.99999999999999 35.00000000000001 35.00000000000001 35.00000000000001 34.99999999999999 34.99999999999997 35.000000000000014 35.00000000000003 35.00000000000001 35.000000000000014 35.000000000000014 35.00000000000002 35.00000000000004 35.000000000000064 35.000000000000064 35.000000000000085 35.00000000000007 35.000000000000064 35.00000000000006 35.00000000000005 35.00000000000005 35.00000000000004 35.00000000000003 34.999999999999986 34.99999999999998 34.99999999999998 34.99999999999998 34.99999999999998 34.999999999999986 34.999999999999986 34.99999999999999 35.0 34.99999999999999 35.0 34.99999999999998 34.99999999999998 34.999999999999986 35.00000000000001 34.99999999999999 34.999999999999986 34.999999999999964 34.999999999999964 34.99999999999996 34.999999999999986 34.999999999999986 34.999999999999986 35.0 35.0 34.99999999999999 35.00000000000001 35.00000000000001 35.0 35.00000000000001 35.00000000000002 35.000000000000036 35.00000000000004 
0.0 0.0 0.0 0.0 0.0 0.0 0.0 0.0 0.0 0.0 0.0 0.0 0.0 0.0 0.0 0.0 0.0 0.0 0.0 0.0 0.0 0.0 0.0 0.0 0.0 0.0 0.0 0.0 0.0 0.0 0.0 0.0 0.0 0.0 0.0 0.0 0.0 0.0 0.0 0.0 0.0 0.0 0.0 0.0 0.0 0.0 0.0 0.0 0.0 0.0 0.0 0.0 0.0 0.0 0.0 0.0 0.0 0.0 0.0 0.0 0.0 0.0 0.0 0.0 0.0 0.0 0.0 0.0 0.0 0.0 0.0 0.0 0.0 0.0 0.0 0.0 0.0 0.0 0.0 0.0 0.0 0.0 0.0 0.0 0.0 0.0 0.0 0.0 0.0 0.0 0.0 0.0 0.0 0.0 0.0 0.0 0.0 0.0 0.0 0.0 0.0 0.0 0.0 0.0 0.0 0.0 0.0 0.0 0.0 0.0 0.0 0.0 0.0 0.0 0.0 0.0 0.0 0.0 0.0 0.0 0.0 0.0 0.0 0.0 0.0 0.0 0.0 0.0 0.0 0.0 0.0 0.0 0.0 0.0 0.0 0.0 0.0 0.0 0.0 0.0 0.0 0.0 0.0 0.0 0.0 0.0 0.0 0.0 0.0 0.0 0.0 0.0 0.0 0.0 0.0 0.0 0.0 0.0 0.0 0.0 0.0 0.0 0.0 0.0 0.0 0.0 0.0 0.0 0.0 0.0 0.0 0.0 0.0 0.0 0.0 0.0 0.0 0.0 0.0 0.0 0.0 0.0 0.0 0.0 0.0 0.0 0.0 0.0 0.0 0.0 0.0 0.0 0.0 0.0 0.0 0.0 0.0 0.0 0.0 0.0 
0.0 0.0 0.0 0.0 0.0 0.0 0.0 0.0 0.0 0.0 0.0 0.0 0.0 0.0 0.0 0.0 0.0 0.0 0.0 0.0 0.0 0.0 0.0 0.0 0.0 0.0 0.0 0.0 0.0 0.0 0.0 0.0 0.0 0.0 0.0 0.0 0.0 0.0 0.0 0.0 0.0 0.0 0.0 0.0 0.0 0.0 0.0 0.0 0.0 0.0 0.0 0.0 0.0 0.0 0.0 0.0 0.0 0.0 0.0 0.0 0.0 0.0 0.0 0.0 0.0 0.0 0.0 0.0 0.0 0.0 0.0 0.0 0.0 0.0 0.0 0.0 0.0 0.0 0.0 0.0 0.0 0.0 0.0 0.0 0.0 0.0 0.0 0.0 0.0 0.0 0.0 0.0 0.0 0.0 0.0 0.0 0.0 0.0 0.0 0.0 0.0 0.0 0.0 0.0 0.0 0.0 0.0 0.0 0.0 0.0 0.0 0.0 0.0 0.0 0.0 0.0 0.0 0.0 0.0 0.0 0.0 0.0 0.0 0.0 0.0 0.0 0.0 0.0 0.0 0.0 0.0 0.0 0.0 0.0 0.0 0.0 0.0 0.0 0.0 0.0 0.0 0.0 0.0 0.0 0.0 0.0 0.0 0.0 0.0 0.0 0.0 0.0 0.0 0.0 0.0 0.0 0.0 0.0 0.0 0.0 0.0 0.0 0.0 0.0 0.0 0.0 0.0 0.0 0.0 0.0 0.0 0.0 0.0 0.0 0.0 0.0 0.0 0.0 0.0 0.0 0.0 0.0 0.0 0.0 0.0 0.0 0.0 0.0 0.0 0.0 0.0 0.0 0.0 0.0 0.0 0.0 0.0 0.0 0.0 0.0 
1900 1 4 0 0 0
14.880602326724953 14.882855906396438 14.883524119112838 14.88334824558565 14.837379843122692 14.250568148628277 13.749998165923598 13.249997833667717 12.74999794402448 12.250312945922627 12.000389687420236 12.000003470211409 12.000000221171717 12.000000041039776 12.000000013440117 12.000000005952694 12.000000003110397 12.000000001788985 12.000000001090278 12.000000000688592 12.00000000044457 12.00000000028846 12.000000000185507 12.000000000117682 12.00000000007346 12.000000000045038 12.000000000027095 12.000000000015978 12.000000000009234 12.00000000000523 12.000000000002903 12.000000000001576 12.000000000000838 12.000000000000432 12.000000000000217 12.000000000000103 12.00000000000005 12.000000000000018 12.000000000000004 12.000000000000005 12.000000000000004 11.999999999999998 12.0 11.999999999999998 11.999999999999998 11.999999999999998 12.0 11.999999999999996 11.999999999999995 11.999999999999996 11.999999999999998 11.999999999999998 11.999999999999998 11.999999999999998 12.0 12.0 12.0 12.000000000000005 12.000000000000007 12.000000000000009 12.000000000000005 12.000000000000005 12.00000000000001 12.000000000000018 12.000000000000018 12.000000000000005 12.000000000000007 12.00000000000001 12.000000000000007 12.000000000000005 12.000000000000009 12.000000000000009 12.00000000000001 12.000000000000012 12.000000000000007 12.000000000000005 12.000000000000007 12.000000000000002 12.000000000000002 12.0 12.000000000000004 12.000000000000004 12.0 12.0 11.999999999999998 11.999999999999995 11.999999999999991 11.99999999999999 11.999999999999993 11.999999999999995 12.0 12.000000000000005 12.0 12.0 12.0 12.0 11.999999999999995 12.0 12.000000000000002 12.0 12.000000000000004 12.0 12.000000000000004 12.000000000000005 12.000000000000005 12.0 11.999999999999996 12.0 12.000000000000002 11.999999999999998 11.999999999999995 11.999999999999996 11.99999999999999 11.999999999999986 11.999999999999986 11.99999999999999 11.999999999999991 11.999999999999993 11.999999999999995 11.999999999999993 11.999999999999996 11.999999999999998 11.999999999999995 11.999999999999996 11.999999999999993 11.999999999999996 11.999999999999998 11.999999999999998 11.999999999999995 11.999999999999995 11.999999999999998 11.999999999999998 11.999999999999998 12.0 12.000000000000002 12.000000000000002 12.000000000000002 11.999999999999998 12.0 11.999999999999996 11.999999999999998 11.999999999999998 12.0 11.999999999999991 11.999999999999988 11.999999999999995 11.999999999999996 11.999999999999998 11.999999999999996 12.000000000000002 11.999999999999996 11.999999999999996 11.999999999999996 12.0 12.000000000000007 12.000000000000004 12.000000000000002 12.000000000000005 12.000000000000007 12.00000000000001 12.000000000000005 12.000000000000007 12.00000000000001 12.000000000000012 12.000000000000005 12.000000000000004 12.0 12.000000000000002 12.000000000000002 12.0 11.999999999999996 11.999999999999995 12.0 12.0 11.999999999999996 12.0 11.999999999999996 11.999999999999995 11.999999999999995 11.999999999999991 11.999999999999993 11.999999999999991 11.999999999999993 11.999999999999995 11.999999999999995 11.999999999999993 11.999999999999991 11.999999999999991 11.999999999999995 11.999999999999995 11.999999999999996 11.999999999999998 12.000000000000005 12.000000000000012 12.000000000000021 12.000000000000034 12.00000000000005 12.000000000000064 12.000000000000075 12.000000000000078 
35.0 35.00000000000001 35.000000000000014 35.00000000000002 34.99999999999997 34.99999999999998 34.99999999999995 35.000000000000206 34.99999999999982 35.00000000000003 35.00000000000001 35.000000000000135 35.00000000000002 34.99999999999998 34.99999999999995 34.999999999999964 35.0 35.00000000000003 35.00000000000006 35.00000000000006 35.000000000000036 35.00000000000003 35.00000000000003 35.000000000000014 35.00000000000003 35.000000000000014 34.99999999999999 34.999999999999986 34.99999999999998 34.99999999999998 34.999999999999964 34.99999999999997 34.999999999999964 34.999999999999964 34.99999999999996 34.99999999999998 34.99999999999999 34.99999999999998 34.999999999999964 34.99999999999999 35.0 34.999999999999986 35.00000000000001 35.00000000000002 35.000000000000014 35.00000000000002 35.00000000000003 35.00000000000002 35.0 34.99999999999999 35.0 35.00000000000001 34.99999999999999 34.99999999999999 34.99999999999999 35.0 35.0 35.00000000000001 35.00000000000003 35.000000000000014 35.00000000000001 35.000000000000014 35.0 35.0 35.0 34.99999999999997 34.999999999999986 34.99999999999999 34.999999999999986 34.999999999999986 34.99999999999999 35.00000000000001 35.00000000000001 35.0 34.999999999999986 34.99999999999998 34.999999999999986 34.99999999999999 35.00000000000001 35.00000000000001 35.00000000000001 35.0 34.999999999999986 34.99999999999998 34.999999999999986 35.0 35.00000000000001 34.99999999999999 35.0 34.99999999999999 34.99999999999999 35.000000000000014 35.0 35.0 34.999999999999986 34.99999999999997 34.99999999999996 34.999999999999964 34.99999999999997 34.99999999999998 34.999999999999986 34.99999999999997 34.999999999999964 34.99999999999996 34.99999999999996 34.99999999999995 34.999999999999936 34.99999999999995 34.99999999999995 34.99999999999994 34.999999999999915 34.99999999999991 34.9999999999999 34.99999999999989 34.99999999999991 34.99999999999993 34.99999999999995 34.99999999999997 34.999999999999986 34.99999999999997 34.999999999999986 35.0 35.0 35.00000000000001 34.99999999999998 34.99999999999999 35.00000000000001 34.99999999999999 34.99999999999999 34.99999999999998 34.99999999999998 34.999999999999986 34.999999999999986 35.0 34.99999999999999 35.000000000000014 35.00000000000003 35.000000000000014 35.00000000000002 35.000000000000014 35.00000000000001 35.00000000000001 34.99999999999999 34.99999999999999 34.99999999999998 34.99999999999998 34.999999999999986 34.99999999999999 34.99999999999999 35.00000000000001 35.0 35.0 34.99999999999998 34.99999999999998 34.99999999999999 35.00000000000001 35.00000000000002 35.00000000000004 35.00000000000006 35.000000000000064 35.00000000000005 35.00000000000005 35.000000000000064 35.000000000000085 35.00000000000006 35.00000000000004 35.000000000000014 35.000000000000014 35.00000000000002 34.99999999999999 34.99999999999998 34.99999999999997 34.99999999999997 34.999999999999964 34.999999999999964 34.999999999999964 34.99999999999998 34.99999999999997 34.999999999999964 34.99999999999997 34.99999999999997 34.99999999999998 34.99999999999998 34.99999999999999 34.99999999999999 34.999999999999986 34.99999999999997 34.999999999999986 34.99999999999998 34.999999999999986 34.99999999999998 34.99999999999999 35.00000000000001 35.00000000000003 35.000000000000014 35.000000000000036 35.00000000000008 35.0000000000001 35.000000000000114 35.00000000000013 
0.0 0.0 0.0 0.0 0.0 0.0 0.0 0.0 0.0 0.0 0.0 0.0 0.0 0.0 0.0 0.0 0.0 0.0 0.0 0.0 0.0 0.0 0.0 0.0 0.0 0.0 0.0 0.0 0.0 0.0 0.0 0.0 0.0 0.0 0.0 0.0 0.0 0.0 0.0 0.0 0.0 0.0 0.0 0.0 0.0 0.0 0.0 0.0 0.0 0.0 0.0 0.0 0.0 0.0 0.0 0.0 0.0 0.0 0.0 0.0 0.0 0.0 0.0 0.0 0.0 0.0 0.0 0.0 0.0 0.0 0.0 0.0 0.0 0.0 0.0 0.0 0.0 0.0 0.0 0.0 0.0 0.0 0.0 0.0 0.0 0.0 0.0 0.0 0.0 0.0 0.0 0.0 0.0 0.0 0.0 0.0 0.0 0.0 0.0 0.0 0.0 0.0 0.0 0.0 0.0 0.0 0.0 0.0 0.0 0.0 0.0 0.0 0.0 0.0 0.0 0.0 0.0 0.0 0.0 0.0 0.0 0.0 0.0 0.0 0.0 0.0 0.0 0.0 0.0 0.0 0.0 0.0 0.0 0.0 0.0 0.0 0.0 0.0 0.0 0.0 0.0 0.0 0.0 0.0 0.0 0.0 0.0 0.0 0.0 0.0 0.0 0.0 0.0 0.0 0.0 0.0 0.0 0.0 0.0 0.0 0.0 0.0 0.0 0.0 0.0 0.0 0.0 0.0 0.0 0.0 0.0 0.0 0.0 0.0 0.0 0.0 0.0 0.0 0.0 0.0 0.0 0.0 0.0 0.0 0.0 0.0 0.0 0.0 0.0 0.0 0.0 0.0 0.0 0.0 0.0 0.0 0.0 0.0 0.0 0.0 
0.0 0.0 0.0 0.0 0.0 0.0 0.0 0.0 0.0 0.0 0.0 0.0 0.0 0.0 0.0 0.0 0.0 0.0 0.0 0.0 0.0 0.0 0.0 0.0 0.0 0.0 0.0 0.0 0.0 0.0 0.0 0.0 0.0 0.0 0.0 0.0 0.0 0.0 0.0 0.0 0.0 0.0 0.0 0.0 0.0 0.0 0.0 0.0 0.0 0.0 0.0 0.0 0.0 0.0 0.0 0.0 0.0 0.0 0.0 0.0 0.0 0.0 0.0 0.0 0.0 0.0 0.0 0.0 0.0 0.0 0.0 0.0 0.0 0.0 0.0 0.0 0.0 0.0 0.0 0.0 0.0 0.0 0.0 0.0 0.0 0.0 0.0 0.0 0.0 0.0 0.0 0.0 0.0 0.0 0.0 0.0 0.0 0.0 0.0 0.0 0.0 0.0 0.0 0.0 0.0 0.0 0.0 0.0 0.0 0.0 0.0 0.0 0.0 0.0 0.0 0.0 0.0 0.0 0.0 0.0 0.0 0.0 0.0 0.0 0.0 0.0 0.0 0.0 0.0 0.0 0.0 0.0 0.0 0.0 0.0 0.0 0.0 0.0 0.0 0.0 0.0 0.0 0.0 0.0 0.0 0.0 0.0 0.0 0.0 0.0 0.0 0.0 0.0 0.0 0.0 0.0 0.0 0.0 0.0 0.0 0.0 0.0 0.0 0.0 0.0 0.0 0.0 0.0 0.0 0.0 0.0 0.0 0.0 0.0 0.0 0.0 0.0 0.0 0.0 0.0 0.0 0.0 0.0 0.0 0.0 0.0 0.0 0.0 0.0 0.0 0.0 0.0 0.0 0.0 0.0 0.0 0.0 0.0 0.0 0.0 
1900 1 5 0 0 0
14.844426785902229 14.846714291321058 14.847691079780722 14.847960714060314 14.849257617269258 14.254987162028382 13.749998146962374 13.249997111596226 12.749997337957526 12.250417154276182 12.000518678888866 12.000005345679243 12.00000036101184 12.000000068176295 12.000000022416783 12.000000010007872 12.00000000531217 12.000000003122977 12.000000001956668 12.00000000127671 12.000000000854895 12.000000000581801 12.000000000399739 12.000000000274214 12.000000000186422 12.00000000012528 12.000000000083125 12.000000000054383 12.000000000035062 12.000000000022263 12.00000000001392 12.00000000000857 12.000000000005189 12.000000000003089 12.000000000001808 12.000000000001043 12.000000000000588 12.000000000000327 12.000000000000178 12.000000000000094 12.000000000000043 12.00000000000002 12.000000000000004 11.999999999999996 11.999999999999995 11.999999999999993 11.999999999999995 11.999999999999996 11.999999999999995 12.0 11.999999999999998 12.000000000000004 12.000000000000002 11.999999999999996 11.999999999999998 11.999999999999995 11.999999999999998 12.000000000000004 12.000000000000002 12.000000000000004 12.000000000000004 12.000000000000002 12.0 12.0 12.000000000000002 12.000000000000002 12.000000000000005 12.0 11.999999999999996 12.0 12.000000000000005 12.000000000000005 12.000000000000002 12.000000000000004 11.999999999999996 11.999999999999995 11.999999999999995 11.999999999999993 11.999999999999982 11.999999999999988 11.99999999999999 11.999999999999993 11.999999999999996 11.999999999999998 11.999999999999995 11.999999999999991 11.999999999999986 11.99999999999999 11.999999999999995 11.999999999999998 11.999999999999995 11.999999999999995 11.999999999999995 11.999999999999998 11.999999999999998 12.0 11.999999999999996 12.000000000000002 12.0 12.0 11.999999999999998 12.000000000000002 12.000000000000005 12.000000000000004 12.0 12.000000000000007 12.000000000000007 11.999999999999996 11.999999999999991 11.999999999999995 11.999999999999993 11.99999999999999 11.99999999999999 11.999999999999986 11.999999999999988 11.999999999999995 11.999999999999996 11.999999999999996 11.999999999999998 11.999999999999998 11.999999999999998 11.999999999999995 12.0 11.999999999999996 11.999999999999996 11.999999999999998 11.999999999999995 11.999999999999995 12.0 12.000000000000004 12.0 11.999999999999996 11.999999999999996 11.999999999999993 11.999999999999991 11.999999999999991 11.999999999999993 11.999999999999991 11.99999999999999 11.999999999999991 11.999999999999995 11.999999999999995 11.999999999999996 11.999999999999998 11.999999999999998 12.000000000000004 11.999999999999995 11.999999999999995 11.999999999999998 12.0 11.999999999999998 12.0 12.0 12.0 12.000000000000002 12.0 12.0 12.0 12.000000000000004 12.000000000000005 12.0 12.000000000000002 11.999999999999995 11.999999999999995 11.999999999999998 12.000000000000005 12.00000000000001 12.000000000000012 12.000000000000012 12.000000000000005 12.0 12.000000000000002 11.999999999999998 12.0 11.999999999999995 11.999999999999995 12.0 11.999999999999998 11.999999999999998 11.999999999999998 11.999999999999991 11.999999999999991 11.999999999999995 12.0 12.000000000000002 12.000000000000005 12.000000000000004 11.999999999999998 12.000000000000002 11.999999999999995 11.999999999999995 12.000000000000004 12.000000000000018 12.000000000000032 12.000000000000043 12.000000000000055 12.000000000000076 12.000000000000087 12.000000000000092 12.000000000000096 
34.99999999999992 34.99999999999992 34.999999999999936 34.99999999999993 34.99999999999993 34.999999999999986 35.00000000000001 35.00000000000018 34.99999999999979 35.00000000000004 34.99999999999999 35.00000000000015 35.000000000000064 34.99999999999998 34.99999999999996 34.999999999999986 35.00000000000004 35.00000000000004 35.00000000000006 35.00000000000006 35.00000000000005 35.00000000000003 35.000000000000036 35.000000000000014 35.0 34.99999999999999 35.00000000000001 35.0 34.99999999999999 35.0 35.0 35.0 35.0 34.999999999999986 34.999999999999986 34.999999999999986 34.99999999999997 34.99999999999999 34.999999999999986 34.99999999999999 34.99999999999998 34.999999999999986 34.999999999999986 34.99999999999999 34.99999999999999 34.99999999999999 35.00000000000001 35.00000000000001 35.00000000000001 35.000000000000014 34.99999999999999 35.00000000000001 35.00000000000002 35.00000000000001 34.99999999999999 34.99999999999999 35.000000000000014 35.000000000000014 35.00000000000001 35.00000000000002 35.00000000000001 35.0 34.99999999999998 34.99999999999999 35.0 34.99999999999999 35.0 34.999999999999986 34.999999999999986 34.99999999999998 34.99999999999999 34.99999999999999 34.99999999999999 34.99999999999999 34.999999999999986 34.99999999999998 35.00000000000001 35.000000000000014 34.99999999999999 35.0 35.0 34.99999999999999 35.0 35.000000000000014 35.0 34.99999999999999 34.999999999999964 34.99999999999999 35.00000000000002 35.00000000000002 35.00000000000001 35.00000000000001 34.99999999999998 34.999999999999986 34.99999999999998 34.99999999999997 34.999999999999964 34.99999999999998 34.99999999999998 34.99999999999998 34.999999999999986 35.00000000000001 35.0 34.99999999999999 34.999999999999986 34.999999999999986 34.99999999999997 34.99999999999996 34.99999999999995 34.999999999999936 34.99999999999992 34.99999999999991 34.999999999999915 34.999999999999915 34.99999999999993 34.99999999999996 34.999999999999964 34.999999999999964 34.99999999999998 34.999999999999986 34.99999999999998 34.99999999999998 34.99999999999998 34.99999999999998 34.99999999999998 34.99999999999998 34.999999999999964 34.99999999999998 34.99999999999999 35.0 34.999999999999986 34.99999999999998 34.999999999999986 34.999999999999986 34.999999999999986 34.99999999999998 34.99999999999999 35.00000000000001 35.00000000000001 35.0 35.000000000000014 35.00000000000001 34.99999999999999 34.999999999999986 34.99999999999999 34.99999999999999 34.999999999999964 34.99999999999996 34.999999999999986 34.999999999999986 34.99999999999998 34.999999999999964 34.99999999999999 34.99999999999999 34.999999999999986 34.999999999999986 35.0 35.00000000000001 35.00000000000001 35.00000000000003 35.00000000000002 35.00000000000005 35.000000000000036 35.00000000000003 35.00000000000004 35.00000000000005 35.00000000000005 35.00000000000004 35.00000000000005 35.00000000000001 34.99999999999999 34.99999999999999 34.99999999999997 34.99999999999997 34.99999999999997 34.99999999999998 34.99999999999998 34.99999999999999 35.00000000000001 35.00000000000002 35.00000000000001 35.0 34.999999999999986 35.0 35.000000000000014 35.0 34.99999999999999 34.999999999999986 35.0 35.0 34.99999999999997 34.99999999999999 35.00000000000002 35.00000000000006 35.00000000000008 35.0000000000001 35.000000000000156 35.000000000000185 35.00000000000019 35.000000000000206 
0.0 0.0 0.0 0.0 0.0 0.0 0.0 0.0 0.0 0.0 0.0 0.0 0.0 0.0 0.0 0.0 0.0 0.0 0.0 0.0 0.0 0.0 0.0 0.0 0.0 0.0 0.0 0.0 0.0 0.0 0.0 0.0 0.0 0.0 0.0 0.0 0.0 0.0 0.0 0.0 0.0 0.0 0.0 0.0 0.0 0.0 0.0 0.0 0.0 0.0 0.0 0.0 0.0 0.0 0.0 0.0 0.0 0.0 0.0 0.0 0.0 0.0 0.0 0.0 0.0 0.0 0.0 0.0 0.0 0.0 0.0 0.0 0.0 0.0 0.0 0.0 0.0 0.0 0.0 0.0 0.0 0.0 0.0 0.0 0.0 0.0 0.0 0.0 0.0 0.0 0.0 0.0 0.0 0.0 0.0 0.0 0.0 0.0 0.0 0.0 0.0 0.0 0.0 0.0 0.0 0.0 0.0 0.0 0.0 0.0 0.0 0.0 0.0 0.0 0.0 0.0 0.0 0.0 0.0 0.0 0.0 0.0 0.0 0.0 0.0 0.0 0.0 0.0 0.0 0.0 0.0 0.0 0.0 0.0 0.0 0.0 0.0 0.0 0.0 0.0 0.0 0.0 0.0 0.0 0.0 0.0 0.0 0.0 0.0 0.0 0.0 0.0 0.0 0.0 0.0 0.0 0.0 0.0 0.0 0.0 0.0 0.0 0.0 0.0 0.0 0.0 0.0 0.0 0.0 0.0 0.0 0.0 0.0 0.0 0.0 0.0 0.0 0.0 0.0 0.0 0.0 0.0 0.0 0.0 0.0 0.0 0.0 0.0 0.0 0.0 0.0 0.0 0.0 0.0 0.0 0.0 0.0 0.0 0.0 0.0 
0.0 0.0 0.0 0.0 0.0 0.0 0.0 0.0 0.0 0.0 0.0 0.0 0.0 0.0 0.0 0.0 0.0 0.0 0.0 0.0 0.0 0.0 0.0 0.0 0.0 0.0 0.0 0.0 0.0 0.0 0.0 0.0 0.0 0.0 0.0 0.0 0.0 0.0 0.0 0.0 0.0 0.0 0.0 0.0 0.0 0.0 0.0 0.0 0.0 0.0 0.0 0.0 0.0 0.0 0.0 0.0 0.0 0.0 0.0 0.0 0.0 0.0 0.0 0.0 0.0 0.0 0.0 0.0 0.0 0.0 0.0 0.0 0.0 0.0 0.0 0.0 0.0 0.0 0.0 0.0 0.0 0.0 0.0 0.0 0.0 0.0 0.0 0.0 0.0 0.0 0.0 0.0 0.0 0.0 0.0 0.0 0.0 0.0 0.0 0.0 0.0 0.0 0.0 0.0 0.0 0.0 0.0 0.0 0.0 0.0 0.0 0.0 0.0 0.0 0.0 0.0 0.0 0.0 0.0 0.0 0.0 0.0 0.0 0.0 0.0 0.0 0.0 0.0 0.0 0.0 0.0 0.0 0.0 0.0 0.0 0.0 0.0 0.0 0.0 0.0 0.0 0.0 0.0 0.0 0.0 0.0 0.0 0.0 0.0 0.0 0.0 0.0 0.0 0.0 0.0 0.0 0.0 0.0 0.0 0.0 0.0 0.0 0.0 0.0 0.0 0.0 0.0 0.0 0.0 0.0 0.0 0.0 0.0 0.0 0.0 0.0 0.0 0.0 0.0 0.0 0.0 0.0 0.0 0.0 0.0 0.0 0.0 0.0 0.0 0.0 0.0 0.0 0.0 0.0 0.0 0.0 0.0 0.0 0.0 0.0 
1900 1 6 0 0 0
14.817383777539469 14.819249941010959 14.819981753543372 14.820200376421898 14.823247945939043 14.263732862716278 13.749998182166898 13.249996389162874 12.749996774683371 12.25052133062249 12.00064736397681 12.000007478698214 12.000000528428401 12.000000101297717 12.00000003340034 12.000000014965158 12.000000008010062 12.000000004771039 12.000000003037629 12.000000002020249 12.000000001383096 12.000000000965212 12.000000000682245 12.000000000486086 12.000000000347194 12.000000000246756 12.000000000173907 12.000000000121366 12.000000000083798 12.000000000057197 12.000000000038575 12.000000000025693 12.000000000016895 12.000000000010962 12.000000000007017 12.000000000004434 12.00000000000276 12.000000000001704 12.000000000001027 12.000000000000611 12.000000000000359 12.000000000000204 12.000000000000114 12.000000000000059 12.000000000000028 12.000000000000016 12.000000000000009 12.000000000000005 11.999999999999998 11.999999999999993 11.999999999999998 11.999999999999993 12.0 12.000000000000009 12.000000000000007 12.00000000000001 12.000000000000005 12.000000000000004 12.0 11.999999999999998 12.0 11.999999999999996 11.999999999999998 11.999999999999996 12.0 12.000000000000002 12.000000000000005 12.000000000000002 11.999999999999998 12.000000000000005 12.000000000000007 12.000000000000005 12.000000000000002 11.999999999999998 12.000000000000004 12.0 11.999999999999995 11.999999999999991 11.999999999999995 11.999999999999996 11.999999999999996 11.999999999999996 11.999999999999998 11.999999999999996 11.999999999999991 11.999999999999991 11.99999999999999 11.99999999999999 11.999999999999998 12.000000000000005 12.000000000000009 12.000000000000012 12.000000000000007 12.0 12.000000000000002 12.000000000000007 12.000000000000007 12.00000000000001 12.000000000000005 12.000000000000004 12.0 12.0 12.000000000000002 12.000000000000002 11.999999999999996 11.999999999999995 11.999999999999991 11.99999999999999 11.99999999999999 11.999999999999993 11.999999999999991 11.999999999999991 11.99999999999999 11.999999999999991 11.99999999999999 11.999999999999982 11.999999999999988 11.999999999999988 11.999999999999991 11.999999999999995 11.999999999999991 11.99999999999999 11.999999999999995 11.999999999999996 12.0 11.999999999999995 11.999999999999993 11.999999999999996 12.0 11.999999999999998 11.999999999999993 12.0 12.0 12.0 11.999999999999996 11.999999999999998 11.999999999999995 11.999999999999995 11.999999999999996 11.999999999999998 11.999999999999998 12.0 11.999999999999998 12.0 12.000000000000004 12.000000000000004 12.000000000000004 12.000000000000002 12.000000000000005 12.000000000000007 12.000000000000004 12.000000000000002 12.0 11.999999999999998 11.999999999999996 12.0 12.000000000000002 12.000000000000002 12.000000000000004 12.000000000000005 12.000000000000002 12.0 11.999999999999998 12.000000000000004 12.000000000000007 12.000000000000005 12.00000000000001 12.000000000000016 12.000000000000018 12.000000000000004 12.000000000000002 12.000000000000002 12.0 12.000000000000004 12.0 12.0 11.999999999999996 11.999999999999998 11.999999999999996 11.999999999999995 11.999999999999995 11.999999999999995 11.999999999999995 11.999999999999998 11.999999999999998 11.999999999999998 11.999999999999996 11.999999999999995 11.999999999999995 12.0 12.000000000000007 12.000000000000018 12.000000000000025 12.000000000000037 12.000000000000053 12.000000000000068 12.000000000000092 12.0000000000001 12.000000000000108 12.000000000000114 
34.999999999999815 34.99999999999982 34.99999999999983 34.99999999999982 34.999999999999844 34.999999999999986 35.00000000000001 35.00000000000023 34.99999999999984 35.00000000000004 35.0 35.00000000000015 35.00000000000007 34.999999999999915 34.99999999999998 35.0 35.00000000000004 35.00000000000008 35.00000000000009 35.00000000000008 35.00000000000004 35.000000000000036 35.000000000000014 35.0 34.99999999999999 34.99999999999999 35.0 35.00000000000002 35.000000000000036 35.000000000000036 35.00000000000002 35.00000000000002 35.000000000000014 34.999999999999986 34.99999999999998 35.0 34.99999999999998 34.99999999999999 34.99999999999999 34.99999999999998 34.999999999999986 34.99999999999998 34.99999999999996 34.99999999999996 34.99999999999997 35.0 35.00000000000001 35.00000000000002 35.00000000000001 35.0 35.00000000000001 34.99999999999998 34.99999999999999 35.00000000000003 35.00000000000003 35.000000000000036 35.00000000000002 35.0 34.99999999999999 34.99999999999999 34.99999999999998 34.99999999999997 34.999999999999986 34.999999999999986 34.999999999999986 34.99999999999999 35.0 34.99999999999999 34.999999999999986 34.99999999999999 35.00000000000001 35.00000000000001 35.0 34.999999999999986 34.99999999999999 35.0 35.0 34.999999999999986 34.999999999999986 34.999999999999986 34.99999999999999 34.99999999999999 35.0 35.00000000000001 35.0 34.99999999999999 34.999999999999986 34.99999999999999 34.99999999999999 34.99999999999999 35.000000000000014 35.00000000000003 35.00000000000002 35.0 35.0 35.00000000000002 35.00000000000003 35.000000000000014 35.0 34.99999999999999 34.99999999999999 35.0 34.999999999999986 34.99999999999997 34.999999999999964 34.99999999999995 34.99999999999993 34.99999999999993 34.99999999999992 34.99999999999991 34.99999999999991 34.9999999999999 34.999999999999915 34.99999999999993 34.99999999999993 34.99999999999993 34.99999999999993 34.99999999999994 34.999999999999964 34.99999999999998 34.99999999999995 34.99999999999994 34.999999999999964 34.99999999999997 34.999999999999986 34.999999999999964 34.99999999999997 34.99999999999998 34.999999999999986 34.99999999999998 34.99999999999996 34.999999999999964 34.99999999999997 34.99999999999998 34.99999999999999 34.999999999999986 34.999999999999986 34.999999999999986 34.99999999999999 35.0 35.00000000000001 35.00000000000001 34.999999999999986 35.0 35.0 34.99999999999999 34.99999999999999 35.00000000000001 35.00000000000002 35.00000000000003 35.000000000000014 35.00000000000001 35.000000000000014 35.0 34.99999999999999 34.99999999999999 34.999999999999986 35.00000000000001 35.00000000000001 35.00000000000003 35.00000000000002 35.00000000000002 35.00000000000002 35.00000000000003 35.00000000000002 35.00000000000002 35.00000000000005 35.00000000000006 35.00000000000006 35.00000000000002 35.00000000000002 35.000000000000014 35.00000000000001 35.000000000000014 35.0 35.0 34.99999999999999 35.0 34.99999999999999 35.0 34.99999999999999 34.999999999999986 35.0 35.0 34.99999999999999 35.0 35.0 34.999999999999986 34.999999999999986 35.00000000000001 35.00000000000002 35.00000000000005 35.00000000000006 35.0000000000001 35.00000000000012 35.00000000000014 35.00000000000019 35.0000000000002 35.00000000000024 35.00000000000024 
0.0 0.0 0.0 0.0 0.0 0.0 0.0 0.0 0.0 0.0 0.0 0.0 0.0 0.0 0.0 0.0 0.0 0.0 0.0 0.0 0.0 0.0 0.0 0.0 0.0 0.0 0.0 0.0 0.0 0.0 0.0 0.0 0.0 0.0 0.0 0.0 0.0 0.0 0.0 0.0 0.0 0.0 0.0 0.0 0.0 0.0 0.0 0.0 0.0 0.0 0.0 0.0 0.0 0.0 0.0 0.0 0.0 0.0 0.0 0.0 0.0 0.0 0.0 0.0 0.0 0.0 0.0 0.0 0.0 0.0 0.0 0.0 0.0 0.0 0.0 0.0 0.0 0.0 0.0 0.0 0.0 0.0 0.0 0.0 0.0 0.0 0.0 0.0 0.0 0.0 0.0 0.0 0.0 0.0 0.0 0.0 0.0 0.0 0.0 0.0 0.0 0.0 0.0 0.0 0.0 0.0 0.0 0.0 0.0 0.0 0.0 0.0 0.0 0.0 0.0 0.0 0.0 0.0 0.0 0.0 0.0 0.0 0.0 0.0 0.0 0.0 0.0 0.0 0.0 0.0 0.0 0.0 0.0 0.0 0.0 0.0 0.0 0.0 0.0 0.0 0.0 0.0 0.0 0.0 0.0 0.0 0.0 0.0 0.0 0.0 0.0 0.0 0.0 0.0 0.0 0.0 0.0 0.0 0.0 0.0 0.0 0.0 0.0 0.0 0.0 0.0 0.0 0.0 0.0 0.0 0.0 0.0 0.0 0.0 0.0 0.0 0.0 0.0 0.0 0.0 0.0 0.0 0.0 0.0 0.0 0.0 0.0 0.0 0.0 0.0 0.0 0.0 0.0 0.0 0.0 0.0 0.0 0.0 0.0 0.0 
0.0 0.0 0.0 0.0 0.0 0.0 0.0 0.0 0.0 0.0 0.0 0.0 0.0 0.0 0.0 0.0 0.0 0.0 0.0 0.0 0.0 0.0 0.0 0.0 0.0 0.0 0.0 0.0 0.0 0.0 0.0 0.0 0.0 0.0 0.0 0.0 0.0 0.0 0.0 0.0 0.0 0.0 0.0 0.0 0.0 0.0 0.0 0.0 0.0 0.0 0.0 0.0 0.0 0.0 0.0 0.0 0.0 0.0 0.0 0.0 0.0 0.0 0.0 0.0 0.0 0.0 0.0 0.0 0.0 0.0 0.0 0.0 0.0 0.0 0.0 0.0 0.0 0.0 0.0 0.0 0.0 0.0 0.0 0.0 0.0 0.0 0.0 0.0 0.0 0.0 0.0 0.0 0.0 0.0 0.0 0.0 0.0 0.0 0.0 0.0 0.0 0.0 0.0 0.0 0.0 0.0 0.0 0.0 0.0 0.0 0.0 0.0 0.0 0.0 0.0 0.0 0.0 0.0 0.0 0.0 0.0 0.0 0.0 0.0 0.0 0.0 0.0 0.0 0.0 0.0 0.0 0.0 0.0 0.0 0.0 0.0 0.0 0.0 0.0 0.0 0.0 0.0 0.0 0.0 0.0 0.0 0.0 0.0 0.0 0.0 0.0 0.0 0.0 0.0 0.0 0.0 0.0 0.0 0.0 0.0 0.0 0.0 0.0 0.0 0.0 0.0 0.0 0.0 0.0 0.0 0.0 0.0 0.0 0.0 0.0 0.0 0.0 0.0 0.0 0.0 0.0 0.0 0.0 0.0 0.0 0.0 0.0 0.0 0.0 0.0 0.0 0.0 0.0 0.0 0.0 0.0 0.0 0.0 0.0 0.0 
1900 1 7 0 0 0
14.790306959977293 14.79221943119159 14.792993419959114 14.79324900633232 14.795635138762222 14.2721522488169 13.749997679689786 13.249995663435206 12.749996254158628 12.250625474883174 12.000775770475181 12.000009843566799 12.00000072178886 12.000000140154297 12.000000046297433 12.000000020753312 12.000000011145161 12.000000006684171 12.000000004299615 12.000000002895808 12.00000000201269 12.000000001429578 12.00000000103079 12.000000000750845 12.00000000055093 12.000000000405212 12.000000000297003 12.00000000021636 12.000000000156371 12.000000000112047 12.000000000079552 12.000000000055923 12.000000000038916 12.000000000026802 12.000000000018263 12.000000000012307 12.0000000000082 12.000000000005398 12.000000000003515 12.00000000000226 12.000000000001435 12.000000000000899 12.000000000000556 12.000000000000343 12.000000000000208 12.000000000000115 12.000000000000057 12.000000000000028 12.000000000000012 12.000000000000005 12.0 12.000000000000005 12.000000000000012 12.000000000000009 12.000000000000002 12.000000000000002 12.000000000000002 12.000000000000002 12.000000000000004 12.000000000000007 12.000000000000005 11.999999999999998 12.0 12.000000000000004 12.000000000000004 12.000000000000002 12.000000000000002 12.0 11.999999999999998 12.0 12.000000000000002 12.000000000000002 11.999999999999996 11.999999999999993 11.999999999999995 11.999999999999993 11.999999999999996 11.999999999999995 11.999999999999998 11.999999999999996 12.0 12.000000000000004 12.000000000000007 12.0 12.0 12.0 12.000000000000005 12.000000000000005 12.000000000000002 12.000000000000004 12.000000000000005 12.000000000000007 12.000000000000009 12.000000000000007 12.000000000000007 12.00000000000001 12.000000000000007 12.000000000000004 12.000000000000002 11.999999999999996 12.0 11.999999999999996 11.999999999999998 12.000000000000005 12.000000000000002 11.999999999999995 11.999999999999995 11.999999999999995 11.999999999999995 11.999999999999995 11.999999999999996 11.999999999999991 11.99999999999999 11.999999999999988 11.999999999999991 11.999999999999995 11.999999999999996 11.999999999999995 11.999999999999993 11.999999999999995 11.999999999999998 11.999999999999996 11.999999999999995 11.999999999999996 12.0 12.000000000000004 12.000000000000005 12.0 12.0 11.999999999999995 11.999999999999991 11.99999999999999 11.99999999999999 11.99999999999999 11.999999999999993 11.999999999999995 11.999999999999993 11.999999999999993 11.999999999999996 12.0 11.999999999999996 11.999999999999993 11.999999999999991 11.999999999999998 11.999999999999998 12.000000000000002 12.000000000000005 12.000000000000005 12.000000000000004 12.000000000000005 12.000000000000004 12.0 11.999999999999996 11.999999999999995 11.99999999999999 11.999999999999988 11.99999999999999 11.999999999999995 11.999999999999996 11.999999999999998 11.999999999999998 11.999999999999996 11.999999999999998 12.000000000000002 12.000000000000005 12.000000000000005 12.000000000000005 12.000000000000005 12.000000000000005 12.000000000000004 12.000000000000004 12.000000000000007 12.000000000000005 12.0 12.000000000000005 12.000000000000002 12.000000000000004 11.999999999999996 11.999999999999996 11.999999999999991 11.999999999999995 11.999999999999993 11.999999999999993 11.99999999999999 11.999999999999991 11.999999999999996 11.999999999999995 11.999999999999995 12.000000000000002 12.000000000000009 12.00000000000002 12.000000000000028 12.000000000000039 12.000000000000052 12.000000000000062 12.000000000000073 12.000000000000083 12.000000000000094 12.0000000000001 12.000000000000107 
34.99999999999982 34.99999999999982 34.99999999999982 34.99999999999982 34.99999999999984 35.0 35.00000000000001 35.000000000000256 34.99999999999992 34.99999999999999 34.99999999999997 35.000000000000135 35.0000000000001 34.999999999999964 35.000000000000014 35.00000000000002 35.00000000000002 35.000000000000036 35.00000000000004 35.000000000000036 35.000000000000036 35.00000000000001 35.00000000000001 35.00000000000001 35.00000000000001 35.00000000000001 35.0 35.000000000000014 35.000000000000036 35.00000000000003 35.000000000000036 35.00000000000003 35.00000000000002 35.00000000000003 35.00000000000001 35.0 35.0 34.99999999999999 34.999999999999986 34.999999999999986 34.99999999999997 34.999999999999964 34.99999999999995 34.99999999999998 34.99999999999999 34.99999999999997 34.99999999999995 34.999999999999936 34.99999999999995 34.999999999999964 34.999999999999986 35.0 35.00000000000003 35.00000000000003 35.000000000000014 35.00000000000002 35.00000000000002 35.00000000000002 35.00000000000003 35.00000000000002 35.00000000000001 35.0 35.000000000000014 35.00000000000001 35.000000000000014 35.00000000000001 34.99999999999999 34.99999999999998 34.99999999999997 34.99999999999999 35.0 35.00000000000001 35.0 34.99999999999999 35.0 34.99999999999998 34.999999999999986 34.99999999999998 34.999999999999986 34.99999999999998 34.999999999999986 34.99999999999999 35.00000000000001 35.0 35.00000000000001 35.00000000000001 35.00000000000003 35.00000000000002 35.000000000000014 35.0 35.000000000000014 35.00000000000003 35.00000000000003 35.00000000000002 35.000000000000014 35.00000000000003 35.000000000000014 35.00000000000001 35.00000000000001 34.99999999999999 34.999999999999986 34.999999999999986 34.99999999999997 34.999999999999986 34.999999999999986 34.99999999999996 34.99999999999995 34.99999999999995 34.999999999999936 34.999999999999936 34.999999999999936 34.99999999999993 34.99999999999992 34.99999999999992 34.99999999999991 34.999999999999936 34.99999999999995 34.99999999999995 34.99999999999994 34.999999999999964 34.999999999999964 34.99999999999996 34.99999999999996 34.99999999999994 34.999999999999964 34.99999999999998 34.99999999999998 34.99999999999998 34.99999999999999 34.99999999999997 34.99999999999994 34.999999999999936 34.99999999999992 34.99999999999992 34.99999999999994 34.99999999999996 34.99999999999994 34.99999999999994 34.999999999999964 34.99999999999998 34.99999999999998 34.99999999999998 34.99999999999999 35.00000000000001 35.00000000000001 35.00000000000002 35.000000000000036 35.000000000000036 35.00000000000005 35.000000000000036 35.000000000000014 35.0 35.0 34.999999999999964 34.99999999999995 34.99999999999994 34.99999999999994 34.99999999999996 34.99999999999999 35.0 35.000000000000014 35.00000000000002 35.000000000000014 35.00000000000004 35.00000000000005 35.00000000000005 35.00000000000006 35.000000000000036 35.000000000000036 35.00000000000001 35.00000000000003 35.000000000000014 35.000000000000014 35.00000000000001 35.00000000000003 35.0 34.99999999999999 34.99999999999996 34.99999999999997 34.99999999999996 34.999999999999964 34.99999999999996 34.99999999999996 34.99999999999994 34.99999999999996 34.999999999999986 34.99999999999999 34.99999999999999 35.00000000000002 35.00000000000004 35.00000000000007 35.000000000000085 35.00000000000011 35.00000000000013 35.000000000000156 35.00000000000018 35.000000000000234 35.00000000000025 35.00000000000026 35.00000000000027 
0.0 0.0 0.0 0.0 0.0 0.0 0.0 0.0 0.0 0.0 0.0 0.0 0.0 0.0 0.0 0.0 0.0 0.0 0.0 0.0 0.0 0.0 0.0 0.0 0.0 0.0 0.0 0.0 0.0 0.0 0.0 0.0 0.0 0.0 0.0 0.0 0.0 0.0 0.0 0.0 0.0 0.0 0.0 0.0 0.0 0.0 0.0 0.0 0.0 0.0 0.0 0.0 0.0 0.0 0.0 0.0 0.0 0.0 0.0 0.0 0.0 0.0 0.0 0.0 0.0 0.0 0.0 0.0 0.0 0.0 0.0 0.0 0.0 0.0 0.0 0.0 0.0 0.0 0.0 0.0 0.0 0.0 0.0 0.0 0.0 0.0 0.0 0.0 0.0 0.0 0.0 0.0 0.0 0.0 0.0 0.0 0.0 0.0 0.0 0.0 0.0 0.0 0.0 0.0 0.0 0.0 0.0 0.0 0.0 0.0 0.0 0.0 0.0 0.0 0.0 0.0 0.0 0.0 0.0 0.0 0.0 0.0 0.0 0.0 0.0 0.0 0.0 0.0 0.0 0.0 0.0 0.0 0.0 0.0 0.0 0.0 0.0 0.0 0.0 0.0 0.0 0.0 0.0 0.0 0.0 0.0 0.0 0.0 0.0 0.0 0.0 0.0 0.0 0.0 0.0 0.0 0.0 0.0 0.0 0.0 0.0 0.0 0.0 0.0 0.0 0.0 0.0 0.0 0.0 0.0 0.0 0.0 0.0 0.0 0.0 0.0 0.0 0.0 0.0 0.0 0.0 0.0 0.0 0.0 0.0 0.0 0.0 0.0 0.0 0.0 0.0 0.0 0.0 0.0 0.0 0.0 0.0 0.0 0.0 0.0 
0.0 0.0 0.0 0.0 0.0 0.0 0.0 0.0 0.0 0.0 0.0 0.0 0.0 0.0 0.0 0.0 0.0 0.0 0.0 0.0 0.0 0.0 0.0 0.0 0.0 0.0 0.0 0.0 0.0 0.0 0.0 0.0 0.0 0.0 0.0 0.0 0.0 0.0 0.0 0.0 0.0 0.0 0.0 0.0 0.0 0.0 0.0 0.0 0.0 0.0 0.0 0.0 0.0 0.0 0.0 0.0 0.0 0.0 0.0 0.0 0.0 0.0 0.0 0.0 0.0 0.0 0.0 0.0 0.0 0.0 0.0 0.0 0.0 0.0 0.0 0.0 0.0 0.0 0.0 0.0 0.0 0.0 0.0 0.0 0.0 0.0 0.0 0.0 0.0 0.0 0.0 0.0 0.0 0.0 0.0 0.0 0.0 0.0 0.0 0.0 0.0 0.0 0.0 0.0 0.0 0.0 0.0 0.0 0.0 0.0 0.0 0.0 0.0 0.0 0.0 0.0 0.0 0.0 0.0 0.0 0.0 0.0 0.0 0.0 0.0 0.0 0.0 0.0 0.0 0.0 0.0 0.0 0.0 0.0 0.0 0.0 0.0 0.0 0.0 0.0 0.0 0.0 0.0 0.0 0.0 0.0 0.0 0.0 0.0 0.0 0.0 0.0 0.0 0.0 0.0 0.0 0.0 0.0 0.0 0.0 0.0 0.0 0.0 0.0 0.0 0.0 0.0 0.0 0.0 0.0 0.0 0.0 0.0 0.0 0.0 0.0 0.0 0.0 0.0 0.0 0.0 0.0 0.0 0.0 0.0 0.0 0.0 0.0 0.0 0.0 0.0 0.0 0.0 0.0 0.0 0.0 0.0 0.0 0.0 0.0 
1900 1 8 0 0 0
14.763302262883883 14.765300565177773 14.76614941539122 14.766468113938183 14.767933740552781 14.280161527906394 13.74999731050857 13.249994931580428 12.749995776331005 12.250729586985594 12.00090391885965 12.000012421426826 12.00000093986185 12.000000184576352 12.00000006107062 12.000000027356444 12.000000014705053 12.00000000885161 12.00000000573063 12.000000003893726 12.00000000273526 12.000000001967342 12.000000001438854 12.000000001065018 12.000000000795115 12.000000000597169 12.00000000044938 12.000000000337305 12.000000000251843 12.00000000018684 12.000000000137602 12.000000000100579 12.00000000007292 12.000000000052424 12.000000000037348 12.000000000026365 12.000000000018442 12.000000000012776 12.000000000008761 12.000000000005953 12.000000000004004 12.000000000002663 12.000000000001755 12.000000000001148 12.00000000000074 12.000000000000469 12.000000000000295 12.000000000000183 12.000000000000117 12.000000000000068 12.000000000000044 12.000000000000032 12.00000000000002 12.000000000000007 12.000000000000007 12.000000000000009 12.00000000000001 12.00000000000001 12.000000000000012 12.00000000000001 12.000000000000005 12.000000000000007 12.000000000000009 12.00000000000001 12.000000000000007 12.000000000000004 12.0 11.999999999999996 11.999999999999996 12.0 12.000000000000004 12.000000000000002 12.0 12.0 11.999999999999991 11.999999999999991 11.99999999999999 11.999999999999998 11.999999999999996 11.999999999999996 11.999999999999996 12.000000000000002 12.000000000000002 11.999999999999998 11.999999999999998 12.000000000000004 12.000000000000005 12.000000000000005 12.000000000000004 12.000000000000004 12.000000000000005 12.000000000000005 12.000000000000004 12.000000000000007 12.000000000000005 12.000000000000004 12.0 11.999999999999996 11.999999999999995 12.0 12.000000000000002 12.0 12.0 12.0 11.999999999999996 11.999999999999995 11.999999999999995 11.999999999999996 11.999999999999995 11.99999999999999 11.99999999999999 11.999999999999993 11.99999999999999 11.999999999999984 11.999999999999984 11.99999999999999 11.999999999999993 11.999999999999996 12.0 12.000000000000002 12.000000000000005 12.000000000000009 12.000000000000009 12.0 12.0 12.000000000000005 12.000000000000007 12.000000000000004 12.000000000000002 12.0 12.000000000000005 11.999999999999996 11.999999999999993 11.999999999999996 11.999999999999996 11.999999999999996 11.999999999999998 12.0 11.999999999999996 11.999999999999995 11.999999999999996 12.0 12.000000000000002 11.999999999999998 11.999999999999995 11.999999999999996 11.999999999999998 12.0 12.000000000000002 12.0 11.999999999999998 11.999999999999996 11.999999999999998 11.999999999999996 11.999999999999991 11.999999999999988 11.99999999999999 11.999999999999988 11.999999999999993 11.999999999999995 12.0 11.999999999999998 12.000000000000002 12.000000000000002 12.0 12.000000000000007 12.000000000000004 12.000000000000005 12.000000000000007 12.000000000000004 12.0 12.000000000000004 12.000000000000005 12.000000000000002 12.0 12.000000000000004 11.999999999999996 12.000000000000002 12.000000000000002 11.999999999999998 11.999999999999998 12.0 12.0 11.999999999999998 11.999999999999993 11.999999999999996 12.0 12.000000000000005 12.000000000000007 12.000000000000021 12.000000000000027 12.000000000000032 12.000000000000037 12.000000000000052 12.00000000000006 12.00000000000006 12.000000000000057 12.000000000000068 12.000000000000082 12.000000000000083 
34.99999999999982 34.99999999999982 34.99999999999983 34.99999999999984 34.99999999999985 34.99999999999997 35.00000000000002 35.00000000000024 34.99999999999998 34.99999999999999 34.999999999999986 35.000000000000085 35.00000000000013 34.99999999999999 35.000000000000036 35.00000000000004 35.00000000000003 35.00000000000006 35.00000000000001 34.999999999999986 35.0 35.000000000000014 34.99999999999999 35.0 34.999999999999986 34.999999999999986 35.000000000000014 35.00000000000003 34.99999999999999 34.99999999999998 34.999999999999986 35.0 35.000000000000014 35.00000000000004 35.000000000000036 35.000000000000036 35.0 34.999999999999986 34.999999999999986 34.99999999999997 34.999999999999964 34.999999999999964 34.999999999999964 34.99999999999998 34.99999999999999 34.99999999999997 34.99999999999998 34.99999999999997 34.99999999999998 34.99999999999997 34.99999999999997 34.999999999999986 35.0 35.0 35.00000000000002 35.000000000000036 35.000000000000036 35.000000000000064 35.00000000000006 35.00000000000004 35.00000000000003 35.00000000000003 35.000000000000036 35.00000000000004 35.00000000000002 35.000000000000014 35.00000000000001 34.99999999999998 34.999999999999964 34.999999999999964 34.99999999999998 34.99999999999997 34.99999999999997 34.99999999999998 34.999999999999964 34.99999999999996 34.99999999999996 34.99999999999999 34.999999999999986 35.00000000000001 35.000000000000014 35.000000000000014 35.00000000000001 35.0 35.000000000000014 35.00000000000002 35.000000000000036 35.00000000000002 35.00000000000002 35.00000000000002 35.00000000000002 35.000000000000014 35.000000000000036 35.000000000000036 35.000000000000036 35.00000000000003 35.00000000000001 34.99999999999998 34.99999999999998 34.99999999999998 35.0 34.999999999999986 34.999999999999986 34.99999999999998 34.99999999999995 34.99999999999995 34.999999999999936 34.99999999999994 34.99999999999992 34.99999999999992 34.99999999999992 34.999999999999915 34.999999999999915 34.99999999999988 34.99999999999989 34.99999999999991 34.99999999999992 34.99999999999993 34.99999999999996 34.999999999999964 34.99999999999998 34.99999999999998 34.99999999999998 34.99999999999998 34.99999999999998 34.999999999999986 34.99999999999997 34.99999999999997 34.999999999999986 34.999999999999964 34.99999999999997 34.99999999999993 34.999999999999915 34.99999999999992 34.99999999999993 34.999999999999936 34.999999999999936 34.99999999999996 34.999999999999964 34.99999999999998 35.0 35.00000000000001 35.000000000000014 35.00000000000002 35.00000000000002 35.00000000000002 35.00000000000003 35.00000000000003 35.00000000000002 35.000000000000014 35.0 34.99999999999998 34.99999999999997 34.99999999999996 34.99999999999994 34.99999999999995 34.99999999999995 34.99999999999994 34.99999999999996 34.999999999999964 34.99999999999998 35.00000000000001 35.00000000000002 35.00000000000003 35.00000000000003 35.000000000000036 35.00000000000003 35.00000000000002 35.00000000000002 35.00000000000002 35.00000000000002 35.00000000000002 35.000000000000014 35.0 35.0 35.00000000000001 35.0 35.00000000000001 35.0 34.99999999999998 34.999999999999964 34.99999999999998 35.0 34.99999999999999 34.99999999999999 35.0 35.0 35.00000000000001 35.00000000000004 35.00000000000007 35.00000000000009 35.00000000000009 35.00000000000011 35.00000000000014 35.000000000000156 35.000000000000156 35.00000000000016 35.00000000000021 35.000000000000256 35.00000000000027 
0.0 0.0 0.0 0.0 0.0 0.0 0.0 0.0 0.0 0.0 0.0 0.0 0.0 0.0 0.0 0.0 0.0 0.0 0.0 0.0 0.0 0.0 0.0 0.0 0.0 0.0 0.0 0.0 0.0 0.0 0.0 0.0 0.0 0.0 0.0 0.0 0.0 0.0 0.0 0.0 0.0 0.0 0.0 0.0 0.0 0.0 0.0 0.0 0.0 0.0 0.0 0.0 0.0 0.0 0.0 0.0 0.0 0.0 0.0 0.0 0.0 0.0 0.0 0.0 0.0 0.0 0.0 0.0 0.0 0.0 0.0 0.0 0.0 0.0 0.0 0.0 0.0 0.0 0.0 0.0 0.0 0.0 0.0 0.0 0.0 0.0 0.0 0.0 0.0 0.0 0.0 0.0 0.0 0.0 0.0 0.0 0.0 0.0 0.0 0.0 0.0 0.0 0.0 0.0 0.0 0.0 0.0 0.0 0.0 0.0 0.0 0.0 0.0 0.0 0.0 0.0 0.0 0.0 0.0 0.0 0.0 0.0 0.0 0.0 0.0 0.0 0.0 0.0 0.0 0.0 0.0 0.0 0.0 0.0 0.0 0.0 0.0 0.0 0.0 0.0 0.0 0.0 0.0 0.0 0.0 0.0 0.0 0.0 0.0 0.0 0.0 0.0 0.0 0.0 0.0 0.0 0.0 0.0 0.0 0.0 0.0 0.0 0.0 0.0 0.0 0.0 0.0 0.0 0.0 0.0 0.0 0.0 0.0 0.0 0.0 0.0 0.0 0.0 0.0 0.0 0.0 0.0 0.0 0.0 0.0 0.0 0.0 0.0 0.0 0.0 0.0 0.0 0.0 0.0 0.0 0.0 0.0 0.0 0.0 0.0 
0.0 0.0 0.0 0.0 0.0 0.0 0.0 0.0 0.0 0.0 0.0 0.0 0.0 0.0 0.0 0.0 0.0 0.0 0.0 0.0 0.0 0.0 0.0 0.0 0.0 0.0 0.0 0.0 0.0 0.0 0.0 0.0 0.0 0.0 0.0 0.0 0.0 0.0 0.0 0.0 0.0 0.0 0.0 0.0 0.0 0.0 0.0 0.0 0.0 0.0 0.0 0.0 0.0 0.0 0.0 0.0 0.0 0.0 0.0 0.0 0.0 0.0 0.0 0.0 0.0 0.0 0.0 0.0 0.0 0.0 0.0 0.0 0.0 0.0 0.0 0.0 0.0 0.0 0.0 0.0 0.0 0.0 0.0 0.0 0.0 0.0 0.0 0.0 0.0 0.0 0.0 0.0 0.0 0.0 0.0 0.0 0.0 0.0 0.0 0.0 0.0 0.0 0.0 0.0 0.0 0.0 0.0 0.0 0.0 0.0 0.0 0.0 0.0 0.0 0.0 0.0 0.0 0.0 0.0 0.0 0.0 0.0 0.0 0.0 0.0 0.0 0.0 0.0 0.0 0.0 0.0 0.0 0.0 0.0 0.0 0.0 0.0 0.0 0.0 0.0 0.0 0.0 0.0 0.0 0.0 0.0 0.0 0.0 0.0 0.0 0.0 0.0 0.0 0.0 0.0 0.0 0.0 0.0 0.0 0.0 0.0 0.0 0.0 0.0 0.0 0.0 0.0 0.0 0.0 0.0 0.0 0.0 0.0 0.0 0.0 0.0 0.0 0.0 0.0 0.0 0.0 0.0 0.0 0.0 0.0 0.0 0.0 0.0 0.0 0.0 0.0 0.0 0.0 0.0 0.0 0.0 0.0 0.0 0.0 0.0 
1900 1 9 0 0 0
14.73314727396125 14.735350228423563 14.736214272255529 14.736397736853643 14.736135912125132 14.304794842615978 13.750031728569452 13.249994192995768 12.749995341144322 12.250833666863997 12.001031825049337 12.000015197667024 12.000001181664508 12.000000234428253 12.000000077696056 12.000000034770546 12.000000018689214 12.000000011273091 12.000000007329435 12.000000005011858 12.000000003548232 12.000000002575806 12.000000001903953 12.00000000142609 12.000000001078435 12.000000000821117 12.0000000006279 12.00000000048128 12.0000000003682 12.000000000280503 12.00000000021244 12.000000000159893 12.000000000119535 12.000000000088745 12.000000000065397 12.000000000047821 12.000000000034696 12.000000000024976 12.000000000017828 12.000000000012617 12.000000000008853 12.000000000006166 12.000000000004256 12.00000000000291 12.000000000001965 12.000000000001316 12.000000000000876 12.000000000000576 12.000000000000377 12.000000000000245 12.000000000000158 12.000000000000101 12.00000000000007 12.000000000000044 12.00000000000003 12.000000000000023 12.000000000000016 12.000000000000014 12.00000000000001 12.000000000000004 12.0 12.0 12.0 11.999999999999996 11.999999999999996 11.999999999999995 11.999999999999991 11.999999999999991 11.999999999999993 11.999999999999995 11.999999999999996 11.999999999999996 11.99999999999999 11.999999999999991 11.999999999999995 11.999999999999996 11.999999999999995 11.999999999999998 11.999999999999995 11.999999999999993 11.999999999999988 11.999999999999988 11.999999999999991 12.0 12.000000000000004 12.000000000000004 12.000000000000004 12.000000000000009 12.000000000000005 12.000000000000004 12.000000000000009 12.000000000000007 12.00000000000001 12.00000000000001 12.00000000000001 12.000000000000007 12.000000000000005 12.000000000000002 12.000000000000002 12.000000000000002 12.000000000000004 12.0 12.0 11.999999999999993 11.999999999999991 11.999999999999988 11.999999999999991 11.999999999999995 11.999999999999995 11.999999999999991 11.999999999999988 11.999999999999991 11.999999999999984 11.99999999999998 11.999999999999982 11.99999999999999 11.999999999999991 11.999999999999991 11.999999999999993 11.999999999999995 11.999999999999995 11.999999999999995 11.999999999999996 11.999999999999998 11.999999999999993 11.999999999999998 12.00000000000001 12.000000000000005 12.000000000000005 12.000000000000007 12.000000000000005 11.999999999999998 11.999999999999995 11.999999999999995 11.999999999999991 11.999999999999991 11.999999999999993 11.999999999999991 11.999999999999993 11.999999999999995 12.000000000000002 12.000000000000002 12.000000000000005 12.000000000000004 11.999999999999998 11.999999999999996 12.0 12.000000000000002 12.000000000000004 12.0 12.000000000000004 12.0 12.0 12.000000000000004 12.0 11.999999999999996 11.999999999999998 11.999999999999995 12.0 12.000000000000004 12.000000000000004 12.000000000000002 12.0 12.0 11.999999999999995 11.999999999999993 11.999999999999993 11.999999999999996 11.999999999999996 12.000000000000002 12.0 11.999999999999996 12.000000000000004 12.00000000000001 12.000000000000012 12.000000000000014 12.000000000000014 12.00000000000001 12.00000000000001 12.000000000000009 12.000000000000005 12.0 12.000000000000002 11.999999999999998 11.999999999999995 11.999999999999995 12.000000000000005 12.000000000000005 12.000000000000009 12.00000000000001 12.000000000000014 12.000000000000023 12.000000000000039 12.000000000000052 12.000000000000062 12.000000000000071 12.000000000000078 12.000000000000089 12.000000000000094 12.000000000000096 
34.99999999999982 34.99999999999982 34.99999999999982 34.99999999999982 34.99999999999982 34.9999999999999 35.00000000000003 35.000000000000234 35.0 34.999999999999964 34.999999999999936 35.00000000000014 35.00000000000012 34.999999999999964 35.00000000000005 35.000000000000085 35.000000000000064 35.000000000000036 35.0 35.00000000000002 35.0 34.999999999999986 34.99999999999998 34.99999999999997 34.99999999999998 35.00000000000001 35.00000000000001 35.00000000000001 35.0 34.999999999999986 34.99999999999998 34.99999999999998 34.99999999999997 34.99999999999998 34.999999999999964 34.99999999999997 34.99999999999997 34.999999999999986 34.99999999999997 34.99999999999996 34.99999999999997 34.99999999999997 34.999999999999986 34.999999999999986 34.99999999999997 34.99999999999998 34.999999999999964 34.99999999999996 34.99999999999997 34.99999999999998 34.99999999999998 34.99999999999997 34.99999999999998 34.999999999999986 35.0 35.00000000000002 35.00000000000002 35.00000000000005 35.00000000000005 35.00000000000005 35.000000000000036 35.00000000000004 35.00000000000004 35.00000000000002 34.99999999999999 34.99999999999998 34.99999999999996 34.99999999999995 34.99999999999994 34.99999999999995 34.99999999999996 34.99999999999994 34.99999999999992 34.999999999999936 34.99999999999994 34.99999999999997 34.99999999999997 35.0 34.99999999999999 34.999999999999986 34.99999999999997 34.99999999999994 34.99999999999995 34.99999999999999 35.00000000000001 35.00000000000001 35.0 35.00000000000002 35.00000000000002 35.00000000000002 35.00000000000003 35.000000000000036 35.00000000000005 35.00000000000006 35.00000000000005 35.000000000000014 34.99999999999999 35.000000000000014 35.00000000000002 35.00000000000001 35.00000000000001 35.0 34.99999999999998 34.99999999999996 34.99999999999995 34.99999999999992 34.999999999999915 34.99999999999991 34.99999999999992 34.999999999999915 34.99999999999989 34.999999999999886 34.99999999999988 34.999999999999886 34.99999999999988 34.99999999999991 34.99999999999991 34.9999999999999 34.999999999999915 34.99999999999992 34.999999999999936 34.999999999999936 34.999999999999936 34.999999999999936 34.999999999999936 34.99999999999994 34.999999999999986 34.999999999999986 34.99999999999999 35.00000000000001 34.999999999999986 34.999999999999964 34.99999999999994 34.99999999999994 34.99999999999994 34.99999999999994 34.99999999999994 34.99999999999994 34.99999999999996 34.99999999999997 34.99999999999998 35.0 35.00000000000002 35.00000000000004 35.000000000000036 35.000000000000014 35.00000000000003 35.00000000000002 35.00000000000002 35.000000000000014 35.00000000000003 35.00000000000001 34.999999999999986 34.99999999999998 34.99999999999997 34.999999999999964 34.99999999999997 34.99999999999996 34.999999999999964 34.99999999999997 34.99999999999999 35.0 35.0 35.00000000000001 35.00000000000001 35.0 35.000000000000014 35.00000000000001 35.000000000000014 34.99999999999999 34.99999999999999 34.999999999999986 34.99999999999999 35.0 35.00000000000002 35.00000000000003 35.000000000000036 35.00000000000002 35.000000000000014 35.0 34.99999999999999 34.99999999999999 35.0 34.999999999999986 34.999999999999986 34.99999999999999 35.000000000000014 35.00000000000002 35.00000000000003 35.00000000000004 35.00000000000006 35.00000000000009 35.000000000000135 35.00000000000017 35.000000000000206 35.00000000000024 35.00000000000027 35.00000000000029 35.0000000000003 35.00000000000031 
0.0 0.0 0.0 0.0 0.0 0.0 0.0 0.0 0.0 0.0 0.0 0.0 0.0 0.0 0.0 0.0 0.0 0.0 0.0 0.0 0.0 0.0 0.0 0.0 0.0 0.0 0.0 0.0 0.0 0.0 0.0 0.0 0.0 0.0 0.0 0.0 0.0 0.0 0.0 0.0 0.0 0.0 0.0 0.0 0.0 0.0 0.0 0.0 0.0 0.0 0.0 0.0 0.0 0.0 0.0 0.0 0.0 0.0 0.0 0.0 0.0 0.0 0.0 0.0 0.0 0.0 0.0 0.0 0.0 0.0 0.0 0.0 0.0 0.0 0.0 0.0 0.0 0.0 0.0 0.0 0.0 0.0 0.0 0.0 0.0 0.0 0.0 0.0 0.0 0.0 0.0 0.0 0.0 0.0 0.0 0.0 0.0 0.0 0.0 0.0 0.0 0.0 0.0 0.0 0.0 0.0 0.0 0.0 0.0 0.0 0.0 0.0 0.0 0.0 0.0 0.0 0.0 0.0 0.0 0.0 0.0 0.0 0.0 0.0 0.0 0.0 0.0 0.0 0.0 0.0 0.0 0.0 0.0 0.0 0.0 0.0 0.0 0.0 0.0 0.0 0.0 0.0 0.0 0.0 0.0 0.0 0.0 0.0 0.0 0.0 0.0 0.0 0.0 0.0 0.0 0.0 0.0 0.0 0.0 0.0 0.0 0.0 0.0 0.0 0.0 0.0 0.0 0.0 0.0 0.0 0.0 0.0 0.0 0.0 0.0 0.0 0.0 0.0 0.0 0.0 0.0 0.0 0.0 0.0 0.0 0.0 0.0 0.0 0.0 0.0 0.0 0.0 0.0 0.0 0.0 0.0 0.0 0.0 0.0 0.0 
0.0 0.0 0.0 0.0 0.0 0.0 0.0 0.0 0.0 0.0 0.0 0.0 0.0 0.0 0.0 0.0 0.0 0.0 0.0 0.0 0.0 0.0 0.0 0.0 0.0 0.0 0.0 0.0 0.0 0.0 0.0 0.0 0.0 0.0 0.0 0.0 0.0 0.0 0.0 0.0 0.0 0.0 0.0 0.0 0.0 0.0 0.0 0.0 0.0 0.0 0.0 0.0 0.0 0.0 0.0 0.0 0.0 0.0 0.0 0.0 0.0 0.0 0.0 0.0 0.0 0.0 0.0 0.0 0.0 0.0 0.0 0.0 0.0 0.0 0.0 0.0 0.0 0.0 0.0 0.0 0.0 0.0 0.0 0.0 0.0 0.0 0.0 0.0 0.0 0.0 0.0 0.0 0.0 0.0 0.0 0.0 0.0 0.0 0.0 0.0 0.0 0.0 0.0 0.0 0.0 0.0 0.0 0.0 0.0 0.0 0.0 0.0 0.0 0.0 0.0 0.0 0.0 0.0 0.0 0.0 0.0 0.0 0.0 0.0 0.0 0.0 0.0 0.0 0.0 0.0 0.0 0.0 0.0 0.0 0.0 0.0 0.0 0.0 0.0 0.0 0.0 0.0 0.0 0.0 0.0 0.0 0.0 0.0 0.0 0.0 0.0 0.0 0.0 0.0 0.0 0.0 0.0 0.0 0.0 0.0 0.0 0.0 0.0 0.0 0.0 0.0 0.0 0.0 0.0 0.0 0.0 0.0 0.0 0.0 0.0 0.0 0.0 0.0 0.0 0.0 0.0 0.0 0.0 0.0 0.0 0.0 0.0 0.0 0.0 0.0 0.0 0.0 0.0 0.0 0.0 0.0 0.0 0.0 0.0 0.0 
1900 1 10 0 0 0
14.696546647474412 14.698647928487947 14.699391836936426 14.69946531168969 14.698523695109275 14.362032195435992 13.750223385715186 13.249993506854588 12.749994948553274 12.250937714458638 12.001159501894495 12.000018160528493 12.000001446386019 12.000000289596267 12.000000096153876 12.000000042993102 12.000000023097789 12.00000001394809 12.00000000909598 12.000000006249163 12.00000000445158 12.000000003254977 12.000000002425935 12.000000001833872 12.00000000140066 12.00000000107796 12.000000000834257 12.000000000647981 12.000000000504027 12.000000000391507 12.000000000302915 12.000000000233253 12.000000000178638 12.00000000013603 12.00000000010295 12.000000000077412 12.000000000057808 12.000000000042881 12.000000000031578 12.000000000023082 12.000000000016755 12.000000000012069 12.000000000008628 12.00000000000612 12.000000000004297 12.000000000003002 12.000000000002082 12.000000000001437 12.000000000000979 12.000000000000659 12.000000000000446 12.000000000000291 12.000000000000197 12.000000000000135 12.000000000000094 12.000000000000062 12.000000000000039 12.000000000000028 12.000000000000021 12.000000000000016 12.000000000000009 12.000000000000007 12.0 12.0 12.0 11.999999999999998 12.0 12.0 12.000000000000002 11.999999999999998 11.999999999999993 11.999999999999995 12.0 11.999999999999995 11.999999999999995 12.0 11.999999999999998 12.0 11.999999999999996 11.999999999999991 11.99999999999999 11.99999999999999 11.999999999999988 11.99999999999999 11.999999999999995 11.999999999999995 11.999999999999995 11.999999999999996 12.000000000000002 12.000000000000004 12.000000000000005 12.000000000000005 12.000000000000005 12.000000000000009 12.000000000000002 12.000000000000004 12.000000000000005 12.000000000000002 11.999999999999998 11.999999999999998 11.999999999999995 11.999999999999998 11.999999999999996 11.999999999999995 11.999999999999995 11.999999999999995 11.999999999999996 11.999999999999996 11.999999999999993 11.999999999999996 12.000000000000002 11.999999999999991 11.999999999999991 11.999999999999991 11.999999999999996 11.999999999999995 11.999999999999996 11.999999999999998 11.999999999999998 11.999999999999995 11.999999999999996 12.000000000000004 12.000000000000002 12.0 12.0 12.0 12.000000000000004 12.000000000000005 12.000000000000005 12.000000000000005 12.000000000000004 12.0 11.999999999999995 11.999999999999995 11.999999999999991 11.99999999999999 11.999999999999993 11.999999999999996 12.0 12.0 12.000000000000004 12.000000000000002 11.999999999999995 11.999999999999996 11.999999999999996 11.999999999999995 11.999999999999998 11.999999999999996 12.0 12.0 11.999999999999995 11.999999999999993 11.999999999999995 11.999999999999998 11.999999999999995 11.999999999999995 11.999999999999995 12.000000000000002 12.000000000000004 11.999999999999996 11.999999999999995 11.999999999999995 11.999999999999991 11.999999999999991 11.99999999999999 11.99999999999999 11.999999999999988 11.999999999999993 11.999999999999993 11.99999999999999 11.999999999999996 12.0 11.999999999999996 11.999999999999998 11.999999999999995 12.0 12.0 11.999999999999996 11.999999999999995 12.000000000000005 12.000000000000016 12.00000000000001 12.000000000000016 12.000000000000009 12.00000000000001 12.000000000000005 12.000000000000002 12.000000000000009 12.000000000000012 12.000000000000018 12.000000000000025 12.000000000000028 12.000000000000037 12.000000000000048 12.00000000000006 12.000000000000078 12.000000000000098 12.000000000000117 12.000000000000126 12.000000000000123 
34.99999999999984 34.99999999999984 34.999999999999844 34.999999999999844 34.999999999999844 34.99999999999987 35.000000000000036 35.00000000000021 34.999999999999936 34.999999999999964 34.99999999999996 35.00000000000021 35.00000000000015 35.0 35.00000000000007 35.00000000000004 35.000000000000064 35.000000000000036 35.0 34.99999999999998 34.99999999999998 35.00000000000001 35.00000000000003 35.000000000000014 35.0 35.0 34.99999999999998 34.99999999999998 34.999999999999986 34.99999999999998 34.99999999999997 34.99999999999994 34.999999999999936 34.99999999999995 34.99999999999996 34.99999999999996 34.99999999999996 34.99999999999995 34.99999999999996 34.999999999999964 34.999999999999964 34.99999999999998 34.99999999999998 34.999999999999986 34.999999999999964 34.99999999999997 34.999999999999964 34.99999999999998 35.0 34.999999999999986 34.99999999999999 34.99999999999998 34.99999999999998 35.00000000000002 35.00000000000005 35.000000000000036 35.00000000000002 35.000000000000036 35.000000000000036 35.000000000000036 35.000000000000036 35.00000000000004 35.000000000000036 35.00000000000003 35.00000000000001 34.999999999999986 34.999999999999986 34.99999999999997 34.99999999999997 34.99999999999995 34.99999999999993 34.99999999999993 34.99999999999994 34.999999999999936 34.99999999999993 34.99999999999994 34.99999999999997 34.99999999999999 34.999999999999986 34.99999999999996 34.99999999999996 34.99999999999995 34.99999999999996 34.99999999999997 35.0 34.999999999999986 34.99999999999998 34.999999999999986 35.00000000000001 35.00000000000001 35.00000000000002 35.00000000000003 35.000000000000036 35.00000000000004 35.000000000000036 35.00000000000003 35.000000000000036 35.00000000000002 35.000000000000014 34.99999999999999 34.999999999999964 34.99999999999997 34.999999999999964 34.99999999999995 34.99999999999995 34.999999999999936 34.99999999999994 34.99999999999993 34.9999999999999 34.999999999999915 34.99999999999991 34.999999999999886 34.999999999999886 34.999999999999886 34.9999999999999 34.999999999999915 34.999999999999915 34.99999999999992 34.99999999999993 34.99999999999992 34.99999999999993 34.99999999999993 34.99999999999993 34.99999999999992 34.999999999999936 34.99999999999995 34.99999999999996 34.99999999999996 34.99999999999996 34.99999999999996 34.99999999999996 34.999999999999964 34.999999999999936 34.99999999999994 34.99999999999995 34.999999999999936 34.99999999999995 34.99999999999996 34.99999999999998 34.99999999999998 34.99999999999999 34.99999999999999 35.00000000000001 35.000000000000014 35.00000000000003 35.00000000000002 35.00000000000002 35.000000000000014 35.000000000000014 35.0 34.99999999999999 34.99999999999998 34.99999999999998 34.999999999999964 34.999999999999964 34.99999999999996 34.99999999999996 34.99999999999995 34.99999999999995 34.99999999999995 34.99999999999995 34.999999999999964 34.99999999999995 34.99999999999995 34.99999999999995 34.99999999999995 34.99999999999995 34.999999999999964 34.999999999999964 34.99999999999996 34.99999999999997 34.99999999999999 34.99999999999997 34.99999999999998 34.99999999999998 35.0 35.00000000000001 34.99999999999999 35.0 35.00000000000003 35.00000000000005 35.00000000000004 35.00000000000006 35.00000000000004 35.00000000000003 35.00000000000002 35.00000000000003 35.00000000000004 35.00000000000006 35.00000000000007 35.00000000000011 35.00000000000013 35.00000000000013 35.00000000000016 35.00000000000021 35.00000000000025 35.000000000000284 35.00000000000033 35.00000000000036 35.000000000000355 
0.0 0.0 0.0 0.0 0.0 0.0 0.0 0.0 0.0 0.0 0.0 0.0 0.0 0.0 0.0 0.0 0.0 0.0 0.0 0.0 0.0 0.0 0.0 0.0 0.0 0.0 0.0 0.0 0.0 0.0 0.0 0.0 0.0 0.0 0.0 0.0 0.0 0.0 0.0 0.0 0.0 0.0 0.0 0.0 0.0 0.0 0.0 0.0 0.0 0.0 0.0 0.0 0.0 0.0 0.0 0.0 0.0 0.0 0.0 0.0 0.0 0.0 0.0 0.0 0.0 0.0 0.0 0.0 0.0 0.0 0.0 0.0 0.0 0.0 0.0 0.0 0.0 0.0 0.0 0.0 0.0 0.0 0.0 0.0 0.0 0.0 0.0 0.0 0.0 0.0 0.0 0.0 0.0 0.0 0.0 0.0 0.0 0.0 0.0 0.0 0.0 0.0 0.0 0.0 0.0 0.0 0.0 0.0 0.0 0.0 0.0 0.0 0.0 0.0 0.0 0.0 0.0 0.0 0.0 0.0 0.0 0.0 0.0 0.0 0.0 0.0 0.0 0.0 0.0 0.0 0.0 0.0 0.0 0.0 0.0 0.0 0.0 0.0 0.0 0.0 0.0 0.0 0.0 0.0 0.0 0.0 0.0 0.0 0.0 0.0 0.0 0.0 0.0 0.0 0.0 0.0 0.0 0.0 0.0 0.0 0.0 0.0 0.0 0.0 0.0 0.0 0.0 0.0 0.0 0.0 0.0 0.0 0.0 0.0 0.0 0.0 0.0 0.0 0.0 0.0 0.0 0.0 0.0 0.0 0.0 0.0 0.0 0.0 0.0 0.0 0.0 0.0 0.0 0.0 0.0 0.0 0.0 0.0 0.0 0.0 
0.0 0.0 0.0 0.0 0.0 0.0 0.0 0.0 0.0 0.0 0.0 0.0 0.0 0.0 0.0 0.0 0.0 0.0 0.0 0.0 0.0 0.0 0.0 0.0 0.0 0.0 0.0 0.0 0.0 0.0 0.0 0.0 0.0 0.0 0.0 0.0 0.0 0.0 0.0 0.0 0.0 0.0 0.0 0.0 0.0 0.0 0.0 0.0 0.0 0.0 0.0 0.0 0.0 0.0 0.0 0.0 0.0 0.0 0.0 0.0 0.0 0.0 0.0 0.0 0.0 0.0 0.0 0.0 0.0 0.0 0.0 0.0 0.0 0.0 0.0 0.0 0.0 0.0 0.0 0.0 0.0 0.0 0.0 0.0 0.0 0.0 0.0 0.0 0.0 0.0 0.0 0.0 0.0 0.0 0.0 0.0 0.0 0.0 0.0 0.0 0.0 0.0 0.0 0.0 0.0 0.0 0.0 0.0 0.0 0.0 0.0 0.0 0.0 0.0 0.0 0.0 0.0 0.0 0.0 0.0 0.0 0.0 0.0 0.0 0.0 0.0 0.0 0.0 0.0 0.0 0.0 0.0 0.0 0.0 0.0 0.0 0.0 0.0 0.0 0.0 0.0 0.0 0.0 0.0 0.0 0.0 0.0 0.0 0.0 0.0 0.0 0.0 0.0 0.0 0.0 0.0 0.0 0.0 0.0 0.0 0.0 0.0 0.0 0.0 0.0 0.0 0.0 0.0 0.0 0.0 0.0 0.0 0.0 0.0 0.0 0.0 0.0 0.0 0.0 0.0 0.0 0.0 0.0 0.0 0.0 0.0 0.0 0.0 0.0 0.0 0.0 0.0 0.0 0.0 0.0 0.0 0.0 0.0 0.0 0.0 
1900 1 11 0 0 0
14.66026636836733 14.662507886822805 14.663353802323313 14.663448232701157 14.662683021180273 14.41483373095258 13.750496851908967 13.249992933423737 12.749994598553595 12.251041729717159 12.001286960061151 12.000021300276396 12.000001733334935 12.000000349972291 12.000000116414135 12.000000052009138 12.000000027918919 12.00000001686654 12.000000011020608 12.000000007597395 12.00000000543801 12.00000000399867 12.000000002999924 12.000000002284683 12.000000001759409 12.000000001366228 12.000000001067226 12.00000000083751 12.000000000659211 12.000000000519469 12.000000000408562 12.000000000320226 12.000000000249994 12.000000000194218 12.000000000150118 12.000000000115417 12.000000000088228 12.000000000067038 12.000000000050626 12.000000000037986 12.000000000028312 12.000000000020966 12.000000000015422 12.000000000011267 12.000000000008171 12.000000000005889 12.000000000004214 12.00000000000299 12.000000000002109 12.000000000001478 12.000000000001029 12.000000000000714 12.000000000000487 12.000000000000336 12.00000000000023 12.000000000000151 12.000000000000103 12.000000000000071 12.000000000000048 12.000000000000037 12.000000000000028 12.000000000000023 12.00000000000002 12.00000000000001 12.000000000000009 12.000000000000005 11.999999999999998 11.999999999999998 12.000000000000002 12.0 11.999999999999995 11.999999999999993 11.999999999999993 11.999999999999991 11.999999999999988 11.999999999999991 11.999999999999993 12.000000000000002 11.999999999999998 12.0 11.999999999999996 12.0 11.999999999999995 11.999999999999996 11.999999999999991 11.99999999999999 11.999999999999986 11.999999999999991 11.99999999999999 11.999999999999995 12.000000000000002 12.000000000000005 12.000000000000005 12.000000000000002 12.000000000000005 12.000000000000005 12.000000000000007 12.0 11.999999999999995 11.999999999999993 11.999999999999995 11.999999999999986 11.999999999999986 11.999999999999986 11.999999999999991 11.999999999999996 11.999999999999995 11.999999999999995 11.999999999999991 11.999999999999995 11.999999999999993 11.999999999999993 11.999999999999995 11.999999999999998 11.999999999999996 11.999999999999995 12.0 12.0 12.000000000000002 11.999999999999998 12.0 12.000000000000005 12.000000000000007 12.00000000000001 12.000000000000009 12.000000000000007 12.000000000000002 12.000000000000002 12.000000000000004 12.0 12.000000000000002 12.0 11.999999999999998 11.999999999999996 11.999999999999995 11.999999999999993 11.999999999999991 11.999999999999993 11.999999999999991 11.99999999999999 11.999999999999984 11.99999999999999 11.999999999999996 11.999999999999996 11.999999999999991 11.999999999999995 11.999999999999995 11.999999999999993 11.999999999999993 11.999999999999995 11.999999999999996 11.999999999999995 11.999999999999996 11.999999999999996 11.999999999999993 11.999999999999993 11.999999999999995 11.999999999999993 11.999999999999995 11.999999999999998 12.000000000000004 12.000000000000004 12.0 11.999999999999991 11.999999999999991 11.999999999999995 11.999999999999995 11.999999999999995 11.999999999999996 11.999999999999996 11.999999999999995 11.999999999999993 11.999999999999993 11.999999999999991 11.999999999999995 11.999999999999995 11.999999999999991 11.999999999999988 11.999999999999993 12.0 12.000000000000002 12.000000000000004 12.000000000000007 12.00000000000001 12.000000000000016 12.000000000000018 12.000000000000018 12.00000000000002 12.00000000000002 12.000000000000018 12.000000000000023 12.000000000000036 12.000000000000046 12.000000000000059 12.000000000000071 12.00000000000008 12.00000000000009 12.00000000000011 12.000000000000128 12.000000000000135 
34.99999999999981 34.9999999999998 34.9999999999998 34.9999999999998 34.9999999999998 34.99999999999986 35.00000000000005 35.000000000000185 34.999999999999886 34.99999999999995 34.99999999999997 35.000000000000156 35.00000000000016 35.00000000000002 35.000000000000064 35.00000000000007 35.000000000000036 35.000000000000036 35.000000000000036 35.00000000000002 35.00000000000001 35.0 35.00000000000002 35.000000000000036 35.000000000000036 35.0 34.999999999999986 34.999999999999964 34.99999999999994 34.999999999999936 34.999999999999936 34.999999999999936 34.99999999999995 34.99999999999994 34.99999999999995 34.99999999999995 34.99999999999997 34.999999999999964 34.999999999999964 34.99999999999996 34.99999999999996 34.99999999999995 34.99999999999994 34.99999999999995 34.999999999999964 34.999999999999964 34.99999999999996 34.999999999999964 34.999999999999964 34.999999999999964 34.999999999999964 34.99999999999998 34.999999999999964 34.999999999999986 35.0 35.0 35.00000000000001 35.000000000000014 35.00000000000002 35.00000000000003 35.00000000000004 35.00000000000004 35.00000000000003 35.00000000000002 35.00000000000002 34.99999999999999 34.999999999999986 34.99999999999997 34.99999999999998 34.99999999999996 34.99999999999992 34.99999999999992 34.99999999999992 34.999999999999915 34.999999999999915 34.999999999999936 34.99999999999996 34.99999999999997 34.99999999999997 34.999999999999964 34.999999999999964 34.999999999999964 34.99999999999994 34.99999999999996 34.99999999999996 34.99999999999997 34.99999999999998 34.99999999999999 34.99999999999998 35.0 35.0 35.0 34.999999999999986 35.0 35.00000000000002 35.00000000000002 35.00000000000002 35.000000000000036 35.00000000000001 34.999999999999986 34.99999999999997 34.99999999999996 34.999999999999936 34.99999999999993 34.999999999999936 34.99999999999994 34.99999999999993 34.99999999999991 34.9999999999999 34.999999999999886 34.999999999999865 34.99999999999986 34.99999999999986 34.99999999999987 34.99999999999988 34.99999999999987 34.9999999999999 34.99999999999992 34.99999999999992 34.99999999999991 34.99999999999991 34.99999999999993 34.99999999999994 34.99999999999995 34.999999999999964 34.99999999999997 34.99999999999996 34.99999999999995 34.99999999999996 34.99999999999996 34.999999999999964 34.99999999999998 34.99999999999997 34.99999999999997 34.999999999999964 34.99999999999996 34.999999999999964 34.999999999999964 34.99999999999997 34.99999999999996 34.99999999999995 34.99999999999996 34.999999999999986 34.99999999999999 34.99999999999998 34.99999999999997 34.99999999999997 34.99999999999997 34.99999999999997 34.99999999999997 34.99999999999999 34.99999999999998 34.99999999999997 34.99999999999998 34.99999999999997 34.99999999999997 34.99999999999997 34.99999999999997 34.99999999999998 34.99999999999996 34.99999999999997 34.99999999999998 34.999999999999964 34.99999999999996 34.99999999999997 34.99999999999997 34.99999999999996 34.99999999999996 34.999999999999964 34.99999999999997 34.99999999999996 34.999999999999964 34.999999999999964 34.999999999999964 34.99999999999997 34.99999999999998 34.99999999999998 34.99999999999997 34.999999999999986 34.99999999999999 35.000000000000014 35.000000000000014 35.00000000000003 35.00000000000004 35.00000000000006 35.00000000000007 35.00000000000007 35.000000000000064 35.000000000000064 35.00000000000007 35.00000000000009 35.000000000000135 35.00000000000018 35.000000000000206 35.000000000000234 35.00000000000027 35.00000000000031 35.00000000000035 35.00000000000039 35.00000000000041 
0.0 0.0 0.0 0.0 0.0 0.0 0.0 0.0 0.0 0.0 0.0 0.0 0.0 0.0 0.0 0.0 0.0 0.0 0.0 0.0 0.0 0.0 0.0 0.0 0.0 0.0 0.0 0.0 0.0 0.0 0.0 0.0 0.0 0.0 0.0 0.0 0.0 0.0 0.0 0.0 0.0 0.0 0.0 0.0 0.0 0.0 0.0 0.0 0.0 0.0 0.0 0.0 0.0 0.0 0.0 0.0 0.0 0.0 0.0 0.0 0.0 0.0 0.0 0.0 0.0 0.0 0.0 0.0 0.0 0.0 0.0 0.0 0.0 0.0 0.0 0.0 0.0 0.0 0.0 0.0 0.0 0.0 0.0 0.0 0.0 0.0 0.0 0.0 0.0 0.0 0.0 0.0 0.0 0.0 0.0 0.0 0.0 0.0 0.0 0.0 0.0 0.0 0.0 0.0 0.0 0.0 0.0 0.0 0.0 0.0 0.0 0.0 0.0 0.0 0.0 0.0 0.0 0.0 0.0 0.0 0.0 0.0 0.0 0.0 0.0 0.0 0.0 0.0 0.0 0.0 0.0 0.0 0.0 0.0 0.0 0.0 0.0 0.0 0.0 0.0 0.0 0.0 0.0 0.0 0.0 0.0 0.0 0.0 0.0 0.0 0.0 0.0 0.0 0.0 0.0 0.0 0.0 0.0 0.0 0.0 0.0 0.0 0.0 0.0 0.0 0.0 0.0 0.0 0.0 0.0 0.0 0.0 0.0 0.0 0.0 0.0 0.0 0.0 0.0 0.0 0.0 0.0 0.0 0.0 0.0 0.0 0.0 0.0 0.0 0.0 0.0 0.0 0.0 0.0 0.0 0.0 0.0 0.0 0.0 0.0 
0.0 0.0 0.0 0.0 0.0 0.0 0.0 0.0 0.0 0.0 0.0 0.0 0.0 0.0 0.0 0.0 0.0 0.0 0.0 0.0 0.0 0.0 0.0 0.0 0.0 0.0 0.0 0.0 0.0 0.0 0.0 0.0 0.0 0.0 0.0 0.0 0.0 0.0 0.0 0.0 0.0 0.0 0.0 0.0 0.0 0.0 0.0 0.0 0.0 0.0 0.0 0.0 0.0 0.0 0.0 0.0 0.0 0.0 0.0 0.0 0.0 0.0 0.0 0.0 0.0 0.0 0.0 0.0 0.0 0.0 0.0 0.0 0.0 0.0 0.0 0.0 0.0 0.0 0.0 0.0 0.0 0.0 0.0 0.0 0.0 0.0 0.0 0.0 0.0 0.0 0.0 0.0 0.0 0.0 0.0 0.0 0.0 0.0 0.0 0.0 0.0 0.0 0.0 0.0 0.0 0.0 0.0 0.0 0.0 0.0 0.0 0.0 0.0 0.0 0.0 0.0 0.0 0.0 0.0 0.0 0.0 0.0 0.0 0.0 0.0 0.0 0.0 0.0 0.0 0.0 0.0 0.0 0.0 0.0 0.0 0.0 0.0 0.0 0.0 0.0 0.0 0.0 0.0 0.0 0.0 0.0 0.0 0.0 0.0 0.0 0.0 0.0 0.0 0.0 0.0 0.0 0.0 0.0 0.0 0.0 0.0 0.0 0.0 0.0 0.0 0.0 0.0 0.0 0.0 0.0 0.0 0.0 0.0 0.0 0.0 0.0 0.0 0.0 0.0 0.0 0.0 0.0 0.0 0.0 0.0 0.0 0.0 0.0 0.0 0.0 0.0 0.0 0.0 0.0 0.0 0.0 0.0 0.0 0.0 0.0 
1900 1 12 0 0 0
14.622218795375906 14.62412469563554 14.624746168136943 14.62481382367716 14.623679918937409 14.480167555682124 13.750597739599453 13.249992450523898 12.749994291152804 12.251145712588091 12.001414208592553 12.000024608678624 12.000002041922698 12.000000415474492 12.000000138468234 12.000000061826551 12.000000033164984 12.000000020041268 12.00000001311572 12.000000009067174 12.000000006515434 12.000000004813508 12.000000003630262 12.000000002781052 12.000000002155726 12.000000001685745 12.000000001326915 12.000000001049472 12.000000000832609 12.000000000661933 12.000000000526562 12.00000000041872 12.000000000332436 12.000000000262782 12.000000000206782 12.000000000161904 12.000000000126132 12.000000000097758 12.000000000075355 12.000000000057765 12.000000000044023 12.000000000033364 12.00000000002513 12.000000000018819 12.000000000014008 12.000000000010358 12.000000000007615 12.000000000005558 12.00000000000404 12.000000000002908 12.000000000002077 12.000000000001474 12.00000000000104 12.000000000000727 12.000000000000506 12.000000000000359 12.000000000000254 12.000000000000178 12.000000000000117 12.000000000000082 12.000000000000055 12.000000000000037 12.00000000000003 12.000000000000021 12.00000000000001 12.000000000000009 12.000000000000004 12.000000000000005 12.000000000000005 12.0 11.999999999999995 11.999999999999993 11.99999999999999 11.999999999999988 11.999999999999986 11.999999999999986 11.999999999999991 11.999999999999995 11.999999999999993 11.999999999999995 11.999999999999995 11.999999999999995 11.99999999999999 11.99999999999999 11.999999999999991 11.99999999999999 11.99999999999999 11.99999999999999 11.999999999999998 12.000000000000002 12.00000000000001 12.000000000000002 12.0 12.000000000000002 12.0 11.999999999999995 11.999999999999998 12.000000000000005 12.000000000000009 12.000000000000004 11.999999999999996 11.999999999999996 11.999999999999995 11.999999999999993 11.999999999999996 11.999999999999995 11.999999999999995 11.999999999999995 11.999999999999993 11.999999999999995 12.0 12.000000000000002 12.0 11.999999999999998 12.000000000000004 12.000000000000005 12.000000000000007 12.000000000000005 12.0 11.999999999999995 11.999999999999993 11.999999999999991 11.999999999999996 12.0 12.0 12.0 12.000000000000002 12.000000000000005 12.000000000000002 12.000000000000004 12.000000000000007 12.000000000000007 12.000000000000005 12.000000000000005 12.000000000000002 11.999999999999998 11.999999999999995 12.0 12.000000000000002 12.0 12.000000000000005 12.000000000000004 12.000000000000002 12.000000000000004 12.000000000000005 12.0 11.999999999999996 11.999999999999995 11.999999999999996 11.999999999999996 11.999999999999993 11.999999999999995 11.99999999999999 11.999999999999988 11.999999999999995 11.999999999999996 12.0 11.999999999999995 11.99999999999999 11.999999999999988 11.999999999999986 11.999999999999988 11.999999999999986 11.99999999999999 11.999999999999991 11.999999999999991 11.999999999999995 11.999999999999991 11.999999999999988 11.99999999999999 11.999999999999993 11.999999999999998 11.999999999999995 11.999999999999993 11.999999999999996 11.999999999999998 11.999999999999998 11.999999999999998 11.999999999999995 11.999999999999995 12.000000000000002 12.000000000000005 12.000000000000005 12.0 12.000000000000005 12.00000000000001 12.000000000000009 12.00000000000002 12.000000000000028 12.00000000000003 12.000000000000037 12.000000000000046 12.000000000000053 12.000000000000071 12.000000000000076 12.000000000000083 12.000000000000092 12.000000000000094 12.00000000000011 12.000000000000115 
34.99999999999978 34.99999999999979 34.99999999999979 34.99999999999979 34.9999999999998 34.9999999999999 35.00000000000004 35.00000000000009 34.99999999999986 34.99999999999992 35.0 35.00000000000015 35.000000000000156 34.99999999999994 35.00000000000004 35.00000000000005 35.00000000000006 35.000000000000064 35.00000000000004 35.00000000000004 35.00000000000003 35.000000000000014 34.999999999999986 34.99999999999996 34.99999999999995 34.99999999999994 34.99999999999995 34.999999999999964 34.99999999999998 34.999999999999964 34.99999999999995 34.99999999999996 34.99999999999995 34.99999999999994 34.99999999999993 34.99999999999993 34.99999999999994 34.999999999999936 34.999999999999964 34.99999999999998 34.999999999999964 34.999999999999964 34.99999999999995 34.99999999999996 34.99999999999997 34.99999999999996 34.99999999999997 34.99999999999997 34.99999999999997 34.99999999999998 34.99999999999995 34.99999999999992 34.99999999999992 34.99999999999993 34.99999999999995 34.99999999999998 35.00000000000001 35.00000000000002 35.00000000000001 35.000000000000014 35.00000000000002 35.00000000000002 35.000000000000014 35.0 34.999999999999986 34.99999999999998 34.99999999999997 34.99999999999998 34.99999999999997 34.99999999999995 34.99999999999994 34.99999999999992 34.999999999999915 34.99999999999992 34.99999999999991 34.999999999999915 34.99999999999994 34.999999999999936 34.999999999999936 34.99999999999994 34.99999999999996 34.99999999999996 34.999999999999964 34.999999999999964 34.99999999999997 34.999999999999964 34.99999999999997 34.99999999999998 34.99999999999998 35.0 35.000000000000014 35.0 35.0 35.0 35.0 35.0 34.99999999999999 35.000000000000014 35.0 35.0 34.99999999999998 34.99999999999997 34.99999999999996 34.999999999999936 34.99999999999994 34.99999999999995 34.99999999999993 34.999999999999915 34.999999999999886 34.99999999999987 34.999999999999886 34.9999999999999 34.999999999999886 34.999999999999886 34.99999999999989 34.99999999999991 34.99999999999992 34.99999999999992 34.999999999999915 34.99999999999992 34.99999999999992 34.99999999999993 34.999999999999936 34.99999999999995 34.99999999999996 34.99999999999997 34.999999999999986 35.0 34.99999999999998 34.999999999999964 34.99999999999998 34.999999999999986 34.99999999999997 34.999999999999986 34.99999999999999 34.99999999999999 34.99999999999999 35.00000000000001 34.99999999999999 34.99999999999999 34.999999999999986 34.999999999999964 34.99999999999997 34.99999999999999 35.0 34.99999999999999 34.99999999999998 34.99999999999997 34.999999999999986 34.999999999999986 34.99999999999998 34.99999999999998 34.99999999999997 34.999999999999964 34.99999999999998 34.999999999999986 34.99999999999997 34.99999999999998 34.999999999999964 34.99999999999995 34.999999999999936 34.99999999999994 34.999999999999936 34.99999999999995 34.99999999999996 34.99999999999996 34.99999999999996 34.99999999999995 34.999999999999936 34.99999999999995 34.99999999999995 34.99999999999997 34.99999999999997 34.99999999999997 34.999999999999964 34.99999999999998 34.999999999999964 34.99999999999997 34.999999999999986 34.99999999999999 35.00000000000003 35.00000000000002 35.00000000000004 35.000000000000036 35.00000000000004 35.000000000000064 35.00000000000007 35.000000000000085 35.0000000000001 35.00000000000012 35.000000000000135 35.00000000000017 35.0000000000002 35.00000000000025 35.00000000000027 35.00000000000029 35.0000000000003 35.00000000000033 35.000000000000355 35.00000000000037 
0.0 0.0 0.0 0.0 0.0 0.0 0.0 0.0 0.0 0.0 0.0 0.0 0.0 0.0 0.0 0.0 0.0 0.0 0.0 0.0 0.0 0.0 0.0 0.0 0.0 0.0 0.0 0.0 0.0 0.0 0.0 0.0 0.0 0.0 0.0 0.0 0.0 0.0 0.0 0.0 0.0 0.0 0.0 0.0 0.0 0.0 0.0 0.0 0.0 0.0 0.0 0.0 0.0 0.0 0.0 0.0 0.0 0.0 0.0 0.0 0.0 0.0 0.0 0.0 0.0 0.0 0.0 0.0 0.0 0.0 0.0 0.0 0.0 0.0 0.0 0.0 0.0 0.0 0.0 0.0 0.0 0.0 0.0 0.0 0.0 0.0 0.0 0.0 0.0 0.0 0.0 0.0 0.0 0.0 0.0 0.0 0.0 0.0 0.0 0.0 0.0 0.0 0.0 0.0 0.0 0.0 0.0 0.0 0.0 0.0 0.0 0.0 0.0 0.0 0.0 0.0 0.0 0.0 0.0 0.0 0.0 0.0 0.0 0.0 0.0 0.0 0.0 0.0 0.0 0.0 0.0 0.0 0.0 0.0 0.0 0.0 0.0 0.0 0.0 0.0 0.0 0.0 0.0 0.0 0.0 0.0 0.0 0.0 0.0 0.0 0.0 0.0 0.0 0.0 0.0 0.0 0.0 0.0 0.0 0.0 0.0 0.0 0.0 0.0 0.0 0.0 0.0 0.0 0.0 0.0 0.0 0.0 0.0 0.0 0.0 0.0 0.0 0.0 0.0 0.0 0.0 0.0 0.0 0.0 0.0 0.0 0.0 0.0 0.0 0.0 0.0 0.0 0.0 0.0 0.0 0.0 0.0 0.0 0.0 0.0 
0.0 0.0 0.0 0.0 0.0 0.0 0.0 0.0 0.0 0.0 0.0 0.0 0.0 0.0 0.0 0.0 0.0 0.0 0.0 0.0 0.0 0.0 0.0 0.0 0.0 0.0 0.0 0.0 0.0 0.0 0.0 0.0 0.0 0.0 0.0 0.0 0.0 0.0 0.0 0.0 0.0 0.0 0.0 0.0 0.0 0.0 0.0 0.0 0.0 0.0 0.0 0.0 0.0 0.0 0.0 0.0 0.0 0.0 0.0 0.0 0.0 0.0 0.0 0.0 0.0 0.0 0.0 0.0 0.0 0.0 0.0 0.0 0.0 0.0 0.0 0.0 0.0 0.0 0.0 0.0 0.0 0.0 0.0 0.0 0.0 0.0 0.0 0.0 0.0 0.0 0.0 0.0 0.0 0.0 0.0 0.0 0.0 0.0 0.0 0.0 0.0 0.0 0.0 0.0 0.0 0.0 0.0 0.0 0.0 0.0 0.0 0.0 0.0 0.0 0.0 0.0 0.0 0.0 0.0 0.0 0.0 0.0 0.0 0.0 0.0 0.0 0.0 0.0 0.0 0.0 0.0 0.0 0.0 0.0 0.0 0.0 0.0 0.0 0.0 0.0 0.0 0.0 0.0 0.0 0.0 0.0 0.0 0.0 0.0 0.0 0.0 0.0 0.0 0.0 0.0 0.0 0.0 0.0 0.0 0.0 0.0 0.0 0.0 0.0 0.0 0.0 0.0 0.0 0.0 0.0 0.0 0.0 0.0 0.0 0.0 0.0 0.0 0.0 0.0 0.0 0.0 0.0 0.0 0.0 0.0 0.0 0.0 0.0 0.0 0.0 0.0 0.0 0.0 0.0 0.0 0.0 0.0 0.0 0.0 0.0 
1900 1 13 0 0 0
14.585391042886902 14.587441541570806 14.588240063709595 14.588456352160312 14.588203039541613 14.534459320734571 13.750916075894535 13.249992030953889 12.749994026331942 12.251249663027778 12.001541255289863 12.00002807864851 12.000002371627604 12.000000486016644 12.000000162288675 12.000000072428614 12.000000038820435 12.000000023457087 12.000000015366457 12.000000010645337 12.000000007672979 12.00000000569117 12.000000004311184 12.000000003319013 12.000000002586596 12.000000002034827 12.000000001611921 12.00000000128358 12.000000001025874 12.000000000821977 12.000000000659696 12.000000000529996 12.00000000042563 12.000000000340892 12.0000000002721 12.000000000216344 12.000000000171278 12.000000000134984 12.000000000105896 12.000000000082649 12.000000000064182 12.000000000049578 12.000000000038092 12.000000000029116 12.000000000022126 12.000000000016719 12.00000000001256 12.00000000000939 12.000000000006981 12.000000000005157 12.000000000003782 12.000000000002757 12.000000000001998 12.00000000000144 12.000000000001029 12.000000000000734 12.000000000000524 12.000000000000368 12.000000000000258 12.000000000000178 12.000000000000119 12.000000000000082 12.000000000000055 12.000000000000036 12.000000000000023 12.00000000000001 12.00000000000001 12.000000000000005 12.000000000000005 12.000000000000005 12.000000000000005 12.0 12.0 11.999999999999995 11.999999999999995 11.999999999999996 11.999999999999998 11.999999999999998 11.999999999999998 12.0 11.999999999999996 11.999999999999991 11.99999999999999 11.99999999999999 11.999999999999988 11.99999999999999 11.999999999999995 12.0 12.000000000000002 11.999999999999998 12.000000000000004 12.000000000000004 12.0 12.000000000000002 12.000000000000002 11.999999999999998 11.999999999999998 11.999999999999996 11.999999999999995 11.99999999999999 11.999999999999991 11.99999999999999 11.99999999999999 11.999999999999991 11.999999999999993 11.99999999999999 11.999999999999993 11.999999999999991 11.999999999999995 11.999999999999996 11.999999999999995 11.999999999999996 11.999999999999996 11.999999999999998 11.999999999999998 12.000000000000002 12.0 11.999999999999998 12.0 11.999999999999998 12.000000000000004 12.000000000000002 12.0 12.0 11.999999999999998 12.000000000000002 12.000000000000005 12.000000000000007 12.000000000000004 12.0 11.999999999999995 11.999999999999996 11.999999999999995 11.999999999999993 11.999999999999995 11.999999999999998 11.999999999999993 11.999999999999991 11.999999999999993 11.999999999999995 12.0 12.0 12.000000000000004 12.0 12.0 12.0 12.000000000000005 12.0 11.999999999999996 11.999999999999996 11.999999999999993 11.999999999999991 11.999999999999986 11.999999999999984 11.999999999999988 11.999999999999988 11.999999999999988 11.99999999999999 11.999999999999996 12.0 12.000000000000002 12.000000000000004 12.000000000000004 12.000000000000002 11.999999999999998 11.999999999999995 11.999999999999996 12.000000000000004 11.999999999999998 11.999999999999995 11.999999999999991 11.999999999999996 12.000000000000002 12.0 12.000000000000002 11.999999999999996 11.999999999999995 11.999999999999995 12.0 11.999999999999993 11.999999999999996 11.999999999999998 12.0 12.000000000000005 12.000000000000007 12.000000000000007 12.000000000000009 12.000000000000009 12.000000000000016 12.000000000000028 12.00000000000004 12.000000000000048 12.000000000000052 12.00000000000006 12.00000000000007 12.00000000000008 12.000000000000085 12.00000000000009 12.000000000000105 12.000000000000117 
34.999999999999744 34.99999999999975 34.99999999999975 34.99999999999975 34.999999999999744 34.99999999999984 35.00000000000003 35.00000000000008 35.000000000000014 34.999999999999886 34.99999999999996 35.000000000000135 35.00000000000013 35.0 35.000000000000085 35.0000000000001 35.000000000000114 35.000000000000085 35.000000000000036 35.00000000000003 35.00000000000001 35.0 35.000000000000014 35.00000000000001 34.99999999999998 34.99999999999996 34.99999999999994 34.99999999999993 34.99999999999994 34.99999999999993 34.999999999999936 34.99999999999995 34.999999999999964 34.99999999999997 34.99999999999997 34.99999999999996 34.999999999999936 34.999999999999936 34.99999999999996 34.99999999999995 34.99999999999996 34.99999999999995 34.99999999999996 34.99999999999997 34.999999999999964 34.99999999999994 34.999999999999936 34.99999999999994 34.999999999999964 34.99999999999997 34.999999999999964 34.99999999999996 34.99999999999995 34.999999999999936 34.999999999999936 34.99999999999994 34.99999999999998 34.999999999999986 35.0 34.99999999999999 35.0 35.0 35.00000000000001 35.000000000000014 35.000000000000014 35.0 34.999999999999986 34.99999999999996 34.99999999999995 34.99999999999995 34.99999999999995 34.99999999999994 34.99999999999993 34.99999999999991 34.9999999999999 34.99999999999989 34.999999999999915 34.99999999999992 34.99999999999992 34.99999999999994 34.99999999999995 34.99999999999995 34.999999999999964 34.99999999999996 34.999999999999964 34.99999999999998 34.99999999999999 35.0 35.00000000000001 35.0 35.0 35.0 35.0 35.0 35.000000000000014 35.00000000000001 35.00000000000002 35.00000000000001 34.999999999999986 34.999999999999964 34.99999999999997 34.99999999999996 34.99999999999995 34.999999999999936 34.999999999999915 34.99999999999991 34.999999999999915 34.99999999999991 34.999999999999915 34.99999999999991 34.999999999999915 34.9999999999999 34.99999999999989 34.99999999999989 34.99999999999991 34.999999999999915 34.9999999999999 34.999999999999915 34.999999999999936 34.999999999999936 34.99999999999994 34.99999999999994 34.99999999999993 34.999999999999936 34.99999999999992 34.99999999999993 34.99999999999996 34.999999999999964 34.999999999999986 34.99999999999998 34.999999999999986 34.999999999999986 34.99999999999999 34.99999999999998 35.00000000000001 35.00000000000001 34.99999999999999 34.999999999999986 34.99999999999998 34.99999999999998 34.99999999999997 34.99999999999998 34.999999999999986 35.00000000000001 35.0 35.0 34.99999999999999 34.999999999999986 34.999999999999986 34.999999999999986 34.99999999999997 34.999999999999964 34.99999999999994 34.999999999999936 34.99999999999994 34.99999999999996 34.99999999999995 34.999999999999964 34.99999999999997 34.99999999999998 34.99999999999997 34.99999999999998 35.0 34.99999999999999 34.999999999999986 34.999999999999964 34.99999999999998 34.99999999999999 34.99999999999996 34.99999999999994 34.99999999999996 34.999999999999986 34.999999999999986 34.99999999999999 34.999999999999986 34.99999999999998 34.99999999999997 34.99999999999998 34.99999999999998 34.99999999999997 34.999999999999986 35.0 35.000000000000014 35.00000000000003 35.00000000000005 35.00000000000007 35.000000000000085 35.00000000000009 35.00000000000011 35.00000000000013 35.00000000000018 35.000000000000185 35.0000000000002 35.00000000000023 35.000000000000234 35.000000000000256 35.000000000000284 35.00000000000032 35.00000000000035 35.000000000000384 
0.0 0.0 0.0 0.0 0.0 0.0 0.0 0.0 0.0 0.0 0.0 0.0 0.0 0.0 0.0 0.0 0.0 0.0 0.0 0.0 0.0 0.0 0.0 0.0 0.0 0.0 0.0 0.0 0.0 0.0 0.0 0.0 0.0 0.0 0.0 0.0 0.0 0.0 0.0 0.0 0.0 0.0 0.0 0.0 0.0 0.0 0.0 0.0 0.0 0.0 0.0 0.0 0.0 0.0 0.0 0.0 0.0 0.0 0.0 0.0 0.0 0.0 0.0 0.0 0.0 0.0 0.0 0.0 0.0 0.0 0.0 0.0 0.0 0.0 0.0 0.0 0.0 0.0 0.0 0.0 0.0 0.0 0.0 0.0 0.0 0.0 0.0 0.0 0.0 0.0 0.0 0.0 0.0 0.0 0.0 0.0 0.0 0.0 0.0 0.0 0.0 0.0 0.0 0.0 0.0 0.0 0.0 0.0 0.0 0.0 0.0 0.0 0.0 0.0 0.0 0.0 0.0 0.0 0.0 0.0 0.0 0.0 0.0 0.0 0.0 0.0 0.0 0.0 0.0 0.0 0.0 0.0 0.0 0.0 0.0 0.0 0.0 0.0 0.0 0.0 0.0 0.0 0.0 0.0 0.0 0.0 0.0 0.0 0.0 0.0 0.0 0.0 0.0 0.0 0.0 0.0 0.0 0.0 0.0 0.0 0.0 0.0 0.0 0.0 0.0 0.0 0.0 0.0 0.0 0.0 0.0 0.0 0.0 0.0 0.0 0.0 0.0 0.0 0.0 0.0 0.0 0.0 0.0 0.0 0.0 0.0 0.0 0.0 0.0 0.0 0.0 0.0 0.0 0.0 0.0 0.0 0.0 0.0 0.0 0.0 
0.0 0.0 0.0 0.0 0.0 0.0 0.0 0.0 0.0 0.0 0.0 0.0 0.0 0.0 0.0 0.0 0.0 0.0 0.0 0.0 0.0 0.0 0.0 0.0 0.0 0.0 0.0 0.0 0.0 0.0 0.0 0.0 0.0 0.0 0.0 0.0 0.0 0.0 0.0 0.0 0.0 0.0 0.0 0.0 0.0 0.0 0.0 0.0 0.0 0.0 0.0 0.0 0.0 0.0 0.0 0.0 0.0 0.0 0.0 0.0 0.0 0.0 0.0 0.0 0.0 0.0 0.0 0.0 0.0 0.0 0.0 0.0 0.0 0.0 0.0 0.0 0.0 0.0 0.0 0.0 0.0 0.0 0.0 0.0 0.0 0.0 0.0 0.0 0.0 0.0 0.0 0.0 0.0 0.0 0.0 0.0 0.0 0.0 0.0 0.0 0.0 0.0 0.0 0.0 0.0 0.0 0.0 0.0 0.0 0.0 0.0 0.0 0.0 0.0 0.0 0.0 0.0 0.0 0.0 0.0 0.0 0.0 0.0 0.0 0.0 0.0 0.0 0.0 0.0 0.0 0.0 0.0 0.0 0.0 0.0 0.0 0.0 0.0 0.0 0.0 0.0 0.0 0.0 0.0 0.0 0.0 0.0 0.0 0.0 0.0 0.0 0.0 0.0 0.0 0.0 0.0 0.0 0.0 0.0 0.0 0.0 0.0 0.0 0.0 0.0 0.0 0.0 0.0 0.0 0.0 0.0 0.0 0.0 0.0 0.0 0.0 0.0 0.0 0.0 0.0 0.0 0.0 0.0 0.0 0.0 0.0 0.0 0.0 0.0 0.0 0.0 0.0 0.0 0.0 0.0 0.0 0.0 0.0 0.0 0.0 
1900 1 14 0 0 0
14.555899819166303 14.558088000220506 14.559025576621456 14.559389810910279 14.559392656084144 14.550554261159808 13.753515649240862 13.249992014106608 12.74999380413583 12.251353580998746 12.001668106976963 12.000031703999452 12.000002721982526 12.000000561511232 12.000000187836697 12.000000083784174 12.000000044855263 12.000000027084564 12.000000017745148 12.000000012306796 12.00000000888849 12.000000006612165 12.000000005026969 12.000000003885713 12.000000003042675 12.000000002406196 12.000000001917373 12.000000001536751 12.000000001236968 12.000000000998872 12.000000000808395 12.000000000655245 12.000000000531433 12.000000000430202 12.000000000347267 12.00000000027939 12.000000000224015 12.00000000017893 12.000000000142347 12.000000000112776 12.000000000088946 12.000000000069836 12.000000000054573 12.000000000042439 12.000000000032843 12.000000000025283 12.000000000019366 12.000000000014754 12.000000000011184 12.00000000000843 12.000000000006317 12.000000000004711 12.00000000000349 12.000000000002576 12.000000000001888 12.000000000001371 12.000000000000988 12.000000000000707 12.000000000000508 12.00000000000037 12.000000000000261 12.000000000000183 12.000000000000128 12.00000000000009 12.00000000000006 12.000000000000039 12.000000000000023 12.000000000000014 12.000000000000004 12.000000000000005 12.000000000000005 12.000000000000005 12.0 11.999999999999996 11.999999999999991 11.999999999999995 11.999999999999991 11.999999999999991 11.999999999999995 11.999999999999991 11.999999999999996 11.999999999999995 11.999999999999995 11.999999999999996 12.000000000000002 12.000000000000005 12.000000000000005 12.0 12.0 12.0 12.000000000000004 12.000000000000005 12.000000000000004 12.000000000000002 12.000000000000007 12.000000000000005 12.0 11.999999999999995 11.999999999999995 11.999999999999993 11.99999999999999 11.999999999999988 11.999999999999988 11.99999999999999 11.999999999999988 11.99999999999998 11.99999999999998 11.999999999999986 11.99999999999999 11.999999999999993 11.999999999999998 12.0 12.000000000000007 12.000000000000005 12.000000000000002 12.0 12.0 11.999999999999998 11.999999999999996 12.000000000000004 12.0 12.000000000000004 12.0 11.999999999999998 11.999999999999998 11.999999999999995 11.999999999999991 11.99999999999999 11.99999999999999 11.999999999999995 11.999999999999993 11.999999999999991 11.99999999999999 11.999999999999988 11.999999999999993 11.999999999999995 11.999999999999995 11.999999999999995 11.999999999999995 11.999999999999995 11.999999999999996 12.0 12.000000000000004 12.0 12.0 11.999999999999998 11.999999999999995 11.999999999999996 11.999999999999998 12.0 12.0 11.999999999999995 11.999999999999991 11.999999999999991 11.99999999999999 11.99999999999999 11.999999999999993 11.999999999999995 11.999999999999996 11.999999999999998 12.0 12.000000000000002 12.0 12.000000000000002 12.000000000000005 12.000000000000007 12.000000000000004 12.000000000000005 11.999999999999998 11.999999999999996 11.999999999999996 11.999999999999996 11.999999999999998 11.999999999999995 11.999999999999991 11.999999999999991 12.0 11.999999999999995 11.999999999999995 11.999999999999998 12.0 12.000000000000004 12.00000000000001 12.000000000000014 12.00000000000001 12.000000000000005 12.000000000000004 12.000000000000007 12.000000000000014 12.000000000000027 12.00000000000003 12.000000000000037 12.000000000000046 12.00000000000005 12.000000000000064 12.000000000000076 12.000000000000094 12.000000000000105 12.000000000000107 12.000000000000101 
34.99999999999979 34.999999999999794 34.9999999999998 34.99999999999981 34.99999999999981 34.99999999999979 35.00000000000008 35.000000000000085 34.99999999999976 34.99999999999981 34.99999999999993 35.00000000000009 35.00000000000016 35.00000000000004 35.00000000000008 35.000000000000135 35.0000000000001 35.00000000000007 35.00000000000011 35.00000000000007 35.000000000000014 35.0 34.99999999999999 34.99999999999998 34.99999999999994 34.99999999999991 34.9999999999999 34.999999999999936 34.99999999999996 34.999999999999936 34.99999999999994 34.99999999999995 34.999999999999964 34.99999999999996 34.99999999999995 34.999999999999936 34.99999999999993 34.99999999999994 34.99999999999993 34.99999999999992 34.99999999999993 34.999999999999936 34.99999999999994 34.99999999999995 34.99999999999996 34.99999999999996 34.99999999999995 34.999999999999964 34.99999999999996 34.99999999999994 34.999999999999936 34.99999999999992 34.99999999999992 34.99999999999993 34.99999999999994 34.99999999999992 34.99999999999993 34.999999999999936 34.99999999999995 34.999999999999986 34.99999999999999 34.99999999999998 34.999999999999986 34.999999999999986 34.99999999999997 34.99999999999996 34.99999999999996 34.999999999999964 34.99999999999995 34.99999999999994 34.99999999999994 34.99999999999994 34.99999999999993 34.99999999999992 34.99999999999992 34.999999999999936 34.99999999999994 34.99999999999996 34.999999999999964 34.99999999999995 34.999999999999964 34.999999999999964 34.99999999999998 34.999999999999986 34.999999999999986 35.0 35.00000000000001 34.99999999999999 34.99999999999999 34.99999999999999 35.000000000000014 35.000000000000014 35.000000000000014 35.0 35.000000000000014 35.00000000000001 35.00000000000001 34.999999999999986 34.999999999999986 35.0 34.99999999999998 34.999999999999964 34.99999999999995 34.99999999999995 34.99999999999993 34.9999999999999 34.99999999999989 34.99999999999991 34.999999999999915 34.99999999999992 34.999999999999936 34.99999999999995 34.99999999999996 34.99999999999994 34.99999999999993 34.99999999999991 34.999999999999915 34.999999999999915 34.9999999999999 34.999999999999915 34.9999999999999 34.99999999999991 34.9999999999999 34.99999999999991 34.99999999999993 34.999999999999915 34.99999999999992 34.99999999999993 34.999999999999915 34.99999999999993 34.99999999999994 34.99999999999994 34.99999999999995 34.99999999999996 34.99999999999998 34.99999999999999 34.99999999999999 35.0 34.99999999999998 34.99999999999997 34.99999999999997 34.999999999999986 34.99999999999998 34.99999999999998 34.99999999999998 34.999999999999986 34.999999999999986 34.99999999999999 35.0 35.00000000000001 35.00000000000001 34.99999999999999 34.999999999999964 34.99999999999996 34.99999999999996 34.99999999999994 34.99999999999994 34.99999999999994 34.99999999999995 34.999999999999964 34.99999999999997 34.999999999999986 34.999999999999986 34.999999999999986 35.0 35.00000000000001 34.999999999999986 34.99999999999999 34.99999999999998 34.999999999999964 34.99999999999998 34.99999999999998 34.999999999999986 34.999999999999986 34.99999999999998 34.99999999999998 34.999999999999986 34.999999999999986 34.99999999999998 34.99999999999999 35.000000000000014 35.000000000000036 35.00000000000006 35.000000000000085 35.00000000000007 35.00000000000007 35.00000000000006 35.00000000000007 35.00000000000011 35.00000000000015 35.00000000000015 35.00000000000016 35.000000000000185 35.000000000000185 35.0000000000002 35.00000000000025 35.00000000000028 35.0000000000003 35.00000000000031 35.00000000000033 
0.0 0.0 0.0 0.0 0.0 0.0 0.0 0.0 0.0 0.0 0.0 0.0 0.0 0.0 0.0 0.0 0.0 0.0 0.0 0.0 0.0 0.0 0.0 0.0 0.0 0.0 0.0 0.0 0.0 0.0 0.0 0.0 0.0 0.0 0.0 0.0 0.0 0.0 0.0 0.0 0.0 0.0 0.0 0.0 0.0 0.0 0.0 0.0 0.0 0.0 0.0 0.0 0.0 0.0 0.0 0.0 0.0 0.0 0.0 0.0 0.0 0.0 0.0 0.0 0.0 0.0 0.0 0.0 0.0 0.0 0.0 0.0 0.0 0.0 0.0 0.0 0.0 0.0 0.0 0.0 0.0 0.0 0.0 0.0 0.0 0.0 0.0 0.0 0.0 0.0 0.0 0.0 0.0 0.0 0.0 0.0 0.0 0.0 0.0 0.0 0.0 0.0 0.0 0.0 0.0 0.0 0.0 0.0 0.0 0.0 0.0 0.0 0.0 0.0 0.0 0.0 0.0 0.0 0.0 0.0 0.0 0.0 0.0 0.0 0.0 0.0 0.0 0.0 0.0 0.0 0.0 0.0 0.0 0.0 0.0 0.0 0.0 0.0 0.0 0.0 0.0 0.0 0.0 0.0 0.0 0.0 0.0 0.0 0.0 0.0 0.0 0.0 0.0 0.0 0.0 0.0 0.0 0.0 0.0 0.0 0.0 0.0 0.0 0.0 0.0 0.0 0.0 0.0 0.0 0.0 0.0 0.0 0.0 0.0 0.0 0.0 0.0 0.0 0.0 0.0 0.0 0.0 0.0 0.0 0.0 0.0 0.0 0.0 0.0 0.0 0.0 0.0 0.0 0.0 0.0 0.0 0.0 0.0 0.0 0.0 
0.0 0.0 0.0 0.0 0.0 0.0 0.0 0.0 0.0 0.0 0.0 0.0 0.0 0.0 0.0 0.0 0.0 0.0 0.0 0.0 0.0 0.0 0.0 0.0 0.0 0.0 0.0 0.0 0.0 0.0 0.0 0.0 0.0 0.0 0.0 0.0 0.0 0.0 0.0 0.0 0.0 0.0 0.0 0.0 0.0 0.0 0.0 0.0 0.0 0.0 0.0 0.0 0.0 0.0 0.0 0.0 0.0 0.0 0.0 0.0 0.0 0.0 0.0 0.0 0.0 0.0 0.0 0.0 0.0 0.0 0.0 0.0 0.0 0.0 0.0 0.0 0.0 0.0 0.0 0.0 0.0 0.0 0.0 0.0 0.0 0.0 0.0 0.0 0.0 0.0 0.0 0.0 0.0 0.0 0.0 0.0 0.0 0.0 0.0 0.0 0.0 0.0 0.0 0.0 0.0 0.0 0.0 0.0 0.0 0.0 0.0 0.0 0.0 0.0 0.0 0.0 0.0 0.0 0.0 0.0 0.0 0.0 0.0 0.0 0.0 0.0 0.0 0.0 0.0 0.0 0.0 0.0 0.0 0.0 0.0 0.0 0.0 0.0 0.0 0.0 0.0 0.0 0.0 0.0 0.0 0.0 0.0 0.0 0.0 0.0 0.0 0.0 0.0 0.0 0.0 0.0 0.0 0.0 0.0 0.0 0.0 0.0 0.0 0.0 0.0 0.0 0.0 0.0 0.0 0.0 0.0 0.0 0.0 0.0 0.0 0.0 0.0 0.0 0.0 0.0 0.0 0.0 0.0 0.0 0.0 0.0 0.0 0.0 0.0 0.0 0.0 0.0 0.0 0.0 0.0 0.0 0.0 0.0 0.0 0.0 
1900 1 15 0 0 0
14.53137164329111 14.533200338280583 14.5339987948153 14.534354885671885 14.534439773488996 14.53699249515508 13.764265090933154 13.249993085659614 12.749993624559284 12.251457466453711 12.001794769687383 12.000035479275692 12.000003092591927 12.00000064191949 12.000000215133207 12.000000095932775 12.00000005131592 12.000000030971671 12.000000020298636 12.000000014093727 12.000000010198333 12.000000007606024 12.000000005801036 12.000000004499524 12.000000003536414 12.000000002808298 12.000000002248017 12.000000001810742 12.000000001465345 12.000000001189997 12.000000000968733 12.000000000789923 12.00000000064462 12.0000000005262 12.000000000429118 12.000000000349198 12.000000000283462 12.000000000229289 12.000000000184743 12.000000000148274 12.00000000011851 12.000000000094335 12.000000000074765 12.000000000059007 12.000000000046361 12.00000000003626 12.000000000028235 12.000000000021874 12.000000000016868 12.000000000012944 12.00000000000988 12.000000000007503 12.000000000005675 12.000000000004267 12.000000000003183 12.000000000002366 12.000000000001753 12.000000000001295 12.000000000000949 12.000000000000686 12.000000000000492 12.000000000000355 12.000000000000254 12.000000000000185 12.000000000000128 12.000000000000087 12.000000000000064 12.00000000000004 12.000000000000027 12.00000000000002 12.000000000000014 12.000000000000002 12.0 12.0 12.000000000000002 11.999999999999996 12.0 11.999999999999998 11.999999999999996 11.99999999999999 11.999999999999995 11.999999999999996 11.999999999999998 11.999999999999998 11.999999999999998 12.0 12.0 11.999999999999998 11.999999999999995 11.999999999999996 12.0 12.000000000000004 12.000000000000007 12.00000000000001 12.00000000000001 12.00000000000001 12.000000000000005 12.0 11.999999999999993 11.99999999999999 11.999999999999995 11.999999999999993 11.99999999999999 11.999999999999993 11.999999999999996 11.999999999999996 11.99999999999999 11.999999999999988 11.999999999999986 11.99999999999999 11.999999999999991 11.999999999999995 12.0 12.000000000000005 12.000000000000009 12.000000000000004 12.000000000000002 12.0 11.999999999999998 12.000000000000002 12.000000000000014 12.00000000000001 12.000000000000005 12.000000000000004 12.000000000000002 12.0 11.999999999999991 11.999999999999991 11.999999999999995 11.999999999999995 11.999999999999993 11.999999999999988 11.99999999999999 11.99999999999999 11.999999999999988 11.999999999999991 11.999999999999995 11.999999999999986 11.999999999999988 11.99999999999999 11.99999999999999 11.999999999999991 11.99999999999999 11.999999999999986 11.99999999999999 11.999999999999993 12.000000000000002 12.000000000000002 12.000000000000005 12.000000000000007 12.000000000000004 12.0 12.0 11.999999999999995 11.999999999999996 11.99999999999999 11.999999999999995 11.99999999999999 11.999999999999988 11.999999999999995 11.999999999999998 11.999999999999996 11.999999999999996 11.999999999999993 11.999999999999996 11.999999999999995 11.999999999999996 12.0 11.999999999999993 11.99999999999999 11.999999999999995 11.999999999999995 11.999999999999991 11.99999999999999 11.999999999999995 11.999999999999995 12.0 12.000000000000004 12.0 11.999999999999996 11.999999999999995 12.0 12.000000000000002 12.000000000000005 12.000000000000005 12.000000000000009 12.000000000000005 12.000000000000014 12.00000000000002 12.000000000000034 12.000000000000039 12.000000000000046 12.000000000000052 12.000000000000062 12.00000000000007 12.000000000000083 12.000000000000096 12.000000000000107 12.000000000000112 12.000000000000115 
34.9999999999998 34.99999999999981 34.99999999999981 34.99999999999982 34.99999999999983 34.99999999999981 35.00000000000006 35.000000000000036 34.99999999999977 34.999999999999794 34.99999999999993 35.00000000000013 35.000000000000206 35.00000000000007 35.000000000000036 35.00000000000009 35.0000000000001 35.00000000000005 35.000000000000036 35.00000000000002 35.00000000000005 35.000000000000036 35.000000000000014 34.999999999999986 34.999999999999964 34.99999999999994 34.99999999999993 34.99999999999996 34.999999999999986 34.999999999999986 34.999999999999964 34.99999999999995 34.99999999999993 34.99999999999992 34.99999999999993 34.99999999999993 34.99999999999994 34.99999999999993 34.99999999999994 34.99999999999995 34.99999999999994 34.999999999999936 34.99999999999993 34.99999999999995 34.99999999999994 34.99999999999994 34.999999999999964 34.99999999999997 34.99999999999997 34.999999999999964 34.99999999999996 34.99999999999996 34.999999999999964 34.999999999999964 34.99999999999993 34.999999999999915 34.99999999999993 34.99999999999995 34.99999999999995 34.99999999999994 34.99999999999994 34.99999999999995 34.99999999999996 34.999999999999964 34.99999999999996 34.99999999999995 34.99999999999997 34.999999999999964 34.99999999999995 34.99999999999994 34.999999999999936 34.99999999999992 34.999999999999936 34.99999999999994 34.99999999999997 34.999999999999964 34.99999999999996 34.99999999999996 34.999999999999964 34.99999999999997 35.00000000000001 35.00000000000001 34.99999999999999 34.99999999999998 34.99999999999996 34.99999999999998 34.999999999999986 34.999999999999986 34.99999999999998 34.99999999999997 34.999999999999986 35.00000000000002 35.00000000000004 35.00000000000005 35.00000000000004 35.00000000000003 35.000000000000014 35.0 34.999999999999964 34.99999999999996 34.99999999999995 34.99999999999996 34.99999999999995 34.99999999999994 34.999999999999936 34.99999999999993 34.99999999999992 34.99999999999992 34.999999999999936 34.99999999999993 34.99999999999993 34.99999999999993 34.999999999999936 34.999999999999936 34.999999999999936 34.99999999999992 34.9999999999999 34.99999999999989 34.999999999999886 34.99999999999989 34.99999999999993 34.999999999999915 34.999999999999915 34.9999999999999 34.999999999999915 34.99999999999992 34.9999999999999 34.9999999999999 34.99999999999991 34.99999999999992 34.99999999999996 34.999999999999936 34.999999999999936 34.99999999999995 34.999999999999936 34.99999999999996 34.99999999999996 34.99999999999995 34.99999999999996 34.99999999999996 34.99999999999996 34.99999999999998 34.99999999999997 34.99999999999998 34.999999999999964 34.99999999999997 34.99999999999998 34.99999999999997 34.999999999999986 35.000000000000014 34.99999999999999 34.99999999999998 34.999999999999964 34.99999999999994 34.99999999999993 34.99999999999992 34.99999999999993 34.999999999999915 34.99999999999992 34.99999999999996 34.99999999999997 34.99999999999995 34.99999999999995 34.99999999999995 34.99999999999995 34.999999999999964 34.999999999999986 35.0 34.99999999999998 34.99999999999997 34.999999999999986 34.99999999999998 34.99999999999997 34.99999999999998 34.99999999999997 34.99999999999999 35.00000000000001 35.00000000000002 35.000000000000014 35.00000000000001 34.99999999999999 35.000000000000014 35.00000000000002 35.000000000000036 35.00000000000003 35.000000000000036 35.00000000000004 35.000000000000064 35.000000000000085 35.00000000000012 35.000000000000135 35.00000000000014 35.00000000000016 35.00000000000018 35.0000000000002 35.00000000000024 35.00000000000026 35.00000000000033 35.00000000000037 35.00000000000037 
0.0 0.0 0.0 0.0 0.0 0.0 0.0 0.0 0.0 0.0 0.0 0.0 0.0 0.0 0.0 0.0 0.0 0.0 0.0 0.0 0.0 0.0 0.0 0.0 0.0 0.0 0.0 0.0 0.0 0.0 0.0 0.0 0.0 0.0 0.0 0.0 0.0 0.0 0.0 0.0 0.0 0.0 0.0 0.0 0.0 0.0 0.0 0.0 0.0 0.0 0.0 0.0 0.0 0.0 0.0 0.0 0.0 0.0 0.0 0.0 0.0 0.0 0.0 0.0 0.0 0.0 0.0 0.0 0.0 0.0 0.0 0.0 0.0 0.0 0.0 0.0 0.0 0.0 0.0 0.0 0.0 0.0 0.0 0.0 0.0 0.0 0.0 0.0 0.0 0.0 0.0 0.0 0.0 0.0 0.0 0.0 0.0 0.0 0.0 0.0 0.0 0.0 0.0 0.0 0.0 0.0 0.0 0.0 0.0 0.0 0.0 0.0 0.0 0.0 0.0 0.0 0.0 0.0 0.0 0.0 0.0 0.0 0.0 0.0 0.0 0.0 0.0 0.0 0.0 0.0 0.0 0.0 0.0 0.0 0.0 0.0 0.0 0.0 0.0 0.0 0.0 0.0 0.0 0.0 0.0 0.0 0.0 0.0 0.0 0.0 0.0 0.0 0.0 0.0 0.0 0.0 0.0 0.0 0.0 0.0 0.0 0.0 0.0 0.0 0.0 0.0 0.0 0.0 0.0 0.0 0.0 0.0 0.0 0.0 0.0 0.0 0.0 0.0 0.0 0.0 0.0 0.0 0.0 0.0 0.0 0.0 0.0 0.0 0.0 0.0 0.0 0.0 0.0 0.0 0.0 0.0 0.0 0.0 0.0 0.0 
0.0 0.0 0.0 0.0 0.0 0.0 0.0 0.0 0.0 0.0 0.0 0.0 0.0 0.0 0.0 0.0 0.0 0.0 0.0 0.0 0.0 0.0 0.0 0.0 0.0 0.0 0.0 0.0 0.0 0.0 0.0 0.0 0.0 0.0 0.0 0.0 0.0 0.0 0.0 0.0 0.0 0.0 0.0 0.0 0.0 0.0 0.0 0.0 0.0 0.0 0.0 0.0 0.0 0.0 0.0 0.0 0.0 0.0 0.0 0.0 0.0 0.0 0.0 0.0 0.0 0.0 0.0 0.0 0.0 0.0 0.0 0.0 0.0 0.0 0.0 0.0 0.0 0.0 0.0 0.0 0.0 0.0 0.0 0.0 0.0 0.0 0.0 0.0 0.0 0.0 0.0 0.0 0.0 0.0 0.0 0.0 0.0 0.0 0.0 0.0 0.0 0.0 0.0 0.0 0.0 0.0 0.0 0.0 0.0 0.0 0.0 0.0 0.0 0.0 0.0 0.0 0.0 0.0 0.0 0.0 0.0 0.0 0.0 0.0 0.0 0.0 0.0 0.0 0.0 0.0 0.0 0.0 0.0 0.0 0.0 0.0 0.0 0.0 0.0 0.0 0.0 0.0 0.0 0.0 0.0 0.0 0.0 0.0 0.0 0.0 0.0 0.0 0.0 0.0 0.0 0.0 0.0 0.0 0.0 0.0 0.0 0.0 0.0 0.0 0.0 0.0 0.0 0.0 0.0 0.0 0.0 0.0 0.0 0.0 0.0 0.0 0.0 0.0 0.0 0.0 0.0 0.0 0.0 0.0 0.0 0.0 0.0 0.0 0.0 0.0 0.0 0.0 0.0 0.0 0.0 0.0 0.0 0.0 0.0 0.0 
1900 1 16 0 0 0
14.508291063441678 14.51013198282404 14.51094301683493 14.511313091521375 14.511403290593552 14.513749631311295 13.775548271904016 13.249994080958713 12.749993485201081 12.251561319358403 12.00192124881479 12.000039399606004 12.000003483080485 12.000000727170779 12.00000024414691 12.00000010884933 12.000000058177575 12.000000035093318 12.000000023001835 12.000000015983257 12.000000011582737 12.000000008656354 12.000000006619544 12.000000005150397 12.000000004060933 12.000000003236066 12.000000002600501 12.000000002103361 12.000000001710022 12.000000001395456 12.000000001142023 12.000000000936462 12.000000000768864 12.000000000631747 12.00000000051909 12.00000000042612 12.000000000349061 12.00000000028531 12.00000000023244 12.000000000188706 12.000000000152628 12.000000000122999 12.000000000098735 12.000000000078932 12.00000000006284 12.000000000049827 12.000000000039337 12.000000000030917 12.000000000024196 12.000000000018856 12.000000000014623 12.00000000001129 12.000000000008678 12.000000000006638 12.000000000005057 12.000000000003833 12.000000000002895 12.00000000000217 12.00000000000162 12.0000000000012 12.000000000000886 12.000000000000647 12.000000000000476 12.00000000000034 12.000000000000243 12.00000000000017 12.000000000000119 12.00000000000008 12.000000000000055 12.000000000000039 12.000000000000028 12.00000000000002 12.000000000000014 12.000000000000009 12.000000000000005 12.000000000000005 12.000000000000004 12.000000000000005 12.000000000000002 11.999999999999995 11.999999999999995 11.999999999999996 11.999999999999996 12.0 12.000000000000004 12.000000000000009 12.000000000000009 12.000000000000005 12.000000000000005 12.000000000000007 12.000000000000007 12.000000000000005 12.000000000000005 12.0 12.0 12.0 12.000000000000002 12.000000000000005 12.000000000000005 12.0 11.999999999999995 11.999999999999991 11.99999999999999 11.999999999999986 11.999999999999995 12.0 11.999999999999998 12.000000000000002 11.999999999999998 11.999999999999991 11.999999999999991 11.99999999999999 11.999999999999993 11.999999999999996 11.999999999999998 12.000000000000002 12.0 11.999999999999998 12.0 12.000000000000007 12.00000000000001 12.000000000000016 12.000000000000018 12.000000000000016 12.00000000000001 12.000000000000007 12.000000000000002 11.999999999999996 11.999999999999995 11.999999999999995 11.999999999999991 11.999999999999991 11.99999999999999 11.999999999999988 11.99999999999999 11.99999999999999 11.999999999999986 11.999999999999984 11.999999999999982 11.99999999999998 11.999999999999986 11.99999999999999 11.999999999999995 11.999999999999996 11.999999999999998 11.999999999999996 11.999999999999998 12.0 12.000000000000002 12.000000000000002 12.000000000000002 12.0 11.999999999999996 11.999999999999995 11.999999999999991 11.99999999999999 11.99999999999999 11.999999999999993 11.999999999999993 11.99999999999999 11.999999999999988 11.999999999999991 11.999999999999995 11.999999999999998 12.000000000000005 12.000000000000004 11.999999999999998 11.999999999999995 11.999999999999996 11.999999999999998 12.0 12.0 12.000000000000002 12.000000000000004 12.0 11.999999999999995 11.999999999999998 11.999999999999998 11.999999999999991 11.99999999999999 11.999999999999991 11.999999999999993 11.999999999999998 12.0 12.000000000000004 12.000000000000005 12.000000000000018 12.000000000000021 12.000000000000025 12.000000000000027 12.000000000000032 12.00000000000004 12.000000000000053 12.000000000000068 12.000000000000076 12.000000000000094 12.00000000000011 12.000000000000124 12.000000000000135 12.000000000000137 
34.99999999999981 34.99999999999981 34.999999999999815 34.999999999999815 34.999999999999815 34.999999999999794 35.00000000000005 34.99999999999999 34.99999999999976 34.9999999999998 34.99999999999995 35.00000000000007 35.00000000000018 35.00000000000011 35.00000000000003 35.000000000000036 35.000000000000085 35.00000000000006 35.000000000000064 35.00000000000004 35.00000000000005 35.00000000000005 35.00000000000002 34.999999999999986 34.99999999999998 34.999999999999964 34.99999999999994 34.99999999999998 34.99999999999996 34.99999999999996 34.999999999999964 34.99999999999995 34.99999999999996 34.99999999999997 34.999999999999964 34.99999999999997 34.99999999999998 34.999999999999986 34.99999999999998 34.99999999999998 34.99999999999997 34.99999999999997 34.99999999999998 34.999999999999964 34.999999999999986 34.999999999999986 34.99999999999997 34.99999999999995 34.99999999999994 34.99999999999995 34.99999999999997 34.99999999999997 34.99999999999995 34.999999999999936 34.999999999999936 34.99999999999996 34.99999999999998 34.99999999999997 34.99999999999996 34.99999999999995 34.99999999999995 34.99999999999994 34.999999999999964 34.99999999999994 34.99999999999993 34.99999999999993 34.999999999999936 34.999999999999936 34.99999999999995 34.99999999999997 34.999999999999964 34.99999999999997 34.99999999999996 34.99999999999995 34.999999999999936 34.99999999999996 34.99999999999995 34.99999999999997 34.999999999999986 34.999999999999964 34.99999999999996 34.999999999999964 34.999999999999964 34.999999999999986 35.000000000000014 35.00000000000002 35.00000000000002 34.99999999999999 35.0 35.00000000000001 35.0 35.00000000000001 35.00000000000001 35.00000000000001 34.999999999999986 34.99999999999999 34.99999999999998 34.99999999999997 34.99999999999997 34.99999999999997 34.99999999999995 34.99999999999995 34.99999999999994 34.999999999999936 34.99999999999995 34.99999999999997 34.99999999999996 34.99999999999997 34.99999999999997 34.999999999999936 34.99999999999992 34.99999999999992 34.99999999999993 34.99999999999992 34.99999999999991 34.999999999999915 34.99999999999991 34.99999999999989 34.99999999999989 34.9999999999999 34.99999999999991 34.99999999999993 34.99999999999994 34.99999999999996 34.99999999999995 34.99999999999993 34.9999999999999 34.99999999999989 34.999999999999886 34.999999999999886 34.999999999999915 34.99999999999993 34.99999999999993 34.99999999999995 34.99999999999997 34.99999999999997 34.99999999999996 34.99999999999993 34.99999999999994 34.99999999999993 34.99999999999995 34.999999999999964 34.99999999999997 34.99999999999997 34.99999999999997 34.99999999999998 34.99999999999998 34.99999999999998 34.999999999999986 34.99999999999999 34.99999999999999 34.999999999999986 34.999999999999986 34.99999999999997 34.99999999999995 34.99999999999993 34.999999999999936 34.999999999999964 34.999999999999964 34.99999999999995 34.999999999999936 34.999999999999936 34.99999999999995 34.99999999999997 34.99999999999999 34.99999999999998 34.999999999999964 34.99999999999996 34.99999999999998 34.999999999999986 34.99999999999999 34.99999999999999 35.00000000000001 35.00000000000001 35.00000000000001 34.99999999999999 35.000000000000014 35.00000000000001 35.0 35.00000000000001 35.00000000000003 35.00000000000002 35.00000000000005 35.00000000000004 35.000000000000036 35.00000000000005 35.00000000000009 35.0000000000001 35.00000000000011 35.00000000000011 35.000000000000114 35.00000000000014 35.000000000000185 35.000000000000206 35.000000000000234 35.000000000000284 35.00000000000033 35.00000000000038 35.0000000000004 35.00000000000041 
0.0 0.0 0.0 0.0 0.0 0.0 0.0 0.0 0.0 0.0 0.0 0.0 0.0 0.0 0.0 0.0 0.0 0.0 0.0 0.0 0.0 0.0 0.0 0.0 0.0 0.0 0.0 0.0 0.0 0.0 0.0 0.0 0.0 0.0 0.0 0.0 0.0 0.0 0.0 0.0 0.0 0.0 0.0 0.0 0.0 0.0 0.0 0.0 0.0 0.0 0.0 0.0 0.0 0.0 0.0 0.0 0.0 0.0 0.0 0.0 0.0 0.0 0.0 0.0 0.0 0.0 0.0 0.0 0.0 0.0 0.0 0.0 0.0 0.0 0.0 0.0 0.0 0.0 0.0 0.0 0.0 0.0 0.0 0.0 0.0 0.0 0.0 0.0 0.0 0.0 0.0 0.0 0.0 0.0 0.0 0.0 0.0 0.0 0.0 0.0 0.0 0.0 0.0 0.0 0.0 0.0 0.0 0.0 0.0 0.0 0.0 0.0 0.0 0.0 0.0 0.0 0.0 0.0 0.0 0.0 0.0 0.0 0.0 0.0 0.0 0.0 0.0 0.0 0.0 0.0 0.0 0.0 0.0 0.0 0.0 0.0 0.0 0.0 0.0 0.0 0.0 0.0 0.0 0.0 0.0 0.0 0.0 0.0 0.0 0.0 0.0 0.0 0.0 0.0 0.0 0.0 0.0 0.0 0.0 0.0 0.0 0.0 0.0 0.0 0.0 0.0 0.0 0.0 0.0 0.0 0.0 0.0 0.0 0.0 0.0 0.0 0.0 0.0 0.0 0.0 0.0 0.0 0.0 0.0 0.0 0.0 0.0 0.0 0.0 0.0 0.0 0.0 0.0 0.0 0.0 0.0 0.0 0.0 0.0 0.0 
0.0 0.0 0.0 0.0 0.0 0.0 0.0 0.0 0.0 0.0 0.0 0.0 0.0 0.0 0.0 0.0 0.0 0.0 0.0 0.0 0.0 0.0 0.0 0.0 0.0 0.0 0.0 0.0 0.0 0.0 0.0 0.0 0.0 0.0 0.0 0.0 0.0 0.0 0.0 0.0 0.0 0.0 0.0 0.0 0.0 0.0 0.0 0.0 0.0 0.0 0.0 0.0 0.0 0.0 0.0 0.0 0.0 0.0 0.0 0.0 0.0 0.0 0.0 0.0 0.0 0.0 0.0 0.0 0.0 0.0 0.0 0.0 0.0 0.0 0.0 0.0 0.0 0.0 0.0 0.0 0.0 0.0 0.0 0.0 0.0 0.0 0.0 0.0 0.0 0.0 0.0 0.0 0.0 0.0 0.0 0.0 0.0 0.0 0.0 0.0 0.0 0.0 0.0 0.0 0.0 0.0 0.0 0.0 0.0 0.0 0.0 0.0 0.0 0.0 0.0 0.0 0.0 0.0 0.0 0.0 0.0 0.0 0.0 0.0 0.0 0.0 0.0 0.0 0.0 0.0 0.0 0.0 0.0 0.0 0.0 0.0 0.0 0.0 0.0 0.0 0.0 0.0 0.0 0.0 0.0 0.0 0.0 0.0 0.0 0.0 0.0 0.0 0.0 0.0 0.0 0.0 0.0 0.0 0.0 0.0 0.0 0.0 0.0 0.0 0.0 0.0 0.0 0.0 0.0 0.0 0.0 0.0 0.0 0.0 0.0 0.0 0.0 0.0 0.0 0.0 0.0 0.0 0.0 0.0 0.0 0.0 0.0 0.0 0.0 0.0 0.0 0.0 0.0 0.0 0.0 0.0 0.0 0.0 0.0 0.0 
1900 1 17 0 0 0
14.485235043335916 14.487110888759428 14.487950898403772 14.488347554655888 14.488432633100757 14.490468453833477 13.786591442331392 13.249995842496562 12.749993382946519 12.25166513967446 12.002047549217242 12.00004346061145 12.000003893112837 12.000000817210084 12.000000274862543 12.000000122526748 12.000000065434627 12.00000003944437 12.000000025849687 12.00000001797073 12.000000013037337 12.000000009759598 12.000000007479395 12.000000005834783 12.00000000461422 12.000000003688408 12.000000002973898 12.000000002414222 12.000000001970532 12.000000001615016 12.000000001327935 12.000000001094326 12.00000000090341 12.000000000746555 12.00000000061722 12.000000000510253 12.000000000421279 12.000000000347248 12.000000000285494 12.000000000234056 12.000000000191255 12.000000000155746 12.000000000126398 12.000000000102204 12.000000000082338 12.000000000066073 12.000000000052808 12.000000000042037 12.000000000033333 12.00000000002632 12.0000000000207 12.000000000016211 12.000000000012644 12.000000000009816 12.00000000000759 12.000000000005842 12.000000000004478 12.000000000003412 12.00000000000259 12.00000000000196 12.000000000001481 12.000000000001108 12.000000000000826 12.000000000000618 12.00000000000045 12.000000000000322 12.00000000000023 12.00000000000016 12.000000000000114 12.000000000000083 12.000000000000059 12.000000000000037 12.000000000000027 12.000000000000021 12.000000000000012 12.00000000000001 12.000000000000004 11.999999999999991 11.99999999999999 11.999999999999988 11.999999999999991 11.999999999999995 11.999999999999995 12.0 12.000000000000004 12.000000000000005 12.000000000000007 12.000000000000009 12.000000000000005 12.000000000000002 12.0 11.999999999999995 11.99999999999999 11.999999999999993 11.999999999999995 11.99999999999999 11.999999999999995 11.999999999999998 11.999999999999998 11.999999999999996 11.99999999999999 11.999999999999988 11.999999999999988 11.999999999999988 11.999999999999991 11.999999999999995 11.999999999999996 11.999999999999996 12.000000000000002 11.999999999999995 11.999999999999995 11.999999999999993 12.0 12.0 11.999999999999995 11.99999999999999 11.999999999999991 11.999999999999995 11.999999999999998 12.000000000000002 12.000000000000005 12.000000000000012 12.00000000000001 12.000000000000009 12.000000000000005 12.0 11.999999999999991 11.999999999999986 11.999999999999986 11.99999999999999 11.999999999999991 11.999999999999998 11.999999999999996 11.999999999999995 11.999999999999988 11.999999999999984 11.999999999999986 11.99999999999999 11.99999999999999 11.99999999999999 11.99999999999999 11.999999999999991 11.99999999999999 11.99999999999999 11.99999999999999 11.999999999999993 11.999999999999995 11.999999999999998 12.0 11.999999999999998 11.999999999999995 11.999999999999996 12.0 12.0 11.999999999999996 11.999999999999998 11.999999999999995 11.999999999999993 11.999999999999995 11.999999999999995 11.999999999999991 11.999999999999998 11.999999999999993 11.999999999999993 11.999999999999993 11.999999999999993 11.999999999999996 11.999999999999995 11.999999999999993 11.999999999999991 11.999999999999993 11.999999999999993 11.999999999999996 11.999999999999996 12.0 12.000000000000004 12.000000000000005 12.000000000000002 12.0 11.999999999999998 11.999999999999991 11.999999999999991 12.0 12.000000000000005 12.000000000000016 12.000000000000025 12.000000000000023 12.000000000000023 12.000000000000023 12.000000000000027 12.000000000000028 12.000000000000039 12.000000000000052 12.000000000000066 12.000000000000083 12.000000000000103 12.000000000000117 12.00000000000013 12.000000000000142 12.000000000000142 
34.99999999999976 34.99999999999976 34.99999999999976 34.99999999999975 34.99999999999975 34.99999999999977 35.00000000000002 35.00000000000002 34.99999999999977 34.99999999999983 34.99999999999997 35.000000000000085 35.00000000000017 35.00000000000013 35.00000000000004 35.00000000000004 35.00000000000004 35.00000000000011 35.00000000000004 35.00000000000007 35.00000000000004 35.00000000000001 35.0 35.00000000000002 35.00000000000001 34.99999999999998 34.99999999999995 34.99999999999996 34.999999999999936 34.99999999999995 34.99999999999995 34.99999999999996 34.999999999999964 34.99999999999995 34.99999999999996 34.99999999999997 34.999999999999986 34.99999999999999 34.99999999999997 34.999999999999986 35.0 35.0 35.0 34.99999999999999 34.99999999999997 34.99999999999998 34.999999999999964 34.999999999999936 34.999999999999936 34.999999999999915 34.99999999999992 34.99999999999994 34.99999999999994 34.999999999999936 34.99999999999995 34.999999999999964 34.99999999999998 34.99999999999997 34.99999999999997 34.99999999999997 34.999999999999986 34.999999999999986 34.99999999999999 35.0 34.99999999999999 34.999999999999964 34.99999999999995 34.999999999999964 34.99999999999995 34.99999999999997 34.99999999999998 34.99999999999998 34.99999999999998 34.99999999999997 34.999999999999964 34.99999999999997 34.999999999999964 34.999999999999936 34.999999999999915 34.99999999999993 34.999999999999936 34.99999999999995 34.99999999999996 34.99999999999998 34.999999999999986 34.99999999999998 34.99999999999997 34.99999999999997 34.999999999999986 34.999999999999986 34.999999999999964 34.999999999999964 34.999999999999964 34.99999999999997 34.99999999999997 34.99999999999997 34.99999999999998 34.99999999999998 34.99999999999999 34.99999999999997 34.99999999999995 34.99999999999995 34.99999999999995 34.99999999999995 34.99999999999996 34.99999999999996 34.99999999999996 34.99999999999995 34.99999999999995 34.999999999999936 34.99999999999994 34.99999999999994 34.99999999999995 34.99999999999994 34.99999999999992 34.99999999999989 34.99999999999989 34.99999999999989 34.99999999999989 34.9999999999999 34.99999999999991 34.99999999999992 34.99999999999993 34.99999999999993 34.99999999999992 34.999999999999915 34.9999999999999 34.99999999999989 34.99999999999989 34.99999999999991 34.999999999999915 34.99999999999995 34.99999999999995 34.99999999999993 34.999999999999915 34.99999999999992 34.99999999999992 34.99999999999994 34.99999999999993 34.99999999999993 34.99999999999993 34.99999999999993 34.99999999999993 34.99999999999993 34.999999999999936 34.99999999999994 34.99999999999996 34.99999999999998 34.99999999999998 34.99999999999998 34.99999999999998 34.999999999999964 34.999999999999964 34.99999999999996 34.99999999999996 34.99999999999996 34.99999999999994 34.99999999999995 34.999999999999936 34.99999999999994 34.999999999999964 34.99999999999998 34.999999999999964 34.999999999999964 34.999999999999964 34.99999999999996 34.99999999999997 34.999999999999964 34.999999999999964 34.99999999999996 34.99999999999996 34.99999999999995 34.999999999999964 34.99999999999998 35.00000000000001 35.00000000000002 35.00000000000002 35.000000000000036 35.00000000000003 35.00000000000001 34.999999999999986 34.999999999999986 35.000000000000014 35.000000000000036 35.00000000000007 35.00000000000009 35.0000000000001 35.00000000000009 35.00000000000011 35.000000000000114 35.000000000000114 35.00000000000014 35.00000000000018 35.00000000000023 35.00000000000026 35.000000000000306 35.00000000000034 35.00000000000038 35.00000000000039 35.000000000000405 
0.0 0.0 0.0 0.0 0.0 0.0 0.0 0.0 0.0 0.0 0.0 0.0 0.0 0.0 0.0 0.0 0.0 0.0 0.0 0.0 0.0 0.0 0.0 0.0 0.0 0.0 0.0 0.0 0.0 0.0 0.0 0.0 0.0 0.0 0.0 0.0 0.0 0.0 0.0 0.0 0.0 0.0 0.0 0.0 0.0 0.0 0.0 0.0 0.0 0.0 0.0 0.0 0.0 0.0 0.0 0.0 0.0 0.0 0.0 0.0 0.0 0.0 0.0 0.0 0.0 0.0 0.0 0.0 0.0 0.0 0.0 0.0 0.0 0.0 0.0 0.0 0.0 0.0 0.0 0.0 0.0 0.0 0.0 0.0 0.0 0.0 0.0 0.0 0.0 0.0 0.0 0.0 0.0 0.0 0.0 0.0 0.0 0.0 0.0 0.0 0.0 0.0 0.0 0.0 0.0 0.0 0.0 0.0 0.0 0.0 0.0 0.0 0.0 0.0 0.0 0.0 0.0 0.0 0.0 0.0 0.0 0.0 0.0 0.0 0.0 0.0 0.0 0.0 0.0 0.0 0.0 0.0 0.0 0.0 0.0 0.0 0.0 0.0 0.0 0.0 0.0 0.0 0.0 0.0 0.0 0.0 0.0 0.0 0.0 0.0 0.0 0.0 0.0 0.0 0.0 0.0 0.0 0.0 0.0 0.0 0.0 0.0 0.0 0.0 0.0 0.0 0.0 0.0 0.0 0.0 0.0 0.0 0.0 0.0 0.0 0.0 0.0 0.0 0.0 0.0 0.0 0.0 0.0 0.0 0.0 0.0 0.0 0.0 0.0 0.0 0.0 0.0 0.0 0.0 0.0 0.0 0.0 0.0 0.0 0.0 
0.0 0.0 0.0 0.0 0.0 0.0 0.0 0.0 0.0 0.0 0.0 0.0 0.0 0.0 0.0 0.0 0.0 0.0 0.0 0.0 0.0 0.0 0.0 0.0 0.0 0.0 0.0 0.0 0.0 0.0 0.0 0.0 0.0 0.0 0.0 0.0 0.0 0.0 0.0 0.0 0.0 0.0 0.0 0.0 0.0 0.0 0.0 0.0 0.0 0.0 0.0 0.0 0.0 0.0 0.0 0.0 0.0 0.0 0.0 0.0 0.0 0.0 0.0 0.0 0.0 0.0 0.0 0.0 0.0 0.0 0.0 0.0 0.0 0.0 0.0 0.0 0.0 0.0 0.0 0.0 0.0 0.0 0.0 0.0 0.0 0.0 0.0 0.0 0.0 0.0 0.0 0.0 0.0 0.0 0.0 0.0 0.0 0.0 0.0 0.0 0.0 0.0 0.0 0.0 0.0 0.0 0.0 0.0 0.0 0.0 0.0 0.0 0.0 0.0 0.0 0.0 0.0 0.0 0.0 0.0 0.0 0.0 0.0 0.0 0.0 0.0 0.0 0.0 0.0 0.0 0.0 0.0 0.0 0.0 0.0 0.0 0.0 0.0 0.0 0.0 0.0 0.0 0.0 0.0 0.0 0.0 0.0 0.0 0.0 0.0 0.0 0.0 0.0 0.0 0.0 0.0 0.0 0.0 0.0 0.0 0.0 0.0 0.0 0.0 0.0 0.0 0.0 0.0 0.0 0.0 0.0 0.0 0.0 0.0 0.0 0.0 0.0 0.0 0.0 0.0 0.0 0.0 0.0 0.0 0.0 0.0 0.0 0.0 0.0 0.0 0.0 0.0 0.0 0.0 0.0 0.0 0.0 0.0 0.0 0.0 
1900 1 18 0 0 0
14.462229071847904 14.464128423455612 14.464992719160483 14.46541669427246 14.465512283491297 14.467200155316041 13.79741273602843 13.249999008791216 12.74999331528828 12.251768927361788 12.002173675302696 12.000047658325647 12.000004322383983 12.00000091198883 12.000000307268698 12.000000136961468 12.000000073085896 12.000000044023647 12.000000028841452 12.000000020055365 12.000000014561182 12.00000001091479 12.000000008379857 12.000000006552161 12.000000005195098 12.00000000416434 12.00000000336767 12.000000002742956 12.000000002246571 12.000000001848447 12.000000001526105 12.00000000126329 12.000000001047768 12.000000000870182 12.000000000723327 12.00000000060155 12.000000000499977 12.000000000415023 12.00000000034393 12.000000000284324 12.000000000234392 12.000000000192626 12.000000000157813 12.00000000012887 12.000000000104878 12.000000000085057 12.00000000006873 12.000000000055326 12.000000000044377 12.000000000035461 12.000000000028228 12.000000000022387 12.00000000001768 12.000000000013904 12.0000000000109 12.000000000008502 12.000000000006606 12.000000000005109 12.000000000003936 12.000000000003018 12.000000000002302 12.000000000001753 12.000000000001322 12.00000000000099 12.00000000000074 12.000000000000554 12.000000000000405 12.000000000000295 12.000000000000218 12.000000000000163 12.00000000000012 12.000000000000087 12.000000000000057 12.000000000000037 12.000000000000021 12.00000000000001 12.000000000000004 11.999999999999995 11.999999999999991 11.99999999999999 11.999999999999993 11.999999999999998 11.999999999999998 11.999999999999998 12.000000000000002 12.000000000000005 12.000000000000005 12.000000000000007 12.000000000000005 12.000000000000005 12.0 12.0 11.999999999999995 11.99999999999999 11.999999999999988 11.999999999999986 11.999999999999986 11.999999999999986 11.999999999999991 11.999999999999993 11.999999999999993 11.999999999999995 11.999999999999995 11.999999999999995 11.999999999999991 11.999999999999996 11.999999999999998 11.999999999999996 11.999999999999995 11.999999999999993 11.999999999999996 11.999999999999993 11.999999999999988 11.99999999999999 11.99999999999999 11.999999999999984 11.99999999999999 11.999999999999991 11.999999999999991 11.999999999999991 11.999999999999991 11.999999999999984 11.999999999999982 11.999999999999975 11.999999999999973 11.999999999999984 11.99999999999999 11.99999999999999 11.99999999999999 11.999999999999988 11.99999999999999 11.99999999999999 11.99999999999999 11.999999999999986 11.999999999999986 11.999999999999984 11.999999999999984 11.999999999999988 11.999999999999986 11.999999999999982 11.999999999999984 11.999999999999986 11.999999999999988 11.999999999999986 11.999999999999991 11.999999999999991 11.999999999999991 11.999999999999995 12.000000000000002 12.000000000000007 12.000000000000002 12.000000000000005 12.00000000000001 12.00000000000001 12.000000000000012 12.000000000000012 12.00000000000001 12.000000000000009 12.000000000000005 12.0 12.0 12.000000000000002 11.999999999999998 12.0 12.000000000000002 11.999999999999998 11.999999999999996 12.000000000000002 12.000000000000005 12.000000000000004 12.0 11.999999999999996 11.999999999999996 12.0 12.0 12.000000000000004 12.000000000000004 12.000000000000009 12.00000000000001 12.000000000000012 12.000000000000014 12.000000000000009 12.00000000000001 12.000000000000009 12.000000000000005 12.000000000000009 12.00000000000001 12.000000000000016 12.000000000000025 12.00000000000003 12.00000000000004 12.000000000000055 12.00000000000007 12.000000000000082 12.000000000000092 12.000000000000107 12.000000000000119 12.00000000000014 12.000000000000151 12.000000000000153 
34.99999999999972 34.99999999999973 34.99999999999974 34.99999999999974 34.99999999999974 34.99999999999975 35.000000000000064 35.00000000000009 34.99999999999971 34.99999999999984 35.00000000000006 35.00000000000013 35.000000000000135 35.000000000000036 35.000000000000014 35.00000000000003 35.000000000000114 35.000000000000064 35.00000000000005 35.000000000000036 35.00000000000002 35.000000000000036 35.000000000000014 35.00000000000001 34.99999999999998 34.99999999999996 34.99999999999995 34.99999999999995 34.99999999999995 34.99999999999995 34.99999999999994 34.99999999999995 34.999999999999936 34.999999999999936 34.99999999999995 34.99999999999997 34.99999999999998 34.99999999999999 35.00000000000001 35.00000000000003 35.000000000000014 35.0 35.00000000000001 35.00000000000001 34.999999999999986 34.99999999999998 34.99999999999996 34.999999999999936 34.99999999999992 34.999999999999936 34.99999999999996 34.99999999999996 34.99999999999994 34.99999999999993 34.99999999999995 34.99999999999994 34.999999999999936 34.99999999999994 34.99999999999995 34.999999999999964 34.999999999999964 34.999999999999986 34.999999999999964 34.99999999999996 34.99999999999998 34.99999999999999 34.99999999999997 34.99999999999995 34.99999999999996 34.99999999999997 34.999999999999986 34.99999999999999 34.99999999999998 34.99999999999998 34.99999999999995 34.99999999999992 34.99999999999992 34.999999999999915 34.99999999999992 34.99999999999992 34.99999999999992 34.999999999999936 34.99999999999996 34.99999999999995 34.999999999999964 34.99999999999996 34.99999999999995 34.999999999999964 34.99999999999996 34.999999999999986 34.999999999999986 34.99999999999998 34.99999999999998 34.999999999999964 34.99999999999996 34.999999999999936 34.99999999999993 34.99999999999993 34.99999999999994 34.99999999999995 34.99999999999994 34.99999999999996 34.99999999999996 34.99999999999994 34.99999999999993 34.999999999999936 34.99999999999994 34.999999999999936 34.99999999999993 34.99999999999993 34.99999999999993 34.99999999999992 34.999999999999915 34.99999999999991 34.99999999999991 34.9999999999999 34.999999999999886 34.99999999999991 34.99999999999989 34.99999999999987 34.99999999999987 34.999999999999844 34.99999999999983 34.99999999999984 34.99999999999983 34.99999999999986 34.999999999999865 34.99999999999988 34.99999999999989 34.9999999999999 34.999999999999886 34.999999999999886 34.99999999999989 34.99999999999991 34.99999999999991 34.99999999999991 34.9999999999999 34.999999999999915 34.99999999999992 34.99999999999992 34.99999999999992 34.99999999999992 34.99999999999992 34.99999999999992 34.99999999999993 34.99999999999993 34.99999999999993 34.999999999999936 34.99999999999996 34.99999999999998 34.99999999999997 34.99999999999997 34.999999999999986 34.99999999999999 35.0 35.00000000000001 35.0 34.999999999999986 34.999999999999986 34.999999999999986 34.99999999999997 34.99999999999997 34.99999999999997 34.99999999999998 34.999999999999986 34.99999999999997 34.99999999999998 34.99999999999998 34.999999999999986 34.999999999999986 34.99999999999998 34.99999999999998 34.99999999999999 35.00000000000001 34.99999999999999 35.00000000000001 35.000000000000014 35.00000000000002 35.000000000000036 35.000000000000036 35.00000000000005 35.000000000000036 35.00000000000003 35.000000000000036 35.000000000000036 35.00000000000005 35.00000000000006 35.00000000000007 35.0000000000001 35.00000000000012 35.000000000000135 35.00000000000017 35.0000000000002 35.00000000000024 35.00000000000027 35.00000000000031 35.000000000000334 35.00000000000036 35.0000000000004 35.00000000000041 
0.0 0.0 0.0 0.0 0.0 0.0 0.0 0.0 0.0 0.0 0.0 0.0 0.0 0.0 0.0 0.0 0.0 0.0 0.0 0.0 0.0 0.0 0.0 0.0 0.0 0.0 0.0 0.0 0.0 0.0 0.0 0.0 0.0 0.0 0.0 0.0 0.0 0.0 0.0 0.0 0.0 0.0 0.0 0.0 0.0 0.0 0.0 0.0 0.0 0.0 0.0 0.0 0.0 0.0 0.0 0.0 0.0 0.0 0.0 0.0 0.0 0.0 0.0 0.0 0.0 0.0 0.0 0.0 0.0 0.0 0.0 0.0 0.0 0.0 0.0 0.0 0.0 0.0 0.0 0.0 0.0 0.0 0.0 0.0 0.0 0.0 0.0 0.0 0.0 0.0 0.0 0.0 0.0 0.0 0.0 0.0 0.0 0.0 0.0 0.0 0.0 0.0 0.0 0.0 0.0 0.0 0.0 0.0 0.0 0.0 0.0 0.0 0.0 0.0 0.0 0.0 0.0 0.0 0.0 0.0 0.0 0.0 0.0 0.0 0.0 0.0 0.0 0.0 0.0 0.0 0.0 0.0 0.0 0.0 0.0 0.0 0.0 0.0 0.0 0.0 0.0 0.0 0.0 0.0 0.0 0.0 0.0 0.0 0.0 0.0 0.0 0.0 0.0 0.0 0.0 0.0 0.0 0.0 0.0 0.0 0.0 0.0 0.0 0.0 0.0 0.0 0.0 0.0 0.0 0.0 0.0 0.0 0.0 0.0 0.0 0.0 0.0 0.0 0.0 0.0 0.0 0.0 0.0 0.0 0.0 0.0 0.0 0.0 0.0 0.0 0.0 0.0 0.0 0.0 0.0 0.0 0.0 0.0 0.0 0.0 
0.0 0.0 0.0 0.0 0.0 0.0 0.0 0.0 0.0 0.0 0.0 0.0 0.0 0.0 0.0 0.0 0.0 0.0 0.0 0.0 0.0 0.0 0.0 0.0 0.0 0.0 0.0 0.0 0.0 0.0 0.0 0.0 0.0 0.0 0.0 0.0 0.0 0.0 0.0 0.0 0.0 0.0 0.0 0.0 0.0 0.0 0.0 0.0 0.0 0.0 0.0 0.0 0.0 0.0 0.0 0.0 0.0 0.0 0.0 0.0 0.0 0.0 0.0 0.0 0.0 0.0 0.0 0.0 0.0 0.0 0.0 0.0 0.0 0.0 0.0 0.0 0.0 0.0 0.0 0.0 0.0 0.0 0.0 0.0 0.0 0.0 0.0 0.0 0.0 0.0 0.0 0.0 0.0 0.0 0.0 0.0 0.0 0.0 0.0 0.0 0.0 0.0 0.0 0.0 0.0 0.0 0.0 0.0 0.0 0.0 0.0 0.0 0.0 0.0 0.0 0.0 0.0 0.0 0.0 0.0 0.0 0.0 0.0 0.0 0.0 0.0 0.0 0.0 0.0 0.0 0.0 0.0 0.0 0.0 0.0 0.0 0.0 0.0 0.0 0.0 0.0 0.0 0.0 0.0 0.0 0.0 0.0 0.0 0.0 0.0 0.0 0.0 0.0 0.0 0.0 0.0 0.0 0.0 0.0 0.0 0.0 0.0 0.0 0.0 0.0 0.0 0.0 0.0 0.0 0.0 0.0 0.0 0.0 0.0 0.0 0.0 0.0 0.0 0.0 0.0 0.0 0.0 0.0 0.0 0.0 0.0 0.0 0.0 0.0 0.0 0.0 0.0 0.0 0.0 0.0 0.0 0.0 0.0 0.0 0.0 
1900 1 19 0 0 0
14.439317232242542 14.441222947367162 14.442100763110139 14.442547044241195 14.442676111222598 14.44396908870129 13.8078122281953 13.25000402261442 12.74999328023103 12.251872682379338 12.002299631095948 12.000051989132638 12.000004770614137 12.000001011462784 12.000000341355033 12.000000152151136 12.000000081131013 12.000000048831726 12.000000031977391 12.000000022237378 12.000000016154821 12.000000012122161 12.000000009321083 12.000000007301832 12.000000005802969 12.000000004663525 12.000000003781752 12.000000003089058 12.000000002538156 12.000000002095287 12.000000001736273 12.0000000014429 12.000000001201768 12.00000000100254 12.000000000837211 12.000000000699703 12.000000000585016 12.00000000048853 12.000000000407505 12.000000000339366 12.000000000281924 12.000000000233591 12.000000000192982 12.000000000158952 12.000000000130528 12.000000000106843 12.000000000087168 12.000000000070877 12.00000000005743 12.000000000046374 12.000000000037314 12.000000000029923 12.000000000023899 12.000000000019027 12.000000000015085 12.000000000011916 12.000000000009374 12.000000000007342 12.000000000005729 12.000000000004453 12.000000000003444 12.000000000002657 12.000000000002043 12.000000000001558 12.000000000001183 12.000000000000895 12.000000000000677 12.000000000000504 12.00000000000038 12.00000000000028 12.000000000000206 12.00000000000014 12.000000000000096 12.000000000000064 12.000000000000039 12.000000000000023 12.00000000000001 12.000000000000005 12.000000000000004 12.000000000000005 12.000000000000005 12.000000000000005 11.999999999999996 11.999999999999998 12.0 12.000000000000009 12.000000000000012 12.000000000000009 12.000000000000012 12.000000000000012 12.000000000000007 12.000000000000005 12.000000000000004 11.999999999999996 11.999999999999995 11.99999999999999 11.999999999999984 11.99999999999999 11.999999999999991 11.99999999999999 11.999999999999993 11.999999999999995 11.999999999999993 11.99999999999999 11.99999999999999 11.999999999999995 11.999999999999993 11.99999999999999 11.99999999999999 11.999999999999991 11.999999999999993 11.999999999999993 11.999999999999993 11.999999999999993 11.999999999999998 12.0 11.999999999999995 11.999999999999993 11.99999999999999 11.99999999999999 11.99999999999999 11.99999999999999 11.999999999999991 11.999999999999993 11.999999999999988 11.999999999999986 11.999999999999986 11.999999999999986 11.999999999999991 11.999999999999993 11.999999999999988 11.99999999999999 11.999999999999988 11.99999999999999 11.999999999999995 11.999999999999991 11.999999999999986 11.999999999999984 11.999999999999982 11.999999999999982 11.999999999999984 11.999999999999988 11.999999999999988 11.99999999999999 11.999999999999988 11.99999999999999 11.999999999999995 12.0 12.000000000000004 11.999999999999998 12.000000000000004 12.000000000000009 12.000000000000009 12.00000000000001 12.000000000000007 12.000000000000005 12.000000000000002 12.000000000000005 12.000000000000005 12.000000000000005 12.000000000000005 12.000000000000004 11.999999999999995 11.999999999999993 11.999999999999991 11.999999999999991 11.999999999999995 12.000000000000002 12.000000000000007 12.000000000000002 12.0 12.000000000000005 12.000000000000009 12.000000000000004 12.000000000000004 12.000000000000007 12.00000000000001 12.000000000000014 12.000000000000009 12.00000000000001 12.000000000000012 12.000000000000009 12.00000000000001 12.000000000000016 12.000000000000027 12.000000000000028 12.000000000000034 12.000000000000036 12.000000000000039 12.000000000000053 12.00000000000006 12.00000000000007 12.000000000000075 12.000000000000085 12.0000000000001 12.000000000000114 12.000000000000126 12.000000000000133 12.000000000000137 12.000000000000142 
34.99999999999979 34.99999999999979 34.99999999999979 34.999999999999794 34.999999999999794 34.99999999999977 35.000000000000036 35.0000000000001 34.999999999999694 34.99999999999981 35.000000000000114 35.00000000000013 35.00000000000007 35.00000000000011 35.00000000000005 35.00000000000008 35.00000000000013 35.00000000000005 35.00000000000006 35.0000000000001 35.00000000000006 35.000000000000014 34.999999999999986 34.99999999999998 34.99999999999997 34.999999999999964 34.99999999999997 34.999999999999964 34.99999999999994 34.99999999999995 34.99999999999994 34.999999999999915 34.99999999999992 34.99999999999992 34.99999999999991 34.99999999999993 34.99999999999994 34.99999999999996 34.999999999999986 35.0 35.0 35.0 35.000000000000014 35.000000000000014 35.00000000000001 34.99999999999997 34.999999999999964 34.99999999999996 34.99999999999995 34.99999999999994 34.99999999999994 34.99999999999996 34.99999999999995 34.99999999999995 34.99999999999994 34.99999999999996 34.99999999999996 34.99999999999995 34.99999999999994 34.999999999999936 34.99999999999993 34.99999999999995 34.99999999999996 34.99999999999996 34.99999999999996 34.999999999999964 34.99999999999997 34.99999999999995 34.99999999999998 34.999999999999986 34.999999999999986 34.99999999999995 34.999999999999936 34.999999999999936 34.99999999999994 34.99999999999994 34.999999999999936 34.99999999999995 34.999999999999964 34.99999999999996 34.99999999999995 34.99999999999994 34.99999999999994 34.99999999999996 34.999999999999964 34.99999999999998 34.999999999999986 34.999999999999964 34.99999999999998 34.99999999999999 34.999999999999986 34.99999999999999 34.99999999999998 34.999999999999964 34.99999999999996 34.99999999999996 34.99999999999995 34.99999999999996 34.99999999999996 34.99999999999995 34.99999999999994 34.999999999999936 34.99999999999993 34.99999999999993 34.999999999999936 34.99999999999995 34.99999999999994 34.99999999999994 34.999999999999936 34.99999999999993 34.99999999999992 34.99999999999993 34.99999999999992 34.999999999999915 34.99999999999991 34.999999999999915 34.999999999999915 34.9999999999999 34.999999999999886 34.99999999999987 34.999999999999865 34.99999999999985 34.99999999999987 34.99999999999987 34.999999999999865 34.99999999999987 34.999999999999865 34.999999999999886 34.99999999999991 34.99999999999989 34.99999999999987 34.99999999999987 34.99999999999988 34.99999999999989 34.99999999999989 34.999999999999886 34.99999999999989 34.999999999999886 34.999999999999886 34.99999999999991 34.999999999999915 34.999999999999915 34.99999999999991 34.999999999999915 34.99999999999989 34.9999999999999 34.99999999999993 34.999999999999936 34.999999999999936 34.99999999999992 34.99999999999994 34.99999999999997 34.999999999999986 35.0 34.99999999999999 34.99999999999999 34.99999999999998 34.999999999999986 34.99999999999998 34.99999999999998 34.99999999999999 34.99999999999999 34.99999999999997 34.99999999999996 34.99999999999994 34.99999999999995 34.99999999999996 34.99999999999996 34.999999999999986 34.99999999999998 34.999999999999986 35.0 35.000000000000014 35.000000000000014 35.000000000000014 35.00000000000002 35.000000000000036 35.00000000000005 35.00000000000005 35.00000000000005 35.00000000000006 35.00000000000004 35.00000000000006 35.00000000000006 35.00000000000007 35.00000000000009 35.00000000000012 35.00000000000014 35.000000000000156 35.00000000000019 35.000000000000206 35.00000000000021 35.00000000000021 35.00000000000023 35.00000000000026 35.0000000000003 35.00000000000034 35.00000000000037 35.00000000000035 35.00000000000034 
0.0 0.0 0.0 0.0 0.0 0.0 0.0 0.0 0.0 0.0 0.0 0.0 0.0 0.0 0.0 0.0 0.0 0.0 0.0 0.0 0.0 0.0 0.0 0.0 0.0 0.0 0.0 0.0 0.0 0.0 0.0 0.0 0.0 0.0 0.0 0.0 0.0 0.0 0.0 0.0 0.0 0.0 0.0 0.0 0.0 0.0 0.0 0.0 0.0 0.0 0.0 0.0 0.0 0.0 0.0 0.0 0.0 0.0 0.0 0.0 0.0 0.0 0.0 0.0 0.0 0.0 0.0 0.0 0.0 0.0 0.0 0.0 0.0 0.0 0.0 0.0 0.0 0.0 0.0 0.0 0.0 0.0 0.0 0.0 0.0 0.0 0.0 0.0 0.0 0.0 0.0 0.0 0.0 0.0 0.0 0.0 0.0 0.0 0.0 0.0 0.0 0.0 0.0 0.0 0.0 0.0 0.0 0.0 0.0 0.0 0.0 0.0 0.0 0.0 0.0 0.0 0.0 0.0 0.0 0.0 0.0 0.0 0.0 0.0 0.0 0.0 0.0 0.0 0.0 0.0 0.0 0.0 0.0 0.0 0.0 0.0 0.0 0.0 0.0 0.0 0.0 0.0 0.0 0.0 0.0 0.0 0.0 0.0 0.0 0.0 0.0 0.0 0.0 0.0 0.0 0.0 0.0 0.0 0.0 0.0 0.0 0.0 0.0 0.0 0.0 0.0 0.0 0.0 0.0 0.0 0.0 0.0 0.0 0.0 0.0 0.0 0.0 0.0 0.0 0.0 0.0 0.0 0.0 0.0 0.0 0.0 0.0 0.0 0.0 0.0 0.0 0.0 0.0 0.0 0.0 0.0 0.0 0.0 0.0 0.0 
0.0 0.0 0.0 0.0 0.0 0.0 0.0 0.0 0.0 0.0 0.0 0.0 0.0 0.0 0.0 0.0 0.0 0.0 0.0 0.0 0.0 0.0 0.0 0.0 0.0 0.0 0.0 0.0 0.0 0.0 0.0 0.0 0.0 0.0 0.0 0.0 0.0 0.0 0.0 0.0 0.0 0.0 0.0 0.0 0.0 0.0 0.0 0.0 0.0 0.0 0.0 0.0 0.0 0.0 0.0 0.0 0.0 0.0 0.0 0.0 0.0 0.0 0.0 0.0 0.0 0.0 0.0 0.0 0.0 0.0 0.0 0.0 0.0 0.0 0.0 0.0 0.0 0.0 0.0 0.0 0.0 0.0 0.0 0.0 0.0 0.0 0.0 0.0 0.0 0.0 0.0 0.0 0.0 0.0 0.0 0.0 0.0 0.0 0.0 0.0 0.0 0.0 0.0 0.0 0.0 0.0 0.0 0.0 0.0 0.0 0.0 0.0 0.0 0.0 0.0 0.0 0.0 0.0 0.0 0.0 0.0 0.0 0.0 0.0 0.0 0.0 0.0 0.0 0.0 0.0 0.0 0.0 0.0 0.0 0.0 0.0 0.0 0.0 0.0 0.0 0.0 0.0 0.0 0.0 0.0 0.0 0.0 0.0 0.0 0.0 0.0 0.0 0.0 0.0 0.0 0.0 0.0 0.0 0.0 0.0 0.0 0.0 0.0 0.0 0.0 0.0 0.0 0.0 0.0 0.0 0.0 0.0 0.0 0.0 0.0 0.0 0.0 0.0 0.0 0.0 0.0 0.0 0.0 0.0 0.0 0.0 0.0 0.0 0.0 0.0 0.0 0.0 0.0 0.0 0.0 0.0 0.0 0.0 0.0 0.0 
1900 1 20 0 0 0
14.416449397725772 14.41839461076391 14.419311937102346 14.419804884133326 14.419979098231533 14.420731750004707 13.817724941112953 13.250011175362655 12.749993276242819 12.251976404685918 12.002425420292719 12.000056449717091 12.000005237544679 12.000001115589635 12.00000037711059 12.000000168091777 12.000000089567557 12.000000053866472 12.000000035256118 12.000000024515158 12.000000017816362 12.000000013380339 12.00000001030124 12.000000008083177 12.000000006436672 12.000000005184909 12.00000000421475 12.00000000345181 12.000000002844276 12.000000002355305 12.00000000195803 12.000000001632923 12.000000001365128 12.000000001143382 12.000000000958947 12.000000000804963 12.000000000676165 12.000000000567843 12.000000000476335 12.000000000399128 12.000000000333825 12.000000000278543 12.000000000231847 12.000000000192458 12.000000000159297 12.000000000131479 12.000000000108194 12.000000000088754 12.000000000072573 12.000000000059158 12.000000000048058 12.000000000038911 12.000000000031402 12.000000000025253 12.000000000020242 12.00000000001616 12.000000000012857 12.000000000010191 12.000000000008043 12.000000000006324 12.00000000000495 12.000000000003865 12.000000000003 12.000000000002322 12.000000000001794 12.00000000000138 12.000000000001057 12.000000000000803 12.000000000000604 12.000000000000448 12.00000000000033 12.000000000000242 12.000000000000174 12.000000000000124 12.000000000000082 12.000000000000059 12.000000000000034 12.000000000000021 12.000000000000009 12.000000000000005 12.000000000000007 12.000000000000005 12.000000000000007 12.000000000000005 12.000000000000007 12.000000000000009 12.000000000000009 12.00000000000001 12.00000000000001 12.000000000000012 12.000000000000005 12.000000000000002 11.999999999999998 11.999999999999988 11.99999999999999 11.999999999999986 11.999999999999984 11.999999999999991 11.999999999999993 11.999999999999993 11.999999999999993 11.999999999999988 11.999999999999988 11.999999999999993 11.999999999999995 11.999999999999995 11.999999999999993 11.999999999999991 11.999999999999986 11.999999999999986 11.999999999999988 11.999999999999993 11.999999999999993 11.999999999999998 11.999999999999996 11.999999999999993 11.99999999999999 11.99999999999999 11.999999999999988 11.99999999999999 11.999999999999991 11.999999999999991 11.999999999999995 11.999999999999995 11.99999999999999 11.99999999999999 11.99999999999999 11.999999999999991 11.999999999999995 11.999999999999996 11.999999999999995 11.999999999999993 11.99999999999999 11.999999999999991 11.999999999999988 11.999999999999991 11.999999999999991 11.999999999999991 11.999999999999995 11.999999999999998 11.999999999999996 11.999999999999993 11.999999999999996 12.0 12.0 12.0 11.999999999999993 11.999999999999988 11.999999999999991 11.999999999999996 12.000000000000002 12.00000000000001 12.00000000000001 12.000000000000012 12.000000000000004 12.000000000000004 12.000000000000005 12.000000000000004 12.000000000000004 12.000000000000009 11.999999999999998 11.99999999999999 11.99999999999999 11.999999999999995 12.0 12.000000000000002 12.000000000000007 12.0 11.999999999999995 11.999999999999998 11.999999999999996 12.000000000000004 12.000000000000005 12.000000000000004 12.000000000000002 12.000000000000004 12.000000000000009 12.000000000000009 12.000000000000007 12.000000000000009 12.00000000000001 12.000000000000012 12.00000000000002 12.000000000000028 12.00000000000003 12.000000000000039 12.000000000000044 12.00000000000005 12.000000000000055 12.00000000000006 12.000000000000068 12.000000000000082 12.000000000000087 12.000000000000096 12.000000000000107 12.000000000000119 12.000000000000124 12.000000000000131 12.000000000000137 12.00000000000014 
34.999999999999794 34.999999999999794 34.9999999999998 34.9999999999998 34.9999999999998 34.99999999999979 35.00000000000002 35.000000000000114 34.999999999999716 34.99999999999978 35.0000000000001 35.000000000000114 35.00000000000011 35.000000000000036 34.99999999999999 35.00000000000012 35.00000000000003 35.00000000000005 35.000000000000064 35.00000000000003 35.000000000000036 35.000000000000036 35.000000000000014 34.99999999999999 34.99999999999998 34.99999999999997 34.99999999999997 34.999999999999964 34.99999999999993 34.99999999999996 34.99999999999996 34.99999999999995 34.999999999999936 34.99999999999993 34.99999999999992 34.99999999999992 34.999999999999915 34.999999999999936 34.99999999999995 34.999999999999964 34.99999999999996 34.99999999999996 34.99999999999998 34.999999999999986 34.999999999999986 34.999999999999986 34.99999999999998 34.99999999999998 34.999999999999964 34.999999999999964 34.999999999999936 34.999999999999936 34.99999999999994 34.99999999999994 34.99999999999996 34.99999999999994 34.999999999999936 34.99999999999995 34.99999999999994 34.99999999999994 34.99999999999993 34.99999999999993 34.99999999999993 34.99999999999993 34.999999999999936 34.999999999999964 34.999999999999964 34.99999999999996 34.99999999999994 34.99999999999993 34.99999999999994 34.999999999999936 34.99999999999995 34.99999999999996 34.99999999999994 34.99999999999994 34.99999999999993 34.99999999999993 34.99999999999993 34.99999999999995 34.999999999999964 34.99999999999997 34.99999999999997 34.99999999999997 34.999999999999964 34.999999999999964 34.99999999999997 34.99999999999998 34.99999999999998 35.0 34.99999999999998 34.999999999999964 34.99999999999994 34.999999999999936 34.999999999999936 34.999999999999936 34.99999999999993 34.999999999999936 34.99999999999995 34.99999999999995 34.99999999999995 34.99999999999995 34.99999999999995 34.99999999999997 34.999999999999986 34.999999999999964 34.99999999999995 34.99999999999995 34.999999999999915 34.9999999999999 34.99999999999991 34.99999999999991 34.9999999999999 34.99999999999991 34.99999999999991 34.9999999999999 34.99999999999989 34.99999999999988 34.99999999999988 34.99999999999987 34.99999999999989 34.999999999999886 34.9999999999999 34.99999999999989 34.99999999999988 34.999999999999865 34.999999999999865 34.99999999999986 34.99999999999987 34.99999999999988 34.999999999999886 34.999999999999886 34.99999999999988 34.99999999999989 34.999999999999886 34.99999999999989 34.99999999999989 34.999999999999915 34.99999999999991 34.99999999999994 34.999999999999936 34.99999999999992 34.99999999999993 34.999999999999936 34.999999999999936 34.99999999999993 34.99999999999993 34.99999999999992 34.99999999999994 34.99999999999996 34.99999999999997 34.999999999999986 34.99999999999998 34.99999999999997 34.99999999999995 34.99999999999996 34.999999999999964 34.99999999999997 34.99999999999998 34.999999999999986 34.999999999999964 34.999999999999936 34.999999999999936 34.99999999999994 34.99999999999996 34.999999999999964 34.999999999999964 34.99999999999994 34.99999999999994 34.99999999999994 34.99999999999994 34.99999999999996 34.99999999999997 34.99999999999998 34.99999999999998 35.0 35.000000000000036 35.00000000000004 35.00000000000004 35.00000000000005 35.00000000000007 35.00000000000008 35.000000000000085 35.00000000000009 35.0000000000001 35.00000000000012 35.00000000000014 35.000000000000156 35.000000000000185 35.00000000000019 35.000000000000206 35.00000000000022 35.000000000000234 35.00000000000024 35.00000000000026 35.00000000000029 35.00000000000032 35.00000000000035 35.00000000000037 35.00000000000036 
0.0 0.0 0.0 0.0 0.0 0.0 0.0 0.0 0.0 0.0 0.0 0.0 0.0 0.0 0.0 0.0 0.0 0.0 0.0 0.0 0.0 0.0 0.0 0.0 0.0 0.0 0.0 0.0 0.0 0.0 0.0 0.0 0.0 0.0 0.0 0.0 0.0 0.0 0.0 0.0 0.0 0.0 0.0 0.0 0.0 0.0 0.0 0.0 0.0 0.0 0.0 0.0 0.0 0.0 0.0 0.0 0.0 0.0 0.0 0.0 0.0 0.0 0.0 0.0 0.0 0.0 0.0 0.0 0.0 0.0 0.0 0.0 0.0 0.0 0.0 0.0 0.0 0.0 0.0 0.0 0.0 0.0 0.0 0.0 0.0 0.0 0.0 0.0 0.0 0.0 0.0 0.0 0.0 0.0 0.0 0.0 0.0 0.0 0.0 0.0 0.0 0.0 0.0 0.0 0.0 0.0 0.0 0.0 0.0 0.0 0.0 0.0 0.0 0.0 0.0 0.0 0.0 0.0 0.0 0.0 0.0 0.0 0.0 0.0 0.0 0.0 0.0 0.0 0.0 0.0 0.0 0.0 0.0 0.0 0.0 0.0 0.0 0.0 0.0 0.0 0.0 0.0 0.0 0.0 0.0 0.0 0.0 0.0 0.0 0.0 0.0 0.0 0.0 0.0 0.0 0.0 0.0 0.0 0.0 0.0 0.0 0.0 0.0 0.0 0.0 0.0 0.0 0.0 0.0 0.0 0.0 0.0 0.0 0.0 0.0 0.0 0.0 0.0 0.0 0.0 0.0 0.0 0.0 0.0 0.0 0.0 0.0 0.0 0.0 0.0 0.0 0.0 0.0 0.0 0.0 0.0 0.0 0.0 0.0 0.0 
0.0 0.0 0.0 0.0 0.0 0.0 0.0 0.0 0.0 0.0 0.0 0.0 0.0 0.0 0.0 0.0 0.0 0.0 0.0 0.0 0.0 0.0 0.0 0.0 0.0 0.0 0.0 0.0 0.0 0.0 0.0 0.0 0.0 0.0 0.0 0.0 0.0 0.0 0.0 0.0 0.0 0.0 0.0 0.0 0.0 0.0 0.0 0.0 0.0 0.0 0.0 0.0 0.0 0.0 0.0 0.0 0.0 0.0 0.0 0.0 0.0 0.0 0.0 0.0 0.0 0.0 0.0 0.0 0.0 0.0 0.0 0.0 0.0 0.0 0.0 0.0 0.0 0.0 0.0 0.0 0.0 0.0 0.0 0.0 0.0 0.0 0.0 0.0 0.0 0.0 0.0 0.0 0.0 0.0 0.0 0.0 0.0 0.0 0.0 0.0 0.0 0.0 0.0 0.0 0.0 0.0 0.0 0.0 0.0 0.0 0.0 0.0 0.0 0.0 0.0 0.0 0.0 0.0 0.0 0.0 0.0 0.0 0.0 0.0 0.0 0.0 0.0 0.0 0.0 0.0 0.0 0.0 0.0 0.0 0.0 0.0 0.0 0.0 0.0 0.0 0.0 0.0 0.0 0.0 0.0 0.0 0.0 0.0 0.0 0.0 0.0 0.0 0.0 0.0 0.0 0.0 0.0 0.0 0.0 0.0 0.0 0.0 0.0 0.0 0.0 0.0 0.0 0.0 0.0 0.0 0.0 0.0 0.0 0.0 0.0 0.0 0.0 0.0 0.0 0.0 0.0 0.0 0.0 0.0 0.0 0.0 0.0 0.0 0.0 0.0 0.0 0.0 0.0 0.0 0.0 0.0 0.0 0.0 0.0 0.0 
1900 1 21 0 0 0
14.38974395350987 14.391818859992282 14.392652604438979 14.392891795034432 14.39277059370228 14.392324715734476 13.852916158000761 13.250047481029469 12.749993304434362 12.252080094239483 12.002551046302957 12.000061037024535 12.000005722936812 12.00000122433168 12.000000414527175 12.000000184782081 12.000000098396693 12.000000059129794 12.00000003867904 12.000000026890328 12.000000019547386 12.000000014690146 12.000000011321934 12.00000000889649 12.000000007096935 12.00000000572838 12.00000000466707 12.000000003831419 12.000000003165189 12.000000002628184 12.00000000219139 12.000000001833282 12.000000001537819 12.000000001292559 12.000000001088141 12.000000000917078 12.000000000773376 12.000000000652422 12.000000000550228 12.000000000463558 12.000000000389976 12.000000000327425 12.000000000274333 12.00000000022931 12.000000000191186 12.000000000158973 12.000000000131827 12.000000000109006 12.000000000089864 12.00000000007387 12.000000000060538 12.000000000049452 12.000000000040272 12.00000000003269 12.00000000002645 12.000000000021327 12.000000000017144 12.000000000013735 12.000000000010962 12.000000000008718 12.000000000006906 12.000000000005455 12.000000000004295 12.000000000003366 12.000000000002627 12.000000000002045 12.000000000001581 12.000000000001222 12.000000000000938 12.000000000000714 12.000000000000542 12.000000000000405 12.000000000000295 12.00000000000022 12.000000000000163 12.000000000000114 12.000000000000078 12.000000000000048 12.000000000000034 12.000000000000025 12.000000000000014 12.000000000000005 12.000000000000004 12.000000000000007 12.000000000000004 12.0 12.0 12.000000000000002 12.000000000000002 12.000000000000004 12.0 11.999999999999998 12.0 11.999999999999998 12.000000000000002 11.999999999999996 11.99999999999999 11.999999999999986 11.99999999999999 11.99999999999999 11.999999999999984 11.999999999999988 11.999999999999995 11.999999999999996 11.99999999999999 11.999999999999991 11.999999999999993 11.999999999999993 11.999999999999993 11.999999999999996 11.999999999999995 11.999999999999995 11.999999999999995 11.999999999999991 11.999999999999988 11.999999999999982 11.999999999999984 11.99999999999999 11.999999999999991 11.99999999999999 11.999999999999984 11.999999999999986 11.999999999999986 11.999999999999984 11.999999999999984 11.999999999999982 11.999999999999982 11.999999999999984 11.99999999999999 11.99999999999999 11.999999999999991 11.999999999999986 11.99999999999999 11.99999999999999 11.999999999999993 11.999999999999996 11.999999999999996 12.0 11.999999999999998 11.999999999999995 12.0 12.0 12.0 11.999999999999995 11.999999999999984 11.999999999999988 11.999999999999991 11.999999999999995 11.999999999999995 11.999999999999996 12.000000000000002 12.000000000000005 12.000000000000012 12.000000000000012 12.000000000000009 12.000000000000009 12.000000000000009 12.00000000000001 12.000000000000016 12.000000000000012 12.00000000000001 12.000000000000004 12.0 11.999999999999998 11.999999999999998 12.0 12.000000000000004 12.000000000000005 12.000000000000005 12.000000000000009 12.00000000000001 12.000000000000009 12.000000000000005 12.000000000000009 12.00000000000001 12.000000000000014 12.000000000000014 12.000000000000016 12.000000000000014 12.00000000000001 12.00000000000001 12.000000000000021 12.000000000000028 12.00000000000003 12.000000000000037 12.000000000000046 12.000000000000053 12.000000000000062 12.000000000000068 12.000000000000068 12.000000000000085 12.000000000000098 12.000000000000108 12.000000000000114 12.000000000000123 12.000000000000124 12.000000000000124 12.000000000000124 12.000000000000124 12.000000000000135 
34.999999999999844 34.999999999999844 34.99999999999985 34.99999999999985 34.99999999999986 34.99999999999986 35.000000000000014 35.00000000000002 34.99999999999968 34.99999999999975 35.0000000000001 35.00000000000019 35.000000000000064 35.0 35.00000000000001 35.000000000000064 35.00000000000008 35.00000000000009 35.000000000000036 35.000000000000064 35.00000000000002 34.999999999999986 34.999999999999986 34.999999999999986 34.99999999999999 34.99999999999999 35.0 34.999999999999986 34.999999999999964 34.99999999999996 34.99999999999996 34.99999999999996 34.99999999999996 34.99999999999997 34.99999999999997 34.999999999999964 34.99999999999996 34.999999999999936 34.99999999999994 34.99999999999996 34.999999999999964 34.99999999999997 34.99999999999997 34.999999999999986 34.999999999999986 34.999999999999986 34.99999999999997 34.999999999999964 34.99999999999997 34.99999999999998 34.999999999999986 34.99999999999998 34.999999999999964 34.999999999999964 34.999999999999964 34.999999999999964 34.99999999999997 34.999999999999964 34.99999999999996 34.99999999999994 34.99999999999994 34.99999999999996 34.99999999999994 34.99999999999994 34.999999999999964 34.99999999999996 34.99999999999995 34.99999999999996 34.999999999999964 34.99999999999996 34.99999999999996 34.99999999999995 34.99999999999994 34.99999999999995 34.999999999999964 34.99999999999996 34.999999999999964 34.99999999999994 34.99999999999995 34.99999999999994 34.99999999999995 34.99999999999994 34.999999999999964 34.999999999999964 34.999999999999964 34.99999999999997 34.99999999999998 34.99999999999997 34.999999999999964 34.99999999999997 34.99999999999998 34.999999999999964 34.99999999999996 34.99999999999995 34.99999999999996 34.99999999999995 34.99999999999993 34.999999999999915 34.99999999999992 34.99999999999992 34.99999999999991 34.999999999999915 34.99999999999994 34.99999999999994 34.99999999999994 34.999999999999936 34.99999999999994 34.99999999999994 34.99999999999994 34.99999999999995 34.999999999999936 34.99999999999993 34.99999999999992 34.99999999999992 34.99999999999991 34.999999999999886 34.99999999999988 34.99999999999989 34.999999999999886 34.99999999999988 34.99999999999987 34.999999999999865 34.99999999999985 34.99999999999985 34.99999999999986 34.99999999999987 34.99999999999987 34.99999999999986 34.999999999999886 34.99999999999988 34.99999999999988 34.99999999999987 34.999999999999886 34.99999999999989 34.99999999999991 34.999999999999915 34.99999999999992 34.999999999999936 34.99999999999992 34.99999999999992 34.99999999999993 34.99999999999995 34.99999999999996 34.99999999999995 34.99999999999992 34.99999999999992 34.999999999999936 34.99999999999994 34.99999999999994 34.99999999999994 34.99999999999995 34.99999999999995 34.99999999999997 34.999999999999964 34.99999999999997 34.99999999999996 34.999999999999964 34.99999999999998 35.00000000000001 35.0 34.99999999999998 34.999999999999964 34.99999999999996 34.99999999999994 34.99999999999996 34.99999999999994 34.99999999999995 34.99999999999996 34.99999999999996 34.999999999999964 34.99999999999998 34.99999999999998 34.99999999999998 35.00000000000002 35.000000000000036 35.00000000000006 35.00000000000005 35.00000000000004 35.00000000000004 35.00000000000006 35.00000000000009 35.000000000000114 35.000000000000114 35.00000000000011 35.000000000000114 35.00000000000014 35.00000000000017 35.0000000000002 35.00000000000021 35.00000000000023 35.000000000000234 35.000000000000256 35.000000000000284 35.00000000000029 35.00000000000031 35.000000000000334 35.000000000000355 35.00000000000036 35.00000000000036 35.00000000000037 
0.0 0.0 0.0 0.0 0.0 0.0 0.0 0.0 0.0 0.0 0.0 0.0 0.0 0.0 0.0 0.0 0.0 0.0 0.0 0.0 0.0 0.0 0.0 0.0 0.0 0.0 0.0 0.0 0.0 0.0 0.0 0.0 0.0 0.0 0.0 0.0 0.0 0.0 0.0 0.0 0.0 0.0 0.0 0.0 0.0 0.0 0.0 0.0 0.0 0.0 0.0 0.0 0.0 0.0 0.0 0.0 0.0 0.0 0.0 0.0 0.0 0.0 0.0 0.0 0.0 0.0 0.0 0.0 0.0 0.0 0.0 0.0 0.0 0.0 0.0 0.0 0.0 0.0 0.0 0.0 0.0 0.0 0.0 0.0 0.0 0.0 0.0 0.0 0.0 0.0 0.0 0.0 0.0 0.0 0.0 0.0 0.0 0.0 0.0 0.0 0.0 0.0 0.0 0.0 0.0 0.0 0.0 0.0 0.0 0.0 0.0 0.0 0.0 0.0 0.0 0.0 0.0 0.0 0.0 0.0 0.0 0.0 0.0 0.0 0.0 0.0 0.0 0.0 0.0 0.0 0.0 0.0 0.0 0.0 0.0 0.0 0.0 0.0 0.0 0.0 0.0 0.0 0.0 0.0 0.0 0.0 0.0 0.0 0.0 0.0 0.0 0.0 0.0 0.0 0.0 0.0 0.0 0.0 0.0 0.0 0.0 0.0 0.0 0.0 0.0 0.0 0.0 0.0 0.0 0.0 0.0 0.0 0.0 0.0 0.0 0.0 0.0 0.0 0.0 0.0 0.0 0.0 0.0 0.0 0.0 0.0 0.0 0.0 0.0 0.0 0.0 0.0 0.0 0.0 0.0 0.0 0.0 0.0 0.0 0.0 
0.0 0.0 0.0 0.0 0.0 0.0 0.0 0.0 0.0 0.0 0.0 0.0 0.0 0.0 0.0 0.0 0.0 0.0 0.0 0.0 0.0 0.0 0.0 0.0 0.0 0.0 0.0 0.0 0.0 0.0 0.0 0.0 0.0 0.0 0.0 0.0 0.0 0.0 0.0 0.0 0.0 0.0 0.0 0.0 0.0 0.0 0.0 0.0 0.0 0.0 0.0 0.0 0.0 0.0 0.0 0.0 0.0 0.0 0.0 0.0 0.0 0.0 0.0 0.0 0.0 0.0 0.0 0.0 0.0 0.0 0.0 0.0 0.0 0.0 0.0 0.0 0.0 0.0 0.0 0.0 0.0 0.0 0.0 0.0 0.0 0.0 0.0 0.0 0.0 0.0 0.0 0.0 0.0 0.0 0.0 0.0 0.0 0.0 0.0 0.0 0.0 0.0 0.0 0.0 0.0 0.0 0.0 0.0 0.0 0.0 0.0 0.0 0.0 0.0 0.0 0.0 0.0 0.0 0.0 0.0 0.0 0.0 0.0 0.0 0.0 0.0 0.0 0.0 0.0 0.0 0.0 0.0 0.0 0.0 0.0 0.0 0.0 0.0 0.0 0.0 0.0 0.0 0.0 0.0 0.0 0.0 0.0 0.0 0.0 0.0 0.0 0.0 0.0 0.0 0.0 0.0 0.0 0.0 0.0 0.0 0.0 0.0 0.0 0.0 0.0 0.0 0.0 0.0 0.0 0.0 0.0 0.0 0.0 0.0 0.0 0.0 0.0 0.0 0.0 0.0 0.0 0.0 0.0 0.0 0.0 0.0 0.0 0.0 0.0 0.0 0.0 0.0 0.0 0.0 0.0 0.0 0.0 0.0 0.0 0.0 
