20
2.5 7.5 12.5 17.5 22.5 27.5 32.5 37.5 42.5 47.5 52.5 57.5 62.5 67.5 72.5 77.5 82.5 87.5 92.5 97.5 102.5 107.5 112.5 117.5 122.5 127.5 132.5 137.5 142.5 147.5 152.5 157.5 162.5 167.5 172.5 177.5 182.5 187.5 192.5 197.5 202.5 207.5 212.5 217.5 222.5 227.5 232.5 237.5 242.5 247.5 252.5 257.5 262.5 267.5 272.5 277.5 282.5 287.5 292.5 297.5 302.5 307.5 312.5 317.5 322.5 327.5 332.5 337.5 342.5 347.5 352.5 357.5 362.5 367.5 372.5 377.5 382.5 387.5 392.5 397.5 402.5 407.5 412.5 417.5 422.5 427.5 432.5 437.5 442.5 447.5 452.5 457.5 462.5 467.5 472.5 477.5 482.5 487.5 492.5 497.5 502.5 507.5 512.5 517.5 522.5 527.5 532.5 537.5 542.5 547.5 552.5 557.5 562.5 567.5 572.5 577.5 582.5 587.5 592.5 597.5 602.5 607.5 612.5 617.5 622.5 627.5 632.5 637.5 642.5 647.5 652.5 657.5 662.5 667.5 672.5 677.5 682.5 687.5 692.5 697.5 702.5 707.5 712.5 717.5 722.5 727.5 732.5 737.5 742.5 747.5 752.5 757.5 762.5 767.5 772.5 777.5 782.5 787.5 792.5 797.5 802.5 807.5 812.5 817.5 822.5 827.5 832.5 837.5 842.5 847.5 852.5 857.5 862.5 867.5 872.5 877.5 882.5 887.5 892.5 897.5 902.5 907.5 912.5 917.5 922.5 927.5 932.5 937.5 942.5 947.5 952.5 957.5 962.5 967.5 972.5 977.5 982.5 987.5 992.5 997.5 
1900 1 2 0 0 0
14.659783985543429 14.653972043923762 14.643752552813586 14.6237937886883 14.577635437017072 14.475128602403935 14.252911265358346 13.802110519042346 13.039299015404755 12.271420646283177 12.000191436336422 12.000000653377683 12.000000041768732 12.00000000867964 12.000000002400373 12.000000000694829 12.000000000195257 12.000000000051777 12.000000000012827 12.000000000002967 12.000000000000627 12.000000000000124 12.000000000000036 12.0 12.0 12.0 11.999999999999998 11.999999999999995 12.0 12.000000000000004 11.999999999999993 12.0 11.999999999999996 11.999999999999991 11.999999999999982 11.99999999999999 11.999999999999996 11.999999999999993 12.0 12.00000000000003 12.000000000000025 12.000000000000021 11.999999999999996 12.000000000000002 11.999999999999998 11.999999999999998 12.0 12.000000000000002 12.000000000000002 12.0 12.0 12.0 11.999999999999996 11.999999999999998 11.999999999999991 11.999999999999998 12.000000000000014 12.000000000000018 12.000000000000002 12.0 12.000000000000002 11.99999999999999 11.999999999999993 11.999999999999996 11.999999999999998 11.999999999999996 11.999999999999995 11.999999999999996 12.0 12.0 12.0 11.999999999999996 11.99999999999999 12.0 12.000000000000004 12.0 12.000000000000007 12.0 11.999999999999986 12.000000000000002 12.000000000000002 12.0 11.999999999999995 12.000000000000002 12.000000000000004 12.0 12.000000000000004 12.0 11.999999999999995 12.000000000000002 12.000000000000004 11.999999999999996 12.000000000000002 11.999999999999996 11.999999999999991 12.0 12.0 12.000000000000002 11.999999999999998 11.999999999999998 12.000000000000002 12.000000000000004 12.000000000000004 12.000000000000002 12.000000000000002 12.0 11.999999999999998 11.999999999999991 11.999999999999996 12.0 11.999999999999998 12.000000000000002 12.0 11.999999999999996 12.0 11.999999999999998 11.999999999999993 11.999999999999998 11.999999999999996 11.999999999999993 12.0 12.0 12.000000000000002 12.000000000000004 12.0 11.999999999999995 11.999999999999996 11.999999999999998 11.999999999999998 11.999999999999991 12.0 12.0 12.000000000000002 12.0 11.999999999999995 12.0 12.000000000000004 12.0 11.999999999999998 11.999999999999998 12.0 12.000000000000002 12.0 11.99999999999999 11.99999999999999 12.000000000000005 12.000000000000002 12.000000000000002 12.0 12.000000000000002 12.000000000000005 12.000000000000005 12.0 12.0 12.000000000000004 12.0 11.999999999999998 12.0 12.0 11.99999999999999 12.000000000000002 12.000000000000005 12.000000000000002 12.000000000000002 11.999999999999996 11.999999999999998 12.000000000000007 12.000000000000016 11.999999999999998 11.999999999999991 11.999999999999995 11.999999999999998 11.999999999999995 12.000000000000004 12.000000000000009 12.000000000000002 12.000000000000002 12.000000000000004 12.0 11.999999999999998 11.999999999999998 11.999999999999996 12.0 11.999999999999996 12.000000000000002 12.000000000000009 12.0 11.999999999999998 12.000000000000004 12.000000000000021 12.000000000000021 12.000000000000002 11.999999999999996 12.0 12.0 12.0 12.000000000000005 12.0 12.0 12.000000000000005 
35.00000000000002 35.000000000000014 35.000000000000014 35.00000000000002 35.00000000000002 35.00000000000002 35.00000000000001 34.99999999999999 34.99999999999998 34.999999999999986 34.99999999999994 34.99999999999998 35.000000000000014 35.000000000000064 35.00000000000003 35.000000000000014 35.00000000000003 35.00000000000006 35.000000000000036 35.0 34.99999999999998 35.00000000000001 34.99999999999998 34.999999999999986 34.99999999999994 34.999999999999964 35.0 35.00000000000001 35.000000000000014 35.000000000000014 35.00000000000001 34.99999999999999 34.999999999999986 34.99999999999996 34.99999999999996 34.99999999999995 34.999999999999964 34.99999999999992 35.0 35.000000000000064 35.00000000000005 35.00000000000004 35.0 35.00000000000003 35.000000000000014 35.00000000000002 35.00000000000001 35.00000000000001 35.00000000000002 35.00000000000001 35.00000000000003 34.999999999999986 34.999999999999986 35.0 34.99999999999998 35.00000000000002 35.000000000000014 35.00000000000004 35.00000000000002 35.00000000000003 35.00000000000005 35.00000000000003 35.00000000000003 35.0 34.99999999999997 34.99999999999994 35.00000000000002 35.00000000000003 35.00000000000003 34.99999999999999 34.999999999999964 34.99999999999998 34.99999999999996 34.999999999999986 35.00000000000004 35.000000000000036 35.000000000000036 35.000000000000014 34.999999999999986 34.99999999999999 34.99999999999999 34.99999999999998 34.99999999999998 35.000000000000014 35.00000000000001 35.0 35.000000000000036 35.00000000000001 34.99999999999999 34.99999999999999 34.99999999999998 34.99999999999998 34.99999999999999 34.99999999999997 34.99999999999998 34.99999999999999 35.00000000000001 34.99999999999999 34.999999999999964 34.99999999999997 34.99999999999999 35.000000000000014 35.00000000000006 35.00000000000006 35.000000000000064 35.00000000000004 34.99999999999998 34.99999999999998 34.99999999999999 35.00000000000002 34.99999999999998 34.999999999999986 35.0 34.999999999999986 35.0 34.99999999999999 34.99999999999997 34.99999999999994 34.99999999999996 34.999999999999986 35.000000000000014 35.000000000000014 35.00000000000002 35.0 34.999999999999986 34.99999999999998 34.99999999999996 34.99999999999996 34.99999999999995 34.99999999999992 34.999999999999964 34.99999999999996 34.999999999999964 34.99999999999997 34.99999999999996 34.99999999999998 34.99999999999999 34.99999999999997 34.99999999999996 34.999999999999986 35.000000000000014 35.00000000000002 34.99999999999998 34.99999999999997 35.0 35.00000000000004 35.00000000000001 35.0 34.99999999999998 34.999999999999936 34.99999999999994 34.99999999999996 35.0 34.99999999999998 35.00000000000001 35.000000000000036 35.000000000000014 35.00000000000001 35.000000000000036 35.00000000000003 35.00000000000003 35.00000000000006 35.00000000000007 35.00000000000003 34.999999999999964 34.99999999999997 35.00000000000003 35.00000000000002 34.999999999999964 34.999999999999964 34.99999999999997 35.00000000000001 35.0 35.00000000000002 35.00000000000004 35.000000000000036 35.00000000000002 35.000000000000036 35.00000000000003 34.99999999999999 34.99999999999996 34.99999999999995 34.99999999999999 34.99999999999999 35.00000000000002 35.00000000000006 35.00000000000003 35.00000000000003 35.000000000000036 35.00000000000008 35.000000000000036 35.00000000000003 34.999999999999986 34.99999999999999 35.0 35.000000000000014 35.000000000000064 35.00000000000006 35.00000000000003 35.00000000000005 
0.5778367881212547 0.5311944896885681 0.49711466736422716 0.46518349196780334 0.4190024982280715 0.35837072299026856 0.279738296997363 0.17556534491229245 0.06780149142566474 0.0031912639848511145 9.435729959982455e-07 7.358930723683503e-10 1.0333481177687376e-11 3.9101003703166905e-13 1.9819264741450366e-14 1.1240889801135538e-15 6.667380586892618e-17 3.997184608932538e-18 2.3769922098632744e-19 1.38780017452626e-20 7.919605544074824e-22 4.40539253139918e-23 2.3943447627511043e-24 1.2704596567844762e-25 6.600225575649038e-27 3.3691037024649344e-28 1.6972332673811756e-29 8.485400204509912e-31 4.2402916857462037e-32 2.1366182880570628e-33 1.0966868661500024e-34 5.7945210143556844e-36 3.179738023592608e-37 1.8214646622370994e-38 1.0892303074952455e-39 6.768457258691142e-41 4.3382895566754645e-42 2.8450771916679137e-43 1.8951240121159863e-44 1.2745951800765917e-45 8.616618742654373e-47 5.835612558638828e-48 3.949742143801089e-49 2.666965236102742e-50 1.7942011155684182e-51 1.2014813189562423e-52 8.002956407831475e-54 5.299651764595365e-55 3.487739364327856e-56 2.280459668121414e-57 1.4811484182072999e-58 9.554641619089057e-60 6.1211210814910766e-61 3.8942506568564675e-62 2.4602531382445136e-63 1.5434535030231184e-64 9.61537425703669e-66 5.948436917214976e-67 3.6543566253334703e-68 2.229453924509142e-69 1.350746430057232e-70 8.127194522401965e-72 4.856212786655178e-73 2.8816664533077927e-74 1.6982172383906378e-75 9.939499484201481e-77 5.778094286715055e-78 3.336423010426059e-79 1.9137118696057442e-80 1.0904038832563523e-81 6.171994077373254e-83 3.470570306789678e-84 1.938759397836559e-85 1.0759878328962653e-86 5.932896514402083e-88 3.25028026772344e-89 1.7692570254126537e-90 9.569757478061512e-92 5.1437101727914645e-93 2.74754410141743e-94 1.4585910240936943e-95 7.69611915996611e-97 4.036346770053096e-98 2.1043248967420495e-99 1.0906211759924873e-100 5.619541848005505e-102 2.878873593963944e-103 1.4664511238995528e-104 7.427866426772421e-106 3.741454026305768e-107 1.8742383760303674e-108 9.337816277809042e-110 4.627321751744441e-111 2.2808965881487896e-112 1.1184087619815198e-113 5.455593901054362e-115 2.6476303126717465e-116 1.2784203762175911e-117 6.142117187743924e-119 2.9364151743748482e-120 1.3970065510019007e-121 6.614355010008544e-123 3.116813508034619e-124 1.4620237755283004e-125 6.80375056557383e-127 3.1629445280204174e-128 1.4639348854530433e-129 6.745354106339991e-131 3.094051256996183e-132 1.4128652210990738e-133 6.42319968167956e-135 2.9074657851111208e-136 1.310471558485376e-137 5.882021170468753e-139 2.6293296338056237e-140 1.1706124045767471e-141 5.191079764548991e-143 2.292992686198921e-144 1.008949534446495e-145 4.4225986811668346e-147 1.931279218639413e-148 8.40212800866678e-150 3.6418910820392e-151 1.572803876393421e-152 6.767817574248895e-154 2.901788425482173e-155 1.2397740904805844e-156 5.278321838512601e-158 2.2394559836926614e-159 9.468897440530829e-161 3.990095903722222e-162 1.6757569113573542e-163 7.014537572135692e-165 2.926602965903807e-166 1.2170866205911544e-167 5.045312049254004e-169 2.0848707619124775e-170 8.588360196318877e-172 3.5269276424999966e-173 1.4439526781349982e-174 5.893783103828391e-176 2.398471327605842e-177 9.73169016764203e-179 3.9370352624704495e-180 1.588149263148484e-181 6.3880422215744896e-183 2.562193532795045e-184 1.0247945455189854e-185 4.087478579547217e-187 1.625821133049683e-188 6.449506273802863e-190 2.5515177755503707e-191 1.006733460523299e-192 3.9617361285528586e-194 1.5549741038688037e-195 6.087496540590245e-197 2.3770784269602017e-198 9.258670607201598e-200 3.5972039918244815e-201 1.3941311266973093e-202 5.389828698754319e-204 2.078689326283746e-205 7.997566234255868e-207 3.0696576519341543e-208 1.1754277315958725e-209 4.490407181188668e-211 1.711469164109888e-212 6.508120926988281e-214 2.469191637789982e-215 9.347079766649263e-217 3.5304351558365206e-218 1.3305178132133144e-219 5.003365117748452e-221 1.8774202669813805e-222 7.029545444957451e-224 2.626442798629171e-225 9.79246544833028e-227 3.6434087905351894e-228 1.35276947803272e-229 5.0124258037075094e-231 1.8534847419618647e-232 6.839765623621969e-234 2.519056750377384e-235 9.259226722742985e-237 3.396846310097137e-238 1.2437095732706129e-239 4.544917268817289e-241 1.6576944989890052e-242 6.035503153848385e-244 2.1856495986980776e-245 7.927544872877733e-247 2.870347092066078e-248 1.0374691105724601e-249 3.743345325794163e-251 1.3482897376969382e-252 4.8480934724409415e-254 1.7363584637490391e-255 6.223721740727266e-257 2.2262134156268483e-258 8.230998131714857e-260 
0.0 0.0 0.0 0.0 0.0 0.0 0.0 0.0 0.0 0.0 0.0 0.0 0.0 0.0 0.0 0.0 0.0 0.0 0.0 0.0 0.0 0.0 0.0 0.0 0.0 0.0 0.0 0.0 0.0 0.0 0.0 0.0 0.0 0.0 0.0 0.0 0.0 0.0 0.0 0.0 0.0 0.0 0.0 0.0 0.0 0.0 0.0 0.0 0.0 0.0 0.0 0.0 0.0 0.0 0.0 0.0 0.0 0.0 0.0 0.0 0.0 0.0 0.0 0.0 0.0 0.0 0.0 0.0 0.0 0.0 0.0 0.0 0.0 0.0 0.0 0.0 0.0 0.0 0.0 0.0 0.0 0.0 0.0 0.0 0.0 0.0 0.0 0.0 0.0 0.0 0.0 0.0 0.0 0.0 0.0 0.0 0.0 0.0 0.0 0.0 0.0 0.0 0.0 0.0 0.0 0.0 0.0 0.0 0.0 0.0 0.0 0.0 0.0 0.0 0.0 0.0 0.0 0.0 0.0 0.0 0.0 0.0 0.0 0.0 0.0 0.0 0.0 0.0 0.0 0.0 0.0 0.0 0.0 0.0 0.0 0.0 0.0 0.0 0.0 0.0 0.0 0.0 0.0 0.0 0.0 0.0 0.0 0.0 0.0 0.0 0.0 0.0 0.0 0.0 0.0 0.0 0.0 0.0 0.0 0.0 0.0 0.0 0.0 0.0 0.0 0.0 0.0 0.0 0.0 0.0 0.0 0.0 0.0 0.0 0.0 0.0 0.0 0.0 0.0 0.0 0.0 0.0 0.0 0.0 0.0 0.0 0.0 0.0 0.0 0.0 0.0 0.0 0.0 0.0 0.0 0.0 0.0 0.0 0.0 0.0 
1900 1 3 0 0 0
14.162424306384194 14.15671828758847 14.14767904207714 14.13113634399569 14.101608536180187 14.049931083600931 13.962822143526841 13.822345322757117 13.606835931325573 13.297785640918752 12.908869359061638 12.469300429546138 12.150637751991217 12.028165756793504 12.003338225996794 12.000347465654562 12.00004507069818 12.00000755210279 12.00000142038325 12.000000268447995 12.000000049725106 12.000000009190572 12.000000001701032 12.000000000301151 12.00000000004566 12.000000000005077 12.000000000000384 12.000000000000018 11.999999999999991 11.99999999999999 12.0 11.999999999999998 12.0 12.000000000000004 12.000000000000012 12.000000000000007 12.00000000000001 12.000000000000025 12.00000000000003 12.000000000000032 12.000000000000025 12.00000000000001 12.000000000000002 12.0 12.000000000000002 12.0 11.999999999999998 12.000000000000004 12.000000000000004 12.0 12.000000000000004 12.000000000000009 12.0 12.0 12.0 12.0 12.0 12.000000000000004 12.000000000000002 12.000000000000002 11.999999999999995 12.0 12.0 12.000000000000014 12.000000000000004 12.000000000000002 12.0 12.000000000000002 12.0 11.999999999999998 11.999999999999995 11.999999999999979 11.999999999999977 11.999999999999979 11.999999999999988 12.000000000000002 12.000000000000005 12.00000000000001 12.000000000000002 12.0 12.0 11.999999999999991 11.999999999999991 12.000000000000005 12.000000000000002 12.0 12.000000000000007 11.999999999999998 11.999999999999998 12.0 12.000000000000007 12.000000000000018 12.000000000000007 11.999999999999998 12.000000000000002 11.999999999999998 11.999999999999996 11.999999999999998 12.0 12.000000000000009 12.000000000000004 12.000000000000002 12.0 12.000000000000005 12.000000000000018 12.000000000000005 11.999999999999996 12.0 12.0 12.000000000000002 12.000000000000002 12.000000000000004 12.000000000000002 11.999999999999998 11.999999999999998 12.0 12.0 12.0 12.000000000000009 12.000000000000002 12.000000000000004 12.000000000000004 12.000000000000007 12.000000000000004 12.0 11.999999999999995 11.999999999999977 11.999999999999977 11.999999999999998 12.000000000000002 11.999999999999995 11.999999999999996 12.000000000000002 12.000000000000004 12.000000000000002 12.0 12.0 12.0 12.0 12.0 11.999999999999996 11.999999999999991 11.999999999999975 11.999999999999979 11.999999999999984 11.999999999999996 12.0 12.000000000000002 12.000000000000002 11.999999999999993 11.999999999999982 11.999999999999996 11.999999999999998 11.999999999999998 11.999999999999995 12.0 12.000000000000009 12.000000000000004 11.999999999999998 12.0 12.000000000000002 12.000000000000002 11.999999999999998 12.000000000000002 12.000000000000004 12.000000000000005 12.000000000000021 12.000000000000032 12.000000000000028 12.000000000000016 12.000000000000004 12.000000000000007 12.000000000000002 12.000000000000009 12.0 11.999999999999996 11.999999999999996 11.999999999999996 11.999999999999998 11.999999999999998 11.999999999999996 12.000000000000005 12.000000000000005 12.0 12.0 11.999999999999996 12.0 11.999999999999996 11.999999999999998 12.000000000000002 12.000000000000009 12.00000000000002 12.000000000000012 12.000000000000005 12.000000000000004 12.000000000000007 12.000000000000002 12.0 11.999999999999995 12.0 
35.00000000000002 35.00000000000002 35.00000000000002 35.00000000000002 35.000000000000014 35.00000000000001 35.00000000000001 35.00000000000001 35.00000000000001 35.00000000000001 35.000000000000014 34.99999999999996 34.999999999999986 35.000000000000014 34.99999999999997 34.99999999999999 35.00000000000004 35.00000000000004 35.00000000000006 35.000000000000036 35.00000000000004 35.000000000000014 35.00000000000001 35.0 34.99999999999999 34.99999999999998 34.99999999999998 34.999999999999964 34.99999999999998 34.99999999999998 35.000000000000014 35.00000000000002 35.00000000000001 34.99999999999998 35.000000000000014 34.99999999999997 34.99999999999996 35.00000000000002 35.00000000000002 35.00000000000001 35.0 35.0 35.00000000000001 35.00000000000002 35.00000000000004 35.000000000000036 35.0 35.00000000000002 35.00000000000002 35.000000000000014 35.000000000000014 35.00000000000004 35.00000000000003 35.00000000000004 34.99999999999997 34.99999999999994 34.999999999999964 34.999999999999986 34.99999999999997 35.000000000000014 35.000000000000014 35.000000000000036 35.000000000000036 35.00000000000003 35.00000000000003 35.0 34.99999999999997 34.99999999999997 35.000000000000014 34.999999999999986 34.99999999999998 34.99999999999996 34.999999999999964 34.99999999999994 34.999999999999964 35.00000000000001 34.99999999999999 35.00000000000002 35.00000000000001 34.99999999999997 34.99999999999996 34.999999999999936 34.99999999999994 35.00000000000002 35.00000000000003 35.00000000000001 35.00000000000004 35.000000000000036 35.00000000000003 35.00000000000001 35.0 35.00000000000003 35.00000000000001 34.99999999999999 35.00000000000001 34.99999999999998 34.999999999999964 34.999999999999964 34.99999999999996 34.99999999999999 35.00000000000003 35.00000000000004 35.00000000000003 35.00000000000008 35.000000000000114 35.0000000000001 35.00000000000002 35.0 34.99999999999999 34.99999999999996 34.999999999999964 34.999999999999986 34.99999999999999 34.99999999999997 35.00000000000001 35.00000000000003 35.00000000000002 35.0 34.99999999999999 34.99999999999998 35.0 35.00000000000001 35.00000000000002 34.99999999999998 34.99999999999997 34.99999999999995 34.99999999999993 34.999999999999915 34.99999999999992 34.999999999999936 34.99999999999991 34.99999999999991 34.999999999999936 34.99999999999998 34.999999999999964 34.999999999999964 34.999999999999986 34.99999999999996 34.99999999999995 34.99999999999995 34.999999999999964 34.99999999999998 34.99999999999994 34.99999999999998 34.999999999999986 35.00000000000001 34.99999999999997 34.99999999999996 34.99999999999994 34.99999999999994 34.999999999999915 34.99999999999994 34.999999999999986 35.0 35.00000000000001 35.000000000000014 35.000000000000064 35.00000000000005 35.00000000000002 35.000000000000036 35.00000000000005 35.00000000000005 35.00000000000004 35.00000000000004 35.000000000000036 35.00000000000002 35.00000000000004 35.00000000000005 35.00000000000004 35.00000000000001 34.99999999999995 34.99999999999998 34.99999999999994 34.99999999999999 34.999999999999986 34.99999999999999 35.000000000000014 35.00000000000001 35.000000000000014 35.0 34.99999999999997 35.0 35.00000000000003 35.00000000000001 35.00000000000003 35.000000000000014 35.000000000000014 35.00000000000003 35.00000000000004 35.00000000000005 35.00000000000002 35.0 35.0 35.00000000000005 35.00000000000006 35.000000000000064 35.00000000000002 35.00000000000001 34.99999999999999 35.000000000000036 
0.8366662709347598 0.7896836686877505 0.7580431298618499 0.723107728504386 0.6833508013937646 0.6361740668807226 0.5796131983843016 0.5119321638614845 0.43191316530885976 0.34018948824880857 0.24303008217549374 0.13705973663479357 0.054550351667965985 0.01774729970996664 0.004841834082471373 0.001329740255311887 0.00044907194987226987 0.00018214495136395715 7.973130044394797e-05 3.467521445721626e-05 1.421096572169016e-05 5.256126101095929e-06 1.6691442166633364e-06 4.250986358473349e-07 7.862755186930483e-08 9.32054913094125e-09 6.715410187000443e-10 3.509359498586815e-11 1.670137091275591e-12 7.887551687494898e-14 3.7605002317980375e-15 1.811552186724325e-16 8.804561425038397e-18 4.306698495773435e-19 2.1139003275419574e-20 1.0381036107887394e-21 5.08688935019534e-23 2.48175565729992e-24 1.2034432833846885e-25 5.793436267801267e-27 2.766688228878222e-28 1.3103360317896155e-29 6.154938338570946e-31 2.868415906874061e-32 1.3273748175183987e-33 6.106905086222194e-35 2.7984206128287675e-36 1.2804779487350167e-37 5.870883497376656e-39 2.7095559714655332e-40 1.2661121633242425e-41 6.031001244812581e-43 2.9497633371694357e-44 1.4909977269538595e-45 7.82220844959821e-47 4.263850139304928e-48 2.4091707641047256e-49 1.4040531592634614e-50 8.388540288230075e-52 5.106611998912331e-53 3.1508664002030496e-54 1.9622406722160615e-55 1.2294772423287018e-56 7.732495225437214e-58 4.873114004003799e-59 3.073484069220863e-60 1.9381053490901867e-61 1.2210308083474378e-62 7.681266173065768e-64 4.822936787074695e-65 3.021589998635249e-66 1.888576047252427e-67 1.1776003433914012e-68 7.326203246753051e-70 4.548814434364755e-71 2.819986999999399e-72 1.746583603687572e-73 1.0815830264555298e-74 6.702841231679611e-76 4.161417261527659e-77 2.5911800648402734e-78 1.6200518420536442e-79 1.0181549723406268e-80 6.438313083739451e-82 4.099468120546598e-83 2.629529059821607e-84 1.6993234595260577e-85 1.1061877331822287e-86 7.248060026245597e-88 4.776344782248388e-89 3.162947962940585e-90 2.102843283379869e-91 1.4020888224589193e-92 9.364962456783693e-94 6.259304174106963e-95 4.182297794186905e-96 2.791361483810948e-97 1.859665549604015e-98 1.2360336891574113e-99 8.192294030834414e-101 5.4125147493290606e-102 3.5635176869563367e-103 2.3377491687952566e-104 1.5234719522878259e-105 9.913197990258157e-107 6.420840246509758e-108 4.1408949420612416e-109 2.6591277853666995e-110 1.700165168734659e-111 1.0822070850638046e-112 6.857592503285203e-114 4.325777907092426e-115 2.7163540232331366e-116 1.698012086882552e-117 1.056651318455013e-118 6.545821747486577e-120 4.036863058103547e-121 2.4784374132801134e-122 1.5148639772724186e-123 9.218058898556946e-125 5.5845020153480946e-126 3.368355316430756e-127 2.022783391585969e-128 1.2094519162137364e-129 7.200214060489209e-131 4.268052274445742e-132 2.519136265479484e-133 1.4805444522622545e-134 8.66462049433492e-136 5.04947924694792e-137 2.9303767119347895e-138 1.6935234524168634e-139 9.746780009109632e-141 5.586564006560335e-142 3.1889940040051366e-143 1.813007949757016e-144 1.0265844092558292e-145 5.789625810858976e-147 3.252214249124781e-148 1.819669660580005e-149 1.0141509530889121e-150 5.630164958138775e-152 3.113578675897369e-153 1.7152618348698333e-154 9.413354344743448e-156 5.146514935407565e-157 2.803163487946915e-158 1.5210986565054833e-159 8.223540056461528e-161 4.4295678100740785e-162 2.3772468127078018e-163 1.2711830205633738e-164 6.772864208622975e-166 3.595665237893545e-167 1.9021319366503095e-168 1.002810470188378e-169 5.255155838290916e-171 2.751545027612766e-172 1.4358107358852895e-173 7.467310178053369e-175 3.870309464418635e-176 1.998803986672184e-177 1.0286648402903016e-178 5.2760640983570526e-180 2.697165759020655e-181 1.3742864164296368e-182 6.979497959853863e-184 3.5330796740193806e-185 1.7826642177223426e-186 8.965542710508821e-188 4.494484474999033e-189 2.2458891711504533e-190 1.1187040488268907e-191 5.554915147810339e-193 2.749751441711691e-194 1.3570043440959792e-195 6.676625144031193e-197 3.2751750257546676e-198 1.6018631077637359e-199 7.811591912575428e-201 3.7982690074467304e-202 1.8415012486576002e-203 8.902381299750838e-205 4.2913686884813724e-206 2.0627567628605e-207 9.887128818866885e-209 4.725742071258447e-210 2.252469899006898e-211 1.0704011647468864e-212 5.071539632174519e-214 2.396129074514779e-215 1.1290895121394762e-216 5.306850358209683e-218 2.488160940964407e-219 1.1609952205168502e-220 5.41482301575391e-222 2.5188264797993425e-223 1.1688646166329735e-224 5.411970414226653e-226 2.6140538248860603e-227 
0.0 0.0 0.0 0.0 0.0 0.0 0.0 0.0 0.0 0.0 0.0 0.0 0.0 0.0 0.0 0.0 0.0 0.0 0.0 0.0 0.0 0.0 0.0 0.0 0.0 0.0 0.0 0.0 0.0 0.0 0.0 0.0 0.0 0.0 0.0 0.0 0.0 0.0 0.0 0.0 0.0 0.0 0.0 0.0 0.0 0.0 0.0 0.0 0.0 0.0 0.0 0.0 0.0 0.0 0.0 0.0 0.0 0.0 0.0 0.0 0.0 0.0 0.0 0.0 0.0 0.0 0.0 0.0 0.0 0.0 0.0 0.0 0.0 0.0 0.0 0.0 0.0 0.0 0.0 0.0 0.0 0.0 0.0 0.0 0.0 0.0 0.0 0.0 0.0 0.0 0.0 0.0 0.0 0.0 0.0 0.0 0.0 0.0 0.0 0.0 0.0 0.0 0.0 0.0 0.0 0.0 0.0 0.0 0.0 0.0 0.0 0.0 0.0 0.0 0.0 0.0 0.0 0.0 0.0 0.0 0.0 0.0 0.0 0.0 0.0 0.0 0.0 0.0 0.0 0.0 0.0 0.0 0.0 0.0 0.0 0.0 0.0 0.0 0.0 0.0 0.0 0.0 0.0 0.0 0.0 0.0 0.0 0.0 0.0 0.0 0.0 0.0 0.0 0.0 0.0 0.0 0.0 0.0 0.0 0.0 0.0 0.0 0.0 0.0 0.0 0.0 0.0 0.0 0.0 0.0 0.0 0.0 0.0 0.0 0.0 0.0 0.0 0.0 0.0 0.0 0.0 0.0 0.0 0.0 0.0 0.0 0.0 0.0 0.0 0.0 0.0 0.0 0.0 0.0 0.0 0.0 0.0 0.0 0.0 0.0 
1900 1 4 0 0 0
13.65575206071162 13.651041402620319 13.644186114657645 13.633141558012325 13.616185445913647 13.590804554256389 13.554110001363552 13.502921594258495 13.434017219585662 13.344488739580871 13.232200742542943 13.096365880617192 12.93824484875363 12.76181414097373 12.575420392077094 12.391812210488874 12.228398211874387 12.10460615072938 12.034009721314852 12.00806821230199 12.001751843613633 12.000437218464784 12.000135126089559 12.000049842973185 12.000020584156108 12.00000902283525 12.000004041294648 12.00000180080546 12.00000078316664 12.00000032786925 12.000000130870252 12.000000049465186 12.000000017586286 12.000000005820084 12.000000001759092 12.000000000469836 12.00000000010528 12.000000000018373 12.000000000002304 12.000000000000215 12.000000000000028 12.000000000000018 12.000000000000002 12.000000000000004 12.00000000000002 12.000000000000021 12.000000000000018 11.999999999999998 12.000000000000002 11.999999999999998 11.999999999999995 11.999999999999998 12.0 11.999999999999996 12.0 12.000000000000002 11.999999999999995 11.999999999999991 11.999999999999993 11.999999999999995 11.999999999999996 11.999999999999998 12.000000000000002 12.0 12.0 12.000000000000018 12.000000000000007 12.000000000000002 11.999999999999979 11.99999999999998 11.999999999999977 11.999999999999977 11.999999999999977 11.999999999999979 11.999999999999977 11.999999999999995 12.000000000000007 12.0 12.000000000000002 12.0 11.999999999999995 11.999999999999998 12.000000000000004 12.000000000000004 12.000000000000007 12.000000000000004 12.000000000000004 12.000000000000002 12.000000000000005 12.000000000000004 12.0 12.000000000000005 12.000000000000005 12.000000000000002 11.999999999999998 12.0 12.0 12.0 12.000000000000012 12.000000000000007 12.000000000000014 12.000000000000009 12.000000000000004 12.000000000000012 12.000000000000014 11.999999999999996 11.999999999999998 11.999999999999995 11.999999999999998 11.999999999999995 12.0 12.0 12.0 12.000000000000007 12.0 11.999999999999998 11.999999999999995 12.0 12.0 12.000000000000007 12.000000000000002 12.000000000000004 12.0 12.000000000000002 12.0 11.999999999999993 11.999999999999984 11.999999999999982 11.999999999999995 12.0 12.000000000000002 12.000000000000005 12.0 12.0 11.999999999999998 12.0 12.0 11.999999999999996 11.99999999999999 11.999999999999993 11.999999999999988 11.99999999999999 11.999999999999998 11.999999999999986 12.0 12.0 12.000000000000005 12.000000000000016 12.0 12.0 11.999999999999995 12.000000000000007 12.00000000000001 12.0 12.000000000000002 12.0 11.999999999999998 11.999999999999996 12.0 12.000000000000005 12.0 12.000000000000002 12.0 11.999999999999998 12.000000000000009 12.000000000000004 12.000000000000005 12.000000000000018 12.000000000000021 12.00000000000002 12.00000000000002 12.000000000000004 12.0 12.0 11.999999999999998 12.0 11.999999999999996 12.0 12.0 12.0 11.999999999999996 11.999999999999996 12.0 11.999999999999998 11.999999999999998 11.999999999999996 11.999999999999993 12.0 11.999999999999998 11.999999999999993 11.999999999999996 12.000000000000002 12.00000000000002 12.000000000000018 12.000000000000012 12.000000000000012 12.000000000000005 12.000000000000007 12.000000000000005 12.000000000000002 
35.000000000000014 35.000000000000014 35.00000000000002 35.00000000000003 35.000000000000036 35.000000000000036 35.00000000000003 35.00000000000003 35.00000000000003 35.000000000000036 35.000000000000036 35.00000000000004 35.000000000000036 35.00000000000003 35.00000000000003 35.00000000000003 35.00000000000001 35.00000000000004 35.00000000000002 35.00000000000003 35.00000000000002 35.00000000000002 35.00000000000001 35.000000000000014 35.000000000000014 34.99999999999999 34.999999999999986 34.999999999999964 34.99999999999998 34.99999999999997 34.999999999999964 34.999999999999964 34.999999999999986 34.99999999999998 34.999999999999964 34.99999999999998 35.000000000000014 35.0 35.000000000000014 35.00000000000001 35.0 35.00000000000003 35.00000000000004 35.000000000000036 35.00000000000006 35.000000000000064 35.00000000000006 35.00000000000003 35.00000000000006 35.00000000000003 35.000000000000036 35.000000000000064 35.000000000000064 35.00000000000007 35.00000000000005 35.00000000000002 34.99999999999996 34.99999999999997 34.999999999999964 34.99999999999998 34.999999999999964 35.00000000000001 35.00000000000002 35.000000000000036 35.000000000000014 35.00000000000002 35.00000000000003 35.0 34.999999999999915 34.99999999999989 34.9999999999999 34.99999999999991 34.99999999999992 34.99999999999996 34.999999999999964 34.99999999999998 35.00000000000003 35.0 34.999999999999986 34.99999999999996 34.99999999999994 34.99999999999995 34.99999999999997 35.00000000000001 35.00000000000005 35.00000000000006 35.000000000000085 35.00000000000011 35.0000000000001 35.00000000000006 35.000000000000014 34.99999999999999 34.999999999999986 34.999999999999986 34.99999999999993 34.999999999999936 34.99999999999998 35.0 35.000000000000014 35.0 35.00000000000003 35.000000000000014 35.00000000000004 35.000000000000064 35.00000000000009 35.000000000000064 35.000000000000014 34.99999999999999 34.99999999999997 34.99999999999995 34.99999999999996 34.99999999999995 34.99999999999995 34.99999999999998 34.999999999999986 34.99999999999996 34.999999999999964 35.00000000000001 34.99999999999999 35.00000000000002 35.00000000000002 35.0 35.00000000000003 35.00000000000003 35.00000000000001 34.99999999999994 34.99999999999992 34.999999999999915 34.999999999999915 34.999999999999936 34.99999999999994 34.99999999999997 34.99999999999997 35.0 34.99999999999996 34.999999999999936 34.99999999999997 34.99999999999998 34.99999999999996 34.99999999999995 34.99999999999993 34.99999999999994 34.99999999999995 34.99999999999994 34.999999999999986 35.00000000000001 35.00000000000003 35.00000000000001 34.99999999999996 34.99999999999997 34.999999999999936 34.999999999999986 34.99999999999999 34.99999999999999 35.00000000000001 35.000000000000036 35.00000000000003 35.000000000000014 35.00000000000004 35.00000000000008 35.000000000000064 35.00000000000001 34.999999999999986 34.999999999999986 35.0 35.00000000000001 35.00000000000001 35.00000000000001 35.00000000000005 35.00000000000006 35.00000000000003 35.00000000000001 34.99999999999998 35.0 35.00000000000003 35.000000000000036 35.00000000000003 35.00000000000004 35.00000000000005 35.000000000000014 35.0 34.99999999999999 34.99999999999998 34.999999999999986 35.0 34.99999999999998 34.99999999999999 34.999999999999986 34.99999999999996 34.99999999999997 35.000000000000014 35.00000000000004 35.00000000000006 35.00000000000005 35.0 34.99999999999999 35.00000000000001 35.00000000000001 35.00000000000001 34.99999999999999 
0.9460978115507838 0.9014156536890959 0.8717262081614883 0.8406643641451398 0.8076912205304929 0.7712826321345024 0.7306892224889839 0.6854540432348193 0.6353279060786047 0.5802660798688968 0.5204532981889662 0.4563440589817621 0.3887122251585558 0.3186594441414313 0.2486087098536447 0.1807865694519852 0.1187643115735209 0.06711351736198215 0.03129157470646783 0.012732527255728213 0.005265103614710193 0.002457664694503138 0.0013001589703208445 0.0007489318068307721 0.00045209575116459316 0.0002784997404892833 0.00017198495274659562 0.00010509551693585372 6.286495220925387e-05 3.643364650105403e-05 2.02372109960853e-05 1.064013084895933e-05 5.215267520252218e-06 2.3364803763029006e-06 9.313463252168384e-07 3.1798345621537653e-07 8.808390436280439e-08 1.8372014095720178e-08 2.6477885471753407e-09 2.5412563450857533e-10 1.813569871147583e-11 1.1509591021019795e-12 7.161233856775346e-14 4.516061886677243e-15 2.9201547536105033e-16 1.9538722487743072e-17 1.3645308802663721e-18 9.934997071850021e-20 7.514667050176201e-21 5.859192179513063e-22 4.664337478524328e-23 3.753523955021104e-24 3.028774156075309e-25 2.4379791610591045e-26 1.953641120618378e-27 1.5506660594672806e-28 1.2172882688182712e-29 9.441408797737335e-31 7.230917901020867e-32 5.4667783530758235e-33 4.079468654745189e-34 3.0048443953108166e-35 2.1849483647183445e-36 1.5687214464937613e-37 1.1123502199412782e-38 7.791980788491685e-40 5.393778099439901e-41 3.6907119019665156e-42 2.4970883121418222e-43 1.6710864821958682e-44 1.106466243018641e-45 7.250735840707975e-47 4.7039008119447886e-48 3.0219739567985947e-49 1.9230959452472135e-50 1.2125705624708089e-51 7.577470417115208e-53 4.6942406124298013e-54 2.883637169462025e-55 1.7569449483211113e-56 1.0619988184754527e-57 6.370044219831212e-59 3.792414790060398e-60 2.2415335535491782e-61 1.3158707682353635e-62 7.643959859170601e-64 4.4269732495016325e-65 2.547672647539115e-66 1.457215840419547e-67 8.285892062147147e-69 4.684645767307645e-70 2.6340200121228484e-71 1.4731472462360105e-72 8.19666145033588e-74 4.538068340915933e-75 2.5005111541215504e-76 1.3714870122597452e-77 7.489300585470022e-79 4.0724734660839035e-80 2.2055770702628604e-81 1.1899031414142241e-82 6.395945746858852e-84 3.426070282347866e-85 1.8280171900110698e-86 9.692849296745393e-88 5.144812658391682e-89 2.7238685047368016e-90 1.4387923742956806e-91 7.585261612303115e-93 3.993156525148681e-94 2.1003521436058293e-95 1.1045979234476186e-96 5.813247024501945e-98 3.0645905156007125e-99 1.6202459439931384e-100 8.602848496036003e-102 4.594430814594832e-103 2.4722073884769108e-104 1.3426613958533153e-105 7.372655930480222e-107 4.099487256479651e-108 2.311099043510145e-109 1.3220128733727933e-110 7.675408686611785e-112 4.521765767320116e-113 2.701123811684341e-114 1.6343544717851614e-115 1.0003592936330824e-116 6.185627074908625e-118 3.8588386901035783e-119 2.42579477496678e-120 1.5350659974275914e-121 9.770225311760795e-123 6.250145396212304e-124 4.0165393389020606e-125 2.591854442888968e-126 1.678897735865868e-127 1.0913800582369005e-128 7.118064946170081e-130 4.656733884291522e-131 3.0551323899590696e-132 2.0095320846755283e-133 1.3248066581309138e-134 8.751205288715117e-136 5.79024043558085e-137 3.836002947523271e-138 2.5437600030923977e-139 1.6877697294978107e-140 1.1200475075485081e-141 7.431762607760481e-143 4.9287128737940933e-144 3.2660565801488355e-145 2.1618915925561107e-146 1.4290452807263087e-147 9.430886887132885e-149 6.212364227231423e-150 4.0838796572746255e-151 2.6787026943214213e-152 1.7530072076396381e-153 1.1426377710790941e-154 7.432084751188498e-156 4.821981096376194e-157 3.1213943698481768e-158 2.0154312677122295e-159 1.2977101203848412e-160 8.331103918160652e-162 5.332020982819291e-163 3.40182907681411e-164 2.1634393296820346e-165 1.37143117421402e-166 8.665427738253954e-168 5.457472236708656e-169 3.426010537203709e-170 2.1438698276996507e-171 1.337326194846256e-172 8.316043954025724e-174 5.155106182308298e-175 3.185585598855057e-176 1.9622566814643644e-177 1.2048311177635128e-178 7.373979405960207e-180 4.4988188699555607e-181 2.736156371995637e-182 1.6590402385982197e-183 1.0029313593584018e-184 6.045077501847307e-186 3.6329497542266786e-187 2.176944939998264e-188 1.300662523198509e-189 7.748299692562756e-191 4.602226481162582e-192 2.725347512023011e-193 1.609223238601623e-194 9.4729859264811e-196 5.560095533990768e-197 3.2537506744971962e-198 1.8984349460927387e-199 1.104386190317077e-200 6.407142951584723e-202 3.918396695783418e-203 
0.0 0.0 0.0 0.0 0.0 0.0 0.0 0.0 0.0 0.0 0.0 0.0 0.0 0.0 0.0 0.0 0.0 0.0 0.0 0.0 0.0 0.0 0.0 0.0 0.0 0.0 0.0 0.0 0.0 0.0 0.0 0.0 0.0 0.0 0.0 0.0 0.0 0.0 0.0 0.0 0.0 0.0 0.0 0.0 0.0 0.0 0.0 0.0 0.0 0.0 0.0 0.0 0.0 0.0 0.0 0.0 0.0 0.0 0.0 0.0 0.0 0.0 0.0 0.0 0.0 0.0 0.0 0.0 0.0 0.0 0.0 0.0 0.0 0.0 0.0 0.0 0.0 0.0 0.0 0.0 0.0 0.0 0.0 0.0 0.0 0.0 0.0 0.0 0.0 0.0 0.0 0.0 0.0 0.0 0.0 0.0 0.0 0.0 0.0 0.0 0.0 0.0 0.0 0.0 0.0 0.0 0.0 0.0 0.0 0.0 0.0 0.0 0.0 0.0 0.0 0.0 0.0 0.0 0.0 0.0 0.0 0.0 0.0 0.0 0.0 0.0 0.0 0.0 0.0 0.0 0.0 0.0 0.0 0.0 0.0 0.0 0.0 0.0 0.0 0.0 0.0 0.0 0.0 0.0 0.0 0.0 0.0 0.0 0.0 0.0 0.0 0.0 0.0 0.0 0.0 0.0 0.0 0.0 0.0 0.0 0.0 0.0 0.0 0.0 0.0 0.0 0.0 0.0 0.0 0.0 0.0 0.0 0.0 0.0 0.0 0.0 0.0 0.0 0.0 0.0 0.0 0.0 0.0 0.0 0.0 0.0 0.0 0.0 0.0 0.0 0.0 0.0 0.0 0.0 0.0 0.0 0.0 0.0 0.0 0.0 
1900 1 5 0 0 0
13.278308739956826 13.275405499105837 13.271580052285625 13.266077623658811 13.258355347665802 13.247632504395675 13.233071397779803 13.213750349759685 13.188688955771637 13.15689278771434 13.117410513169498 13.069400168982543 13.01220341562606 12.945427722778675 12.869035967726552 12.783441282258128 12.689615133926852 12.589339314025453 12.48501052612952 12.380236548628679 12.279478905890393 12.188107253652635 12.111877133853174 12.055883360367211 12.022485028635314 12.007525857400234 12.002367645155678 12.000797848051937 12.000307458077687 12.000135672414286 12.000066696504053 12.000035416538259 12.00001980989795 12.000011457510244 12.000006761128379 12.000004030824206 12.000002409668458 12.000001435887613 12.000000848646645 12.000000495318472 12.000000284333556 12.000000159877116 12.0000000876658 12.000000046632644 12.00000002390667 12.000000011711165 12.000000005419494 12.000000002332703 12.000000000914387 12.000000000317138 12.000000000093609 12.000000000022359 12.000000000004079 12.000000000000545 12.000000000000057 12.000000000000009 12.0 12.00000000000001 12.0 11.999999999999982 11.99999999999998 11.999999999999988 12.000000000000002 12.000000000000002 12.0 12.0 12.000000000000004 11.999999999999998 11.999999999999993 11.999999999999991 11.999999999999986 11.99999999999999 11.999999999999979 11.999999999999991 12.000000000000002 12.000000000000002 11.999999999999998 11.999999999999998 11.999999999999991 11.999999999999988 11.999999999999993 11.999999999999995 12.000000000000002 12.000000000000002 12.000000000000002 12.000000000000007 12.000000000000002 12.000000000000005 12.0 12.0 11.999999999999982 11.999999999999982 11.999999999999988 11.99999999999998 11.99999999999999 11.99999999999999 11.999999999999991 11.999999999999998 11.999999999999996 11.999999999999998 12.0 12.0 12.000000000000014 12.000000000000018 12.000000000000016 12.000000000000016 12.000000000000018 12.000000000000018 12.000000000000004 11.999999999999995 11.999999999999996 11.999999999999996 12.0 12.000000000000004 11.999999999999998 12.0 12.000000000000014 12.000000000000009 12.000000000000005 11.999999999999996 11.999999999999988 11.99999999999998 11.999999999999977 11.99999999999998 11.99999999999998 12.0 12.000000000000002 12.0 12.000000000000002 12.0 12.00000000000001 12.000000000000009 12.0 12.000000000000005 12.000000000000004 11.999999999999995 12.0 12.000000000000007 12.000000000000009 11.999999999999998 11.999999999999996 11.999999999999991 11.999999999999996 12.0 11.999999999999996 12.00000000000001 12.000000000000016 12.000000000000012 12.000000000000007 12.000000000000012 12.0 11.999999999999996 11.999999999999998 12.000000000000004 11.999999999999993 11.999999999999995 12.0 12.000000000000002 11.999999999999998 11.999999999999993 11.999999999999998 11.999999999999996 12.000000000000002 12.0 12.000000000000002 12.00000000000001 12.000000000000018 12.000000000000014 12.000000000000016 12.00000000000002 12.000000000000018 12.000000000000018 12.000000000000018 12.000000000000018 12.000000000000007 12.0 12.0 12.0 11.999999999999998 12.0 12.000000000000009 12.000000000000007 12.000000000000005 12.000000000000007 12.000000000000012 12.000000000000007 12.000000000000002 12.0 12.000000000000007 12.000000000000014 12.000000000000016 12.00000000000002 12.000000000000021 12.00000000000002 12.000000000000016 12.000000000000007 12.000000000000016 12.000000000000002 12.000000000000002 12.0 
35.00000000000005 35.00000000000004 35.00000000000005 35.00000000000005 35.00000000000006 35.000000000000064 35.000000000000064 35.00000000000006 35.00000000000005 35.00000000000005 35.00000000000004 35.000000000000036 35.00000000000003 35.00000000000003 35.000000000000036 35.00000000000003 35.00000000000002 35.000000000000014 35.0 35.0 35.0 34.999999999999986 34.99999999999999 34.999999999999986 34.99999999999998 34.99999999999999 34.999999999999986 34.99999999999998 34.999999999999964 34.99999999999995 34.99999999999995 34.99999999999995 34.99999999999997 34.99999999999997 34.99999999999998 34.999999999999986 34.999999999999986 34.99999999999997 34.99999999999997 34.999999999999964 34.999999999999986 34.99999999999997 34.99999999999998 34.99999999999998 34.999999999999986 34.99999999999999 35.00000000000002 35.000000000000036 35.00000000000007 35.000000000000114 35.00000000000012 35.000000000000085 35.00000000000005 35.00000000000006 35.000000000000064 35.000000000000064 35.00000000000006 35.00000000000006 35.0 34.99999999999995 34.999999999999936 34.999999999999964 34.99999999999999 34.99999999999996 34.99999999999996 34.99999999999998 34.999999999999964 34.99999999999997 34.99999999999994 34.99999999999995 34.99999999999996 34.99999999999997 34.99999999999995 34.99999999999997 35.000000000000014 35.0 34.99999999999998 34.99999999999998 34.99999999999995 34.99999999999994 34.99999999999992 34.99999999999993 34.99999999999996 35.0 35.000000000000014 35.00000000000004 35.00000000000006 35.00000000000006 35.00000000000006 35.000000000000036 34.99999999999996 34.99999999999994 34.99999999999994 34.99999999999994 34.999999999999964 34.99999999999994 34.99999999999997 34.999999999999986 35.0 35.00000000000001 35.00000000000005 35.000000000000064 35.0000000000001 35.00000000000009 35.00000000000005 35.00000000000006 35.000000000000036 35.00000000000003 34.999999999999986 34.999999999999936 34.99999999999994 34.99999999999994 34.99999999999996 34.999999999999964 34.99999999999997 35.00000000000002 35.00000000000005 35.00000000000005 35.00000000000003 34.999999999999986 35.0 34.999999999999986 34.99999999999994 34.99999999999992 34.999999999999915 34.99999999999997 34.99999999999993 34.99999999999994 34.99999999999994 34.99999999999996 35.0 35.00000000000002 34.999999999999986 35.00000000000002 34.999999999999986 34.99999999999992 34.99999999999994 34.99999999999995 34.999999999999964 34.99999999999996 34.99999999999996 34.999999999999936 34.99999999999995 34.999999999999964 34.99999999999997 35.00000000000002 35.000000000000036 35.000000000000014 35.0 34.99999999999997 34.999999999999986 35.0 35.00000000000001 35.00000000000001 34.99999999999999 34.99999999999998 35.000000000000014 35.00000000000005 35.00000000000003 35.0 35.000000000000014 34.999999999999986 34.999999999999986 34.99999999999998 34.99999999999996 34.99999999999996 34.99999999999997 34.999999999999986 34.99999999999999 35.00000000000003 35.000000000000036 35.00000000000004 35.000000000000014 35.00000000000004 35.000000000000036 35.00000000000004 35.00000000000004 35.00000000000002 35.00000000000001 35.00000000000001 35.00000000000002 35.00000000000006 35.00000000000003 35.00000000000003 35.000000000000036 35.00000000000001 35.00000000000001 35.000000000000014 35.000000000000036 35.000000000000036 35.00000000000006 35.00000000000005 35.00000000000004 35.00000000000001 35.00000000000002 35.00000000000002 35.00000000000005 35.00000000000005 35.00000000000006 35.00000000000005 
0.97842791978671 0.9361642439297811 0.9101056625121757 0.8850522553626005 0.8599928795900618 0.8335835445670383 0.8052371527106453 0.7746090412144312 0.741477881194949 0.7057066164542143 0.6672290736486115 0.6260468661564592 0.5822311768115042 0.5359272968032649 0.4873608344297051 0.4368440721260024 0.3847794551486867 0.33167694061951614 0.2786379150070363 0.2264128243958892 0.1761663905820135 0.12941864255964394 0.08792580345824683 0.053915201652216145 0.02962529287669628 0.015197580102619507 0.007864713364395672 0.004354463682510582 0.0026148811401317585 0.0016784134685652345 0.0011279890362526812 0.0007802409856494472 0.0005486977073071372 0.00038893721516020525 0.0002761608135137396 0.00019547819012527237 0.00013739218306794664 9.554533894414023e-05 6.551790141173578e-05 4.414725748874984e-05 2.9121952507982723e-05 1.8728123944848015e-05 1.1684561080234444e-05 7.031330857755751e-06 4.051648567594111e-06 2.215234357309967e-06 1.1356603025191494e-06 5.374130516666429e-07 2.298501144400259e-07 8.633512628037736e-08 2.7387164278130175e-08 6.967629774938119e-09 1.3401786529365739e-09 1.878552086709561e-10 1.9997264469766813e-11 1.8169751730434315e-12 1.547264051703233e-13 1.2882090436715781e-14 1.0629593366566325e-15 8.718617519477861e-17 7.108100586362314e-18 5.759867244561816e-19 4.6388949221634046e-20 3.7132620462506966e-21 2.9541571815572195e-22 2.335864996221396e-23 1.8356877136110932e-24 1.4338034694010904e-25 1.113077647456153e-26 8.588438331993972e-28 6.586680935591623e-29 5.0210745525055786e-30 3.8047117393642183e-31 2.865914419656771e-32 2.146084193461104e-33 1.5977287539024625e-34 1.1826833511844108e-35 8.705346771055827e-37 6.372454245536596e-38 4.6397097672572926e-39 3.3605494224626786e-40 2.4218726556746115e-41 1.737070909657997e-42 1.2403214565823893e-43 8.81969608309304e-45 6.248581650017575e-46 4.407382744672692e-47 3.102994584157537e-48 2.1803284503099167e-49 1.5304051700332875e-50 1.074276855365906e-51 7.54997349800416e-53 5.31865489316755e-54 3.760164797610134e-55 2.671042235412682e-56 1.9085905712473632e-57 1.3731656544908101e-58 9.954542257041859e-60 7.274004231255967e-61 5.3579180701248336e-62 3.9746027340933646e-63 2.9664980946726253e-64 2.2262222918718314e-65 1.6804697944429732e-66 1.2731587025582637e-67 9.665881484265512e-69 7.344236112315393e-70 5.5784093917664526e-71 4.2315996246687124e-72 3.203008320320575e-73 2.4174393427728498e-74 1.8181705886848828e-75 1.3620107821724074e-76 1.0158289559014714e-77 7.540806387490278e-79 5.5701289210501026e-80 4.0933704194973805e-81 2.9922917531883935e-82 2.175653226614133e-83 1.5732871910640908e-84 1.1314623948537686e-85 8.092385479967127e-87 5.755928995168029e-88 4.071560768247435e-89 2.8643236992692296e-90 2.00406516011287e-91 1.3945883060880488e-92 9.652566910660879e-94 6.645416235275286e-95 4.550984991144369e-96 3.1003787506490133e-97 2.1012284189646564e-98 1.4167868872881186e-99 9.504571042607227e-101 6.344267801552619e-102 4.21381961564937e-103 2.7850974471698438e-104 1.831890478936877e-105 1.19916216903206e-106 7.81268398573833e-108 5.066302136903708e-109 3.2702042730809355e-110 2.101241719712915e-111 1.3440602266517433e-112 8.559080818696209e-114 5.426566823046394e-115 3.425599592723445e-116 2.1532034666243064e-117 1.3477024277476128e-118 8.400143039105976e-120 5.2141817666647895e-121 3.223408747043262e-122 1.9847166381151665e-123 1.2171098574995211e-124 7.435030376754651e-126 4.524618601399529e-127 2.7428192746539064e-128 1.656442971052073e-129 9.966484243725766e-131 5.974690239048206e-132 3.568767786206076e-133 2.124087239830823e-134 1.2597937960995148e-135 7.445978179347169e-137 4.3859288644203785e-138 2.574788418175515e-139 1.5065536090754722e-140 8.786463511115244e-142 5.108038017303681e-143 2.960257257058499e-144 1.710275163930816e-145 9.85124051285891e-147 5.657611098661576e-148 3.2398384411449823e-149 1.850099354708931e-150 1.0536213362338374e-151 5.984556019435523e-153 3.3906405132949274e-154 1.916390389482155e-155 1.0806753337554008e-156 6.081071264995328e-158 3.4151738458602847e-159 1.9146059315512105e-160 1.0717166593784876e-161 5.991440436904915e-163 3.3463516907130784e-164 1.8678088561673803e-165 1.0424845305164866e-166 5.820131118538085e-168 3.252759098692368e-169 1.8207225694037162e-170 1.0215745353181508e-171 5.750097387346798e-173 3.2503003545698364e-174 1.8468467222313363e-175 1.0559853782666289e-176 6.08290166949771e-178 3.531217328694819e-179 2.070219470316789e-180 1.2990261505029957e-181 
0.0 0.0 0.0 0.0 0.0 0.0 0.0 0.0 0.0 0.0 0.0 0.0 0.0 0.0 0.0 0.0 0.0 0.0 0.0 0.0 0.0 0.0 0.0 0.0 0.0 0.0 0.0 0.0 0.0 0.0 0.0 0.0 0.0 0.0 0.0 0.0 0.0 0.0 0.0 0.0 0.0 0.0 0.0 0.0 0.0 0.0 0.0 0.0 0.0 0.0 0.0 0.0 0.0 0.0 0.0 0.0 0.0 0.0 0.0 0.0 0.0 0.0 0.0 0.0 0.0 0.0 0.0 0.0 0.0 0.0 0.0 0.0 0.0 0.0 0.0 0.0 0.0 0.0 0.0 0.0 0.0 0.0 0.0 0.0 0.0 0.0 0.0 0.0 0.0 0.0 0.0 0.0 0.0 0.0 0.0 0.0 0.0 0.0 0.0 0.0 0.0 0.0 0.0 0.0 0.0 0.0 0.0 0.0 0.0 0.0 0.0 0.0 0.0 0.0 0.0 0.0 0.0 0.0 0.0 0.0 0.0 0.0 0.0 0.0 0.0 0.0 0.0 0.0 0.0 0.0 0.0 0.0 0.0 0.0 0.0 0.0 0.0 0.0 0.0 0.0 0.0 0.0 0.0 0.0 0.0 0.0 0.0 0.0 0.0 0.0 0.0 0.0 0.0 0.0 0.0 0.0 0.0 0.0 0.0 0.0 0.0 0.0 0.0 0.0 0.0 0.0 0.0 0.0 0.0 0.0 0.0 0.0 0.0 0.0 0.0 0.0 0.0 0.0 0.0 0.0 0.0 0.0 0.0 0.0 0.0 0.0 0.0 0.0 0.0 0.0 0.0 0.0 0.0 0.0 0.0 0.0 0.0 0.0 0.0 0.0 
1900 1 6 0 0 0
13.029292668774097 13.02743616078464 13.02509052842128 13.022179077400466 13.018090709867577 13.012803835955221 13.005950989835709 12.997181658336432 12.986126204937895 12.972396106970892 12.955592676401464 12.935319624051132 12.91119799116519 12.882882779343836 12.850081004065677 12.81257113739827 12.770224019683083 12.723025362249599 12.671100142884743 12.614740303062208 12.554442714508873 12.49018163340623 12.424747944224372 12.357131007602632 12.292056341292346 12.227564613353364 12.169463016861364 12.116516303528147 12.072601077050393 12.039869048031616 12.018870132643023 12.007847014123646 12.003071731865289 12.001230872255736 12.000534194426196 12.000255606786762 12.000133817707063 12.000075345465712 12.00004482961827 12.000027775187819 12.000017716915503 12.000011534748184 12.000007614793773 12.000005071256874 12.000003393157034 12.000002273295783 12.000001520601929 12.000001012897576 12.000000670302352 12.000000439673613 12.00000028518901 12.000000182477539 12.000000114863685 12.000000070909806 12.000000042775104 12.000000025102253 12.000000014252597 12.000000007775954 12.000000004041086 12.000000001978112 12.000000000898781 12.000000000371857 12.000000000136598 12.000000000043103 12.000000000011214 12.000000000002307 12.000000000000368 12.000000000000043 12.0 12.0 12.0 12.0 12.000000000000002 12.000000000000002 12.0 11.999999999999996 11.999999999999998 12.0 12.0 11.999999999999998 11.999999999999984 11.99999999999998 11.999999999999984 11.999999999999993 11.999999999999996 12.0 12.0 12.000000000000002 12.0 12.0 12.0 12.0 11.999999999999991 11.999999999999982 11.999999999999988 11.999999999999998 12.000000000000004 12.000000000000007 12.000000000000002 12.000000000000002 12.000000000000009 12.00000000000001 12.000000000000007 12.000000000000009 12.000000000000012 12.000000000000014 12.000000000000002 12.000000000000004 12.0 12.0 12.0 12.0 12.0 12.000000000000007 12.000000000000018 12.000000000000016 12.000000000000007 12.000000000000009 12.000000000000004 11.999999999999995 12.0 12.0 11.999999999999984 11.999999999999991 11.999999999999988 11.999999999999991 12.0 11.999999999999998 12.0 12.000000000000005 11.999999999999998 11.999999999999998 12.000000000000004 12.000000000000009 12.000000000000002 12.000000000000004 12.000000000000018 12.000000000000014 12.000000000000007 12.000000000000004 12.000000000000002 11.999999999999998 11.999999999999993 11.99999999999999 11.99999999999999 12.0 12.000000000000016 12.000000000000016 12.000000000000004 11.999999999999996 11.999999999999993 11.99999999999999 11.99999999999999 11.999999999999986 11.99999999999999 11.999999999999995 11.999999999999998 12.000000000000004 12.0 12.0 11.999999999999995 12.000000000000002 12.000000000000004 12.0 12.000000000000002 12.000000000000012 12.00000000000001 12.000000000000016 12.000000000000014 12.00000000000002 12.000000000000014 12.000000000000016 12.000000000000016 12.000000000000016 12.000000000000002 11.999999999999995 11.999999999999993 12.0 11.999999999999998 12.0 11.999999999999996 11.999999999999998 11.999999999999996 11.999999999999986 11.999999999999995 12.000000000000004 12.0 12.000000000000002 12.000000000000012 12.000000000000005 12.00000000000001 12.00000000000001 12.000000000000009 12.000000000000014 12.000000000000014 12.00000000000001 12.000000000000004 12.0 12.000000000000002 12.0 
35.000000000000064 35.000000000000064 35.00000000000006 35.000000000000064 35.000000000000064 35.000000000000064 35.000000000000064 35.00000000000007 35.00000000000007 35.00000000000007 35.000000000000064 35.00000000000006 35.000000000000064 35.00000000000006 35.00000000000005 35.00000000000005 35.00000000000005 35.00000000000004 35.00000000000004 35.00000000000004 35.00000000000003 35.00000000000003 35.000000000000036 35.000000000000036 35.00000000000005 35.00000000000006 35.00000000000005 35.00000000000003 34.99999999999999 35.0 34.999999999999986 34.999999999999986 34.999999999999986 34.99999999999997 34.99999999999997 34.999999999999964 34.999999999999964 34.99999999999996 34.99999999999996 34.99999999999998 34.99999999999997 34.999999999999986 35.0 35.000000000000014 35.00000000000002 35.00000000000003 35.00000000000003 35.00000000000005 35.000000000000036 35.000000000000036 35.000000000000036 35.000000000000036 35.00000000000004 35.00000000000006 35.00000000000007 35.000000000000064 35.00000000000003 35.00000000000002 35.000000000000014 34.999999999999986 34.99999999999998 34.99999999999999 35.0 35.000000000000014 35.00000000000001 34.99999999999999 34.99999999999998 34.99999999999997 34.999999999999936 34.99999999999993 34.999999999999964 34.99999999999999 35.0 34.99999999999999 34.99999999999998 34.999999999999986 35.00000000000001 34.99999999999997 34.999999999999964 34.99999999999997 34.999999999999936 34.999999999999936 34.99999999999994 34.999999999999936 34.999999999999964 34.999999999999986 34.999999999999986 35.00000000000003 35.000000000000064 35.000000000000064 35.00000000000005 35.00000000000003 34.99999999999998 34.99999999999997 34.99999999999996 34.99999999999996 34.99999999999998 35.00000000000003 35.000000000000014 35.000000000000014 35.000000000000036 35.00000000000007 35.000000000000085 35.00000000000008 35.00000000000009 35.00000000000007 35.00000000000002 34.999999999999986 34.999999999999936 34.99999999999995 34.99999999999994 34.99999999999995 34.999999999999964 35.0 35.00000000000003 35.00000000000004 35.00000000000004 35.00000000000003 35.00000000000003 34.99999999999999 34.99999999999998 34.99999999999995 34.999999999999915 34.99999999999993 34.999999999999936 34.999999999999936 34.999999999999936 34.99999999999994 34.99999999999993 34.99999999999996 34.99999999999995 34.999999999999964 34.999999999999986 35.0 35.000000000000014 35.00000000000002 35.00000000000005 35.000000000000036 35.00000000000003 35.00000000000001 35.00000000000001 35.0 34.999999999999964 34.99999999999995 34.99999999999992 34.999999999999936 35.0 34.999999999999986 34.999999999999964 34.99999999999995 34.99999999999996 34.99999999999995 34.99999999999996 34.999999999999964 34.99999999999997 34.99999999999998 34.999999999999964 34.99999999999999 35.00000000000001 34.999999999999986 34.999999999999964 35.000000000000014 35.00000000000001 34.999999999999986 34.99999999999998 35.0 35.000000000000036 35.00000000000006 35.00000000000004 35.00000000000003 35.00000000000006 35.00000000000005 35.00000000000005 35.00000000000004 35.000000000000036 34.99999999999999 34.99999999999999 35.0 34.99999999999998 34.999999999999986 34.999999999999986 34.999999999999986 34.999999999999986 34.99999999999995 34.999999999999964 35.00000000000001 34.99999999999998 35.0 35.00000000000003 35.000000000000014 35.000000000000014 34.99999999999998 35.0 35.00000000000003 35.000000000000014 35.00000000000002 35.00000000000001 35.0 35.00000000000003 35.00000000000004 
0.9918402806533798 0.9512825194165964 0.926332291881822 0.9072860327924268 0.8865021515806784 0.8658543715544214 0.8444303108450962 0.8218544663558405 0.797909699662824 0.7724530850900901 0.7453876042604507 0.7166506956046549 0.6862094007903822 0.6540585495620432 0.6202205284342699 0.5847459748529619 0.547715049739866 0.5092389698687904 0.46946107583788116 0.4285549123423446 0.38670944296393117 0.34465904505756517 0.3017900507302788 0.2607513988591577 0.2184970363658803 0.18062021203499679 0.14132834012070875 0.10715180456109936 0.07562593659200453 0.049938329925694094 0.030664835085669476 0.01796821010099859 0.010506005325371699 0.006378216998704544 0.00409047372397927 0.002764528727493487 0.0019476409394961018 0.0014137227210328422 0.0010471646729506778 0.00078582381184823 0.0005942713185138455 0.0004510926503477508 0.0003426332030543597 0.0002597705934750809 0.00019616461467309256 0.0001472614267118948 0.00010970091495154706 8.09490631135985e-05 5.906138934329426e-05 4.252566562056787e-05 3.0154104454828826e-05 2.1007658037942333e-05 1.4341359628010052e-05 9.564023365702772e-06 6.2077541900811925e-06 3.904343118229564e-06 2.366576439763407e-06 1.3731201754697866e-06 7.561131549528504e-07 3.908101949485083e-07 1.8688714462278152e-07 8.112351154521686e-08 3.116031407093032e-08 1.0237321027880062e-08 2.7552102467867463e-09 5.810499474863169e-10 9.366494336318888e-11 1.2008812975482306e-11 1.3345079311143682e-12 1.3900656073891305e-13 1.4121037460978639e-14 1.420301860997744e-15 1.4216040630904368e-16 1.4169583913793922e-17 1.4063413289356182e-18 1.3898214949030357e-19 1.3675553215576894e-20 1.339780641122563e-21 1.3068096780137455e-22 1.269021495310801e-23 1.2268536894233552e-24 1.1807932353309872e-25 1.1313665303432423e-26 1.079128796859803e-27 1.024653083753798e-28 9.685191573587056e-30 9.113026115686875e-31 8.535659815431319e-32 7.960254024712012e-33 7.367957051622183e-34 6.808126174179816e-35 6.263382979096678e-36 5.7365870219136985e-37 5.229907562357969e-38 4.7456522956560066e-39 4.286000132338101e-40 3.852751986548222e-41 3.447211823685775e-42 3.0701597119560526e-43 2.7218815565198315e-44 2.4029080442427376e-45 2.1033204562904386e-46 1.8397065352973344e-47 1.6019980024264877e-48 1.3888476745348978e-49 1.1987648137150441e-50 1.0301645709287996e-51 8.814107214764695e-53 7.508521443433435e-54 6.368536480904032e-55 5.378215951237798e-56 4.522245879785574e-57 3.7860942537621856e-58 3.1561262490281113e-59 2.619679568511473e-60 2.1651054689051637e-61 1.7817813939899495e-62 1.4601007648167074e-63 1.1914447417455977e-64 9.681400030038623e-66 7.834059608539313e-67 6.312943883782131e-68 5.066240989345283e-69 4.0491303097020025e-70 3.223097916245092e-71 2.555263862856994e-72 2.0177351672250993e-73 1.5869948805119704e-74 1.2433344577536737e-75 9.703339351944105e-77 7.543894168541748e-78 5.842984649939236e-79 4.508846804967575e-80 3.4667046044400985e-81 2.655951897414185e-82 2.027729467035107e-83 1.5428528758579697e-84 1.1700554667084207e-85 8.84511720367054e-87 6.666060629147943e-88 5.009136143958019e-89 3.7536199021364968e-90 2.805464009312302e-91 2.0917350939902566e-92 1.5561260256499767e-93 1.1553553853189738e-94 8.562959915003928e-96 6.336979402818082e-97 4.6839314558896154e-98 3.458872875900321e-99 2.5526226380424404e-100 1.8830952858656443e-101 1.3892854571403793e-102 1.0252430183386198e-103 7.570159105492836e-105 5.594302305673433e-106 4.138589264199515e-107 3.0655563394367535e-108 2.273953050004584e-109 1.6893149634801952e-110 1.2569384019645341e-111 9.366641634240435e-113 6.99017708757381e-114 5.2236203895377085e-115 3.908033697100951e-116 2.926541809477196e-117 2.1930787653788336e-118 1.644073134753573e-119 1.2325831151750446e-120 9.238861675580084e-122 6.921838315936114e-123 5.182269821676883e-124 3.8761738207481564e-125 2.8957163826471804e-126 2.1600546212452207e-127 1.608505050285377e-128 1.1954512158996067e-129 8.865565408087495e-131 6.559488733604328e-132 4.841232384626938e-133 3.5637424619144115e-134 2.6161998191759554e-135 1.91516588625968e-136 1.3978984298215187e-137 1.017295186570599e-138 7.38063946271021e-140 5.33819937351392e-141 3.848863410412437e-142 2.76602881929475e-143 1.981648545628296e-144 1.415204094650596e-145 1.00742376001174e-146 7.147874228521627e-148 5.055229381972311e-149 3.5637018289079655e-150 2.504137601417632e-151 1.753932567221909e-152 1.2245283405735028e-153 8.5245582787649e-155 6.320050920111074e-156 
0.0 0.0 0.0 0.0 0.0 0.0 0.0 0.0 0.0 0.0 0.0 0.0 0.0 0.0 0.0 0.0 0.0 0.0 0.0 0.0 0.0 0.0 0.0 0.0 0.0 0.0 0.0 0.0 0.0 0.0 0.0 0.0 0.0 0.0 0.0 0.0 0.0 0.0 0.0 0.0 0.0 0.0 0.0 0.0 0.0 0.0 0.0 0.0 0.0 0.0 0.0 0.0 0.0 0.0 0.0 0.0 0.0 0.0 0.0 0.0 0.0 0.0 0.0 0.0 0.0 0.0 0.0 0.0 0.0 0.0 0.0 0.0 0.0 0.0 0.0 0.0 0.0 0.0 0.0 0.0 0.0 0.0 0.0 0.0 0.0 0.0 0.0 0.0 0.0 0.0 0.0 0.0 0.0 0.0 0.0 0.0 0.0 0.0 0.0 0.0 0.0 0.0 0.0 0.0 0.0 0.0 0.0 0.0 0.0 0.0 0.0 0.0 0.0 0.0 0.0 0.0 0.0 0.0 0.0 0.0 0.0 0.0 0.0 0.0 0.0 0.0 0.0 0.0 0.0 0.0 0.0 0.0 0.0 0.0 0.0 0.0 0.0 0.0 0.0 0.0 0.0 0.0 0.0 0.0 0.0 0.0 0.0 0.0 0.0 0.0 0.0 0.0 0.0 0.0 0.0 0.0 0.0 0.0 0.0 0.0 0.0 0.0 0.0 0.0 0.0 0.0 0.0 0.0 0.0 0.0 0.0 0.0 0.0 0.0 0.0 0.0 0.0 0.0 0.0 0.0 0.0 0.0 0.0 0.0 0.0 0.0 0.0 0.0 0.0 0.0 0.0 0.0 0.0 0.0 0.0 0.0 0.0 0.0 0.0 0.0 
1900 1 7 0 0 0
12.85781887256526 12.85653207611062 12.854980699477935 12.853133986102478 12.850699157132476 12.84767044913989 12.843871984783688 12.83914592671459 12.833327918621046 12.826243991708065 12.81771169259354 12.807542878215733 12.795547508375385 12.781538145114938 12.765334991994367 12.746771382713717 12.725699697493052 12.701997767920977 12.675575984375463 12.646385726698794 12.614430936117639 12.579788199048249 12.542651028060865 12.503441429861505 12.463063712258288 12.422951187394693 12.37956937211398 12.334686207768385 12.289929141484409 12.24371286079447 12.201065086816648 12.157981118807138 12.120925346180055 12.086733722857456 12.058601419333662 12.0355255276811 12.019332610023767 12.009546783023735 12.004416649699216 12.002015983902053 12.000951727095359 12.000477761638644 12.000257054446429 12.000147545067312 12.000089448860525 12.000056661649166 12.000037144373163 12.000025000863978 12.000017168997509 12.000011970325852 12.00000843960108 12.000005997986309 12.0000042855979 12.000003071645882 12.000002204163115 12.00000158080569 12.000001131321401 12.000000806703902 12.000000572305467 12.000000403356859 12.000000281993946 12.000000195244311 12.000000133641556 12.00000009025573 12.000000060007403 12.000000039174253 12.000000025033774 12.00000001560225 12.000000009441669 12.000000005517414 12.000000003092465 12.00000000164839 12.000000000826603 12.00000000038455 12.000000000162991 12.000000000061481 12.000000000020028 12.000000000005445 12.000000000001192 12.00000000000021 12.000000000000036 12.000000000000004 12.000000000000007 12.0 12.000000000000005 12.000000000000012 12.000000000000012 12.000000000000012 12.000000000000005 12.0 11.999999999999998 11.999999999999998 11.999999999999986 11.999999999999988 12.0 12.0 11.999999999999996 12.0 12.000000000000005 12.000000000000002 11.999999999999996 12.000000000000007 12.000000000000012 12.000000000000014 12.000000000000012 12.000000000000005 12.000000000000004 12.000000000000002 12.0 12.000000000000004 12.000000000000016 12.000000000000023 12.000000000000027 12.000000000000014 12.000000000000016 12.000000000000012 12.00000000000001 12.000000000000018 12.000000000000012 12.000000000000009 12.000000000000004 11.999999999999991 11.999999999999988 11.999999999999984 11.999999999999984 11.999999999999984 11.99999999999998 11.999999999999986 11.99999999999999 11.999999999999998 11.999999999999995 11.999999999999993 11.99999999999999 11.999999999999998 12.0 12.0 12.000000000000004 12.0 12.000000000000002 12.000000000000002 12.000000000000002 12.0 12.000000000000002 12.000000000000005 12.0 12.000000000000002 11.999999999999998 12.000000000000002 12.0 11.999999999999991 11.999999999999995 12.0 12.0 12.0 12.000000000000009 12.000000000000005 12.000000000000004 12.0 12.0 12.000000000000005 12.0 12.000000000000002 12.00000000000001 12.000000000000018 12.000000000000027 12.000000000000025 12.000000000000027 12.000000000000025 12.00000000000002 12.00000000000002 12.000000000000014 12.000000000000005 12.000000000000002 12.000000000000004 12.00000000000001 12.000000000000004 12.0 11.999999999999998 12.000000000000002 12.0 12.0 12.0 12.000000000000005 12.000000000000004 12.000000000000007 12.000000000000005 12.000000000000005 12.000000000000009 12.000000000000018 12.000000000000023 12.000000000000014 12.000000000000012 12.000000000000009 12.000000000000004 12.000000000000004 12.000000000000012 12.000000000000002 12.000000000000005 12.00000000000001 12.0 
35.000000000000014 35.000000000000014 35.000000000000014 35.00000000000001 35.0 35.0 35.00000000000001 35.0 35.00000000000001 35.00000000000001 35.000000000000014 35.000000000000014 35.000000000000014 35.00000000000002 35.00000000000002 35.00000000000002 35.000000000000014 35.000000000000014 35.000000000000014 35.00000000000001 35.00000000000001 35.000000000000014 35.000000000000014 35.00000000000001 35.0 35.00000000000001 34.99999999999999 34.99999999999999 34.99999999999999 34.999999999999986 34.99999999999997 34.99999999999997 34.999999999999986 34.99999999999998 34.999999999999964 34.99999999999995 34.99999999999996 34.99999999999997 34.99999999999998 34.99999999999999 34.999999999999986 34.99999999999999 34.99999999999999 34.99999999999999 34.99999999999999 34.99999999999999 35.0 35.00000000000001 35.00000000000001 35.000000000000014 35.00000000000002 35.00000000000002 35.000000000000036 35.00000000000003 35.000000000000036 35.00000000000004 35.00000000000004 35.00000000000004 35.000000000000036 35.00000000000001 35.0 35.000000000000014 35.000000000000014 35.00000000000001 35.00000000000001 35.0 35.0 35.000000000000014 35.000000000000014 35.00000000000003 35.00000000000002 35.00000000000002 35.00000000000003 35.00000000000002 35.00000000000001 35.0 34.999999999999986 34.999999999999986 34.999999999999964 34.999999999999964 34.99999999999998 34.999999999999986 35.000000000000036 35.00000000000002 35.000000000000014 35.000000000000036 35.00000000000006 35.000000000000064 35.00000000000006 35.000000000000036 35.00000000000003 35.00000000000002 34.99999999999997 34.99999999999996 34.99999999999996 34.99999999999996 34.99999999999998 35.00000000000001 35.00000000000006 35.00000000000006 35.00000000000005 35.00000000000008 35.00000000000008 35.00000000000008 35.000000000000064 35.00000000000001 35.0 34.999999999999986 35.0 35.000000000000014 35.00000000000002 35.00000000000006 35.00000000000007 35.00000000000005 35.000000000000036 35.0 34.999999999999986 35.00000000000002 34.99999999999999 34.99999999999997 34.999999999999964 34.999999999999936 34.999999999999936 34.99999999999993 34.99999999999993 34.999999999999915 34.99999999999993 34.99999999999993 34.999999999999936 34.999999999999964 34.99999999999996 34.99999999999998 34.99999999999997 34.999999999999986 35.0 35.000000000000014 35.00000000000002 35.00000000000001 35.000000000000014 35.00000000000002 34.999999999999986 34.99999999999998 34.99999999999994 34.99999999999995 34.99999999999994 34.99999999999996 34.999999999999964 34.99999999999998 34.99999999999999 34.99999999999997 34.999999999999964 34.99999999999998 34.99999999999999 35.00000000000001 35.00000000000003 35.00000000000002 35.00000000000002 35.00000000000001 34.99999999999999 35.0 34.999999999999964 34.99999999999996 35.0 35.00000000000001 35.00000000000001 35.00000000000003 35.00000000000003 35.00000000000004 35.00000000000005 35.00000000000008 35.000000000000036 35.00000000000001 35.00000000000003 35.000000000000036 35.000000000000036 35.00000000000003 35.00000000000003 35.0 34.99999999999999 34.99999999999997 34.99999999999996 34.99999999999995 34.99999999999995 34.99999999999998 34.99999999999999 34.99999999999999 34.999999999999986 34.99999999999999 35.0 34.999999999999986 34.99999999999997 34.999999999999986 34.999999999999986 34.999999999999986 34.99999999999998 35.0 34.99999999999998 35.00000000000002 35.00000000000004 35.000000000000036 
0.9987338296826295 0.9593175395105483 0.9361239234711847 0.9188640444786343 0.9011274409998449 0.8840077712114597 0.8666618014011095 0.8487391514538138 0.8300381441849105 0.8104251728925639 0.7898053926268193 0.7681096077083539 0.745287773180643 0.7213056367731565 0.696143020886006 0.6697930121380242 0.6422616533794272 0.6135678545805334 0.5837432065464964 0.5528311188458731 0.5208838922231439 0.48795392416840394 0.4540673525156725 0.4191366327092851 0.3825765230545357 0.3610731099723148 0.3241388868706968 0.28786266300797464 0.2516896870536801 0.22248263595272508 0.18764522061098288 0.15712839832602607 0.1250510855487747 0.1007718512076402 0.07305954382511763 0.05231585174204567 0.034942597402119926 0.022581371389607918 0.01440269440428731 0.009320159988097097 0.006232637585906331 0.004332506441440293 0.0031214476624043534 0.0023155430560028644 0.001756275630940367 0.0013538270973871664 0.0010555880978308833 0.0008294516340791008 0.0006549697343731075 0.0005185801859971296 0.0004109508822300959 0.0003254498472742359 0.0002572312330976084 0.00020266957169802656 0.00015899766490076866 0.00012406743941049944 9.618760151366965e-05 7.40105798162527e-05 5.645207317132947e-05 4.263267449637218e-05 3.1834768268008775e-05 2.3470236373192135e-05 1.705585745556778e-05 1.2194250522910733e-05 8.559017376925801e-06 5.882801026317369e-06 3.947655596086622e-06 2.577141918102807e-06 1.6296741408111516e-06 9.929185343276041e-07 5.790257254803935e-07 3.204946209618145e-07 1.6657862757756063e-07 8.016953438711544e-08 3.50735258496529e-08 1.3610202620470858e-08 4.534836790542427e-09 1.2470716497934164e-09 2.71926496917432e-10 4.625056499614272e-11 6.4035624230602696e-12 7.799741918493698e-13 8.94826822979208e-14 1.0022562375548201e-14 1.112198966099813e-15 1.2294647027479972e-16 1.3559201527683116e-17 1.4904891553697609e-18 1.6362811795610616e-19 1.7926741595950603e-20 1.959453758873576e-21 2.1369068473517657e-22 2.325467747273015e-23 2.5254890793073453e-24 2.737154720732321e-25 2.9604672619476334e-26 3.1952588425154506e-27 3.4413278007014294e-28 3.69624481337102e-29 3.960973463580253e-30 4.237031223256333e-31 4.506847044976412e-32 4.7983487022620053e-33 5.093844369545721e-34 5.391757076874382e-35 5.690727137947988e-36 5.9890959440707065e-37 6.284851195502375e-38 6.57572952485419e-39 6.85932745081684e-40 7.133182955216099e-41 7.395538484907401e-42 7.634990981567751e-43 7.865918011746741e-44 8.074962135319598e-45 8.264095088892635e-46 8.430885113331031e-47 8.572401562229243e-48 8.686397924284484e-49 8.771334483979198e-50 8.826180213432118e-51 8.850284281715203e-52 8.843334259724405e-53 8.805356237171826e-54 8.736720786475302e-55 8.638138311422352e-56 8.510641143840323e-57 8.35555626535805e-58 8.174473876016482e-59 7.969215621868181e-60 7.741803979152088e-61 7.494432489134973e-62 7.229435706215456e-63 6.949257647724611e-64 6.656417975474433e-65 6.353475911314331e-66 6.042992710370739e-67 5.7274940827528e-68 5.4094341236429e-69 5.0911621421665653e-70 4.774893431361567e-71 4.462684640013746e-72 4.156414072941106e-73 3.857766984837894e-74 3.5682257405195416e-75 3.289064578494753e-76 3.021348621693034e-77 2.765936717319993e-78 2.523487648401526e-79 2.2944692368036304e-80 2.0791698481313544e-81 1.8777118112696852e-82 1.6900662783574982e-83 1.5160690735305763e-84 1.3554371093613865e-85 1.2077849867753224e-86 1.0726414353659658e-87 9.494652945817496e-89 8.376607807431139e-90 7.365918293923516e-91 6.455953466480482e-92 5.639932466718222e-93 4.911031944085626e-94 4.2624801240529e-95 3.6876374655075714e-96 3.180064169989559e-97 2.7335750919658832e-98 2.3422864843000786e-99 2.0011542943932183e-100 1.6981532107938343e-101 1.4418964862376611e-102 1.2206678907134564e-103 1.0301784633496066e-104 8.666449704136862e-106 7.267291164514113e-107 6.074554895071162e-108 5.061553527554684e-109 4.204354524636909e-110 3.481592215284784e-111 2.8743119225572723e-112 2.3658071807000504e-113 1.9414430120214304e-114 1.5884706982570612e-115 1.2958416815544025e-116 1.0540267401300315e-117 8.548444792089275e-119 6.913014680373007e-120 5.5744517583096835e-121 4.482300944440704e-122 3.593969435193201e-123 2.8736453447184546e-124 2.2913366114265455e-125 1.8220225127530512e-126 1.4449093794295999e-127 1.1427893635771001e-128 9.013573660991711e-130 7.091465675043458e-131 5.565352659458364e-132 4.358276268340057e-133 3.6661824071271527e-134 
0.0 0.0 0.0 0.0 0.0 0.0 0.0 0.0 0.0 0.0 0.0 0.0 0.0 0.0 0.0 0.0 0.0 0.0 0.0 0.0 0.0 0.0 0.0 0.0 0.0 0.0 0.0 0.0 0.0 0.0 0.0 0.0 0.0 0.0 0.0 0.0 0.0 0.0 0.0 0.0 0.0 0.0 0.0 0.0 0.0 0.0 0.0 0.0 0.0 0.0 0.0 0.0 0.0 0.0 0.0 0.0 0.0 0.0 0.0 0.0 0.0 0.0 0.0 0.0 0.0 0.0 0.0 0.0 0.0 0.0 0.0 0.0 0.0 0.0 0.0 0.0 0.0 0.0 0.0 0.0 0.0 0.0 0.0 0.0 0.0 0.0 0.0 0.0 0.0 0.0 0.0 0.0 0.0 0.0 0.0 0.0 0.0 0.0 0.0 0.0 0.0 0.0 0.0 0.0 0.0 0.0 0.0 0.0 0.0 0.0 0.0 0.0 0.0 0.0 0.0 0.0 0.0 0.0 0.0 0.0 0.0 0.0 0.0 0.0 0.0 0.0 0.0 0.0 0.0 0.0 0.0 0.0 0.0 0.0 0.0 0.0 0.0 0.0 0.0 0.0 0.0 0.0 0.0 0.0 0.0 0.0 0.0 0.0 0.0 0.0 0.0 0.0 0.0 0.0 0.0 0.0 0.0 0.0 0.0 0.0 0.0 0.0 0.0 0.0 0.0 0.0 0.0 0.0 0.0 0.0 0.0 0.0 0.0 0.0 0.0 0.0 0.0 0.0 0.0 0.0 0.0 0.0 0.0 0.0 0.0 0.0 0.0 0.0 0.0 0.0 0.0 0.0 0.0 0.0 0.0 0.0 0.0 0.0 0.0 0.0 
1900 1 8 0 0 0
12.730269886041627 12.729323777762962 12.728217707750861 12.726919900837173 12.725240848475266 12.723501870067867 12.721033689861278 12.71812618939536 12.71465032814247 12.710505881983048 12.705596696012936 12.699825660489426 12.69309402600211 12.685302144910327 12.676350840222467 12.666143129511621 12.654586216577705 12.641593780598 12.627088745561379 12.61100700817986 12.593303242476734 12.573961286714457 12.55301429400258 12.53058192365998 12.506895536610852 12.487689334480576 12.460949660009113 12.432629487632399 12.403407518977664 12.376968649935009 12.345514056402891 12.313016875246102 12.28069938269832 12.25010292140871 12.217763506856391 12.185716994100098 12.15552633890426 12.12650278282112 12.100410936083259 12.074958928343436 12.054547141668674 12.037051778673595 12.022653773479288 12.01298617356032 12.006934551812902 12.003567918805345 12.00183273051706 12.00096908188672 12.000537237369707 12.000314162404965 12.000193357452178 12.00012447306741 12.000083196118336 12.000057334138408 12.000040493306672 12.000029163241093 12.00002133010514 12.000015790863625 12.00001180010948 12.000008880707394 12.000006718316865 12.000005100518099 12.0000038805164 12.000002954851546 12.000002249332216 12.00000170994083 12.000001296823706 12.000000980236807 12.000000737758542 12.000000552344726 12.000000410947607 12.000000303520878 12.000000222295721 12.000000161244818 12.000000115682784 12.00000008196459 12.000000057254935 12.00000003935268 12.000000026552996 12.000000017541163 12.00000001130872 12.000000007087614 12.00000000429815 12.000000002507496 12.000000001397154 12.000000000736764 12.000000000363436 12.000000000165162 12.000000000067795 12.000000000024489 12.00000000000753 12.000000000001908 12.000000000000384 12.00000000000006 12.000000000000005 12.0 12.000000000000009 12.000000000000007 12.000000000000012 12.000000000000018 12.00000000000002 12.000000000000012 12.000000000000014 12.000000000000014 12.000000000000012 12.000000000000018 12.000000000000014 12.000000000000016 12.000000000000014 12.00000000000001 12.000000000000012 12.000000000000012 12.000000000000012 12.000000000000009 12.000000000000009 12.000000000000018 12.000000000000012 12.000000000000007 12.000000000000005 12.000000000000004 12.0 12.000000000000002 12.000000000000002 11.999999999999988 11.99999999999999 11.999999999999979 11.999999999999982 11.999999999999986 11.999999999999982 11.999999999999986 11.999999999999996 11.999999999999996 11.999999999999991 11.999999999999988 11.999999999999988 11.999999999999998 11.999999999999998 11.999999999999995 11.999999999999988 11.999999999999988 11.999999999999998 12.000000000000012 12.00000000000001 12.0 12.0 12.0 12.000000000000005 12.000000000000002 11.999999999999993 11.999999999999988 11.999999999999988 11.999999999999988 11.999999999999996 11.999999999999995 11.999999999999996 12.000000000000002 11.999999999999995 11.999999999999995 12.000000000000002 12.000000000000014 12.000000000000005 12.0 11.999999999999993 12.000000000000004 12.000000000000007 12.000000000000025 12.000000000000023 12.000000000000023 12.000000000000023 12.000000000000027 12.000000000000023 12.000000000000009 12.000000000000007 12.000000000000004 11.999999999999998 11.999999999999996 12.000000000000002 12.0 12.0 11.999999999999995 12.0 11.999999999999993 12.0 12.000000000000004 12.000000000000005 12.0 12.0 12.0 12.000000000000002 12.000000000000007 12.000000000000005 11.999999999999998 12.000000000000002 12.0 11.999999999999991 12.000000000000002 11.999999999999998 11.999999999999996 12.0 11.999999999999996 
34.99999999999997 34.99999999999997 34.999999999999964 34.99999999999998 34.99999999999998 34.99999999999998 34.99999999999997 34.999999999999964 34.99999999999997 34.99999999999998 34.999999999999986 35.0 35.00000000000001 35.00000000000001 35.00000000000001 35.00000000000001 35.0 35.0 35.00000000000001 35.0 35.0 34.99999999999999 34.99999999999999 34.99999999999999 35.0 35.0 35.0 34.99999999999999 34.99999999999998 34.99999999999998 34.99999999999998 34.99999999999998 34.999999999999986 34.999999999999986 34.99999999999998 34.99999999999997 34.99999999999998 34.999999999999986 34.99999999999999 34.99999999999997 34.999999999999964 34.999999999999964 34.99999999999994 34.999999999999936 34.99999999999994 34.99999999999995 34.999999999999964 34.99999999999999 34.99999999999999 35.00000000000001 35.00000000000002 35.00000000000003 35.00000000000003 35.00000000000004 35.00000000000005 35.00000000000006 35.00000000000005 35.00000000000006 35.000000000000064 35.00000000000005 35.00000000000005 35.00000000000004 35.000000000000036 35.00000000000004 35.000000000000036 35.00000000000004 35.00000000000003 35.00000000000003 35.000000000000036 35.000000000000036 35.000000000000036 35.00000000000003 35.00000000000002 35.000000000000014 35.00000000000001 35.0 35.00000000000001 35.00000000000002 35.00000000000003 35.00000000000002 35.00000000000003 35.00000000000003 35.000000000000036 35.00000000000003 35.00000000000002 35.000000000000036 35.000000000000036 35.000000000000036 35.00000000000004 35.00000000000006 35.00000000000006 35.000000000000085 35.00000000000006 35.000000000000014 35.000000000000014 35.00000000000002 35.000000000000036 35.00000000000005 35.00000000000006 35.000000000000064 35.000000000000085 35.00000000000007 35.00000000000008 35.00000000000009 35.00000000000007 35.000000000000064 35.000000000000036 35.00000000000006 35.00000000000006 35.00000000000004 35.00000000000002 35.00000000000003 35.000000000000036 35.00000000000003 35.00000000000002 35.000000000000036 35.00000000000001 34.99999999999999 34.99999999999998 34.99999999999999 34.99999999999998 34.99999999999997 34.99999999999997 34.99999999999995 34.999999999999964 34.99999999999992 34.99999999999992 34.999999999999936 34.99999999999993 34.99999999999994 34.999999999999964 34.99999999999996 34.99999999999996 34.99999999999994 34.999999999999964 35.0 35.000000000000014 35.0 34.99999999999998 34.99999999999997 34.999999999999986 35.00000000000002 34.999999999999986 34.99999999999998 34.999999999999964 34.999999999999964 34.99999999999997 34.99999999999996 34.99999999999993 34.999999999999915 34.99999999999993 34.99999999999997 34.99999999999998 34.999999999999986 35.0 35.000000000000014 35.00000000000001 34.99999999999998 35.0 35.00000000000004 35.00000000000002 35.0 34.999999999999986 34.99999999999998 34.999999999999986 35.00000000000003 35.000000000000036 35.000000000000036 35.00000000000003 35.00000000000003 35.00000000000002 35.000000000000014 35.00000000000004 35.00000000000005 35.00000000000002 35.000000000000036 35.000000000000036 35.000000000000014 34.99999999999999 34.999999999999964 34.99999999999997 34.999999999999936 34.99999999999993 34.99999999999992 34.999999999999936 34.999999999999936 34.99999999999998 34.99999999999997 34.99999999999998 34.999999999999964 34.999999999999964 34.999999999999936 34.999999999999964 34.99999999999997 34.99999999999995 34.99999999999997 35.0 34.99999999999998 35.000000000000014 35.000000000000014 
0.9990693286103877 0.9604531767188718 0.9383334576718103 0.9216615409404499 0.9050793252495166 0.8933049458545228 0.8777425069513267 0.8624872188564174 0.8469644077453183 0.8309487921031281 0.8143184788017184 0.7969953188762354 0.7789246031457513 0.7600665613678516 0.7403922543069484 0.7198813369640753 0.6985206393482898 0.6763029817524182 0.6532257066839713 0.6292881509790667 0.6044864601493527 0.5788018585696146 0.5521713884785086 0.524402609109605 0.4948376656686984 0.48238580024863387 0.45177795764104545 0.4210496729342826 0.3890957872238202 0.3737904615518422 0.34173699982766337 0.31005181725817055 0.27769175462291523 0.2604720230755891 0.22916160542087727 0.19888790563727177 0.1689489726817419 0.1502963217682531 0.12275826281617258 0.10140882800059976 0.07759828698358082 0.06113537087421785 0.042485693892881204 0.030103330005483358 0.02061405146436266 0.014078615027216468 0.009752599523577574 0.006929524144574965 0.005069921679891097 0.0038141946123606716 0.002938873693687628 0.0023085464849715636 0.001840898148919542 0.0014849021765402676 0.0012080354832444604 0.0009889184677849682 0.0008130557580585857 0.0006703272404943527 0.0005534744248408906 0.0004571627232187974 0.0003773846154653745 0.0003110698543571372 0.00025582452497289966 0.00020975244860601728 0.00017133040778107066 0.0001393192235413277 0.00011269955933492393 9.062465632430231e-05 7.23850924228695e-05 5.738225684910647e-05 4.510809142964358e-05 3.512936561065451e-05 2.7075512838795635e-05 2.062888648152409e-05 1.5517077341173004e-05 1.1506623514389398e-05 8.397822296822069e-06 6.0204998914434056e-06 4.230305048927021e-06 2.905600669267276e-06 1.944724829763436e-06 1.2635379678926726e-06 7.932644256937131e-07 4.784725872635256e-07 2.7528395039575136e-07 1.4969532268475898e-07 7.60295213963363e-08 3.550250672591414e-08 1.492546469765232e-08 5.491226742925051e-09 1.7025230335712664e-09 4.254000398080764e-10 8.251567374777693e-11 1.2505115157812113e-11 1.5823130198700026e-12 1.8254416007941975e-13 2.0331854246729145e-14 2.243426970681802e-15 2.4765411760415975e-16 2.7450116604507735e-17 3.050275039107758e-18 3.4116322024867655e-19 3.833492695515911e-20 4.327866290850351e-21 4.906431228257191e-22 5.582062444349736e-23 6.369581288197699e-24 7.285910788739259e-25 8.350028422617962e-26 9.582962921721003e-27 1.10078615524433e-27 1.2649903290813467e-28 1.453643980010242e-29 1.6697435516931756e-30 1.9165919718637296e-31 2.1978256740420113e-32 2.517423013342268e-33 2.8796997968804406e-34 3.289296900168193e-35 3.751164976977763e-36 4.2705518647104465e-37 4.852996897652988e-38 5.504332858729184e-39 6.230692673376237e-40 7.038515954103981e-41 7.934550561563625e-42 8.925845750347345e-43 1.0019735176525954e-43 1.1223809305452505e-44 1.2545877305097297e-45 1.3993918457528388e-46 1.5576022758481846e-47 1.730031998977613e-48 1.9174896334760934e-49 2.1207697643564604e-50 2.3406418735098854e-51 2.5778378589201463e-52 2.833038186122662e-53 3.106856777451455e-54 3.39982480605361e-55 3.712373618605678e-56 4.0448170609338923e-57 4.39733352310155e-58 4.769948054409143e-59 5.16251492401932e-60 5.574701019776921e-61 6.005970486745088e-62 6.45557100874486e-63 6.922522131573675e-64 7.405606016273285e-65 7.90336099515846e-66 8.414078282105796e-67 8.935802161013462e-68 9.46633394098609e-69 1.0003239921924666e-69 1.0543863558038952e-70 1.108534193796612e-71 1.162462661807971e-72 1.2158508750726822e-73 1.2683648343361066e-74 1.3196607370982867e-75 1.3693886347257499e-76 1.4171963844301653e-77 1.4627338342989114e-78 1.5056571700265937e-79 1.5456333442428959e-80 1.582344503776242e-81 1.615492327131518e-82 1.6448021840553443e-83 1.6700270313378033e-84 1.690950963873588e-85 1.7073923477533177e-86 1.7192064738288053e-87 1.726287569453933e-88 1.7285699132662535e-89 1.7260279858649225e-90 1.7186760189126443e-91 1.70656760104797e-92 1.6897958479431519e-93 1.668494081454765e-94 1.6428363260046517e-95 1.6130366098076172e-96 1.5793462540151795e-97 1.5420489487936353e-98 1.5014541384523493e-99 1.457889729241721e-100 1.411695208258175e-101 1.3632159534577695e-102 1.312799013865109e-103 1.2607901705780236e-104 1.2075318071158e-105 1.1533610635980442e-106 1.0986078843150244e-107 1.0435966518722437e-108 9.885919277615367e-110 9.339126738169538e-111 8.798885235536723e-112 8.267535929801118e-113 7.753430944962819e-114 7.914807050280531e-115 
0.0 0.0 0.0 0.0 0.0 0.0 0.0 0.0 0.0 0.0 0.0 0.0 0.0 0.0 0.0 0.0 0.0 0.0 0.0 0.0 0.0 0.0 0.0 0.0 0.0 0.0 0.0 0.0 0.0 0.0 0.0 0.0 0.0 0.0 0.0 0.0 0.0 0.0 0.0 0.0 0.0 0.0 0.0 0.0 0.0 0.0 0.0 0.0 0.0 0.0 0.0 0.0 0.0 0.0 0.0 0.0 0.0 0.0 0.0 0.0 0.0 0.0 0.0 0.0 0.0 0.0 0.0 0.0 0.0 0.0 0.0 0.0 0.0 0.0 0.0 0.0 0.0 0.0 0.0 0.0 0.0 0.0 0.0 0.0 0.0 0.0 0.0 0.0 0.0 0.0 0.0 0.0 0.0 0.0 0.0 0.0 0.0 0.0 0.0 0.0 0.0 0.0 0.0 0.0 0.0 0.0 0.0 0.0 0.0 0.0 0.0 0.0 0.0 0.0 0.0 0.0 0.0 0.0 0.0 0.0 0.0 0.0 0.0 0.0 0.0 0.0 0.0 0.0 0.0 0.0 0.0 0.0 0.0 0.0 0.0 0.0 0.0 0.0 0.0 0.0 0.0 0.0 0.0 0.0 0.0 0.0 0.0 0.0 0.0 0.0 0.0 0.0 0.0 0.0 0.0 0.0 0.0 0.0 0.0 0.0 0.0 0.0 0.0 0.0 0.0 0.0 0.0 0.0 0.0 0.0 0.0 0.0 0.0 0.0 0.0 0.0 0.0 0.0 0.0 0.0 0.0 0.0 0.0 0.0 0.0 0.0 0.0 0.0 0.0 0.0 0.0 0.0 0.0 0.0 0.0 0.0 0.0 0.0 0.0 0.0 
1900 1 9 0 0 0
12.6339984874836 12.633288852275147 12.632478057116826 12.631550679016689 12.630402053544286 12.629207461714234 12.627595684716072 12.625730577210014 12.623538618232644 12.620964586306323 12.617956114896947 12.614460262976664 12.610422712569592 12.605787807643662 12.60049895795173 12.594499254145889 12.58773224814582 12.58014291256991 12.571678859726589 12.562292009029262 12.551941080607287 12.540595582954374 12.528242140325029 12.51489214461868 12.500570301096483 12.490001803765457 12.47356986688307 12.456043784868413 12.43758685913219 12.422784161443166 12.402255657084122 12.380682662133088 12.35848981372305 12.339958207328404 12.316112098327462 12.291503700123416 12.266895729579671 12.245651004336445 12.220342203943448 12.194850125881748 12.17027398772113 12.1485350166574 12.125027775809487 12.102464287854653 12.082177124725114 12.064130788279412 12.048380312701967 12.034304859594783 12.023480049210413 12.014604749797174 12.008438470587114 12.004703655544887 12.002579813067422 12.00142881781729 12.0008151632876 12.000484316280579 12.0003005547352 12.000194403512118 12.000130457652975 12.00009034361298 12.000064231292328 12.000046668999937 12.000034518440854 12.000025906261797 12.00001967539991 12.000015088428013 12.000011661795368 12.000009070199278 12.00000708973032 12.00000556308755 12.000004377742393 12.000003451886736 12.000002725188715 12.00000215258852 12.00000170004972 12.000001341608066 12.00000105728014 12.000000831566497 12.000000652362598 12.000000510159861 12.00000039744806 12.000000308270987 12.000000237885228 12.000000182502989 12.000000139090847 12.000000105215626 12.000000078923007 12.000000058642163 12.00000004311065 12.00000003131437 12.000000022439949 12.000000015836214 12.000000010983618 12.000000007468891 12.000000004965408 12.000000003216455 12.000000002021851 12.000000001227168 12.000000000714829 12.000000000396534 12.000000000207459 12.000000000101094 12.000000000045148 12.000000000018101 12.00000000000634 12.000000000001881 12.000000000000469 12.000000000000103 12.00000000000003 12.000000000000016 12.000000000000012 12.00000000000001 12.000000000000009 12.000000000000012 12.000000000000016 12.000000000000018 12.000000000000012 12.000000000000012 12.000000000000014 12.000000000000014 12.00000000000001 12.0 11.999999999999991 11.99999999999998 11.999999999999975 11.999999999999979 11.999999999999982 11.99999999999998 11.99999999999998 11.999999999999988 11.999999999999993 11.999999999999998 11.999999999999996 12.0 12.00000000000001 12.000000000000009 12.000000000000004 12.0 12.0 11.999999999999995 11.999999999999991 11.999999999999991 12.0 11.999999999999998 11.999999999999995 11.999999999999998 11.999999999999998 12.0 11.999999999999996 11.999999999999996 11.999999999999998 11.99999999999999 11.999999999999993 11.999999999999991 11.999999999999996 11.999999999999991 11.999999999999991 11.99999999999999 12.000000000000004 12.000000000000004 12.000000000000004 12.000000000000007 12.00000000000001 12.00000000000001 12.00000000000002 12.000000000000025 12.000000000000023 12.000000000000023 12.000000000000021 12.000000000000023 12.000000000000023 12.000000000000021 12.000000000000012 12.000000000000009 12.000000000000004 12.000000000000007 11.999999999999996 11.999999999999984 11.999999999999991 12.0 12.0 12.000000000000002 12.000000000000002 12.000000000000005 12.0 12.0 11.999999999999998 11.999999999999998 12.0 12.000000000000002 12.000000000000004 12.000000000000002 11.999999999999993 11.999999999999991 11.999999999999996 11.999999999999993 11.99999999999999 11.999999999999993 11.999999999999995 11.999999999999993 
34.99999999999995 34.99999999999994 34.99999999999994 34.99999999999994 34.99999999999994 34.99999999999995 34.999999999999964 34.999999999999964 34.999999999999964 34.999999999999964 34.99999999999997 34.99999999999997 34.99999999999997 34.999999999999986 34.99999999999999 34.99999999999999 34.999999999999986 34.99999999999998 34.99999999999998 34.99999999999998 34.99999999999998 34.999999999999986 34.99999999999999 34.99999999999999 34.99999999999999 34.999999999999986 34.99999999999999 34.99999999999999 34.999999999999986 34.999999999999986 34.999999999999986 34.99999999999999 35.0 35.00000000000001 35.00000000000001 35.000000000000014 35.00000000000001 35.00000000000001 35.00000000000001 35.00000000000001 35.0 35.0 34.99999999999999 35.00000000000001 35.0 35.0 35.0 34.99999999999999 35.00000000000001 35.000000000000036 35.00000000000006 35.00000000000005 35.00000000000005 35.00000000000007 35.00000000000007 35.00000000000006 35.00000000000005 35.00000000000005 35.00000000000006 35.00000000000005 35.000000000000036 35.00000000000006 35.00000000000006 35.00000000000006 35.00000000000006 35.00000000000004 35.00000000000005 35.00000000000004 35.00000000000005 35.00000000000006 35.000000000000064 35.00000000000005 35.00000000000003 35.00000000000002 35.0 35.00000000000001 35.000000000000014 35.00000000000002 35.000000000000014 35.00000000000001 35.00000000000001 35.00000000000001 35.000000000000014 35.00000000000002 35.00000000000003 35.00000000000004 35.00000000000005 35.00000000000005 35.00000000000006 35.00000000000006 35.00000000000006 35.00000000000006 35.00000000000005 35.00000000000004 35.00000000000005 35.00000000000004 35.00000000000006 35.000000000000064 35.00000000000005 35.00000000000006 35.00000000000008 35.00000000000008 35.000000000000085 35.000000000000085 35.00000000000006 35.000000000000036 35.00000000000005 35.000000000000036 35.00000000000002 35.00000000000002 35.0 34.99999999999999 35.0 35.0 34.99999999999999 35.00000000000002 34.99999999999998 34.99999999999998 35.00000000000001 35.00000000000002 35.0 35.0 34.999999999999986 34.999999999999964 34.999999999999936 34.99999999999996 34.99999999999996 34.99999999999994 34.99999999999993 34.99999999999994 34.999999999999915 34.9999999999999 34.99999999999992 34.99999999999992 34.99999999999997 34.999999999999986 34.999999999999986 34.999999999999986 35.0 34.99999999999999 34.999999999999986 34.999999999999986 34.99999999999997 34.99999999999998 34.99999999999996 34.99999999999997 34.999999999999964 34.99999999999996 34.99999999999995 34.99999999999995 34.99999999999993 34.999999999999936 34.99999999999996 34.999999999999964 34.999999999999964 34.99999999999997 34.99999999999994 34.99999999999996 34.99999999999999 35.00000000000002 35.000000000000036 35.00000000000002 35.000000000000036 35.00000000000002 35.000000000000014 35.00000000000002 35.000000000000036 35.00000000000004 35.00000000000006 35.00000000000006 35.00000000000006 35.00000000000006 35.00000000000005 35.00000000000004 35.00000000000003 35.000000000000014 34.99999999999999 34.99999999999998 34.99999999999997 34.99999999999999 34.99999999999999 34.99999999999999 35.00000000000001 35.0 34.999999999999986 34.99999999999997 34.999999999999986 34.99999999999997 34.99999999999997 34.99999999999997 34.99999999999998 34.999999999999964 34.99999999999994 34.999999999999936 34.99999999999996 34.99999999999995 34.99999999999995 34.999999999999964 34.999999999999964 34.99999999999996 
0.9990323925158426 0.9610004301533236 0.9396531226365079 0.9239108236418375 0.9089107397544038 0.897978400753195 0.8844387775697433 0.871326940728411 0.8581492295611264 0.8447035693457838 0.8308774328612034 0.8165971159341266 0.801809745187471 0.7864753422434017 0.7705627320704598 0.7540471261294799 0.7369084398467433 0.7191298053085189 0.7006958087494707 0.6815898058324138 0.6617891082316617 0.6412553462490803 0.6199129786831599 0.5975937035522342 0.5738523046202847 0.5646167670365854 0.539759139574783 0.5145439016909368 0.48816419264116506 0.4773426954337543 0.45040245083593855 0.42335885274978563 0.395268049455409 0.38334509000745215 0.35522753568898074 0.3272840173255413 0.29852869787602565 0.28574072728057104 0.2576383357382601 0.23007787253579132 0.20214474549328162 0.18889556819027195 0.16257855142598956 0.13741486688969334 0.11284960910465823 0.0994886960195398 0.07784626753224066 0.06432843263370527 0.04675612119382704 0.03514768689049773 0.0249243252464511 0.017717162917135792 0.012648072684934095 0.009176843931357197 0.006811839916117488 0.005181421656504689 0.0040319888260137325 0.0031994595509672323 0.0025797228769215115 0.00210657071605473 0.0017372530005174145 0.0014435454420410384 0.0012063332174954279 0.001012325201298602 0.0008520380312897703 0.0007185377376312062 0.0006066383610713751 0.0005123805336455737 0.00043268488540758505 0.00036511655359017643 0.00030772208126394953 0.00025891403121512576 0.00021738786938576172 0.00018206115481778743 0.00015202802261503882 0.0001265249806243779 0.00010490446817081108 8.661431998801584e-05 7.118165598870366e-05 5.820000097546972e-05 4.731886903903034e-05 3.8235388237872036e-05 3.0687366919574876e-05 2.4447594883041314e-05 1.9319051966632707e-05 1.5130941201335666e-05 1.1735294664918264e-05 9.004084972471268e-06 6.826776635484824e-06 5.1081954000777465e-06 3.7666708514777796e-06 2.732420394602885e-06 1.946163157446217e-06 1.3578032745894671e-06 9.253735726541242e-07 6.140133562078002e-07 3.950591049847642e-07 2.4524604291476503e-07 1.4599084434906439e-07 8.267846797011126e-08 4.4097142598216404e-08 2.1857003542862095e-08 9.891313634839936e-09 3.990574123339887e-09 1.3901893027027197e-09 4.0213350769219345e-10 9.280752281452982e-11 1.6868179222113214e-11 2.5029954128500633e-12 3.270317790667456e-13 4.01180222468282e-14 4.785087428699958e-15 5.633423215431678e-16 6.584497102464821e-17 7.657839973014119e-18 8.867813088544703e-19 1.0225913622357381e-19 1.1743927918209475e-20 1.3433938981237645e-21 1.530834826683447e-22 1.7379932150178916e-23 1.9661947772981876e-24 2.2168305329418646e-25 2.4913824917742275e-26 2.791459568518126e-27 3.118845343398127e-28 3.475559090648904e-29 3.863931355666471e-30 4.286695350402727e-31 4.7470955943925404e-32 5.249015553217788e-33 5.79712648107452e-34 6.397060202938097e-35 7.055609112532154e-36 7.780957159525118e-37 8.58294601251215e-38 9.473380890950039e-39 1.0466380754224557e-39 1.1578777627999243e-40 1.283056985384647e-41 1.4245433987749124e-42 1.585129996454414e-43 1.7680994001973783e-44 1.9772953546231532e-45 2.2172018360092657e-46 2.493030161915732e-47 2.810814504966212e-48 3.1775299284871173e-49 3.60100414285829e-50 4.09074104893613e-51 4.656537921893912e-52 5.311853663765344e-53 6.068535600868163e-54 6.942279138965213e-55 7.95023440991293e-56 9.111669073797178e-57 1.0448110789254575e-57 1.198353748977512e-58 1.3744583436316842e-59 1.5760749186056444e-60 1.8064613097527883e-61 2.069210384279922e-62 2.368167335696103e-63 2.7076147323704846e-64 3.092744397897007e-65 3.5280353996771565e-66 4.019298411309166e-67 4.572461639287524e-68 5.193898482737597e-69 5.890504956757363e-70 6.669677754084932e-71 7.539288787089535e-72 8.507675163580596e-73 9.583628618843918e-74 1.0776377463692775e-74 1.209557533494019e-75 1.3551309765749263e-76 1.5154216438980153e-77 1.6912559093842816e-78 1.884238745165334e-79 2.095260845872436e-80 2.3258515855644825e-81 2.5765690263405612e-82 2.8488423902383445e-83 3.1437875340973406e-84 3.462508592066159e-85 3.80607411007988e-86 4.175498339855252e-87 4.5717242293744704e-88 4.995605409634436e-89 5.447887289184394e-90 5.929188297610479e-91 6.43998724062411e-92 6.980532985803786e-93 7.550679267714658e-94 8.149855180730205e-95 8.779927826672164e-96 9.439210008587763e-97 1.0138832486067176e-97 1.1999304435036827e-98 
0.0 0.0 0.0 0.0 0.0 0.0 0.0 0.0 0.0 0.0 0.0 0.0 0.0 0.0 0.0 0.0 0.0 0.0 0.0 0.0 0.0 0.0 0.0 0.0 0.0 0.0 0.0 0.0 0.0 0.0 0.0 0.0 0.0 0.0 0.0 0.0 0.0 0.0 0.0 0.0 0.0 0.0 0.0 0.0 0.0 0.0 0.0 0.0 0.0 0.0 0.0 0.0 0.0 0.0 0.0 0.0 0.0 0.0 0.0 0.0 0.0 0.0 0.0 0.0 0.0 0.0 0.0 0.0 0.0 0.0 0.0 0.0 0.0 0.0 0.0 0.0 0.0 0.0 0.0 0.0 0.0 0.0 0.0 0.0 0.0 0.0 0.0 0.0 0.0 0.0 0.0 0.0 0.0 0.0 0.0 0.0 0.0 0.0 0.0 0.0 0.0 0.0 0.0 0.0 0.0 0.0 0.0 0.0 0.0 0.0 0.0 0.0 0.0 0.0 0.0 0.0 0.0 0.0 0.0 0.0 0.0 0.0 0.0 0.0 0.0 0.0 0.0 0.0 0.0 0.0 0.0 0.0 0.0 0.0 0.0 0.0 0.0 0.0 0.0 0.0 0.0 0.0 0.0 0.0 0.0 0.0 0.0 0.0 0.0 0.0 0.0 0.0 0.0 0.0 0.0 0.0 0.0 0.0 0.0 0.0 0.0 0.0 0.0 0.0 0.0 0.0 0.0 0.0 0.0 0.0 0.0 0.0 0.0 0.0 0.0 0.0 0.0 0.0 0.0 0.0 0.0 0.0 0.0 0.0 0.0 0.0 0.0 0.0 0.0 0.0 0.0 0.0 0.0 0.0 0.0 0.0 0.0 0.0 0.0 0.0 
1900 1 10 0 0 0
12.55951635194561 12.55896814931352 12.558352778933815 12.5576619104045 12.55683751447104 12.555974922697505 12.55486370785937 12.553596979844741 12.552130286327023 12.550431212238536 12.548469420392511 12.546214341331769 12.543634521849915 12.540697488665991 12.537369826993856 12.533617379790183 12.529405538672194 12.524699627350884 12.519465402711244 12.513669727633575 12.507281502549468 12.50027294406231 12.492621080517322 12.484307962901227 12.475310272440566 12.46897499713788 12.458574545951626 12.447445142960024 12.435596986713124 12.426705507486016 12.413362205634076 12.399248698146934 12.384472190879158 12.373056717627978 12.356806014497446 12.339821196387932 12.32236557429535 12.308527518662881 12.289826663219422 12.27055785222252 12.25119033249744 12.235444590388246 12.215385544586868 12.195124907679247 12.175359969479617 12.159093858529397 12.139652704211025 12.120634191581246 12.102877947614655 12.086834175467068 12.071390066497791 12.055839477317148 12.043473829222043 12.032633346054137 12.023641313955455 12.016073435924012 12.009895885474247 12.005952332944497 12.003463463200543 12.0020029437685 12.001173689721496 12.000706680532739 12.000440527323237 12.00028493134976 12.000190935064195 12.000132109566962 12.000093995022043 12.000068488847102 12.000050916075535 12.00003849391444 12.000029513623058 12.00002289427738 12.000017932813783 12.00001416006724 12.000011255545376 12.000008995620707 12.000007221224264 12.00000581723141 12.000004699006002 12.00000380343929 12.000003082872798 12.000002500897635 12.000002029411444 12.000001646515724 12.000001335006758 12.000001081262777 12.000000874427503 12.000000705795136 12.000000568348279 12.000000456402367 12.000000365335397 12.000000291375 12.000000231433631 12.000000182978624 12.00000014392761 12.000000112566859 12.000000087484331 12.00000006751618 12.000000051703015 12.000000039254687 12.000000029520708 12.000000021966517 12.000000016153644 12.000000011723639 12.000000008383825 12.000000005896839 12.000000004070603 12.000000002750852 12.000000001814437 12.000000001163878 12.000000000722926 12.000000000432467 12.00000000024752 12.000000000134401 12.000000000068509 12.000000000032333 12.000000000013886 12.000000000005311 12.000000000001764 12.000000000000494 12.000000000000108 12.000000000000009 11.99999999999999 11.999999999999996 12.0 11.999999999999996 11.999999999999993 11.999999999999991 11.999999999999988 11.999999999999993 11.99999999999999 11.999999999999991 12.000000000000002 12.000000000000005 12.000000000000012 12.000000000000012 12.000000000000007 12.00000000000001 12.0 11.999999999999996 12.0 12.0 11.999999999999996 11.999999999999996 12.000000000000004 12.000000000000005 12.000000000000004 11.999999999999996 11.999999999999998 11.999999999999996 12.0 11.999999999999995 11.999999999999995 11.999999999999996 11.999999999999996 12.00000000000001 12.000000000000009 12.0 12.000000000000002 12.000000000000005 12.00000000000001 12.000000000000021 12.00000000000002 12.000000000000021 12.000000000000025 12.000000000000016 12.000000000000005 12.000000000000005 12.000000000000009 12.00000000000001 12.000000000000007 12.0 12.000000000000002 12.000000000000005 12.00000000000001 12.000000000000002 12.000000000000004 12.00000000000001 12.000000000000005 12.000000000000002 12.000000000000009 12.00000000000001 12.000000000000009 12.000000000000004 12.0 11.999999999999998 12.0 11.999999999999996 11.999999999999995 12.0 12.000000000000002 12.000000000000005 12.000000000000005 12.0 12.000000000000004 12.0 11.999999999999998 11.99999999999999 11.999999999999982 11.99999999999998 
34.99999999999995 34.99999999999995 34.99999999999995 34.99999999999994 34.99999999999994 34.99999999999995 34.99999999999996 34.999999999999964 34.99999999999998 34.999999999999986 34.999999999999986 34.99999999999999 34.99999999999999 34.99999999999999 34.99999999999999 34.999999999999986 34.99999999999998 34.999999999999986 34.999999999999986 34.999999999999986 34.99999999999998 34.99999999999998 34.99999999999999 34.99999999999999 34.99999999999999 34.99999999999999 34.99999999999999 35.0 35.0 35.0 35.0 35.00000000000001 34.99999999999999 34.99999999999999 35.0 35.0 35.000000000000014 35.000000000000014 35.000000000000014 35.000000000000014 35.000000000000014 35.00000000000002 35.000000000000014 35.00000000000001 35.000000000000014 35.000000000000014 35.00000000000002 35.00000000000003 35.00000000000002 35.00000000000002 35.00000000000002 35.00000000000002 35.00000000000003 35.000000000000036 35.000000000000036 35.000000000000036 35.00000000000004 35.000000000000064 35.00000000000008 35.00000000000009 35.00000000000009 35.00000000000006 35.00000000000006 35.00000000000005 35.000000000000036 35.00000000000003 35.00000000000003 35.00000000000002 35.00000000000002 35.00000000000002 35.00000000000002 35.00000000000003 35.000000000000036 35.00000000000002 35.00000000000002 35.000000000000036 35.00000000000004 35.00000000000004 35.00000000000004 35.00000000000005 35.00000000000006 35.00000000000006 35.00000000000006 35.00000000000004 35.00000000000003 35.00000000000003 35.00000000000003 35.00000000000003 35.000000000000036 35.00000000000004 35.00000000000005 35.00000000000005 35.00000000000006 35.000000000000064 35.00000000000007 35.000000000000064 35.00000000000005 35.00000000000005 35.00000000000005 35.00000000000005 35.00000000000005 35.000000000000064 35.000000000000064 35.00000000000007 35.00000000000005 35.00000000000004 35.00000000000004 35.000000000000036 35.000000000000036 35.000000000000036 35.00000000000004 35.000000000000036 35.000000000000036 35.00000000000005 35.00000000000005 35.000000000000036 35.00000000000003 35.00000000000003 35.00000000000003 35.000000000000014 34.99999999999998 34.999999999999964 34.99999999999998 34.99999999999999 35.0 34.99999999999998 34.99999999999996 34.999999999999936 34.99999999999992 34.999999999999915 34.999999999999886 34.9999999999999 34.99999999999995 34.99999999999998 35.00000000000001 35.00000000000001 35.00000000000004 35.00000000000001 34.99999999999997 34.99999999999995 34.99999999999996 34.999999999999986 34.99999999999998 34.99999999999996 34.999999999999986 35.0 34.999999999999964 34.99999999999995 34.999999999999936 34.999999999999936 34.99999999999995 34.99999999999995 34.99999999999995 34.999999999999964 34.99999999999995 34.99999999999994 34.99999999999995 34.99999999999995 34.99999999999997 34.99999999999998 34.99999999999999 35.00000000000002 35.00000000000003 35.00000000000002 35.00000000000005 35.00000000000005 35.00000000000002 35.00000000000001 35.00000000000004 35.00000000000002 35.00000000000001 34.999999999999986 35.00000000000001 35.00000000000003 35.00000000000005 35.000000000000036 35.000000000000036 35.00000000000005 35.000000000000014 35.00000000000001 35.00000000000003 35.00000000000005 35.00000000000004 35.000000000000014 35.000000000000014 34.99999999999999 34.999999999999986 34.99999999999999 34.99999999999999 34.99999999999999 35.0 35.00000000000001 34.999999999999986 35.0 35.0 34.999999999999986 34.999999999999986 34.999999999999964 34.999999999999964 34.99999999999995 
0.9986356297863309 0.9610733398426972 0.9403125411091356 0.9252230498064278 0.9113822421860006 0.9010513788236942 0.8889789349507803 0.8774123654509012 0.8659170017440555 0.8543069741327391 0.8424759854417074 0.8303533407052214 0.8178877165741363 0.8050396764943896 0.791777630693599 0.7780753440163051 0.7639101496180272 0.7492613867556109 0.7341086672095763 0.7184294790379449 0.7021952921596073 0.6853644363402194 0.6678675825119312 0.6495739351311196 0.6301953111164615 0.6227542472521308 0.6023221435499446 0.5814951166643313 0.5597400936089517 0.5512377305478318 0.5287779229801298 0.5060683158529763 0.48244682327767857 0.4731896412955995 0.4491530527756138 0.4249940108536905 0.39995813899905125 0.39002741102691874 0.36494933092200393 0.3399278547526892 0.31414325436616436 0.30366466471309583 0.27835550337865056 0.25336449620796164 0.22785898327940335 0.21723666440174413 0.1929789392971543 0.16945476907848545 0.14599096580837412 0.13395450827103372 0.11230392836426091 0.09701886879892456 0.07761286984515046 0.0669970012967462 0.05080326288695834 0.040698488157296354 0.028950188194069314 0.021566611411176738 0.015834264930461205 0.011715128800069835 0.00880126429665432 0.006740593020255354 0.00526684331389193 0.004193195425936841 0.003393767638349488 0.0027850823756995677 0.002311754608963199 0.001936635871165113 0.0016343850241496737 0.001387367623980074 0.0011830519817119932 0.0010123450011821817 0.0008685154161010663 0.0007464858454659815 0.0006423590963797128 0.0005530955410451358 0.0004762892521782989 0.0004100101598188615 0.00035269079955469905 0.00030304374739237755 0.00026000079481311715 0.0002226672089448825 0.0001902872988141797 0.00016221768553352042 0.00013790703561765595 0.00011687977626904484 9.872351064876781e-05 8.307889895243896e-05 6.963159015714738e-05 5.8105543847348666e-05 4.825779270038129e-05 3.98739723055358e-05 3.27646552679156e-05 2.67623686229397e-05 2.171892849321986e-05 1.750332865130242e-05 1.3999804837148724e-05 1.1106226716641219e-05 8.732668321798314e-06 6.80016800327702e-06 5.239576801089435e-06 3.990594560020582e-06 3.0008188820557397e-06 2.224991130321329e-06 1.6241677193811798e-06 1.1651212340689299e-06 8.196568074629664e-07 5.640575197491804e-07 3.7856950294490054e-07 2.4689193044090513e-07 1.5576810860723225e-07 9.454480208344965e-08 5.4821596001102946e-08 3.0091987046572116e-08 1.545537681700059e-08 7.310951017806087e-09 3.119751979965864e-09 1.1681254810190111e-09 3.704867516126063e-10 9.600317443644071e-11 1.99754407503304e-11 3.4055246747222104e-12 5.058091918055587e-13 6.9690371460856e-14 9.271132758037406e-15 1.2143439694889225e-15 1.5790644835290072e-16 2.0451684089460745e-17 2.6415567903454673e-18 3.403561140025549e-19 4.3743017031825385e-20 5.607124357955559e-21 7.167778696270741e-22 9.136942635599119e-23 1.1613164910027692e-23 1.471627110186921e-24 1.8591279127094753e-25 2.3412868727128566e-26 2.9390446465740123e-27 3.6773842882651533e-28 4.5859671738827275e-29 5.699837270403141e-30 7.060195180930399e-31 8.715315637804788e-32 1.0720220160302994e-32 1.3143308966566244e-33 1.6055347495505515e-34 1.954417471898096e-35 2.37078089452873e-36 2.8657592734807204e-37 3.451946092213955e-38 4.143518281885882e-39 4.9563563424926264e-40 5.908164003982028e-41 7.018591889911296e-42 8.309365550988047e-43 9.80441512794152e-44 1.1530004489035833e-44 1.3514860687285118e-45 1.5790308116280778e-46 1.8390435877571492e-47 2.1352187409530497e-48 2.471195103357126e-49 2.8525336609986537e-50 3.2825449972263377e-51 3.766810695352357e-52 4.310925733788534e-53 4.920903543656806e-54 5.6032629233684776e-55 6.3651390899754825e-56 7.214393769929538e-57 8.159735174221123e-58 9.210866094275458e-59 1.0378673712282507e-59 1.1675468626836858e-60 1.3115276555462117e-61 1.4714185668217968e-62 1.6490715691640942e-63 1.8466307927595534e-64 2.0666036210835094e-65 2.3116984012129391e-66 2.5857757908706978e-67 2.892250848706382e-68 3.2359757244445356e-69 3.6223892427771475e-70 4.057715950339837e-71 4.549208445298467e-72 5.1053618630637275e-73 5.736109444864996e-74 6.453026056063544e-75 7.269558158607485e-76 8.20137336891803e-77 9.265318592845672e-78 1.0484625835094441e-78 1.1880793537443277e-79 1.3482182098573419e-80 1.5320292747191444e-81 1.743132376897967e-82 1.9884593307604224e-83 2.5222448188372044e-84 
0.0 0.0 0.0 0.0 0.0 0.0 0.0 0.0 0.0 0.0 0.0 0.0 0.0 0.0 0.0 0.0 0.0 0.0 0.0 0.0 0.0 0.0 0.0 0.0 0.0 0.0 0.0 0.0 0.0 0.0 0.0 0.0 0.0 0.0 0.0 0.0 0.0 0.0 0.0 0.0 0.0 0.0 0.0 0.0 0.0 0.0 0.0 0.0 0.0 0.0 0.0 0.0 0.0 0.0 0.0 0.0 0.0 0.0 0.0 0.0 0.0 0.0 0.0 0.0 0.0 0.0 0.0 0.0 0.0 0.0 0.0 0.0 0.0 0.0 0.0 0.0 0.0 0.0 0.0 0.0 0.0 0.0 0.0 0.0 0.0 0.0 0.0 0.0 0.0 0.0 0.0 0.0 0.0 0.0 0.0 0.0 0.0 0.0 0.0 0.0 0.0 0.0 0.0 0.0 0.0 0.0 0.0 0.0 0.0 0.0 0.0 0.0 0.0 0.0 0.0 0.0 0.0 0.0 0.0 0.0 0.0 0.0 0.0 0.0 0.0 0.0 0.0 0.0 0.0 0.0 0.0 0.0 0.0 0.0 0.0 0.0 0.0 0.0 0.0 0.0 0.0 0.0 0.0 0.0 0.0 0.0 0.0 0.0 0.0 0.0 0.0 0.0 0.0 0.0 0.0 0.0 0.0 0.0 0.0 0.0 0.0 0.0 0.0 0.0 0.0 0.0 0.0 0.0 0.0 0.0 0.0 0.0 0.0 0.0 0.0 0.0 0.0 0.0 0.0 0.0 0.0 0.0 0.0 0.0 0.0 0.0 0.0 0.0 0.0 0.0 0.0 0.0 0.0 0.0 0.0 0.0 0.0 0.0 0.0 0.0 
1900 1 11 0 0 0
12.500529495381398 12.500095558037895 12.499614885467823 12.499081948484692 12.498459294650301 12.497803331490843 12.49696691853849 12.496158292322328 12.495083009297542 12.493882863302698 12.492524739143228 12.490984530293167 12.48924062514652 12.487271936472151 12.485057213316825 12.48257481053858 12.479802657571375 12.476718335387277 12.473299230157988 12.46952275577069 12.465366639754322 12.46080922777493 12.455829580438206 12.450406409934232 12.444511784363467 12.440455231855198 12.433620270543122 12.426297244752952 12.418461679822837 12.412814172176443 12.403945915659047 12.394542021466219 12.384612796703664 12.377311720524608 12.36629169415318 12.35471526630579 12.342658620928008 12.33364462039147 12.320515223583227 12.306860766289985 12.292855315750465 12.282205538742243 12.267263779835718 12.25190635516057 12.236436604860513 12.224493290964988 12.208383232592888 12.19206752209284 12.175996381080239 12.163495462630241 12.147207575620495 12.130993301609761 12.115455454960866 12.103295815179026 12.088186554700812 12.07367994869624 12.06063499887648 12.049288371237378 12.03905768183263 12.030166466331202 12.022595764940919 12.016316690832177 12.011094125202488 12.00706003797683 12.004304887190036 12.002604329305603 12.001581554594026 12.000976413165075 12.000618316198501 12.000403435423868 12.000271480237943 12.000188151140316 12.000133949804418 12.000097655155765 12.000072678630142 12.000055056851341 12.00004234300689 12.000032986616393 12.00002597999007 12.000020652298863 12.000016546843357 12.000013346190112 12.00001082547211 12.000008822598229 12.00000721886383 12.00000592607893 12.000004877857863 12.000004023632378 12.000003324462007 12.000002750066626 12.00000227668685 12.000001885527702 12.00000156161082 12.000001292918379 12.000001069746762 12.000000884218764 12.000000729905494 12.000000601536566 12.000000494772554 12.000000406026608 12.000000332325827 12.000000271196086 12.000000220574956 12.000000178738286 12.000000144243089 12.000000115878278 12.000000092627607 12.000000073636595 12.000000058187398 12.00000004567616 12.000000035595194 12.000000027518368 12.000000021087848 12.00000001600411 12.00000001201641 12.000000008915846 12.000000006528571 12.000000004710712 12.000000003343496 12.000000002329525 12.000000001589408 12.000000001058925 12.000000000686496 12.000000000431257 12.000000000261192 12.000000000151516 12.000000000083517 12.000000000043284 12.000000000020815 12.000000000009116 12.000000000003567 12.000000000001211 12.00000000000035 12.000000000000092 12.000000000000028 12.00000000000002 12.000000000000016 12.000000000000021 12.00000000000001 11.999999999999996 12.0 12.000000000000009 12.000000000000009 12.000000000000002 12.000000000000004 12.00000000000001 12.0 11.999999999999998 11.999999999999996 11.999999999999988 11.99999999999999 12.0 11.999999999999993 12.0 12.000000000000007 12.000000000000007 12.00000000000001 12.000000000000016 12.000000000000012 12.00000000000002 12.000000000000023 12.000000000000027 12.00000000000002 12.00000000000001 12.000000000000016 12.000000000000009 12.000000000000004 12.000000000000012 12.00000000000002 12.000000000000023 12.000000000000018 12.00000000000001 12.000000000000014 12.000000000000014 12.000000000000005 12.0 11.999999999999998 11.999999999999993 12.0 12.0 11.999999999999998 12.000000000000002 12.0 11.999999999999996 11.999999999999996 12.000000000000005 12.00000000000001 12.000000000000009 12.000000000000004 12.000000000000004 11.999999999999996 11.999999999999996 11.999999999999991 11.999999999999988 11.999999999999982 11.999999999999977 11.999999999999975 11.999999999999984 11.999999999999979 11.999999999999979 
34.99999999999997 34.99999999999997 34.99999999999998 34.999999999999986 34.999999999999986 34.999999999999986 34.999999999999986 34.999999999999986 34.999999999999986 34.99999999999998 34.99999999999998 34.99999999999999 35.0 35.0 34.99999999999999 35.0 35.0 35.0 34.99999999999999 34.99999999999999 34.99999999999999 34.99999999999999 35.0 35.0 34.99999999999999 34.99999999999999 34.999999999999986 34.99999999999998 34.99999999999998 34.99999999999997 34.99999999999998 34.99999999999998 34.99999999999997 34.99999999999997 34.99999999999998 34.99999999999998 34.99999999999998 34.99999999999998 34.999999999999986 35.0 35.0 35.0 35.000000000000014 35.00000000000002 35.00000000000003 35.000000000000036 35.00000000000004 35.00000000000004 35.00000000000005 35.00000000000004 35.00000000000004 35.00000000000004 35.00000000000004 35.00000000000005 35.00000000000004 35.000000000000036 35.00000000000003 35.00000000000003 35.00000000000004 35.00000000000003 35.000000000000036 35.00000000000004 35.000000000000036 35.00000000000002 35.00000000000002 35.000000000000014 35.00000000000001 35.000000000000014 35.000000000000014 35.00000000000002 35.000000000000014 35.00000000000001 35.000000000000014 35.00000000000002 35.00000000000003 35.00000000000003 35.00000000000002 35.00000000000002 35.00000000000003 35.00000000000002 35.00000000000002 35.00000000000002 35.00000000000003 35.000000000000036 35.000000000000036 35.00000000000003 35.00000000000003 35.00000000000003 35.000000000000036 35.00000000000004 35.000000000000036 35.000000000000036 35.00000000000004 35.00000000000004 35.00000000000005 35.00000000000005 35.00000000000005 35.00000000000005 35.00000000000005 35.00000000000004 35.00000000000005 35.00000000000006 35.000000000000064 35.00000000000007 35.00000000000007 35.00000000000007 35.00000000000007 35.00000000000006 35.00000000000004 35.00000000000005 35.00000000000006 35.00000000000006 35.00000000000005 35.00000000000006 35.00000000000005 35.00000000000005 35.00000000000004 35.00000000000003 35.00000000000002 35.000000000000014 35.00000000000001 35.0 35.00000000000001 35.00000000000001 34.99999999999999 34.99999999999998 34.999999999999964 34.99999999999995 34.99999999999993 34.999999999999915 34.99999999999992 34.999999999999936 34.99999999999996 34.99999999999997 35.0 35.0 35.000000000000014 35.00000000000003 34.99999999999997 34.99999999999995 34.999999999999964 34.999999999999964 34.99999999999997 34.999999999999964 34.999999999999986 34.99999999999998 34.99999999999997 34.999999999999936 34.99999999999995 34.99999999999995 34.99999999999995 34.999999999999964 34.99999999999995 34.999999999999964 34.99999999999996 34.99999999999994 34.99999999999997 34.999999999999986 35.0 34.99999999999999 35.00000000000001 35.000000000000014 35.00000000000001 35.0 35.00000000000003 35.00000000000003 35.000000000000014 35.000000000000036 35.000000000000036 35.000000000000036 35.000000000000014 35.0 35.00000000000001 35.00000000000002 35.00000000000003 35.0 35.000000000000014 35.00000000000002 35.00000000000001 34.99999999999999 34.99999999999999 35.0 35.00000000000001 35.0 35.00000000000001 35.0 35.00000000000001 35.000000000000014 34.999999999999986 35.0 34.999999999999986 34.99999999999998 34.99999999999997 34.999999999999964 34.99999999999996 34.999999999999964 34.99999999999996 34.99999999999999 34.999999999999964 34.99999999999995 
0.9981324827457164 0.9609291093301175 0.9405948198478512 0.9259204095294493 0.9127845591364488 0.9026550946423627 0.8911496890998822 0.8828888257841694 0.8721205482765286 0.8616451378016977 0.8511729383361872 0.8405711885469861 0.8297639580779517 0.8187009409472935 0.8073452184923221 0.7956675240264258 0.7836430533403456 0.7712492928361263 0.7584641142660291 0.7452635903546853 0.7316188783871143 0.71749102968007 0.7028212305231447 0.687510022790754 0.6713652309752144 0.6650793782022556 0.648004876937118 0.6305652633256045 0.6124041048065458 0.60537817315454 0.5865263934242936 0.5673997148237127 0.5475477190299731 0.5399856578974777 0.519621703451233 0.49904391678042853 0.47772654634690903 0.46967875643372836 0.448068508973305 0.42632736539853205 0.4038566591411401 0.39537749538865813 0.37290911507098623 0.35043057720441945 0.32727735431374677 0.31849256419324357 0.29573358680462103 0.27313108534332137 0.24997200556732252 0.24114749505472685 0.21883943490441435 0.19687429077424864 0.17452693774532418 0.16590131594060753 0.14488705973541932 0.12459024401748199 0.10460036241416676 0.09466123878167756 0.07678234309517032 0.06763738900231851 0.05235456159947578 0.04471003289569232 0.032175327920655146 0.02509651634593169 0.018789411957155493 0.01418762568556094 0.010826718494433837 0.008386811519869747 0.006608451772000048 0.005296501089741008 0.004312051517494052 0.0035591085352223027 0.002972061334056712 0.002505997253196294 0.002129877039988435 0.001821938845378983 0.0015666636513288145 0.0013527817243408303 0.0011719577533745886 0.001017915590222446 0.0008858485121797944 0.0007720159169401017 0.0006734637671081095 0.0005878272952634597 0.0005131900472892137 0.00044798146819454966 0.00039090136281075483 0.00034086352313648547 0.00029695299137667824 0.0002583933256089116 0.00022452121453387698 0.0001947664738735753 0.00016863633663420803 0.0001457027915689337 0.00012559231552002932 0.00010797770804018994 9.257119554813093e-05 7.911890397664358e-05 6.73961432188412e-05 5.720356170243341e-05 4.836396098381286e-05 4.0719414243359335e-05 3.4129070013279745e-05 2.8467132971974533e-05 2.3621203014706455e-05 1.949076766499261e-05 1.5986015602854067e-05 1.3026683386989374e-05 1.0541197754096594e-05 8.465751073738406e-06 6.743565138139018e-06 5.324305849299286e-06 4.163396124895667e-06 3.22156098639534e-06 2.4642548384739265e-06 1.8612996760096917e-06 1.386407467942311e-06 1.0168535656558002e-06 7.33084726935853e-07 5.184150808653493e-07 3.5872469432801346e-07 2.421759584400209e-07 1.5893044821780716e-07 1.0094358558281896e-07 6.171214872176766e-08 3.605716133529071e-08 1.9954623528115528e-08 1.0335153910092954e-08 4.932116768147439e-09 2.1211544693797214e-09 8.005841517416049e-10 2.555888003299289e-10 6.659478046006976e-11 1.3975029433092567e-11 2.4204880306677272e-12 3.6791765710222784e-13 5.211143244167915e-14 7.142562633867052e-15 9.65145458526634e-16 1.296204049342034e-16 1.7360101222921928e-17 2.3217544944633652e-18 3.102404562947364e-19 4.142557630762665e-20 5.527399866287877e-21 7.369615388525112e-22 9.817920374650543e-23 1.3068536533389759e-23 1.7380252304656806e-24 2.3088863023993046e-25 3.065227194921847e-26 4.064436141176609e-27 5.383958461989417e-28 7.123558822114688e-29 9.413538811886365e-30 1.2423499618568816e-30 1.6373600725144874e-31 2.1548975448434825e-32 2.831805756828318e-33 3.7155828750921156e-34 4.867223310103441e-35 6.364896776395163e-36 8.309397120021273e-37 1.082614653177576e-37 1.4081878075893983e-38 1.828122866770815e-39 2.3688141905756404e-40 3.062373777451697e-41 3.95057136226403e-42 5.085270217583902e-43 6.531218452194867e-44 8.369006090146749e-45 1.06986043398614e-45 1.3643635265229713e-46 1.7356485055272607e-47 2.2024375593011234e-48 2.787653513308089e-49 3.519260675070626e-50 4.431244094926317e-51 5.564749258541753e-52 6.969413735113636e-53 8.704923906345833e-54 1.0842821120401552e-54 1.3468570636418606e-55 1.6683903575266176e-56 2.0609449617091685e-57 2.5387691071493876e-58 3.118627914713766e-59 3.820175571628476e-60 4.6663718626858336e-61 5.683945930670366e-62 6.903910315321066e-63 8.362265454047233e-64 1.0098473589058726e-64 1.2163150214224138e-65 1.4608805791138626e-66 1.7497483694541618e-67 2.090015183147271e-68 2.493655511254352e-69 3.3077809308951014e-70 
0.0 0.0 0.0 0.0 0.0 0.0 0.0 0.0 0.0 0.0 0.0 0.0 0.0 0.0 0.0 0.0 0.0 0.0 0.0 0.0 0.0 0.0 0.0 0.0 0.0 0.0 0.0 0.0 0.0 0.0 0.0 0.0 0.0 0.0 0.0 0.0 0.0 0.0 0.0 0.0 0.0 0.0 0.0 0.0 0.0 0.0 0.0 0.0 0.0 0.0 0.0 0.0 0.0 0.0 0.0 0.0 0.0 0.0 0.0 0.0 0.0 0.0 0.0 0.0 0.0 0.0 0.0 0.0 0.0 0.0 0.0 0.0 0.0 0.0 0.0 0.0 0.0 0.0 0.0 0.0 0.0 0.0 0.0 0.0 0.0 0.0 0.0 0.0 0.0 0.0 0.0 0.0 0.0 0.0 0.0 0.0 0.0 0.0 0.0 0.0 0.0 0.0 0.0 0.0 0.0 0.0 0.0 0.0 0.0 0.0 0.0 0.0 0.0 0.0 0.0 0.0 0.0 0.0 0.0 0.0 0.0 0.0 0.0 0.0 0.0 0.0 0.0 0.0 0.0 0.0 0.0 0.0 0.0 0.0 0.0 0.0 0.0 0.0 0.0 0.0 0.0 0.0 0.0 0.0 0.0 0.0 0.0 0.0 0.0 0.0 0.0 0.0 0.0 0.0 0.0 0.0 0.0 0.0 0.0 0.0 0.0 0.0 0.0 0.0 0.0 0.0 0.0 0.0 0.0 0.0 0.0 0.0 0.0 0.0 0.0 0.0 0.0 0.0 0.0 0.0 0.0 0.0 0.0 0.0 0.0 0.0 0.0 0.0 0.0 0.0 0.0 0.0 0.0 0.0 0.0 0.0 0.0 0.0 0.0 0.0 
1900 1 12 0 0 0
12.452868861995897 12.452517751550452 12.452132906701861 12.451710861843987 12.451228796494934 12.450720206468533 12.450092301555122 12.449485011754781 12.448694124232095 12.447821157252752 12.44684299082966 12.445743624186418 12.444508992931214 12.443125470029711 12.441579330445935 12.43985654360592 12.437942700346571 12.435823004949638 12.433482303475767 12.430905131698278 12.428075760544246 12.424978182946113 12.421595873878108 12.417910790505053 12.413899775849568 12.4111591683954 12.406504282061864 12.401516591923482 12.396168635252538 12.39239851640641 12.38633280277074 12.379894500072682 12.373067768696917 12.368190146904563 12.360579244496359 12.352563777718691 12.344155163297694 12.338079536815682 12.328848480195845 12.319201613717453 12.309194075553727 12.301870696859188 12.291049222955902 12.279832694181298 12.268338412792293 12.259807540502281 12.247576309380614 12.235015808220908 12.222324586331563 12.212768040268802 12.199513832828698 12.186058798083735 12.17269916798067 12.162510983526863 12.148903132409453 12.135314574539024 12.122145798135461 12.112090135585747 12.099187265607805 12.08664774472236 12.074949735161495 12.064858818598687 12.054567322055435 12.044226121358625 12.035792979427816 12.028176741851034 12.021705456220673 12.016421550832193 12.011864683428742 12.008073889314229 12.00511543181844 12.003212031264367 12.002004307047873 12.001261011240837 12.000808065730967 12.000530765625482 12.000358377107828 12.000248805146247 12.000177345378374 12.000129476797017 12.000096560949528 12.000073363263661 12.000056641532145 12.000044340093257 12.000035124567848 12.000028108720445 12.0000226909851 12.00001845458324 12.000015105214143 12.000012431368836 12.000010278559326 12.000008532249826 12.000007106363048 12.000005935390538 12.000004968908227 12.00000416769284 12.00000350093966 12.000002944244114 12.000002478116304 12.000002086876426 12.000001757824576 12.000001480612106 12.000001246759428 12.000001049280018 12.000000882394959 12.000000741299251 12.000000621985958 12.000000521100445 12.000000435824445 12.000000363785032 12.000000302979036 12.000000251710691 12.000000208542378 12.00000017225293 12.000000141803952 12.000000116310726 12.00000009501985 12.000000077287577 12.0000000625657 12.000000050385472 12.000000040347192 12.000000032109686 12.000000025382061 12.000000019916671 12.000000015502353 12.000000011960033 12.000000009137736 12.000000006907037 12.000000005159366 12.000000003803645 12.000000002763445 12.000000001975211 12.000000001386129 12.000000000952806 12.000000000639707 12.000000000418092 12.000000000264889 12.000000000161874 12.000000000094804 12.000000000052786 12.000000000027656 12.00000000001346 12.000000000005981 12.000000000002384 12.000000000000837 12.000000000000265 12.000000000000073 12.000000000000021 12.000000000000018 12.000000000000009 12.0 11.999999999999982 11.999999999999975 11.999999999999977 11.999999999999975 11.99999999999999 12.000000000000002 12.000000000000007 12.00000000000001 12.000000000000016 12.00000000000002 12.00000000000002 12.00000000000002 12.00000000000002 12.00000000000001 12.00000000000001 12.000000000000014 12.000000000000007 12.000000000000002 12.0 12.000000000000005 12.000000000000009 12.000000000000016 12.00000000000002 12.00000000000002 12.00000000000002 12.000000000000012 12.00000000000002 12.000000000000016 12.000000000000009 12.000000000000009 12.000000000000009 12.000000000000002 12.0 11.999999999999996 11.999999999999996 12.000000000000002 12.000000000000007 12.000000000000005 12.000000000000002 12.000000000000007 12.0 11.999999999999995 12.0 12.000000000000009 12.000000000000023 12.000000000000036 12.00000000000005 12.00000000000005 12.000000000000059 
35.000000000000014 35.000000000000014 35.000000000000014 35.00000000000002 35.000000000000014 35.0 34.999999999999986 34.99999999999997 34.999999999999964 34.999999999999964 34.99999999999997 34.99999999999998 34.99999999999998 34.99999999999998 34.999999999999986 34.99999999999999 34.999999999999986 34.999999999999986 34.999999999999986 34.999999999999986 34.99999999999999 35.0 35.00000000000001 35.00000000000001 35.00000000000001 35.00000000000001 34.99999999999999 34.999999999999986 34.99999999999997 34.99999999999997 34.99999999999998 34.99999999999998 34.99999999999998 34.99999999999998 34.99999999999998 34.99999999999997 34.999999999999964 34.999999999999964 34.99999999999996 34.99999999999996 34.999999999999964 34.999999999999964 34.999999999999964 34.999999999999964 34.99999999999996 34.99999999999996 34.99999999999996 34.999999999999964 34.99999999999998 34.999999999999986 34.99999999999999 34.999999999999986 34.99999999999999 34.99999999999999 35.0 35.00000000000001 35.00000000000002 35.000000000000014 35.00000000000001 35.00000000000001 35.0 34.99999999999999 34.99999999999999 35.00000000000001 35.0 34.99999999999999 34.99999999999999 35.0 34.999999999999986 34.99999999999998 34.99999999999997 34.99999999999998 34.999999999999986 34.999999999999986 35.0 35.000000000000014 35.000000000000036 35.00000000000003 35.00000000000004 35.000000000000036 35.00000000000003 35.00000000000003 35.000000000000036 35.00000000000004 35.00000000000005 35.00000000000004 35.00000000000005 35.00000000000005 35.00000000000005 35.00000000000004 35.00000000000004 35.00000000000004 35.00000000000004 35.00000000000004 35.00000000000004 35.00000000000004 35.00000000000005 35.00000000000005 35.00000000000005 35.00000000000005 35.00000000000005 35.00000000000004 35.00000000000005 35.00000000000006 35.00000000000005 35.00000000000006 35.00000000000006 35.000000000000064 35.00000000000006 35.000000000000064 35.000000000000064 35.000000000000064 35.000000000000064 35.000000000000064 35.00000000000006 35.00000000000005 35.00000000000004 35.000000000000036 35.00000000000003 35.00000000000002 35.000000000000014 35.000000000000014 35.00000000000001 35.000000000000014 35.00000000000001 35.0 34.99999999999999 34.99999999999999 34.999999999999986 34.99999999999997 34.999999999999964 34.99999999999997 34.99999999999997 34.999999999999964 34.999999999999964 34.999999999999964 34.99999999999997 34.99999999999998 34.99999999999997 34.99999999999997 34.99999999999997 34.99999999999997 34.99999999999998 34.99999999999999 35.000000000000014 35.00000000000002 34.999999999999986 34.99999999999997 34.999999999999986 34.999999999999964 34.99999999999995 34.999999999999936 34.99999999999991 34.99999999999991 34.99999999999989 34.99999999999992 34.99999999999995 34.999999999999964 34.99999999999999 35.000000000000014 35.00000000000002 35.00000000000002 35.00000000000002 35.00000000000003 35.000000000000014 35.00000000000002 35.00000000000002 34.999999999999986 34.99999999999998 34.99999999999997 34.99999999999995 34.99999999999996 34.99999999999999 35.00000000000002 35.000000000000036 35.00000000000004 35.00000000000003 35.00000000000005 35.00000000000002 35.00000000000001 34.999999999999986 35.00000000000001 35.0 34.99999999999999 34.999999999999986 34.999999999999986 35.000000000000014 35.000000000000036 35.00000000000002 35.0 35.00000000000001 35.00000000000001 34.99999999999999 35.00000000000001 35.00000000000004 35.000000000000114 35.000000000000156 35.000000000000206 35.000000000000206 35.00000000000018 
0.9983242011156116 0.9614096405814067 0.9414137814735377 0.9271015934403731 0.9146070342448254 0.904853419961636 0.8942177489716794 0.8865292754475683 0.8767400060586548 0.8672968002803603 0.8579265838684074 0.8485045419543182 0.8389583759485082 0.8292395667521276 0.8193121332829497 0.8091473039644794 0.7987205194979601 0.7880094029230059 0.7769920450609241 0.7656451655414155 0.7539416775371418 0.7418469049331204 0.7293119342507911 0.7162604906496561 0.7025591906580253 0.6970782329571648 0.682575407019008 0.6677551260951728 0.6523709563023962 0.646360420360408 0.6303427358251944 0.6140666365323842 0.597220548351902 0.5908132001061905 0.5734434295429891 0.555844669027833 0.5376526009022913 0.5308711838838154 0.5122789443052906 0.49349549845261315 0.4741020392563043 0.4669560452742645 0.44732247605702413 0.4275546664810648 0.4071766249186284 0.39969728393168696 0.37928780461966494 0.3588258779903665 0.3377794983668466 0.33003571138484017 0.30922954207077047 0.28848491046758223 0.2672228916971785 0.25934307890368163 0.2386857959261008 0.21825264557968888 0.19744135629582218 0.18970475740018647 0.17002733479011586 0.1508263952837045 0.13155063104369438 0.12274854788426431 0.10486346569655622 0.09319904269254366 0.07687712601387905 0.06830041683723341 0.05393536861469846 0.04733639341383602 0.03567950737930361 0.02884644902351416 0.021673894321963323 0.016676559778953375 0.012877786235021761 0.010052537653365884 0.007958754487921936 0.006398454194615195 0.005222088968599041 0.004321510272440061 0.003620306307759272 0.0030649620167491286 0.0026179514366087677 0.0022527526993612696 0.0019503959231938978 0.001697117954193646 0.0014827787999626995 0.001299789783093472 0.0011423830255532315 0.0010061083612542567 0.000887482940316878 0.000783743781593045 0.0006926711831037775 0.0006124605417074213 0.0005416286874642458 0.0004789440541683334 0.0004233744519904247 0.0003740472958360188 0.0003302190169430247 0.0002912514233784716 0.0002565931529324042 0.00022576497481742368 0.00019834802801234106 0.00017397449420086168 0.0001523199343766777 0.0001330969045573425 0.0001160500436667981 0.00010095158222995472 8.759794508160181e-05 7.580672007873488e-05 6.541402214862115e-05 5.6272501280377585e-05 4.824944050378553e-05 4.1225105325662504e-05 3.5091511552974886e-05 2.9751090749693188e-05 2.5115798167866716e-05 2.1106063668892482e-05 1.7650113075799523e-05 1.4683118838307765e-05 1.2146719436286104e-05 9.988323007452442e-06 8.160643169837401e-06 6.621255995993072e-06 5.332157399002481e-06 4.2594193441843755e-06 3.372754791864464e-06 2.645304580532789e-06 2.0532641123519775e-06 1.575702214818973e-06 1.1941693683813694e-06 8.926187802648101e-07 6.570785759536364e-07 4.755109806251801e-07 3.375933588607392e-07 2.3455346301160793e-07 1.5900648792739327e-07 1.0478949095318046e-07 6.683436616357508e-08 4.102040756602657e-08 2.4053411224245937e-08 1.3347113464479677e-08 6.922062845482165e-09 3.2996407958163234e-09 1.4122774091852336e-09 5.276655664835473e-10 1.6534030112426978e-10 4.2183799524361893e-11 8.657103972083793e-12 1.4800678219963718e-12 2.246492737540234e-13 3.203077140325326e-14 4.4376952237298215e-15 6.072539688984898e-16 8.265657099175382e-17 1.1223884625214739e-17 1.5222164191118992e-18 2.0628998554986832e-19 2.7940021551616654e-20 3.782268498848853e-21 5.117605353247951e-22 6.921098874576917e-23 9.355764838883231e-24 1.2640667120441543e-24 1.7069476261887374e-25 2.303992481424111e-26 3.1093436143502543e-27 4.193234167781988e-28 5.652773863070843e-29 7.615884068919988e-30 1.0255306294094088e-30 1.380205131165363e-31 1.8565165946027475e-32 2.49578245433419e-33 3.353197906662083e-34 4.50243824967253e-35 6.041766061123439e-36 8.102126047969664e-37 1.0857861854385575e-37 1.4540886939898438e-38 1.945939935940064e-39 2.6022565244598347e-40 3.477303010256245e-41 4.642967879193868e-42 6.194378981033553e-43 8.257266230033667e-44 1.0997599147785388e-44 1.4634180054656575e-45 1.9455069182313786e-46 2.5838966336414044e-47 3.428298783477272e-48 4.543867282945893e-49 6.015856113650596e-50 7.955763110577159e-51 1.050700916664089e-51 1.386099995210237e-52 1.8262076859393558e-53 2.4028540997849092e-54 3.157258462187875e-55 4.142884257790827e-56 5.440014270442782e-57 8.02872732518927e-58 
0.0 0.0 0.0 0.0 0.0 0.0 0.0 0.0 0.0 0.0 0.0 0.0 0.0 0.0 0.0 0.0 0.0 0.0 0.0 0.0 0.0 0.0 0.0 0.0 0.0 0.0 0.0 0.0 0.0 0.0 0.0 0.0 0.0 0.0 0.0 0.0 0.0 0.0 0.0 0.0 0.0 0.0 0.0 0.0 0.0 0.0 0.0 0.0 0.0 0.0 0.0 0.0 0.0 0.0 0.0 0.0 0.0 0.0 0.0 0.0 0.0 0.0 0.0 0.0 0.0 0.0 0.0 0.0 0.0 0.0 0.0 0.0 0.0 0.0 0.0 0.0 0.0 0.0 0.0 0.0 0.0 0.0 0.0 0.0 0.0 0.0 0.0 0.0 0.0 0.0 0.0 0.0 0.0 0.0 0.0 0.0 0.0 0.0 0.0 0.0 0.0 0.0 0.0 0.0 0.0 0.0 0.0 0.0 0.0 0.0 0.0 0.0 0.0 0.0 0.0 0.0 0.0 0.0 0.0 0.0 0.0 0.0 0.0 0.0 0.0 0.0 0.0 0.0 0.0 0.0 0.0 0.0 0.0 0.0 0.0 0.0 0.0 0.0 0.0 0.0 0.0 0.0 0.0 0.0 0.0 0.0 0.0 0.0 0.0 0.0 0.0 0.0 0.0 0.0 0.0 0.0 0.0 0.0 0.0 0.0 0.0 0.0 0.0 0.0 0.0 0.0 0.0 0.0 0.0 0.0 0.0 0.0 0.0 0.0 0.0 0.0 0.0 0.0 0.0 0.0 0.0 0.0 0.0 0.0 0.0 0.0 0.0 0.0 0.0 0.0 0.0 0.0 0.0 0.0 0.0 0.0 0.0 0.0 0.0 0.0 
1900 1 13 0 0 0
12.413595361383399 12.41330549011118 12.412990410898653 12.412647418780422 12.41226527353306 12.411859229629497 12.411372702553574 12.410896443144976 12.410296535256855 12.409639368065031 12.40890890378144 12.408094202636365 12.407185741496352 12.406174333321175 12.40505073054515 12.403805458470888 12.402428739725964 12.400910458869836 12.399240144195577 12.39740695100536 12.395399625482115 12.39320640575138 12.39081475263053 12.388210620239926 12.385376408336137 12.383438323694557 12.380149400904644 12.376627276370336 12.37284875640368 12.370218951258643 12.365930128290557 12.361377463426033 12.356540823923142 12.353150088359056 12.347746952366233 12.342050545153176 12.336051943571112 12.331819517746501 12.325209377324912 12.318285468907302 12.311058536567542 12.305917190250877 12.298054441359396 12.289872578246813 12.281411936640712 12.275332708971503 12.266243510114368 12.256852020628266 12.247239649266792 12.240258149662864 12.230069773794833 12.21962708558257 12.209064863989255 12.20131478621418 12.19029245768097 12.179106807581784 12.167957194665869 12.15971799344185 12.148309980875618 12.13688712450498 12.125718784905274 12.117485965220803 12.106361483376844 12.095427706815201 12.084992337237178 12.077324681019649 12.06716524060445 12.05628529719918 12.04748288005263 12.039782452796489 12.032748155794975 12.026294776041787 12.020788585297682 12.01630944632271 12.012203092500014 12.009018657945452 12.005872465504561 12.003893637683621 12.002513980391127 12.001622317151984 12.00105748744832 12.000701532608568 12.000475810665817 12.000330590971682 12.000235309727957 12.00017138125752 12.000127481844435 12.000096640712625 12.000074499297865 12.000058281195614 12.00004618204041 12.000037005010684 12.000029940158798 12.000024428644616 12.00002007774891 12.000016606696603 12.000013811494492 12.000011541709299 12.000009684868225 12.000008155796541 12.000006889235571 12.000005834640076 12.000004952466929 12.000004211497492 12.00000358687262 12.000003058642505 12.000002610682635 12.000002229868993 12.000001905457884 12.000001628600568 12.000001391971846 12.000001189478144 12.00000101602654 12.000000867343433 12.000000739828554 12.000000630438624 12.0000005365917 12.000000456091758 12.000000387065874 12.00000032791147 12.000000277256486 12.00000023392165 12.000000196892879 12.000000165296713 12.000000138379463 12.000000115489955 12.000000096065934 12.000000079620657 12.000000065732856 12.000000054038287 12.000000044221096 12.00000003600845 12.000000029163836 12.000000023483107 12.00000001878978 12.000000014931489 12.000000011776999 12.0000000092135 12.000000007143923 12.000000005485354 12.00000000416682 12.000000003127882 12.000000002317412 12.000000001692072 12.000000001215511 12.000000000857376 12.000000000592388 12.000000000399824 12.000000000262691 12.00000000016733 12.000000000102789 12.000000000060506 12.000000000033838 12.000000000017796 12.000000000008669 12.000000000003853 12.00000000000153 12.000000000000535 12.000000000000169 12.00000000000005 12.000000000000025 12.00000000000002 12.000000000000021 12.00000000000002 12.000000000000016 12.00000000000002 12.000000000000014 12.000000000000016 12.000000000000009 12.000000000000004 12.000000000000007 12.000000000000009 12.00000000000002 12.00000000000002 12.00000000000001 12.000000000000016 12.000000000000014 12.000000000000016 12.000000000000014 12.000000000000012 12.000000000000009 12.000000000000004 12.000000000000004 11.999999999999996 11.999999999999998 11.999999999999993 11.999999999999995 12.000000000000004 12.000000000000002 12.000000000000005 12.000000000000009 12.00000000000002 12.00000000000003 12.000000000000053 12.00000000000008 12.000000000000115 12.000000000000146 12.000000000000165 12.00000000000017 12.000000000000162 
34.99999999999999 34.999999999999986 34.99999999999998 34.99999999999997 34.999999999999964 34.999999999999964 34.999999999999964 34.999999999999964 34.99999999999996 34.99999999999996 34.99999999999995 34.99999999999994 34.99999999999994 34.99999999999994 34.99999999999994 34.99999999999995 34.99999999999996 34.99999999999996 34.99999999999996 34.99999999999996 34.99999999999996 34.99999999999996 34.99999999999996 34.99999999999995 34.99999999999994 34.99999999999994 34.999999999999936 34.99999999999993 34.99999999999992 34.99999999999993 34.99999999999993 34.99999999999994 34.99999999999996 34.99999999999996 34.99999999999996 34.99999999999996 34.99999999999995 34.99999999999995 34.99999999999995 34.99999999999995 34.99999999999995 34.99999999999995 34.99999999999996 34.999999999999964 34.999999999999964 34.999999999999964 34.999999999999964 34.999999999999964 34.99999999999996 34.99999999999996 34.999999999999964 34.999999999999964 34.99999999999997 34.99999999999998 34.999999999999986 34.99999999999999 34.99999999999999 34.999999999999986 34.99999999999998 34.999999999999986 34.99999999999999 35.0 35.0 34.99999999999999 35.0 35.00000000000001 34.99999999999999 34.999999999999986 34.99999999999998 34.999999999999986 34.99999999999999 34.99999999999999 34.999999999999986 34.999999999999986 35.0 35.00000000000001 35.00000000000002 35.00000000000002 35.00000000000001 34.99999999999999 35.00000000000002 35.000000000000014 35.000000000000014 35.000000000000036 35.00000000000004 35.000000000000036 35.00000000000004 35.00000000000003 35.000000000000036 35.000000000000036 35.00000000000002 35.00000000000003 35.00000000000003 35.00000000000003 35.000000000000036 35.000000000000036 35.00000000000004 35.00000000000004 35.00000000000004 35.00000000000004 35.00000000000004 35.00000000000005 35.00000000000005 35.00000000000005 35.00000000000004 35.00000000000005 35.00000000000006 35.00000000000006 35.00000000000006 35.000000000000064 35.000000000000064 35.000000000000064 35.00000000000007 35.000000000000064 35.000000000000064 35.000000000000064 35.00000000000007 35.00000000000007 35.00000000000007 35.00000000000007 35.000000000000064 35.000000000000064 35.00000000000006 35.00000000000004 35.00000000000004 35.000000000000036 35.00000000000003 35.00000000000002 35.00000000000002 35.00000000000002 35.000000000000014 35.00000000000001 35.00000000000001 35.00000000000001 35.00000000000001 35.00000000000001 35.00000000000001 35.0 35.0 35.00000000000001 35.000000000000014 35.000000000000014 35.00000000000002 35.000000000000014 35.0 35.0 35.0 35.0 34.99999999999999 34.99999999999998 34.99999999999996 34.99999999999994 34.99999999999995 34.99999999999994 34.99999999999993 34.999999999999964 34.999999999999964 34.999999999999986 34.999999999999986 34.99999999999998 34.99999999999997 34.999999999999986 35.00000000000001 35.00000000000002 35.00000000000005 35.00000000000006 35.000000000000036 35.000000000000036 35.00000000000002 34.999999999999986 34.99999999999998 34.99999999999999 35.00000000000001 35.000000000000014 35.00000000000001 35.00000000000002 35.00000000000002 35.000000000000014 34.999999999999986 35.0 35.000000000000014 35.00000000000001 34.99999999999999 34.999999999999986 34.99999999999999 34.999999999999986 35.0 35.00000000000003 35.00000000000003 35.000000000000036 35.00000000000007 35.0000000000001 35.000000000000114 35.0000000000002 35.00000000000027 35.00000000000037 35.00000000000046 35.00000000000052 35.00000000000053 35.000000000000476 
0.9988414794059367 0.9621673412708084 0.9424348142184759 0.9283563843141137 0.9165268636501526 0.9070407912718874 0.8970818484403121 0.8896898819721114 0.8806903556472921 0.8720553725742843 0.8635393451109546 0.8550265156575653 0.8464482742965187 0.8377578536381146 0.8289202384425153 0.819907287527702 0.8106949510417581 0.8012613919319352 0.7915854489677404 0.781645082107264 0.7714154508380584 0.7608661209689813 0.749956457599332 0.7386271313004434 0.7267824479115611 0.7218832426797992 0.7093443818065857 0.6965363861392071 0.683282437403678 0.6780009594121043 0.6641759903125262 0.650122504076752 0.6356183574021143 0.6300409453047088 0.6150378409762504 0.5998199147815333 0.5841292055177056 0.5782644326082407 0.5621510066723332 0.5458388067158431 0.5290323159452495 0.5228760082633115 0.5057450955293776 0.48844219323709986 0.4706302865486195 0.4641902663259452 0.4461831574169982 0.4280452849464809 0.40939491183213655 0.4027014406871108 0.38402503441337416 0.365277141015019 0.34603037024829153 0.33914651107876287 0.3200960574684051 0.3010567797357777 0.28155871097403345 0.27459981649854365 0.25559580098492435 0.2367175688080107 0.2174615475537586 0.21064050841242346 0.1922925864841569 0.17422935235434586 0.15592307357824997 0.14944483593093563 0.13273694175950054 0.11583179851738074 0.09978777613103938 0.09147698334817048 0.07654652942166149 0.06862881456047938 0.05529537536360636 0.04945657273699964 0.0382119329784294 0.03316412934643661 0.024058727706461128 0.019319669347192866 0.015149763849777273 0.011954102240647116 0.009534606758843668 0.0077026263436910155 0.006306291529868804 0.005230153007019957 0.004389379489581226 0.0037227444383040966 0.003186341233752837 0.0027486341481425844 0.0023868147488898994 0.002084214491757035 0.0018284996614184822 0.0016104204369829615 0.0014229434448264765 0.001260646912607577 0.0011192956398048328 0.0009955391502696428 0.0008866949936105445 0.0007905913947593896 0.0007054516691721091 0.0006298080934996706 0.0005624373827842561 0.0005023114352057264 0.0004485594960032351 0.00040043891383767744 0.0003573120249134012 0.000318627990375104 0.0002839083322045274 0.00025273511775384506 0.00022474167680654127 0.00019960468464672458 0.00017703794793586485 0.00015678714570336395 0.00013862541131514115 0.00012234977199260922 0.00010777801745925302 9.474617599157382e-05 8.31063053937085e-05 7.272460299104477e-05 6.347989931084947e-05 5.526213660476044e-05 4.7971404231796845e-05 4.1516719239198534e-05 3.581524468615369e-05 3.07915124993404e-05 2.6376707098020964e-05 2.250807994531585e-05 1.9128467932384115e-05 1.618574807920889e-05 1.3632451621069222e-05 1.1425422276415542e-05 9.52538956863285e-06 7.896762642793254e-06 6.507257984114917e-06 5.327694526407668e-06 4.331755832909351e-06 3.495719119115202e-06 2.7983107322240672e-06 2.2205080014060666e-06 1.7453061262061069e-06 1.3576340504193768e-06 1.0441465546709778e-06 7.930617981122329e-07 5.941120979381082e-07 4.383016378300136e-07 3.178720896668422e-07 2.2614405522175212e-07 1.574200051745435e-07 1.0689505406666402e-07 7.053305383970349e-08 4.501531180517024e-08 2.7619128886396026e-08 1.6166779947978705e-08 8.933980267126856e-09 4.599964795667615e-09 2.1647726869423074e-09 9.091901896792476e-10 3.293810983125314e-10 9.900031524395964e-11 2.3993374049326068e-11 4.689756301779553e-12 7.748668017571536e-13 1.1573637890898781e-13 1.644225870143583e-14 2.2853856166619195e-15 3.1453846173478043e-16 4.3128488882117856e-17 5.9044534376611676e-18 8.074906876372402e-19 1.1037697929173705e-19 1.50819373034607e-20 2.0601178005348916e-21 2.8131135014888417e-22 3.8400837478936607e-23 5.240205531501536e-24 7.148352360103588e-25 9.747878694167921e-26 1.3287960680144907e-26 1.8107109610335415e-27 2.4665044324764607e-28 3.358587703203476e-29 4.571660230572356e-30 6.220627336558391e-31 8.461312631710246e-32 1.1504943593820403e-32 1.5637727382110976e-33 2.124728790989709e-34 2.885834210294578e-35 3.9180802112866834e-36 5.3174564243183125e-37 7.213669350017377e-38 9.782077992538921e-39 1.3255694873903618e-39 1.7958002053081575e-40 2.4315692287914526e-41 3.290587462334351e-42 4.4490869984551316e-43 6.011914890740205e-44 8.12066560622072e-45 1.0990324391289785e-45 1.6791280814725451e-46 
0.0 0.0 0.0 0.0 0.0 0.0 0.0 0.0 0.0 0.0 0.0 0.0 0.0 0.0 0.0 0.0 0.0 0.0 0.0 0.0 0.0 0.0 0.0 0.0 0.0 0.0 0.0 0.0 0.0 0.0 0.0 0.0 0.0 0.0 0.0 0.0 0.0 0.0 0.0 0.0 0.0 0.0 0.0 0.0 0.0 0.0 0.0 0.0 0.0 0.0 0.0 0.0 0.0 0.0 0.0 0.0 0.0 0.0 0.0 0.0 0.0 0.0 0.0 0.0 0.0 0.0 0.0 0.0 0.0 0.0 0.0 0.0 0.0 0.0 0.0 0.0 0.0 0.0 0.0 0.0 0.0 0.0 0.0 0.0 0.0 0.0 0.0 0.0 0.0 0.0 0.0 0.0 0.0 0.0 0.0 0.0 0.0 0.0 0.0 0.0 0.0 0.0 0.0 0.0 0.0 0.0 0.0 0.0 0.0 0.0 0.0 0.0 0.0 0.0 0.0 0.0 0.0 0.0 0.0 0.0 0.0 0.0 0.0 0.0 0.0 0.0 0.0 0.0 0.0 0.0 0.0 0.0 0.0 0.0 0.0 0.0 0.0 0.0 0.0 0.0 0.0 0.0 0.0 0.0 0.0 0.0 0.0 0.0 0.0 0.0 0.0 0.0 0.0 0.0 0.0 0.0 0.0 0.0 0.0 0.0 0.0 0.0 0.0 0.0 0.0 0.0 0.0 0.0 0.0 0.0 0.0 0.0 0.0 0.0 0.0 0.0 0.0 0.0 0.0 0.0 0.0 0.0 0.0 0.0 0.0 0.0 0.0 0.0 0.0 0.0 0.0 0.0 0.0 0.0 0.0 0.0 0.0 0.0 0.0 0.0 
1900 1 14 0 0 0
12.380667046372668 12.380423546563158 12.380160694052172 12.379875727127985 12.37956572097735 12.379233198800948 12.37884496928715 12.378461362036777 12.377991924331933 12.377481085317402 12.376917553279386 12.376293114073919 12.375601322632722 12.374835722895963 12.373989837858232 12.37305703418771 12.372030453290016 12.370902969722836 12.369667158762361 12.368315260156585 12.366839121781291 12.36523009289029 12.36347880010224 12.361574644457287 12.359504591396345 12.358080221542112 12.355680984654619 12.353114468723504 12.350362654667569 12.34845839405017 12.345336467933265 12.342024417176981 12.338504317278618 12.33606498507377 12.33213092565041 12.32798285999037 12.323607456714816 12.320568990515634 12.315740067100498 12.310677088696146 12.305375821150287 12.301678054810385 12.295893295482673 12.289861882043365 12.283594005856125 12.279193718955327 12.272427384464024 12.265413038551099 12.258181738941095 12.253066193720326 12.245342923469194 12.237386102635227 12.229255176387294 12.223458097592806 12.21487088581037 12.206085944776962 12.197199274389563 12.190820654176429 12.181550497705397 12.172145022476831 12.162743926094647 12.1559712026725 12.146294957379597 12.136569194457243 12.126980893998772 12.12007446846745 12.110331630691062 12.100642124219652 12.09125891682604 12.084447442963693 12.075187273412823 12.066203509117924 12.057825151883398 12.050715934776541 12.043373777540516 12.036264511592218 12.030209716132742 12.0246251146229 12.01983514377882 12.015834790908631 12.012133073104534 12.009363082435778 12.006693240562864 12.004613191268634 12.003053901948666 12.00202044678464 12.001344116287868 12.000904929490433 12.000619689649168 12.000432950223455 12.00030898162816 12.000225210041176 12.00016747322145 12.000126862336735 12.000097720413457 12.000076405875891 12.00006053624038 12.000048525322804 12.000039298053403 12.000032112766542 12.000026448944935 12.000021935227212 12.000018302519438 12.000015352963507 12.000012939076449 12.000010949519952 12.000009299242203 12.000007922556083 12.000006768211957 12.000005795845677 12.0000049733902 12.000004275163066 12.000003680440411 12.000003172384494 12.000002737226513 12.000002363639656 12.000002042254321 12.000001765280539 12.000001526211074 12.00000131958356 12.000001140796806 12.000000985958348 12.00000085176333 12.000000735397446 12.000000634456347 12.000000546878521 12.000000470895102 12.000000404980504 12.000000347819393 12.000000298272793 12.000000255354655 12.000000218208589 12.000000186089405 12.000000158349456 12.000000134423296 12.000000113817817 12.000000096101871 12.00000008089947 12.000000067881036 12.000000056758724 12.00000004728038 12.000000039225466 12.000000032401013 12.000000026638142 12.000000021789516 12.00000001772591 12.000000014335047 12.000000011518795 12.000000009191655 12.000000007279521 12.000000005717924 12.000000004451216 12.000000003431207 12.000000002616572 12.000000001971745 12.000000001466457 12.000000001074765 12.000000000774973 12.000000000548651 12.000000000380451 12.000000000257657 12.000000000169846 12.000000000108495 12.000000000066814 12.00000000003939 12.000000000022043 12.000000000011573 12.00000000000562 12.000000000002485 12.000000000000973 12.000000000000334 12.000000000000101 12.000000000000037 12.000000000000018 12.00000000000001 12.000000000000009 12.000000000000012 12.000000000000018 12.000000000000014 12.000000000000002 12.000000000000002 12.000000000000004 12.000000000000004 12.00000000000001 12.00000000000001 12.000000000000009 12.000000000000009 12.000000000000014 12.00000000000001 12.00000000000001 12.000000000000018 12.000000000000023 12.000000000000046 12.00000000000008 12.000000000000107 12.00000000000015 12.000000000000185 12.000000000000215 12.000000000000242 12.00000000000025 
34.99999999999996 34.99999999999996 34.99999999999996 34.99999999999995 34.999999999999936 34.999999999999936 34.99999999999994 34.99999999999995 34.99999999999994 34.99999999999994 34.99999999999994 34.99999999999994 34.99999999999994 34.99999999999994 34.99999999999994 34.99999999999994 34.99999999999995 34.99999999999996 34.99999999999996 34.99999999999995 34.99999999999995 34.99999999999995 34.99999999999995 34.999999999999936 34.99999999999993 34.99999999999993 34.999999999999915 34.999999999999915 34.999999999999915 34.999999999999915 34.99999999999992 34.999999999999936 34.99999999999993 34.99999999999993 34.99999999999992 34.999999999999915 34.99999999999991 34.99999999999991 34.999999999999915 34.99999999999991 34.999999999999915 34.999999999999915 34.9999999999999 34.99999999999989 34.99999999999989 34.999999999999886 34.999999999999886 34.999999999999886 34.99999999999989 34.9999999999999 34.99999999999991 34.99999999999992 34.99999999999993 34.999999999999936 34.99999999999994 34.99999999999996 34.99999999999995 34.99999999999996 34.99999999999997 34.99999999999997 34.99999999999997 34.999999999999986 34.999999999999986 35.0 35.0 34.99999999999999 34.99999999999999 35.00000000000001 35.00000000000001 35.00000000000001 35.000000000000014 35.00000000000001 35.00000000000001 35.0 35.0 35.0 35.00000000000001 35.00000000000001 35.000000000000014 35.00000000000003 35.000000000000036 35.000000000000036 35.000000000000036 35.000000000000036 35.000000000000036 35.000000000000036 35.00000000000004 35.000000000000036 35.000000000000036 35.000000000000036 35.00000000000003 35.00000000000003 35.00000000000004 35.00000000000006 35.00000000000006 35.00000000000005 35.00000000000006 35.00000000000006 35.000000000000064 35.000000000000064 35.000000000000064 35.000000000000064 35.000000000000064 35.00000000000007 35.00000000000007 35.00000000000007 35.000000000000064 35.00000000000006 35.000000000000064 35.000000000000064 35.000000000000064 35.000000000000064 35.00000000000007 35.00000000000008 35.00000000000008 35.00000000000008 35.00000000000007 35.00000000000007 35.000000000000064 35.00000000000005 35.00000000000005 35.00000000000005 35.00000000000005 35.000000000000064 35.000000000000064 35.000000000000064 35.000000000000064 35.000000000000064 35.00000000000006 35.00000000000005 35.00000000000004 35.00000000000002 35.00000000000002 35.000000000000014 35.00000000000001 35.00000000000002 35.00000000000002 35.00000000000001 34.99999999999999 34.999999999999986 34.99999999999998 34.99999999999998 34.99999999999998 34.99999999999998 34.99999999999998 34.99999999999999 34.999999999999986 34.999999999999986 34.999999999999986 34.99999999999998 34.99999999999998 34.99999999999997 34.999999999999964 34.99999999999996 34.99999999999995 34.999999999999936 34.999999999999936 34.99999999999994 34.99999999999995 34.99999999999995 34.99999999999996 34.99999999999997 34.999999999999986 34.99999999999999 35.0 35.000000000000014 35.00000000000001 35.00000000000001 35.00000000000002 35.000000000000014 35.000000000000014 35.0 34.99999999999999 35.0 35.00000000000001 35.00000000000002 35.00000000000002 35.00000000000002 34.99999999999999 34.999999999999986 34.99999999999997 34.99999999999999 35.0 35.00000000000004 35.00000000000007 35.00000000000009 35.000000000000114 35.00000000000012 35.0000000000001 35.00000000000009 35.000000000000114 35.000000000000114 35.00000000000018 35.00000000000026 35.000000000000334 35.00000000000045 35.00000000000058 35.00000000000069 35.00000000000078 35.000000000000774 
0.9996355514285571 0.963159712458762 0.9436449228596653 0.9296963749586219 0.918463873930355 0.9091532320557832 0.8997142015628199 0.8925559765373754 0.884171299101262 0.8761652629376544 0.8683215677820163 0.8605155288924854 0.8526897106416272 0.844798265422473 0.8368067464605835 0.828687490555089 0.8204169625645761 0.8119739769451414 0.8033382889787659 0.7944892467741002 0.7854042318176999 0.7760565330815516 0.7664120436462327 0.7564235286417931 0.7460195210567886 0.7415602419947135 0.7305582098428257 0.7193299760158022 0.7077437385875335 0.7030114171724584 0.6909213037397511 0.6786339027999719 0.6659853631525934 0.6610355793952992 0.647933164842885 0.6346388962051738 0.6209645757110479 0.615796966547517 0.6017185511550232 0.5874532972472012 0.5727875651722529 0.5673914886074837 0.5523853136236557 0.5372035184182377 0.5216037125706424 0.5159760694884641 0.5001196066052592 0.4841074392115767 0.4676649015593676 0.46181700047556445 0.44522688563761137 0.4285115300275699 0.41136106223000307 0.40532340838615627 0.3881655396932008 0.3709256908752948 0.35325716980166244 0.3470858527964861 0.3295872856156219 0.31206530381964476 0.29413667953382167 0.2879235456249843 0.2703767986540182 0.25287719541572484 0.23500605959756535 0.2288708339825242 0.2115857345144397 0.19441845501482838 0.1769338401460137 0.17089928646376154 0.15429516679258554 0.13797956909087106 0.1215512973055698 0.11440062623416378 0.09911063823927657 0.09027605728991919 0.07634076630825236 0.068964417667335 0.056489023355073054 0.05093614535410048 0.04002468753224389 0.035779057514053116 0.026705255520329544 0.022080388870672724 0.017469970901181006 0.013928383548630364 0.01120026372548294 0.009101696254913376 0.007483269535616585 0.006226041586785035 0.005239014443008999 0.004454389487016112 0.0038223627871527078 0.0033065260440515738 0.0028802174917837648 0.002523791260369758 0.002222638751058908 0.001965778166794989 0.0017448555945568595 0.001553437654592606 0.0013865087758327139 0.0012401112365187533 0.001111085653498691 0.0009968818705209082 0.0008954197347139981 0.0008049858312398823 0.0007241557822768869 0.0006517353672008809 0.0005867153772010859 0.0005282366928986082 0.00047556298625988676 0.00042805928584267077 0.00038517477368372094 0.0003464291296529016 0.00031140147772873233 0.00027972128307398317 0.0002510609938152275 0.00022512992038702315 0.00020166921752540778 0.00018044746299082588 0.00016125729185829908 0.00014391228521944415 0.00012824434811732743 0.00011410164906545276 0.00010134666154864712 8.985456405129245e-05 7.951192098234852e-05 7.021534123954723e-05 6.187056749131136e-05 5.439145303767441e-05 4.769928474848418e-05 4.172196448013182e-05 3.639341599488059e-05 3.165315994946895e-05 2.7445633917624264e-05 2.3719944846506333e-05 2.0429341089733545e-05 1.753100022043143e-05 1.498562782654795e-05 1.275723644779395e-05 1.0812855207829869e-05 9.122335144985996e-06 7.658143877275447e-06 6.395113245911866e-06 5.310402707643484e-06 4.383132829849034e-06 3.5944527230318063e-06 2.927271383852171e-06 2.3661211611801394e-06 1.8971194786364023e-06 1.5077823342549847e-06 1.186975260370152e-06 9.247321152275563e-07 7.122503904503338e-07 5.417389987321852e-07 4.063621088950118e-07 3.0012636931484594e-07 2.1786318341682065e-07 1.5508801689989974e-07 1.0797764929485576e-07 7.328491340488781e-08 4.8294947225048623e-08 3.0742469582285566e-08 1.8781912180657534e-08 1.091804632723872e-08 5.971524156798195e-09 3.0253425481777863e-09 1.3909077214008935e-09 5.642025670328632e-10 1.943220519572061e-10 5.4750860629790946e-11 1.2322692666477082e-11 2.258305057740513e-12 3.590918004753749e-13 5.281092988716804e-14 7.484356368094975e-15 1.0435255812419657e-15 1.444798149737858e-16 1.994264540114727e-17 2.7488057837415533e-18 3.7860477750265217e-19 5.2123077834993947e-20 7.173392597945371e-21 9.869326117607767e-22 1.3574464781712253e-22 1.866498992924848e-23 2.565643713171663e-24 3.5254891690521807e-25 4.842783905043436e-26 6.648154311102686e-27 9.12461706116966e-28 1.251758270620507e-28 1.7163097379017344e-29 2.3518640825717824e-30 3.220651155506867e-31 4.405848503295861e-32 6.022836287577237e-33 8.225971654413225e-34 1.1262140445536525e-34 1.743147394524019e-35 
0.0 0.0 0.0 0.0 0.0 0.0 0.0 0.0 0.0 0.0 0.0 0.0 0.0 0.0 0.0 0.0 0.0 0.0 0.0 0.0 0.0 0.0 0.0 0.0 0.0 0.0 0.0 0.0 0.0 0.0 0.0 0.0 0.0 0.0 0.0 0.0 0.0 0.0 0.0 0.0 0.0 0.0 0.0 0.0 0.0 0.0 0.0 0.0 0.0 0.0 0.0 0.0 0.0 0.0 0.0 0.0 0.0 0.0 0.0 0.0 0.0 0.0 0.0 0.0 0.0 0.0 0.0 0.0 0.0 0.0 0.0 0.0 0.0 0.0 0.0 0.0 0.0 0.0 0.0 0.0 0.0 0.0 0.0 0.0 0.0 0.0 0.0 0.0 0.0 0.0 0.0 0.0 0.0 0.0 0.0 0.0 0.0 0.0 0.0 0.0 0.0 0.0 0.0 0.0 0.0 0.0 0.0 0.0 0.0 0.0 0.0 0.0 0.0 0.0 0.0 0.0 0.0 0.0 0.0 0.0 0.0 0.0 0.0 0.0 0.0 0.0 0.0 0.0 0.0 0.0 0.0 0.0 0.0 0.0 0.0 0.0 0.0 0.0 0.0 0.0 0.0 0.0 0.0 0.0 0.0 0.0 0.0 0.0 0.0 0.0 0.0 0.0 0.0 0.0 0.0 0.0 0.0 0.0 0.0 0.0 0.0 0.0 0.0 0.0 0.0 0.0 0.0 0.0 0.0 0.0 0.0 0.0 0.0 0.0 0.0 0.0 0.0 0.0 0.0 0.0 0.0 0.0 0.0 0.0 0.0 0.0 0.0 0.0 0.0 0.0 0.0 0.0 0.0 0.0 0.0 0.0 0.0 0.0 0.0 0.0 
1900 1 15 0 0 0
12.352628403518759 12.352420647953785 12.35219774807742 12.351957656555442 12.351698452180976 12.35142121996398 12.351101153769044 12.350783379980124 12.350396656700683 12.349973966372874 12.349583582939024 12.349070805701402 12.348517574766433 12.347914515315265 12.347254848067045 12.346532726738426 12.345742620709023 12.344879039543084 12.34393638775996 12.342908869556041 12.341790402950755 12.340574510151699 12.339254136554787 12.33782130311028 12.336266367230655 12.33518602959302 12.333387103482284 12.33146552507927 12.329407601727128 12.327984203272921 12.325651968526415 12.323180065999448 12.320553935626869 12.318744592070333 12.315810480356436 12.312717979723285 12.309454261597905 12.30720929679809 12.303605266547757 12.299825595452324 12.295861652112128 12.29313147049855 12.288799365002248 12.284278025077368 12.279565892475802 12.276308031816066 12.271207350262106 12.265909635805677 12.260423917715723 12.256610208630885 12.250726488152226 12.2446462090568 12.238393204795265 12.234017927409555 12.227372638797663 12.220542522407477 12.213571046889234 12.20866075360638 12.201322852209428 12.193826484116533 12.18623983764111 12.180864673842548 12.172962281022656 12.164945315832242 12.156911306731752 12.151192629787884 12.142920824392657 12.134597586152168 12.12635384619054 12.12043428830459 12.112068836693899 12.103746981801631 12.095638628965881 12.088454730356702 12.080602879834064 12.07425669936684 12.066574102908072 12.059117694758303 12.052115787977543 12.046056313891608 12.039820059240487 12.033834234185967 12.028546059127892 12.02360573706867 12.019328651596773 12.015651119122573 12.01233128423996 12.009804441972708 12.007375886207589 12.005411187900634 12.003696924260588 12.002517104361178 12.001710065447769 12.001168575272406 12.000808023746353 12.000567615940291 12.000406017192923 12.000295986780554 12.000219865427077 12.000166269646419 12.000127844031468 12.000099797555757 12.000078972456889 12.000063257863097 12.000051220867071 12.000041873220828 12.000034522464494 12.000028675815043 12.000023977314266 12.0000201661533 12.00001704864581 12.000014479120603 12.000012346708967 12.000010566086301 12.00000907090394 12.000007809069125 12.000006739312019 12.00000582866304 12.000005050579365 12.00000438353374 12.000003809954148 12.000003315401989 12.000002887946833 12.000002517678066 12.000002196317938 12.00000191692224 12.000001673640348 12.000001461520048 12.000001276356274 12.000001114563807 12.000000973076096 12.000000849262847 12.000000740859734 12.000000645913612 12.000000562735194 12.000000489858827 12.000000426011656 12.000000370085047 12.000000321111044 12.000000278244887 12.000000240746294 12.000000207967007 12.00000017933619 12.000000154354685 12.000000132581302 12.000000113628195 12.000000097153862 12.00000008285656 12.00000007047021 12.000000059760003 12.00000005051842 12.000000042562414 12.000000035730027 12.000000029878551 12.000000024881796 12.000000020628523 12.00000001702058 12.000000013971462 12.000000011405099 12.000000009254563 12.000000007461123 12.000000005973227 12.000000004745818 12.000000003739554 12.000000002920249 12.00000000225802 12.000000001727146 12.000000001305414 12.0000000009737 12.000000000715673 12.000000000517453 12.000000000367276 12.00000000025529 12.000000000173241 12.000000000114385 12.000000000073138 12.00000000004503 12.000000000026509 12.000000000014785 12.000000000007715 12.00000000000371 12.000000000001615 12.000000000000618 12.000000000000208 12.000000000000055 12.000000000000012 12.000000000000002 12.000000000000002 12.000000000000016 12.000000000000025 12.00000000000004 12.000000000000062 12.000000000000076 12.000000000000107 12.00000000000014 12.000000000000185 12.000000000000231 12.000000000000265 12.00000000000028 12.000000000000282 
35.000000000000064 35.000000000000064 35.000000000000064 35.00000000000007 35.00000000000007 35.00000000000007 35.00000000000008 35.00000000000008 35.00000000000008 35.00000000000008 35.00000000000008 35.00000000000008 35.00000000000007 35.00000000000007 35.00000000000007 35.000000000000064 35.000000000000064 35.00000000000006 35.00000000000005 35.00000000000004 35.00000000000003 35.00000000000003 35.000000000000014 35.0 34.999999999999986 34.99999999999998 34.99999999999997 34.99999999999997 34.99999999999997 34.999999999999964 34.99999999999995 34.99999999999994 34.999999999999936 34.99999999999993 34.99999999999992 34.99999999999991 34.999999999999915 34.999999999999915 34.999999999999915 34.99999999999993 34.999999999999936 34.99999999999993 34.99999999999993 34.999999999999936 34.99999999999993 34.999999999999936 34.99999999999994 34.99999999999994 34.99999999999995 34.99999999999994 34.999999999999936 34.999999999999936 34.99999999999994 34.99999999999994 34.99999999999995 34.99999999999995 34.99999999999995 34.99999999999995 34.99999999999994 34.99999999999994 34.999999999999964 34.99999999999997 34.99999999999997 34.99999999999997 34.99999999999997 34.99999999999998 34.999999999999986 34.99999999999999 35.0 35.0 35.00000000000001 35.000000000000014 35.00000000000001 35.0 35.0 35.0 34.99999999999999 34.99999999999999 35.0 35.00000000000001 35.000000000000014 35.00000000000001 35.00000000000001 35.0 35.00000000000001 35.000000000000014 35.00000000000002 35.00000000000003 35.00000000000004 35.00000000000006 35.00000000000005 35.00000000000006 35.00000000000006 35.00000000000006 35.00000000000003 35.00000000000002 35.00000000000003 35.00000000000005 35.00000000000005 35.00000000000005 35.00000000000005 35.00000000000005 35.00000000000004 35.00000000000004 35.00000000000004 35.00000000000004 35.00000000000004 35.00000000000003 35.000000000000036 35.000000000000036 35.000000000000036 35.00000000000002 35.000000000000014 35.00000000000001 35.000000000000014 35.000000000000014 35.000000000000014 35.00000000000001 35.0 35.0 35.0 35.00000000000001 35.00000000000001 35.00000000000001 35.00000000000002 35.000000000000014 35.00000000000002 35.00000000000002 35.00000000000001 35.00000000000001 35.00000000000001 35.0 35.00000000000001 35.0 35.0 35.0 35.0 35.0 35.00000000000001 35.00000000000001 35.00000000000001 35.0 35.0 35.0 35.00000000000001 34.99999999999999 34.999999999999986 34.99999999999998 34.99999999999998 34.99999999999998 34.999999999999986 34.999999999999986 34.999999999999986 34.999999999999986 34.99999999999999 34.999999999999986 34.99999999999998 34.999999999999986 34.999999999999986 34.999999999999986 34.99999999999999 34.99999999999999 35.0 35.00000000000001 35.000000000000014 35.000000000000014 35.00000000000002 35.00000000000002 35.00000000000002 35.00000000000002 35.00000000000001 35.00000000000001 34.99999999999999 34.99999999999999 34.999999999999986 34.99999999999999 34.99999999999999 34.99999999999998 34.99999999999998 34.99999999999999 35.0 35.000000000000014 35.00000000000003 35.000000000000036 35.000000000000036 35.00000000000006 35.00000000000007 35.0000000000001 35.00000000000011 35.00000000000015 35.00000000000018 35.00000000000022 35.00000000000027 35.000000000000355 35.00000000000043 35.000000000000554 35.00000000000072 35.00000000000086 35.000000000000924 35.000000000000945 
1.000272023231572 0.9639765915818874 0.9446587811180999 0.9309211633079572 0.919936227318123 0.9107981740705807 0.9016911085838057 0.8946406663717964 0.8865294672487339 0.8787281512736338 0.8731979720136233 0.8656110976385109 0.8582094033175203 0.850857314495207 0.8434826883672231 0.836040103131499 0.8284971132872195 0.8208280133311139 0.8130104839765109 0.8050234050093994 0.7968450457091978 0.7884511282193364 0.7798122409599727 0.7708897659782422 0.7616285857486658 0.7575128654475712 0.747734753223169 0.7377675099885086 0.7275097910082369 0.7232025273236897 0.7125011267853416 0.7016315581667949 0.6904694613133834 0.6860044440917191 0.6744336198248808 0.662695536523646 0.6506492010842042 0.6460192086781061 0.6335964246492876 0.6210057411428953 0.60808899601096 0.6032788582646218 0.5900263313780435 0.5766090377119019 0.5628492316261258 0.5578486246031624 0.543806445676763 0.5296082318222961 0.5150538522567112 0.5098617768669826 0.4950942337277896 0.4801860865427333 0.46491213694526745 0.4595392493586615 0.4441403787815521 0.4286242082037903 0.4127382245779941 0.40720928820882774 0.3913093606064098 0.3753247245446434 0.3589740392322711 0.353331251360538 0.33710347242338085 0.32083385219866895 0.30421153172482246 0.29851517488759394 0.2821770774918947 0.26584840252937225 0.2491873850786559 0.24347745148526656 0.22727463925932437 0.2111241472976234 0.19461699492467763 0.18726185836350465 0.17085165072782543 0.1645474963996529 0.14916158813425565 0.1341078162939135 0.11897404984775319 0.11229393294594575 0.09804643647001228 0.09030677322681582 0.0771814949107319 0.0702548189884174 0.058402748665296086 0.05294435365508902 0.04249745047414813 0.038402009334603984 0.029724009551868893 0.025443584623160598 0.02016743749068039 0.01627181821533705 0.013189914910914691 0.010774491556099143 0.008886875880537097 0.007407370580097573 0.006239702667971245 0.005309280233787066 0.004559607297123461 0.00394842019387559 0.0034442487249998267 0.003023636681895958 0.0026690146765583063 0.002367122704749659 0.0021078600145727927 0.0018834530579905353 0.0016878546378911738 0.0015163089421157349 0.0013650351775526806 0.0012309958322086632 0.0011117256563401847 0.0010052043741815044 0.0009097611144596623 0.0008240018744104249 0.0007467542043985088 0.0006770244648736765 0.0006139645197888367 0.0005568456538024627 0.0005050379198283856 0.0004579935637771179 0.000415233924097164 0.0003763384889438723 0.0003409362498436792 0.0003086985924348997 0.0002793330709649661 0.00025257868697977325 0.00022820174617665603 0.00020599213371725588 0.00018576063813999412 0.0001673362666115735 0.00015056417354686048 0.00013530376412642173 0.0001214271654795013 0.00010881777900650143 9.736920149094441e-05 8.698403202053883e-05 7.757308999928088e-05 6.90545686856633e-05 6.135326416303187e-05 5.440012409954942e-05 4.813153726423491e-05 4.2488963816779754e-05 3.7418319435412054e-05 3.28699138175407e-05 2.879775433211867e-05 2.5159444126885267e-05 2.1915928695817232e-05 1.9031061656464756e-05 1.647156265048454e-05 1.4206705922044712e-05 1.2208223430955138e-05 1.0450033397140823e-05 8.908142846554005e-06 7.560522547012012e-06 6.386910583974878e-06 5.368792752165498e-06 4.489156523831378e-06 3.7324927003476634e-06 3.0846588034433904e-06 2.5327821349755354e-06 2.0651892044824996e-06 1.6712977655372635e-06 1.3415761409845899e-06 1.067438730691877e-06 8.411984728709305e-07 6.559809145088364e-07 5.056757229022836e-07 3.8488339424915397e-07 2.888395674198153e-07 2.1337064180208245e-07 1.5485931672128342e-07 1.1016102138826552e-07 7.659433110551382e-08 5.186348385300431e-08 3.405769610551716e-08 2.156349939590312e-08 1.3070322190123927e-08 7.511553997724805e-09 4.040908195775115e-09 1.998377231566089e-09 8.874098295329101e-10 3.421772738752531e-10 1.0995694476615276e-10 2.8383780459516764e-11 5.838708340036284e-12 1.0028067056042894e-12 1.5396182343680348e-13 2.232527098893714e-14 3.153521037643958e-15 4.403887649619968e-16 6.119373989047217e-17 8.483166426946379e-18 1.1744636490578134e-18 1.6243814331207153e-19 2.2442418651717637e-20 3.0982534433987904e-21 4.271008577805758e-22 5.882493281042987e-23 8.121483464869784e-24 1.2689108287277821e-24 
0.0 0.0 0.0 0.0 0.0 0.0 0.0 0.0 0.0 0.0 0.0 0.0 0.0 0.0 0.0 0.0 0.0 0.0 0.0 0.0 0.0 0.0 0.0 0.0 0.0 0.0 0.0 0.0 0.0 0.0 0.0 0.0 0.0 0.0 0.0 0.0 0.0 0.0 0.0 0.0 0.0 0.0 0.0 0.0 0.0 0.0 0.0 0.0 0.0 0.0 0.0 0.0 0.0 0.0 0.0 0.0 0.0 0.0 0.0 0.0 0.0 0.0 0.0 0.0 0.0 0.0 0.0 0.0 0.0 0.0 0.0 0.0 0.0 0.0 0.0 0.0 0.0 0.0 0.0 0.0 0.0 0.0 0.0 0.0 0.0 0.0 0.0 0.0 0.0 0.0 0.0 0.0 0.0 0.0 0.0 0.0 0.0 0.0 0.0 0.0 0.0 0.0 0.0 0.0 0.0 0.0 0.0 0.0 0.0 0.0 0.0 0.0 0.0 0.0 0.0 0.0 0.0 0.0 0.0 0.0 0.0 0.0 0.0 0.0 0.0 0.0 0.0 0.0 0.0 0.0 0.0 0.0 0.0 0.0 0.0 0.0 0.0 0.0 0.0 0.0 0.0 0.0 0.0 0.0 0.0 0.0 0.0 0.0 0.0 0.0 0.0 0.0 0.0 0.0 0.0 0.0 0.0 0.0 0.0 0.0 0.0 0.0 0.0 0.0 0.0 0.0 0.0 0.0 0.0 0.0 0.0 0.0 0.0 0.0 0.0 0.0 0.0 0.0 0.0 0.0 0.0 0.0 0.0 0.0 0.0 0.0 0.0 0.0 0.0 0.0 0.0 0.0 0.0 0.0 0.0 0.0 0.0 0.0 0.0 0.0 
1900 1 16 0 0 0
12.3284046001462 12.328224860855645 12.32803300411649 12.327827535167346 12.327607163275177 12.327372535329992 12.32710621508546 12.326839864755835 12.326522775832176 12.32617821674816 12.325855499013615 12.325442317180636 12.324998420325992 12.324516735801035 12.323992181882547 12.323420400525848 12.322797281175262 12.322118745504035 12.321380631501569 12.32057861529573 12.319708140113455 12.318764328710424 12.317741848296201 12.316634670902575 12.315435604673763 12.314593126086626 12.31320913981951 12.311733211801814 12.310154953168757 12.309060432462694 12.307274721793338 12.305384395184568 12.303377998200855 12.301998680813911 12.299759247980225 12.297400803987472 12.294912421102591 12.293210532631903 12.290463715617234 12.28758394127872 12.2845622235615 12.282498969420145 12.27919557361453 12.275747117109512 12.272148162314664 12.269687744686264 12.265787712507768 12.26173360997375 12.25752550672129 12.254639066552421 12.250116171396417 12.245434646657284 12.240602446197629 12.23727232926754 12.23211946386909 12.226809422396384 12.221360846112846 12.217585400949176 12.21182067012757 12.20590803595033 12.199879999630225 12.195678563651361 12.18935225325902 12.182897242238347 12.176363297172193 12.17177780802565 12.16498085183367 12.158087463505057 12.151168133987309 12.146229461671409 12.139110822950798 12.131952490865064 12.12484833045349 12.118721263686771 12.111618704868892 12.10596343851442 12.098794305586395 12.091664077145202 12.084709027320184 12.07843331195846 12.071725987995237 12.066386158027123 12.059847644307208 12.05351059216462 12.04754544512735 12.042364543878174 12.037005281917605 12.031950699580678 12.027310651316629 12.022920002179982 12.019077734110525 12.015680315989494 12.012638466085338 12.010254923526762 12.00793751157363 12.006214575002675 12.004346248696914 12.003079110576005 12.002147703362281 12.001496721274426 12.001049595398886 12.000744277734148 12.000535422998027 12.000391473828484 12.000291101841633 12.00022011416841 12.00016911858341 12.000131889536075 12.000104272757635 12.000083467986165 12.000067564381043 12.000055240326688 12.000045568810302 12.00003789033429 12.000031729136591 12.000026737325586 12.00002265718952 12.000019295445366 12.000016505423599 12.000014174588905 12.000012215697026 12.000010560443556 12.000009154865214 12.000007955960857 12.000006929190079 12.00000604659881 12.000005285407385 12.00000462692794 12.000004055737922 12.00000355903567 12.000003126138923 12.000002748088253 12.000002417334958 12.00000212749137 12.000001873128724 12.00000164961725 12.000001452993889 12.000001279854184 12.000001127265119 12.000000992692168 12.000000873939548 12.00000076909867 12.000000676508852 12.00000059471964 12.000000522463077 12.000000458627731 12.00000040223767 12.000000352435348 12.000000308464841 12.000000269659502 12.000000235430818 12.000000205258402 12.000000178680798 12.000000155290355 12.000000134724342 12.000000116661543 12.000000100816495 12.00000008693501 12.00000007479181 12.00000006418619 12.000000054939347 12.000000046892518 12.00000003990429 12.00000003384879 12.000000028614085 12.00000002410052 12.000000020219868 12.000000016893063 12.000000014050489 12.000000011630235 12.00000000957723 12.000000007842928 12.000000006384385 12.000000005163596 12.000000004147104 12.000000003305566 12.000000002613174 12.000000002047267 12.000000001588257 12.00000000121885 12.000000000924306 12.000000000691765 12.000000000510141 12.000000000370068 12.000000000263514 12.000000000183745 12.000000000125063 12.000000000082794 12.000000000053053 12.000000000032724 12.00000000001929 12.000000000010772 12.000000000005654 12.000000000002773 12.000000000001288 12.000000000000627 12.00000000000038 12.000000000000332 12.000000000000353 12.000000000000357 
35.0 35.0 35.0 34.99999999999999 34.99999999999999 34.99999999999999 34.99999999999999 34.99999999999999 34.999999999999986 34.999999999999986 34.99999999999998 34.99999999999998 34.99999999999998 34.99999999999997 34.99999999999997 34.999999999999964 34.99999999999996 34.99999999999994 34.999999999999936 34.99999999999993 34.999999999999936 34.99999999999995 34.99999999999996 34.99999999999997 34.99999999999998 34.999999999999986 34.999999999999986 34.999999999999986 34.999999999999986 34.999999999999986 34.99999999999998 34.99999999999998 34.99999999999998 34.99999999999998 34.99999999999997 34.99999999999997 34.99999999999997 34.99999999999997 34.99999999999997 34.99999999999997 34.999999999999964 34.99999999999996 34.99999999999996 34.999999999999964 34.999999999999964 34.999999999999964 34.999999999999964 34.999999999999964 34.99999999999996 34.99999999999996 34.99999999999995 34.99999999999995 34.999999999999936 34.999999999999936 34.99999999999993 34.999999999999936 34.999999999999936 34.999999999999936 34.99999999999993 34.999999999999936 34.99999999999994 34.99999999999994 34.99999999999994 34.99999999999995 34.99999999999996 34.999999999999964 34.999999999999964 34.999999999999964 34.99999999999997 34.99999999999998 34.999999999999986 34.999999999999986 34.99999999999999 34.99999999999999 34.999999999999986 35.00000000000001 35.00000000000001 35.0 35.0 35.00000000000001 35.00000000000001 35.00000000000001 35.00000000000001 35.00000000000001 35.00000000000001 35.000000000000014 35.000000000000014 35.000000000000014 35.000000000000014 35.00000000000002 35.00000000000003 35.00000000000003 35.000000000000036 35.000000000000036 35.000000000000036 35.00000000000003 35.00000000000003 35.00000000000004 35.00000000000004 35.00000000000007 35.000000000000064 35.00000000000008 35.000000000000064 35.000000000000064 35.00000000000007 35.00000000000007 35.00000000000006 35.00000000000006 35.00000000000005 35.00000000000006 35.000000000000064 35.00000000000006 35.00000000000005 35.000000000000036 35.00000000000003 35.00000000000003 35.000000000000014 35.000000000000014 35.000000000000014 35.000000000000014 35.00000000000002 35.000000000000014 35.00000000000001 35.00000000000001 35.000000000000014 35.000000000000014 35.00000000000002 35.00000000000002 35.00000000000002 35.000000000000014 35.000000000000014 35.00000000000001 35.0 35.0 35.00000000000001 35.00000000000001 35.00000000000001 35.0 35.0 34.99999999999999 35.0 35.00000000000001 35.00000000000001 35.000000000000014 35.00000000000001 34.99999999999999 34.99999999999998 34.99999999999999 34.999999999999986 34.99999999999997 34.99999999999996 34.99999999999995 34.99999999999997 34.99999999999998 34.99999999999997 34.999999999999964 34.999999999999964 34.999999999999964 34.99999999999998 34.99999999999998 34.99999999999998 34.99999999999998 34.99999999999998 34.99999999999998 34.99999999999998 34.99999999999998 34.99999999999998 34.999999999999986 34.99999999999999 34.99999999999999 35.0 35.00000000000001 35.00000000000001 35.000000000000014 35.000000000000014 35.00000000000002 35.00000000000003 35.000000000000036 35.000000000000036 35.000000000000036 35.000000000000036 35.000000000000036 35.000000000000036 35.00000000000004 35.00000000000006 35.00000000000007 35.0000000000001 35.00000000000013 35.000000000000156 35.000000000000185 35.00000000000023 35.00000000000029 35.000000000000355 35.00000000000045 35.000000000000526 35.000000000000654 35.000000000000774 35.00000000000091 35.00000000000102 35.00000000000107 
1.0011138217418745 0.9649705038586992 0.9458162838487038 0.9322627885293442 0.9214927848725171 0.9125464818737634 0.9038016514001365 0.8969283964406565 0.889240776555825 0.8818827097877057 0.8765250146512654 0.8694388236041187 0.8625447180225813 0.8557190806918423 0.8488949380762432 0.8420295494007188 0.8350921295383205 0.8280582386649933 0.8209067626012072 0.8136179688070122 0.806171952859219 0.7985470621171874 0.7907179105812022 0.7826524265771064 0.7743068643343483 0.7704648034259195 0.7616710264920636 0.7527187451012395 0.7435276506776155 0.7395561000970291 0.729975729747792 0.7202524951947347 0.7102891638114184 0.7062070546215385 0.6958800685410949 0.6854086916741361 0.6746841723979766 0.6704800193033909 0.6594138871989699 0.6481998834614138 0.6367175657239104 0.6323742381464973 0.6205776875652868 0.6086321764454463 0.596403846924417 0.5919079339175987 0.5794012256547203 0.5667482277621084 0.5537995521509869 0.5491443747769107 0.535963474312813 0.5226433602720225 0.5090169544783044 0.5042037138603752 0.4904032351649893 0.4764755744713826 0.46223390032049555 0.4572724207913938 0.44292867395198415 0.42847532718005316 0.4137038980959428 0.4086128856779165 0.39382709360122947 0.37895521391751785 0.3637650984936361 0.3585676828009333 0.34346708269079546 0.328307682832801 0.3128279772629985 0.30750320470805365 0.2922192869634861 0.27688082023697236 0.26114569351509037 0.25442002951162124 0.23860358943633048 0.2326337865278695 0.2174163779378356 0.20232288969788312 0.18696938871405813 0.17997872657144928 0.16479327513655276 0.1590847058337655 0.1448770544053882 0.13095398794821045 0.11694361315471727 0.11077711710475716 0.097480903958627 0.09067640655386511 0.07833351916630278 0.07181742542640579 0.060561213527582675 0.05521289338049855 0.04518656216576662 0.04116697720129261 0.032605225259071315 0.029221187897034064 0.02279451354073319 0.01886830683180074 0.015455020389818294 0.012709596630863702 0.010529452066841239 0.008800532034466632 0.007425215637218598 0.006324237965412613 0.005435299703302064 0.004710431080541502 0.0041131191654750245 0.003615703800118227 0.003197227193757767 0.002841750480159332 0.0025370767737775443 0.002273799786784148 0.002044601436478271 0.0018437348621744688 0.0016666437939819383 0.0015096810906118545 0.0013698996909163152 0.0012448962739577928 0.0011326935037889497 0.0010316506390147019 0.0009403952121199616 0.0008577702559310598 0.0007827933626157365 0.0007146246553125568 0.0006525414143241228 0.0005959179079014209 0.0005442094213887891 0.0004969390954152939 0.00045368742870714626 0.0004140837039009627 0.00037779885370878015 0.0003445395607906456 0.0003140434395707802 0.00028607494470241296 0.00026042184418648503 0.00023689244224656936 0.00021531307516640217 0.0001955259505699934 0.0001773873671189631 0.0001607661942693331 0.0001455425240778696 0.00013160641048214904 0.00011885700605987396 0.00010720155901667752 9.655463209900166e-05 8.683753167109888e-05 7.797748741282538e-05 6.99073862683452e-05 6.256507735093093e-05 5.589299248032949e-05 4.983789285606399e-05 4.43503511517861e-05 3.938453752863991e-05 3.489800296732605e-05 3.085122591705245e-05 2.7207653177014706e-05 2.3933319626071632e-05 2.0996676248961292e-05 1.836849051424625e-05 1.6021656658481403e-05 1.393103790983269e-05 1.2073340829752146e-05 1.0427007028721921e-05 8.97212540035961e-06 7.690284079752761e-06 6.564453037471602e-06 5.579049440213782e-06 4.7195634054125785e-06 3.972818222597027e-06 3.326663444957527e-06 2.769960717214888e-06 2.2925582405346154e-06 1.8852050658293073e-06 1.5394790697618236e-06 1.2477352424121187e-06 1.003092651760676e-06 7.993169387617898e-07 6.308233984200041e-07 4.926310267799862e-07 3.8025371128001966e-07 2.897750918186559e-07 2.1769418875604537e-07 1.6094173162688195e-07 1.168591353859413e-07 8.312720832811714e-08 5.775789843684808e-08 3.9048848014397594e-08 2.5567601025082836e-08 1.6111622556927836e-08 9.69478511065509e-09 5.510743510371426e-09 2.91488194550661e-09 1.4070922650948987e-09 6.021274624885259e-10 2.1974405205452795e-10 6.539404942591602e-11 1.5312733913217695e-11 2.8495040288106593e-12 4.3873643514323275e-13 7.075403867430803e-14 
0.0 0.0 0.0 0.0 0.0 0.0 0.0 0.0 0.0 0.0 0.0 0.0 0.0 0.0 0.0 0.0 0.0 0.0 0.0 0.0 0.0 0.0 0.0 0.0 0.0 0.0 0.0 0.0 0.0 0.0 0.0 0.0 0.0 0.0 0.0 0.0 0.0 0.0 0.0 0.0 0.0 0.0 0.0 0.0 0.0 0.0 0.0 0.0 0.0 0.0 0.0 0.0 0.0 0.0 0.0 0.0 0.0 0.0 0.0 0.0 0.0 0.0 0.0 0.0 0.0 0.0 0.0 0.0 0.0 0.0 0.0 0.0 0.0 0.0 0.0 0.0 0.0 0.0 0.0 0.0 0.0 0.0 0.0 0.0 0.0 0.0 0.0 0.0 0.0 0.0 0.0 0.0 0.0 0.0 0.0 0.0 0.0 0.0 0.0 0.0 0.0 0.0 0.0 0.0 0.0 0.0 0.0 0.0 0.0 0.0 0.0 0.0 0.0 0.0 0.0 0.0 0.0 0.0 0.0 0.0 0.0 0.0 0.0 0.0 0.0 0.0 0.0 0.0 0.0 0.0 0.0 0.0 0.0 0.0 0.0 0.0 0.0 0.0 0.0 0.0 0.0 0.0 0.0 0.0 0.0 0.0 0.0 0.0 0.0 0.0 0.0 0.0 0.0 0.0 0.0 0.0 0.0 0.0 0.0 0.0 0.0 0.0 0.0 0.0 0.0 0.0 0.0 0.0 0.0 0.0 0.0 0.0 0.0 0.0 0.0 0.0 0.0 0.0 0.0 0.0 0.0 0.0 0.0 0.0 0.0 0.0 0.0 0.0 0.0 0.0 0.0 0.0 0.0 0.0 0.0 0.0 0.0 0.0 0.0 0.0 
1900 1 17 0 0 0
12.307263211808406 12.307106368059097 12.306939679651824 12.306762038979844 12.306572540135358 12.306371596530651 12.306146833498255 12.305920630021856 12.30565655578166 12.305371130090183 12.305100385883316 12.304761825209747 12.304399515271873 12.30400801420765 12.303583437125475 12.303122470309303 12.302621997826757 12.302078931437556 12.301490117899474 12.300852275653261 12.300161937443175 12.299415381764582 12.298608532523122 12.29773679170808 12.296794733277215 12.296124554003221 12.295039889110695 12.293885106768231 12.292652266442987 12.291793039959861 12.290400550025689 12.288928367394208 12.28736753692869 12.286294067328496 12.284553880060963 12.28272284824403 12.280792021969043 12.279475265893055 12.277345048384852 12.27511278888177 12.272770386797953 12.271179925664224 12.268619084040505 12.265945889055605 12.26315401900226 12.26126047435111 12.258233144540275 12.25508482624258 12.251812104477072 12.249589476427683 12.246067381601149 12.242418164042281 12.238642694719953 12.236070840776499 12.232036424807413 12.227872186441312 12.223584938385873 12.22065222827391 12.216102250344937 12.211424278418784 12.20663300006612 12.20333855165725 12.198288334669432 12.193117851959544 12.187851842578814 12.184203228580039 12.178692384452864 12.173077247454678 12.167394913980617 12.16337164976274 12.15747699436294 12.151510364224661 12.145521933302053 12.140524958770307 12.134428803396426 12.129641799791958 12.123400363018186 12.11712786912275 12.110902453333459 12.10544853768628 12.099243377048746 12.094314895490934 12.088071545295858 12.081874103534092 12.075832334517838 12.07045727254922 12.064629107430317 12.060052723799751 12.054370797777771 12.048865225897316 12.043671080846467 12.039148573801041 12.034457928774128 12.030083709323653 12.025983180200901 12.02210900514805 12.018663069304496 12.015576387361866 12.012785210862116 12.010538082204095 12.008306175391848 12.006770667238975 12.00498644165825 12.003654398766308 12.002605835242656 12.001850573086749 12.001317840914039 12.000944811071376 12.00068448666328 12.000502402059404 12.000374149575133 12.000282869710428 12.000217079173314 12.000168998633123 12.000133352903433 12.00010654519765 12.000086102017153 12.000070304270746 12.000057943032878 12.000048157545217 12.000040327163426 12.000033998740903 12.00002883734195 12.000024592457248 12.000021074576628 12.00001813877905 12.00001567309136 12.00001359015663 12.000011821190897 12.000010311566214 12.000009017543585 12.00000790383428 12.000006941762084 12.00000610786777 12.000005382837573 12.000004750678007 12.000004198070192 12.000003713865361 12.000003288684985 12.000002914603165 12.000002584894514 12.000002293827285 12.000002036498653 12.00000180869927 12.000001606804384 12.000001427681557 12.000001268615613 12.000001127247753 12.00000100152173 12.000000889640912 12.000000790033551 12.000000701318756 12.000000622283775 12.000000551858736 12.000000489099913 12.000000433172643 12.000000383337422 12.000000338939012 12.000000299394948 12.000000264186433 12.00000023285298 12.000000204982648 12.000000180208586 12.000000158202578 12.000000138671822 12.000000121353395 12.000000106012582 12.00000009243901 12.000000080443478 12.000000069856942 12.00000006052776 12.000000052319404 12.000000045109505 12.000000038788514 12.000000033257779 12.00000002842864 12.000000024222047 12.000000020566784 12.000000017398811 12.000000014661284 12.000000012302776 12.000000010277521 12.000000008544635 12.000000007067547 12.000000005813721 12.000000004754053 12.000000003862825 12.00000000311718 12.000000002496837 12.00000000198396 12.000000001562741 12.000000001219453 12.000000000941963 12.000000000719867 12.000000000544073 12.000000000406818 12.000000000301615 12.00000000022309 12.000000000166779 12.000000000126489 
34.99999999999996 34.99999999999996 34.99999999999996 34.99999999999995 34.99999999999994 34.99999999999994 34.999999999999936 34.999999999999936 34.99999999999994 34.99999999999995 34.99999999999996 34.99999999999996 34.99999999999995 34.99999999999995 34.99999999999995 34.99999999999994 34.99999999999994 34.99999999999994 34.99999999999994 34.999999999999936 34.999999999999936 34.99999999999994 34.99999999999994 34.99999999999994 34.999999999999936 34.999999999999936 34.99999999999993 34.99999999999993 34.99999999999993 34.999999999999936 34.99999999999995 34.999999999999964 34.99999999999997 34.99999999999997 34.999999999999986 34.999999999999986 34.999999999999986 34.999999999999986 34.99999999999998 34.999999999999986 34.999999999999986 34.99999999999998 34.99999999999998 34.99999999999998 34.999999999999986 34.99999999999998 34.99999999999997 34.99999999999997 34.99999999999998 34.999999999999986 34.999999999999986 34.99999999999998 34.99999999999998 34.99999999999998 34.999999999999986 34.99999999999998 34.99999999999998 34.99999999999998 34.99999999999997 34.99999999999998 34.999999999999986 34.99999999999998 34.999999999999986 34.999999999999986 34.999999999999986 34.999999999999986 34.999999999999986 34.99999999999998 34.99999999999998 34.99999999999998 34.99999999999997 34.99999999999997 34.99999999999997 34.999999999999964 34.999999999999964 34.99999999999995 34.99999999999994 34.99999999999995 34.99999999999996 34.99999999999996 34.999999999999964 34.99999999999997 34.99999999999998 34.99999999999998 34.999999999999986 34.99999999999999 34.99999999999999 34.99999999999999 35.0 35.0 35.000000000000014 35.00000000000002 35.000000000000014 35.000000000000014 35.00000000000001 35.00000000000002 35.00000000000003 35.00000000000003 35.000000000000036 35.00000000000005 35.00000000000006 35.000000000000064 35.00000000000006 35.00000000000008 35.000000000000085 35.00000000000009 35.00000000000008 35.00000000000007 35.00000000000008 35.000000000000064 35.000000000000064 35.00000000000005 35.000000000000036 35.00000000000004 35.000000000000036 35.000000000000036 35.000000000000036 35.000000000000036 35.00000000000004 35.00000000000005 35.00000000000004 35.00000000000004 35.00000000000003 35.00000000000003 35.00000000000003 35.00000000000002 35.000000000000014 35.000000000000014 35.000000000000014 35.00000000000001 35.00000000000001 35.000000000000014 35.00000000000001 35.00000000000002 35.00000000000002 35.00000000000001 35.0 35.0 34.99999999999999 35.0 34.99999999999999 34.99999999999999 35.0 35.00000000000001 35.00000000000001 34.99999999999999 34.999999999999986 34.99999999999998 34.99999999999999 35.0 35.0 35.0 35.000000000000014 35.000000000000014 35.00000000000002 35.00000000000002 35.00000000000002 35.00000000000003 35.00000000000002 35.00000000000003 35.00000000000003 35.00000000000003 35.00000000000002 35.00000000000003 35.00000000000003 35.000000000000036 35.000000000000036 35.000000000000036 35.00000000000003 35.000000000000036 35.00000000000004 35.000000000000036 35.000000000000036 35.00000000000005 35.00000000000006 35.00000000000007 35.00000000000008 35.000000000000085 35.00000000000009 35.00000000000011 35.000000000000114 35.00000000000013 35.00000000000014 35.00000000000015 35.00000000000016 35.00000000000018 35.0000000000002 35.000000000000234 35.00000000000026 35.0000000000003 35.000000000000334 35.00000000000036 35.000000000000384 35.00000000000042 35.000000000000455 35.00000000000048 35.00000000000053 35.00000000000056 35.00000000000058 35.000000000000604 
1.0019085778067516 0.9658946524073911 0.9468788907199596 0.9334805078963611 0.922885353491094 0.9140978382945533 0.9056527317947584 0.8989265902128363 0.891590026912668 0.8845993489792766 0.8793855482716365 0.8727156980709964 0.8662439992994478 0.859856476970449 0.8534903507756172 0.8471050571429304 0.8406711652032509 0.8341652789159543 0.8275672889782878 0.8208586214989164 0.8140208790430824 0.8070345265824163 0.7998773265526483 0.7925221354517062 0.7849333762653692 0.7813159104766941 0.7733369536688813 0.7652251990298223 0.7569154360039307 0.7532174337366049 0.7445651349116748 0.735791730757999 0.7268193432968402 0.7230483800696761 0.7137519786775361 0.7043314395632857 0.6947008304162501 0.6908418816968921 0.6809019961113142 0.6708329341355949 0.6605407359012522 0.6565751673251992 0.6459920234148457 0.6352762568029168 0.6243246298989086 0.6202371181134608 0.6090188955637741 0.5976672658021271 0.5860681233589954 0.5818487301154467 0.5700146197441843 0.558049395149836 0.5458264090025307 0.5414711844841171 0.5290532171334774 0.5165097796699288 0.5036999921632511 0.49921107042134394 0.48625575631031515 0.4731841666247864 0.4598394251435109 0.4552239966780001 0.44179353865871906 0.428259238934318 0.41444581185985196 0.4097083771411209 0.3958782334721126 0.381956188523677 0.36774140194894883 0.36282902034269615 0.34865934469190735 0.33438042652729005 0.3197181489395233 0.3136845541264001 0.2988618210374934 0.29330503365483995 0.27882282734702457 0.26435878834381754 0.2495868780345127 0.24318230512163283 0.22840309151267355 0.22286312116563095 0.20866026810416058 0.1945643694959523 0.18023185956804968 0.17387981366767544 0.15974129717157493 0.15452940195596573 0.14127912354827998 0.12826726882146552 0.11516223510341952 0.10941675646239582 0.09693202551326344 0.0907544636345273 0.07911679753915847 0.07307909472355754 0.062406932279386984 0.05729228499865825 0.04768619015378108 0.04376574494161677 0.035297098483692314 0.03245346227900762 0.02511867109194949 0.021497977494126894 0.0178003489065466 0.014734289282314583 0.012271891884395404 0.010293520860575021 0.008703832471316392 0.007422302314898826 0.0063830665149837654 0.005533747262770571 0.00483345094554124 0.004250583646355023 0.00376084723012651 0.0033455578971680502 0.0029903061719113518 0.0026839212300965244 0.002417684817053428 0.002184740441871698 0.001979651021123353 0.0017980681616334318 0.001636483900186789 0.0014920440696598641 0.001362406695867576 0.0012456345491262668 0.0011401124199537207 0.001044483558663956 0.0009576000027892119 0.0008784839061182814 0.0008062969319845637 0.0007403159377626822 0.0006799136099832369 0.0006245427821846381 0.0005737237962202538 0.0005270341964043907 0.000484100232631139 0.0004445898634260007 0.00040820694570963543 0.00037468640507290696 0.0003437902037405737 0.00031530383355562433 0.0002890334507445 0.00026480338038346234 0.00024245402308720648 0.00022184005424444076 0.00020282874336304015 0.00018529876378326515 0.00016913883042473263 0.00015424675821810728 0.00014052861747946053 0.00012789775096909583 0.00011627432995846644 0.00010558447974683682 9.575989558889351e-05 8.673731092486431e-05 7.845800662393232e-05 7.086754826370947e-05 6.391530970239128e-05 5.755418012395681e-05 5.174042424635654e-05 4.6433192702511386e-05 4.1594538839060185e-05 3.718898520920902e-05 3.318358168000217e-05 2.9547432138409356e-05 2.625186305665899e-05 2.3270062643132793e-05 2.0576987308801498e-05 1.8149333311152413e-05 1.5965371397811103e-05 1.4004804072537024e-05 1.2248721662542975e-05 1.0679574255032084e-05 9.280975618513651e-06 8.037666583640845e-06 6.935561905229036e-06 5.961529347680052e-06 5.103359995385669e-06 4.349867527835908e-06 3.690603171373056e-06 3.1159633934186532e-06 2.617119886805657e-06 2.185936032254099e-06 1.8149501061313998e-06 1.4973201871370803e-06 1.2268278164802625e-06 9.97784033421261e-07 8.050390443441829e-07 6.439245066730673e-07 5.102297666229896e-07 4.0018273404761637e-07 3.104081695132508e-07 2.37914411926809e-07 1.8005821946923202e-07 1.3451908629156537e-07 9.931162080235604e-08 7.274314263721434e-08 5.332213332258796e-08 3.8344267245097836e-08 
0.0 0.0 0.0 0.0 0.0 0.0 0.0 0.0 0.0 0.0 0.0 0.0 0.0 0.0 0.0 0.0 0.0 0.0 0.0 0.0 0.0 0.0 0.0 0.0 0.0 0.0 0.0 0.0 0.0 0.0 0.0 0.0 0.0 0.0 0.0 0.0 0.0 0.0 0.0 0.0 0.0 0.0 0.0 0.0 0.0 0.0 0.0 0.0 0.0 0.0 0.0 0.0 0.0 0.0 0.0 0.0 0.0 0.0 0.0 0.0 0.0 0.0 0.0 0.0 0.0 0.0 0.0 0.0 0.0 0.0 0.0 0.0 0.0 0.0 0.0 0.0 0.0 0.0 0.0 0.0 0.0 0.0 0.0 0.0 0.0 0.0 0.0 0.0 0.0 0.0 0.0 0.0 0.0 0.0 0.0 0.0 0.0 0.0 0.0 0.0 0.0 0.0 0.0 0.0 0.0 0.0 0.0 0.0 0.0 0.0 0.0 0.0 0.0 0.0 0.0 0.0 0.0 0.0 0.0 0.0 0.0 0.0 0.0 0.0 0.0 0.0 0.0 0.0 0.0 0.0 0.0 0.0 0.0 0.0 0.0 0.0 0.0 0.0 0.0 0.0 0.0 0.0 0.0 0.0 0.0 0.0 0.0 0.0 0.0 0.0 0.0 0.0 0.0 0.0 0.0 0.0 0.0 0.0 0.0 0.0 0.0 0.0 0.0 0.0 0.0 0.0 0.0 0.0 0.0 0.0 0.0 0.0 0.0 0.0 0.0 0.0 0.0 0.0 0.0 0.0 0.0 0.0 0.0 0.0 0.0 0.0 0.0 0.0 0.0 0.0 0.0 0.0 0.0 0.0 0.0 0.0 0.0 0.0 0.0 0.0 
1900 1 18 0 0 0
12.288681715605387 12.28854391609827 12.28839800179933 12.288243141967339 12.288078674340223 12.287904892220752 12.287712918716204 12.287518705461467 12.28729585890257 12.287056156920128 12.286826185917436 12.286544780482556 12.286244719443358 12.2859217456859 12.28557283787648 12.285195431246997 12.284787120957839 12.284345526403955 12.283868216790422 12.283352660010921 12.282796176631889 12.28219588635193 12.281548632841195 12.280850864447128 12.280098427502883 12.279555962056936 12.278691836542455 12.277773372718459 12.27679442961752 12.276107489701058 12.275003745625646 12.273838328712069 12.27260421186275 12.271753254028988 12.27037893950419 12.26893423820751 12.267411917248182 12.266374380426441 12.264695926898606 12.262938102241817 12.261093989831833 12.259845896916245 12.257830093045047 12.255726305754816 12.25352849003218 12.25204594648348 12.249661935476288 12.247182220596455 12.244602297243212 12.242862916399678 12.240084026913689 12.237203131105867 12.234218085080501 12.232202466178945 12.229008181459736 12.225707594746458 12.222301915515635 12.219995119720398 12.216373332079517 12.212643650330433 12.20881180973694 12.20620412756225 12.20215385575159 12.197997716919774 12.193747307328069 12.1908303780777 12.186365628730659 12.181802322621396 12.177159296166053 12.173893673510273 12.169052247915577 12.164130056263845 12.159152874088617 12.155115262223694 12.149994016190714 12.146025538706525 12.140742667856378 12.135402781155857 12.130048866970114 12.12548928735647 12.120063971443681 12.11579945609569 12.11027036052743 12.104728431819417 12.099238571875235 12.09449318910506 12.089033134500326 12.084777462301528 12.079287427688971 12.073844079353275 12.06853854296308 12.063926915873795 12.058792014180412 12.05483482881336 12.049808472182555 12.044935680753278 12.040331559950106 12.036347262056287 12.03216226612654 12.028330088930506 12.024632159069064 12.021213933391957 12.018032063431551 12.015703406726098 12.012922793154534 12.010493146733602 12.008665118461932 12.006737558351073 12.005497343810212 12.004057175773458 12.003064996284301 12.002219879979622 12.001601010293392 12.001160898793596 12.000848364747437 12.000626358447866 12.000468066223943 12.000354402198118 12.000271993124203 12.000211560671987 12.000166691883704 12.000132948976125 12.000107245930483 12.00008742060891 12.000071944128678 12.000059724180257 12.000049971786648 12.000042110650098 12.000035715074004 12.000030467110363 12.00002612671758 12.000022510777649 12.000019478190602 12.000016919200775 12.000014747648711 12.000012895320234 12.000011307765229 12.000009941185104 12.000008760096563 12.000007735549746 12.000006843779499 12.000006065154137 12.000005383364261 12.000004784790821 12.000004257998269 12.000003793343621 12.000003382656264 12.00000301898472 12.000002696390316 12.000002409782272 12.000002154778715 12.00000192759722 12.000001724960988 12.00000154402465 12.000001382307602 12.00000123764492 12.000001108138964 12.00000099212466 12.00000088813764 12.000000794885423 12.0000007112256 12.000000636149531 12.000000568759587 12.000000508259735 12.000000453941984 12.000000405173962 12.000000361392548 12.000000322093829 12.000000286827094 12.000000255188088 12.000000226814546 12.000000201380809 12.000000178594806 12.000000158193435 12.000000139939447 12.000000123619822 12.000000109041647 12.000000096031872 12.000000084433564 12.000000074105232 12.000000064919563 12.000000056760468 12.000000049524331 12.000000043116946 12.00000003745302 12.000000032455937 12.000000028056522 12.000000024192486 12.00000002080756 12.000000017851324 12.000000015278736 12.000000013049432 12.00000001112782 12.000000009482369 12.000000008085957 12.000000006915405 12.000000005951867 12.000000005180718 12.000000004590667 12.000000004141349 
34.99999999999987 34.999999999999886 34.99999999999989 34.9999999999999 34.99999999999989 34.99999999999989 34.9999999999999 34.99999999999989 34.99999999999989 34.99999999999989 34.99999999999989 34.999999999999886 34.99999999999988 34.99999999999988 34.99999999999988 34.99999999999988 34.999999999999886 34.99999999999989 34.99999999999988 34.99999999999988 34.999999999999886 34.99999999999989 34.99999999999989 34.9999999999999 34.99999999999991 34.9999999999999 34.9999999999999 34.9999999999999 34.9999999999999 34.99999999999991 34.99999999999991 34.999999999999915 34.99999999999992 34.99999999999992 34.999999999999915 34.99999999999992 34.99999999999992 34.99999999999993 34.999999999999936 34.99999999999993 34.99999999999993 34.99999999999993 34.99999999999993 34.99999999999994 34.99999999999994 34.99999999999995 34.99999999999996 34.99999999999997 34.99999999999997 34.99999999999997 34.99999999999997 34.99999999999998 34.99999999999998 34.99999999999997 34.99999999999998 34.99999999999998 34.99999999999998 34.99999999999997 34.999999999999964 34.99999999999996 34.99999999999995 34.99999999999996 34.99999999999996 34.99999999999996 34.99999999999994 34.999999999999936 34.99999999999994 34.99999999999995 34.99999999999996 34.99999999999996 34.99999999999995 34.99999999999995 34.99999999999996 34.99999999999995 34.99999999999996 34.999999999999964 34.99999999999997 34.999999999999964 34.999999999999964 34.999999999999964 34.99999999999997 34.99999999999997 34.999999999999986 34.99999999999999 35.0 34.99999999999999 34.99999999999999 34.99999999999999 35.00000000000001 35.000000000000014 35.00000000000002 35.00000000000002 35.00000000000003 35.000000000000036 35.000000000000036 35.000000000000036 35.00000000000004 35.00000000000004 35.00000000000004 35.000000000000036 35.00000000000004 35.00000000000004 35.00000000000005 35.00000000000005 35.00000000000006 35.00000000000005 35.00000000000006 35.000000000000064 35.000000000000064 35.000000000000064 35.00000000000005 35.00000000000006 35.00000000000005 35.00000000000005 35.00000000000004 35.00000000000006 35.00000000000004 35.000000000000036 35.00000000000003 35.00000000000002 35.00000000000003 35.00000000000004 35.000000000000036 35.00000000000002 35.00000000000002 35.00000000000002 35.00000000000002 35.00000000000003 35.00000000000003 35.00000000000003 35.00000000000002 35.00000000000002 35.00000000000001 34.99999999999999 34.99999999999998 34.99999999999998 34.99999999999998 34.999999999999986 34.999999999999986 34.99999999999998 34.99999999999998 34.99999999999997 34.999999999999964 34.99999999999997 34.99999999999999 34.999999999999986 35.0 35.00000000000001 35.00000000000001 35.00000000000002 35.00000000000002 35.000000000000014 35.000000000000014 35.000000000000014 35.00000000000001 35.000000000000014 35.00000000000002 35.00000000000003 35.000000000000036 35.00000000000003 35.00000000000002 35.00000000000002 35.00000000000003 35.000000000000036 35.000000000000036 35.00000000000004 35.00000000000005 35.00000000000005 35.00000000000005 35.000000000000064 35.000000000000085 35.0000000000001 35.0000000000001 35.00000000000011 35.00000000000011 35.00000000000012 35.00000000000014 35.00000000000015 35.00000000000017 35.000000000000185 35.000000000000185 35.00000000000019 35.00000000000021 35.00000000000022 35.00000000000023 35.00000000000024 35.000000000000256 35.00000000000027 35.00000000000029 35.000000000000306 35.00000000000032 35.00000000000033 35.00000000000035 35.00000000000036 35.00000000000036 35.00000000000038 35.00000000000038 35.00000000000037 35.00000000000038 35.000000000000384 
1.002793719211505 0.9668864403830932 0.9479848689924157 0.9347144723767695 0.924260073300412 0.9156028175063277 0.9074050044106476 0.9008002761650902 0.8937555698442063 0.8870706353078707 0.8819765373092745 0.875655619251122 0.8695383355591018 0.8635186246533889 0.8575371387133373 0.8515550790017974 0.8455441031325087 0.8394816537932953 0.833348434006131 0.827126809137175 0.8207995959988001 0.8143489399205183 0.8077550445246267 0.8009944734886985 0.794037564203959 0.7906058800986727 0.7833084710653936 0.7758996902218442 0.7683253395303254 0.7648524735681198 0.756976221735831 0.7489972681246514 0.7408517766944104 0.737336476762135 0.7289020915757338 0.7203610260030663 0.7116437653425141 0.7080681196261944 0.699071333546618 0.6899620189398257 0.68066510314065 0.6770093150810674 0.6674447646053423 0.657762973164829 0.6478823788728572 0.6441298360427382 0.6339979136197113 0.6237460240366738 0.6132849042498562 0.6094235166118573 0.5987326751890786 0.587921400682764 0.5768914336983424 0.5729138340091021 0.5616817716764965 0.5503311819691498 0.5387534543516976 0.5346566641300666 0.5229111907290744 0.5110514134434881 0.4989568303148197 0.4947404329251456 0.4825195341401106 0.47019009466491285 0.4576173075269314 0.453274156223923 0.44062165778949813 0.4278634554996922 0.41484337575456004 0.41030691476925774 0.39724328644751344 0.38404743863240487 0.37050298390449954 0.36506179360210284 0.35132256043901616 0.3461800342334951 0.3326241588427449 0.3190315097546315 0.3051369050612389 0.29930602469914724 0.28533324952936845 0.2801095477657286 0.2664994623469626 0.252910145687266 0.2390469775240861 0.23317010719364276 0.21935101433462742 0.21429701101922508 0.20102105561895536 0.18782301736040521 0.174392697629219 0.1686738565495302 0.15544636380312177 0.150695576916972 0.13826505110238985 0.12602452848783832 0.11367335288984716 0.10836072864690534 0.09655759504345891 0.09097270110101688 0.07989442992772917 0.07450605708906248 0.06421236468465831 0.0606658012714928 0.05166357235768941 0.04278818433321311 0.039492412679340054 0.031672900175498855 0.02920396435122891 0.022550350083643343 0.019873511496292892 0.016736615254245 0.014018189986606687 0.011812513582071889 0.01002139568417402 0.008564872703111471 0.007376076248907425 0.006400245258612534 0.005593489443783368 0.004921152879644758 0.004356108340928701 0.0038772022688422433 0.0034679413873450783 0.003115433048903711 0.0028095540118823884 0.002542309104220419 0.0023073412960423613 0.0020995590336712507 0.0019148531092339684 0.0017498813503955823 0.0016019042396773712 0.001468659139629415 0.001348263149444584 0.0012391382379214637 0.0011399524965351464 0.001049574412163461 0.0009670365936784436 0.00089150694982773 0.0008222658315863153 0.0007586873355022275 0.0007002244918616572 0.0006463969520013816 0.0005967809959912082 0.0005510013798274546 0.000508724331349783 0.00046965199974416573 0.00043351759157703775 0.0004000814286051419 0.0003691273990124035 0.00034046027201893397 0.0003139030104721056 0.0002892948002975016 0.00026648910412760136 0.0002453522461524904 0.0002257618412125301 0.0002076057482225288 0.00019078093261069536 0.000175192611521781 0.00016075348096820835 0.00014738284922286493 0.00013500610319081916 0.00012355429889173496 0.00011296336056427098 0.0001031738973308875 9.41307066822818e-05 8.578232296147198e-05 7.808097608289088e-05 7.098202940559312e-05 6.444385144509373e-05 5.842757924364641e-05 5.289687638981376e-05 4.781775503522387e-05 4.31584998971457e-05 3.888938781747334e-05 3.498249903216505e-05 3.1411829584427095e-05 2.8152903315486492e-05 2.5182908512876692e-05 2.2480382188848736e-05 2.002523937851656e-05 1.779877312804392e-05 1.5783280125600624e-05 1.3962416355199213e-05 1.232078804663341e-05 1.0844019523933968e-05 9.518735530310035e-06 8.332499175480758e-06 7.273734031180891e-06 6.331686224104242e-06 5.496461336615164e-06 4.758919475715017e-06 4.110746931979361e-06 3.5443557051434065e-06 3.0529553156302828e-06 2.6305732989231505e-06 2.2720685034825322e-06 1.9732538612310037e-06 1.7309175184458015e-06 1.5425214976065573e-06 1.3954837261232023e-06 
0.0 0.0 0.0 0.0 0.0 0.0 0.0 0.0 0.0 0.0 0.0 0.0 0.0 0.0 0.0 0.0 0.0 0.0 0.0 0.0 0.0 0.0 0.0 0.0 0.0 0.0 0.0 0.0 0.0 0.0 0.0 0.0 0.0 0.0 0.0 0.0 0.0 0.0 0.0 0.0 0.0 0.0 0.0 0.0 0.0 0.0 0.0 0.0 0.0 0.0 0.0 0.0 0.0 0.0 0.0 0.0 0.0 0.0 0.0 0.0 0.0 0.0 0.0 0.0 0.0 0.0 0.0 0.0 0.0 0.0 0.0 0.0 0.0 0.0 0.0 0.0 0.0 0.0 0.0 0.0 0.0 0.0 0.0 0.0 0.0 0.0 0.0 0.0 0.0 0.0 0.0 0.0 0.0 0.0 0.0 0.0 0.0 0.0 0.0 0.0 0.0 0.0 0.0 0.0 0.0 0.0 0.0 0.0 0.0 0.0 0.0 0.0 0.0 0.0 0.0 0.0 0.0 0.0 0.0 0.0 0.0 0.0 0.0 0.0 0.0 0.0 0.0 0.0 0.0 0.0 0.0 0.0 0.0 0.0 0.0 0.0 0.0 0.0 0.0 0.0 0.0 0.0 0.0 0.0 0.0 0.0 0.0 0.0 0.0 0.0 0.0 0.0 0.0 0.0 0.0 0.0 0.0 0.0 0.0 0.0 0.0 0.0 0.0 0.0 0.0 0.0 0.0 0.0 0.0 0.0 0.0 0.0 0.0 0.0 0.0 0.0 0.0 0.0 0.0 0.0 0.0 0.0 0.0 0.0 0.0 0.0 0.0 0.0 0.0 0.0 0.0 0.0 0.0 0.0 0.0 0.0 0.0 0.0 0.0 0.0 
1900 1 19 0 0 0
12.272263854160952 12.272142206561561 12.272013795770658 12.271877984800646 12.271734268275496 12.271582887313937 12.271417350227331 12.271249238181646 12.271059174610532 12.270855635050756 12.270658454502417 12.270421883436 12.270170491317353 12.269900904962597 12.269610743570663 12.269297994690573 12.268960775999043 12.268597226128445 12.268205444557125 12.26778345018151 12.267329144222176 12.266840267923845 12.266314345057506 12.265748594148103 12.265139782895817 12.26469448415376 12.263997248124898 12.263257348805485 12.262469972610177 12.261912489342954 12.26102649960356 12.260092160453665 12.259103913997523 12.258418972449963 12.257319991061603 12.256165803888743 12.25495057876667 12.254120536122974 12.252781865014727 12.251380784620332 12.249911522462002 12.248917456016356 12.247312099633527 12.245637238215684 12.24388750182185 12.242710169102342 12.240812200277094 12.238838089543188 12.236783279630718 12.235403997307474 12.23318974810079 12.23089352115358 12.22851207660067 12.226913580221636 12.224362881316893 12.221725542033816 12.219000254858207 12.217167419999527 12.214264994688348 12.21127287410867 12.20819241467942 12.20611211299777 12.202849267055297 12.199495859716775 12.196056744119414 12.193713433495272 12.190090549767124 12.186379510696515 12.182589472736868 12.17993840551756 12.175970576701955 12.171923341204149 12.167809478078988 12.164545484801115 12.160280364976012 12.157010161973837 12.152584386892185 12.148090945965514 12.143553141849091 12.139770639383507 12.13511976020943 12.131476160209912 12.126694919352099 12.121870672691422 12.117041668437269 12.112930544260744 12.108049449110352 12.104218509558093 12.099254060597337 12.094284324714108 12.089365653318522 12.085124273044372 12.080239518204996 12.07642898522225 12.071528899130127 12.066676829897522 12.061949168763396 12.057839468178049 12.053267472291163 12.049766515213406 12.045287495602489 12.04093673582856 12.03680801456913 12.033718288129343 12.029852501570176 12.026260950640301 12.023161131672571 12.020004694172824 12.017671299152555 12.014894902850111 12.012440580968693 12.010595386333616 12.00863487211683 12.006686930351083 12.0054504727186 12.004238854781603 12.003272842804487 12.0023891245475 12.001739685061878 12.0012703005753 12.000933384324924 12.00069223916629 12.000519211416966 12.000394312756628 12.000303381886152 12.000236489799756 12.00018670805039 12.000149204105563 12.000120596784294 12.000098506321825 12.00008124434806 12.00006760171738 12.000056703559244 12.000047910048943 12.000040748158225 12.000034864373825 12.000029991699115 12.000025926401639 12.000022511477946 12.000019624792042 12.000017170468027 12.000015072597579 12.000013270591145 12.000011715712324 12.000010368474314 12.000009196659537 12.000008173816143 12.000007278087697 12.000006491312044 12.000005798313278 12.000005186348153 12.000004644658619 12.000004164127526 12.000003736989628 12.00000335660461 12.000003017276164 12.000002714092862 12.000002442814692 12.000002199758253 12.000001981724203 12.000001785918693 12.000001609897605 12.000001451516596 12.000001308890997 12.000001180358224 12.000001064450185 12.000000959866545 12.000000865454625 12.00000078018772 12.000000703154509 12.000000633539596 12.00000057061632 12.000000513733015 12.000000462306732 12.000000415813817 12.000000373784061 12.000000335795006 12.000000301464937 12.000000270451434 12.000000242444655 12.00000021716503 12.000000194360076 12.000000173802269 12.00000015528502 12.0000001386224 12.000000123645984 12.000000110203747 12.000000098159017 12.00000008738841 12.000000077781177 12.00000006923851 12.000000061672635 12.000000055006089 12.000000049172032 12.00000004411348 12.000000039784158 12.00000003614916 12.000000033184211 12.000000030871158 12.000000029020674 
34.99999999999997 34.99999999999998 34.99999999999997 34.99999999999997 34.99999999999997 34.99999999999997 34.99999999999998 34.99999999999998 34.99999999999998 34.99999999999997 34.99999999999997 34.999999999999964 34.999999999999964 34.99999999999997 34.99999999999997 34.999999999999964 34.99999999999995 34.99999999999995 34.99999999999995 34.99999999999996 34.99999999999996 34.99999999999996 34.99999999999995 34.99999999999995 34.99999999999995 34.99999999999994 34.999999999999936 34.99999999999993 34.999999999999936 34.999999999999936 34.999999999999936 34.999999999999936 34.99999999999993 34.99999999999993 34.99999999999993 34.999999999999915 34.99999999999991 34.99999999999991 34.999999999999915 34.99999999999992 34.99999999999993 34.999999999999936 34.99999999999994 34.999999999999936 34.99999999999994 34.99999999999994 34.99999999999994 34.99999999999994 34.99999999999994 34.99999999999994 34.99999999999994 34.99999999999994 34.99999999999994 34.99999999999995 34.99999999999995 34.99999999999994 34.99999999999994 34.99999999999994 34.99999999999995 34.99999999999995 34.99999999999995 34.99999999999995 34.99999999999994 34.999999999999936 34.99999999999993 34.99999999999992 34.99999999999993 34.99999999999993 34.99999999999992 34.99999999999992 34.99999999999992 34.99999999999992 34.99999999999992 34.99999999999993 34.999999999999936 34.999999999999936 34.99999999999994 34.999999999999936 34.999999999999936 34.999999999999936 34.99999999999994 34.99999999999995 34.99999999999996 34.99999999999996 34.99999999999996 34.99999999999996 34.99999999999996 34.99999999999995 34.99999999999996 34.999999999999964 34.99999999999997 34.999999999999964 34.999999999999964 34.99999999999998 34.99999999999999 35.0 35.00000000000001 35.0 35.0 35.00000000000001 35.00000000000003 35.00000000000004 35.00000000000004 35.00000000000004 35.000000000000036 35.000000000000036 35.00000000000004 35.00000000000004 35.00000000000004 35.000000000000036 35.00000000000004 35.00000000000005 35.00000000000005 35.00000000000004 35.00000000000004 35.00000000000002 35.000000000000014 35.00000000000001 35.000000000000014 35.00000000000003 35.00000000000003 35.000000000000036 35.000000000000036 35.00000000000002 35.000000000000014 35.0 34.99999999999999 35.0 35.0 34.99999999999999 34.999999999999986 34.99999999999999 35.0 35.00000000000001 35.00000000000001 35.00000000000001 35.00000000000001 35.000000000000014 35.00000000000001 35.0 35.0 35.00000000000001 35.00000000000002 35.00000000000002 35.000000000000014 35.000000000000014 35.00000000000001 35.00000000000001 35.000000000000014 35.00000000000001 35.000000000000014 35.00000000000003 35.000000000000036 35.000000000000036 35.00000000000002 35.00000000000002 35.000000000000014 35.000000000000014 35.00000000000002 35.00000000000002 35.00000000000002 35.00000000000003 35.000000000000036 35.000000000000036 35.000000000000036 35.00000000000004 35.00000000000004 35.00000000000005 35.00000000000005 35.000000000000064 35.00000000000008 35.00000000000008 35.00000000000009 35.00000000000009 35.00000000000012 35.00000000000014 35.000000000000156 35.00000000000016 35.00000000000017 35.000000000000185 35.000000000000206 35.00000000000021 35.00000000000023 35.00000000000024 35.000000000000234 35.00000000000025 35.000000000000256 35.000000000000256 35.00000000000026 35.00000000000028 35.00000000000029 35.00000000000029 35.0000000000003 35.0000000000003 35.00000000000031 35.000000000000306 35.00000000000031 35.00000000000032 35.00000000000032 35.00000000000033 
1.0039984979554144 0.9681832493654352 0.949377612787841 0.9362118668046445 0.9258684107463457 0.9173154498654112 0.9093179814317164 0.9028111013037496 0.896006450716952 0.889573741383763 0.8845772054267639 0.8785485668102561 0.8727290422602789 0.8670190821096496 0.8613621335472628 0.8557208031045772 0.8500675932186742 0.84438058798574 0.8386411123211843 0.8328322555278286 0.8269377717907692 0.8209410946084991 0.8148242707196138 0.8085665996955436 0.8021426529493643 0.7988639709067413 0.7921439824712383 0.785330337224079 0.7783769565536406 0.7750893427264339 0.7678713959298253 0.7605659423445043 0.7531194941270845 0.7498149478222229 0.742112954206405 0.7343187605738954 0.726374865741257 0.723033376568215 0.7148397579168432 0.7065476164966287 0.698095577152269 0.6946967463251624 0.6860027757459052 0.6772048379597156 0.6682369531743836 0.6647636422656983 0.6555650398599797 0.6462585720057956 0.6367726954102034 0.6332117651020447 0.6235103649673985 0.6136989137064132 0.6036992706400865 0.6000414177724325 0.5898457982786138 0.5795396513232856 0.5690371271182276 0.5652761392054563 0.554601802957418 0.5438179485224527 0.5328296727114791 0.5289599492240796 0.5178284228542382 0.506588837864115 0.4951349840221967 0.49114161978568344 0.47957498126039566 0.46789764157949715 0.4559857287947112 0.45179695786635005 0.4397904276702204 0.42764372363599107 0.41518499780929696 0.4102501078896948 0.3975782024102527 0.3928268175717179 0.38022971643776843 0.3675646861106276 0.35461809431612124 0.3492866046098835 0.3362092422153244 0.3312857136228237 0.3184132601607883 0.305514072602745 0.292345649999545 0.28685118745220317 0.2736362432719464 0.26872392419717417 0.25585245842308085 0.24299689344701159 0.22989168984741631 0.22437864237739275 0.21133178215811513 0.2065676751358948 0.1940280264534471 0.1815597818928296 0.16888329567388283 0.163501405689025 0.15103451774741286 0.1466009312486731 0.13487336851145473 0.12331570584298063 0.11166813433503252 0.10756598246830457 0.09670404435729271 0.0858276200405627 0.0811295553030908 0.07090136268122033 0.06733331850597456 0.05827534007389285 0.04935202594831015 0.04604391353566427 0.038396441566873475 0.033222055211268836 0.030469381956493756 0.02429931914482827 0.021468015135406773 0.017906205023038975 0.015044425518992424 0.012718098403791133 0.010815541680975236 0.009260793630209607 0.007987270591677646 0.006939387036063088 0.00607190394760537 0.005348602030737859 0.004740797392409885 0.004225916661413244 0.003786238814432729 0.0034078436811575265 0.003079764792370607 0.002793323020808431 0.0025416100474438463 0.0023190912992708543 0.002121302013212443 0.0019446144095344642 0.0017860594069618856 0.0016431893728603374 0.0015139720490500508 0.001396708443022224 0.0012899684778323686 0.001192540588870999 0.0011033919869673798 0.001021636915946985 0.000946511505295335 0.0008773532157528632 0.0008135847194649507 0.0007547002227164643 0.0007002546767538952 0.0006498547545590683 0.000603151390399667 0.0005598335637252986 0.0005196232389306931 0.0004822708868871787 0.0004475518444310114 0.00041526330575403887 0.0003852215000597311 0.0003572597470666814 0.000331225990274505 0.00030698173307088916 0.0002844001505807065 0.0002633649293029877 0.0002437693424271598 0.0002255150541331853 0.00020851144178587748 0.0001926747998513332 0.0001779276481664717 0.00016419824940782006 0.00015141993430417604 0.00013953090473275086 0.00012847354220812311 0.00011819425319362869 0.00010864301243707692 9.97732049668941e-05 9.154119251754377e-05 8.390626473812325e-05 7.683033493742809e-05 7.027766048916899e-05 6.421491112590669e-05 5.8610799491955484e-05 5.343602697430488e-05 4.866315622428083e-05 4.4266576937260525e-05 4.0222232706885556e-05 3.650773935548453e-05 3.31021281757399e-05 2.9985976341572343e-05 2.7141217759800924e-05 2.4551155461500284e-05 2.2200432419715013e-05 2.0075068896209155e-05 1.8162476072952968e-05 1.645145732150882e-05 1.4932359625076097e-05 1.3597210657120447e-05 1.2439927112706846e-05 1.1456701225617653e-05 1.0646158011594424e-05 1.000856343386692e-05 9.508073643198466e-06 
0.0 0.0 0.0 0.0 0.0 0.0 0.0 0.0 0.0 0.0 0.0 0.0 0.0 0.0 0.0 0.0 0.0 0.0 0.0 0.0 0.0 0.0 0.0 0.0 0.0 0.0 0.0 0.0 0.0 0.0 0.0 0.0 0.0 0.0 0.0 0.0 0.0 0.0 0.0 0.0 0.0 0.0 0.0 0.0 0.0 0.0 0.0 0.0 0.0 0.0 0.0 0.0 0.0 0.0 0.0 0.0 0.0 0.0 0.0 0.0 0.0 0.0 0.0 0.0 0.0 0.0 0.0 0.0 0.0 0.0 0.0 0.0 0.0 0.0 0.0 0.0 0.0 0.0 0.0 0.0 0.0 0.0 0.0 0.0 0.0 0.0 0.0 0.0 0.0 0.0 0.0 0.0 0.0 0.0 0.0 0.0 0.0 0.0 0.0 0.0 0.0 0.0 0.0 0.0 0.0 0.0 0.0 0.0 0.0 0.0 0.0 0.0 0.0 0.0 0.0 0.0 0.0 0.0 0.0 0.0 0.0 0.0 0.0 0.0 0.0 0.0 0.0 0.0 0.0 0.0 0.0 0.0 0.0 0.0 0.0 0.0 0.0 0.0 0.0 0.0 0.0 0.0 0.0 0.0 0.0 0.0 0.0 0.0 0.0 0.0 0.0 0.0 0.0 0.0 0.0 0.0 0.0 0.0 0.0 0.0 0.0 0.0 0.0 0.0 0.0 0.0 0.0 0.0 0.0 0.0 0.0 0.0 0.0 0.0 0.0 0.0 0.0 0.0 0.0 0.0 0.0 0.0 0.0 0.0 0.0 0.0 0.0 0.0 0.0 0.0 0.0 0.0 0.0 0.0 0.0 0.0 0.0 0.0 0.0 0.0 
1900 1 20 0 0 0
12.257683830212144 12.257575629559051 12.257461766501804 12.25734172085886 12.25721494956675 12.25708143338317 12.25693908499563 12.256791673905122 12.256626615593364 12.25645067614393 12.256279375555367 12.256075282859614 12.255857628562213 12.255645933441171 12.25539639890967 12.255131001143182 12.254847257148471 12.254543153193053 12.254216877320353 12.253866679999634 12.25349078980696 12.253087350656545 12.252654361355305 12.252189601344242 12.251690521897565 12.251320166765483 12.250750126454264 12.250146165196222 12.249504479753142 12.249045667691883 12.248324966295971 12.247565883001355 12.246764004395239 12.246204667966552 12.245314094537331 12.244379692739223 12.243396769003196 12.242722937636374 12.241641047793172 12.240509509901303 12.239323566404087 12.238520105507291 12.237224803005573 12.235873983301119 12.234463037862783 12.233514265544029 12.231983750348428 12.23039204001553 12.228734927756681 12.227625155934971 12.225838722064669 12.223985835532012 12.222063002917201 12.220777026455167 12.218715880234003 12.216583690682175 12.214378058443643 12.21290145083675 12.210549631405218 12.208123132655968 12.205621101238348 12.203939651885204 12.20128516148227 12.198553698530743 12.195746459783923 12.193841985948906 12.19087846708094 12.1878377280115 12.184723447183003 12.182552724765895 12.17928295639439 12.175939468263351 12.172527661394726 12.169871364004944 12.166315554015627 12.163611625023064 12.159908054692671 12.156136463773237 12.152308298091905 12.149177873270114 12.145225689072557 12.142141737350778 12.138058135594859 12.133920303305985 12.129749005821697 12.12625769245829 12.121998500174522 12.118650761246617 12.114289906329878 12.10989862418912 12.10550954446496 12.101777311976285 12.097356854578395 12.093885673483094 12.08941129126201 12.084942804508621 12.08052636054337 12.076741142935697 12.0723736236358 12.069002393110322 12.064647841700431 12.0603476914971 12.056161549838523 12.052957802386286 12.048882307818662 12.044951618830131 12.041426338145884 12.037716557173713 12.03474359179962 12.031223179929409 12.027892724537603 12.025388288547756 12.022287448815906 12.019418915207018 12.0170366818621 12.014508773044904 12.012741559167333 12.010500491652076 12.008552725255992 12.00710954074809 12.005625356896251 12.00445170969804 12.003583385299885 12.002587581372763 12.001952218026165 12.001437898492163 12.001062265037884 12.00079034900945 12.000593426927324 12.000450380766429 12.000345860553498 12.00026886010633 12.000211569485527 12.000168475111074 12.000135686020046 12.000110447376295 12.000090797280524 12.00007532782702 12.000063019735837 12.000053128018509 12.000045102745764 12.000038533871612 12.000033112572266 12.000028603958164 12.000024827648433 12.00002164383284 12.000018943169177 12.000016639415927 12.00001466399307 12.00001296194077 12.000011488889008 12.00001020876782 12.00000909205774 12.000008114451399 12.000007255813987 12.000006499371514 12.000005831081365 12.000005239120132 12.000004713495589 12.000004245717767 12.000003828545589 12.000003455779709 12.000003122089552 12.000002822877907 12.000002554164073 12.000002312492166 12.00000209485199 12.00000189861257 12.000001721470777 12.000001561403213 12.000001416627406 12.000001285571917 12.000001166845324 12.000001059215483 12.000000961587013 12.000000872986213 12.000000792544638 12.000000719486714 12.0000006531204 12.000000592824579 12.000000538042347 12.000000488276383 12.000000443077198 12.000000402042605 12.000000364811259 12.000000331057793 12.000000300490663 12.000000272847785 12.000000247895676 12.000000225425408 12.000000205251931 12.000000187212427 12.000000171165693 12.000000156990719 12.00000014458894 12.000000133882194 12.000000124815948 12.000000117357752 12.0000001114712 12.00000010646055 
35.00000000000004 35.00000000000004 35.00000000000004 35.000000000000036 35.00000000000002 35.000000000000014 35.000000000000014 35.000000000000014 35.000000000000014 35.00000000000002 35.000000000000036 35.00000000000003 35.00000000000003 35.000000000000036 35.00000000000003 35.00000000000003 35.00000000000003 35.00000000000002 35.00000000000003 35.00000000000003 35.00000000000002 35.000000000000014 35.00000000000001 35.00000000000001 35.00000000000001 35.00000000000001 35.0 34.99999999999999 34.99999999999999 34.99999999999999 34.99999999999999 34.999999999999986 34.99999999999997 34.99999999999998 34.99999999999998 34.99999999999998 34.99999999999999 34.99999999999999 34.99999999999999 34.999999999999986 34.99999999999998 34.99999999999997 34.99999999999998 34.999999999999986 34.999999999999986 34.99999999999999 35.0 35.0 35.00000000000001 35.0 35.0 34.99999999999999 34.999999999999986 34.999999999999986 34.99999999999998 34.99999999999997 34.999999999999964 34.99999999999996 34.99999999999994 34.99999999999994 34.99999999999996 34.99999999999996 34.99999999999995 34.99999999999996 34.99999999999996 34.99999999999996 34.99999999999995 34.999999999999936 34.999999999999936 34.99999999999994 34.99999999999995 34.99999999999995 34.99999999999994 34.999999999999936 34.999999999999936 34.999999999999936 34.999999999999936 34.999999999999936 34.99999999999994 34.99999999999994 34.99999999999993 34.999999999999936 34.99999999999993 34.99999999999993 34.99999999999992 34.99999999999992 34.99999999999993 34.999999999999936 34.999999999999936 34.999999999999936 34.99999999999995 34.99999999999996 34.99999999999997 34.999999999999964 34.999999999999964 34.999999999999964 34.999999999999964 34.99999999999997 34.99999999999997 34.99999999999998 34.99999999999999 34.99999999999999 34.99999999999999 34.99999999999999 35.0 35.000000000000014 35.000000000000014 35.00000000000002 35.000000000000014 35.00000000000002 35.00000000000003 35.00000000000003 35.00000000000002 35.00000000000002 35.00000000000002 35.00000000000001 35.000000000000014 35.000000000000014 35.00000000000001 35.000000000000014 35.00000000000002 35.00000000000003 35.00000000000002 35.00000000000002 35.00000000000003 35.00000000000003 35.00000000000003 35.00000000000003 35.00000000000002 35.00000000000002 35.00000000000002 35.00000000000002 35.00000000000003 35.000000000000036 35.00000000000005 35.000000000000036 35.00000000000003 35.00000000000003 35.000000000000036 35.000000000000036 35.000000000000036 35.00000000000004 35.00000000000004 35.00000000000003 35.00000000000003 35.000000000000036 35.000000000000036 35.00000000000004 35.000000000000036 35.000000000000036 35.00000000000004 35.00000000000005 35.00000000000005 35.000000000000064 35.00000000000007 35.00000000000007 35.00000000000008 35.00000000000008 35.000000000000085 35.00000000000009 35.000000000000085 35.00000000000008 35.00000000000007 35.00000000000008 35.000000000000085 35.000000000000085 35.000000000000085 35.00000000000009 35.0000000000001 35.00000000000011 35.000000000000114 35.00000000000012 35.00000000000013 35.00000000000012 35.00000000000013 35.000000000000135 35.00000000000014 35.00000000000014 35.00000000000015 35.000000000000156 35.00000000000016 35.00000000000017 35.00000000000018 35.00000000000018 35.000000000000185 35.0000000000002 35.000000000000206 35.00000000000022 35.00000000000023 35.000000000000234 35.000000000000234 35.00000000000025 35.000000000000256 35.000000000000256 35.000000000000256 35.00000000000026 35.00000000000026 35.00000000000026 35.00000000000028 35.000000000000284 
1.0052035431620456 0.9694857450386781 0.9507779616459814 0.9377092790432139 0.9274355097969923 0.918897427592234 0.9113164036449894 0.9048374586477852 0.8981842104503807 0.8919183391749027 0.886966989714327 0.8810918459950356 0.875388435009005 0.870718790508685 0.865198847212079 0.8597703370267147 0.8543779246464541 0.8489855896002376 0.8435673001196559 0.8381023558456023 0.8325727714195341 0.8269615731288567 0.8212514492215115 0.8154234014589645 0.8094550715250413 0.8063083288116075 0.8000817389589918 0.7937770931776585 0.7873546781507854 0.7842258120628083 0.7775699243965282 0.7708399790556644 0.7639906083265076 0.7608656410202993 0.7537881751964319 0.7466314572468316 0.7393473457080433 0.7362042544411207 0.7286947174557716 0.7210993798970962 0.7133674517042515 0.7101851124512983 0.7022320149353067 0.694187295728488 0.6859969268704724 0.6827575982733892 0.6743529980186768 0.665852203507187 0.6571971791271166 0.6538867479424092 0.6450274432078886 0.6360687117783844 0.6269476794105366 0.6235552035728025 0.6142430086765147 0.6048294206422432 0.5952458158144365 0.591762482466577 0.5820040130598557 0.5721431289396975 0.5621043057456037 0.5585205980354113 0.5483258831568913 0.5380275337258831 0.5275411239564621 0.5238370512198566 0.5132137874432837 0.5024811736789744 0.49154049362815005 0.48764430501748446 0.47657365283098346 0.4653647491487388 0.45388193927720455 0.44936525847407083 0.43766063517499926 0.43324253773941895 0.4215379075448095 0.40975174365893174 0.3977141980603553 0.39281121042702066 0.38061422484158086 0.37597765963218965 0.363878269995725 0.35172783888898607 0.33933137759482895 0.3342195851011074 0.3217252462954372 0.31701473599940194 0.30472271223584896 0.2924103032105544 0.2798605156586487 0.27464185213213105 0.2620738485097158 0.2574004903294735 0.2451643627137835 0.23294772362225985 0.22051516211485994 0.2153286433227741 0.20299379303476903 0.19853620935994692 0.18670851221571647 0.1749666472964656 0.1630821806673584 0.1587953202025608 0.14736853571480826 0.13582035153286606 0.1306696823461736 0.11941809305623786 0.11517478313818906 0.10465129492248905 0.09412086889094973 0.09041707265636305 0.08070971768110602 0.07098417427190253 0.06703028208879859 0.057932370263417785 0.05496947190246344 0.04690524069391474 0.03893063976419893 0.03601366829242803 0.02913425067913836 0.026213151459376725 0.024028187119972892 0.018573001863074545 0.016334222010693483 0.013915979719346465 0.011866962918586604 0.010177884569917073 0.008786108288136654 0.0076359088836499694 0.006680785546894336 0.0058828266826356735 0.00521157775277947 0.004642791031034878 0.00415724474526414 0.003739716709376498 0.0033781345910803245 0.003062892991021658 0.0027863146041109312 0.0025422295930420326 0.0023256494199871205 0.0021325144186891487 0.001959498668073106 0.0018038588399106551 0.001663316797269366 0.0015359681757199863 0.0014202105161206869 0.0013146870709290733 0.001218242121297473 0.0011298854302077058 0.0010487639284689103 0.0009741388021495816 0.0009053670071490815 0.0008418862756484188 0.0007832027162597932 0.0007288806723339471 0.0006785345201017588 0.0006318212925886349 0.0005884353442200485 0.0005481030185429295 0.0005105786976684503 0.00047564138152645036 0.0004430914326003239 0.00041274828094409855 0.00038444804841581434 0.00035804172765097406 0.00033339356083723204 0.0003103795024017858 0.00028888615597741244 0.0002688094874116847 0.0002500540129147077 0.00023253196006512865 0.0002161623826992305 0.00020087074554673572 0.0001865881518735918 0.00017325093641277692 0.00016080014044220892 0.000149181199878581 0.00013834361204400253 0.00012824045439870245 0.00011882816191598261 0.00011006661940418776 0.00010191831651564893 9.43487174892271e-05 8.732589366976529e-05 8.082030906900355e-05 7.480487875869766e-05 6.925470629622624e-05 6.414728531246528e-05 5.946222817070196e-05 5.5181422891141836e-05 5.128906342356548e-05 4.777180319414256e-05 4.4618879198146366e-05 4.182267089800629e-05 3.937882903070213e-05 3.7287244831985886e-05 3.5552516686588494e-05 3.418089201216235e-05 3.308009511270691e-05 
0.0 0.0 0.0 0.0 0.0 0.0 0.0 0.0 0.0 0.0 0.0 0.0 0.0 0.0 0.0 0.0 0.0 0.0 0.0 0.0 0.0 0.0 0.0 0.0 0.0 0.0 0.0 0.0 0.0 0.0 0.0 0.0 0.0 0.0 0.0 0.0 0.0 0.0 0.0 0.0 0.0 0.0 0.0 0.0 0.0 0.0 0.0 0.0 0.0 0.0 0.0 0.0 0.0 0.0 0.0 0.0 0.0 0.0 0.0 0.0 0.0 0.0 0.0 0.0 0.0 0.0 0.0 0.0 0.0 0.0 0.0 0.0 0.0 0.0 0.0 0.0 0.0 0.0 0.0 0.0 0.0 0.0 0.0 0.0 0.0 0.0 0.0 0.0 0.0 0.0 0.0 0.0 0.0 0.0 0.0 0.0 0.0 0.0 0.0 0.0 0.0 0.0 0.0 0.0 0.0 0.0 0.0 0.0 0.0 0.0 0.0 0.0 0.0 0.0 0.0 0.0 0.0 0.0 0.0 0.0 0.0 0.0 0.0 0.0 0.0 0.0 0.0 0.0 0.0 0.0 0.0 0.0 0.0 0.0 0.0 0.0 0.0 0.0 0.0 0.0 0.0 0.0 0.0 0.0 0.0 0.0 0.0 0.0 0.0 0.0 0.0 0.0 0.0 0.0 0.0 0.0 0.0 0.0 0.0 0.0 0.0 0.0 0.0 0.0 0.0 0.0 0.0 0.0 0.0 0.0 0.0 0.0 0.0 0.0 0.0 0.0 0.0 0.0 0.0 0.0 0.0 0.0 0.0 0.0 0.0 0.0 0.0 0.0 0.0 0.0 0.0 0.0 0.0 0.0 0.0 0.0 0.0 0.0 0.0 0.0 
1900 1 21 0 0 0
12.244608652147136 12.244511358540187 12.244409219907833 12.244301839003606 12.244188707054066 12.24406947927324 12.24394423398176 12.243813369462965 12.243667814587974 12.243513172977499 12.243362367747403 12.243184263488388 12.242995040735783 12.242820805297654 12.242604024212817 12.242375182472355 12.242131847977351 12.241872199220436 12.241594668500328 12.24129778050302 12.240980064679622 12.240639996209946 12.24027594429852 12.239886113586225 12.239468463491175 12.23915450189207 12.238678887179136 12.238175848424197 12.237642327976344 12.237257270962019 12.236659309544645 12.236030364268528 12.235366883552933 12.23490108321869 12.234165329950832 12.233394215661665 12.232583938210317 12.232026227619041 12.231135325808248 12.230204343120041 12.229229372887886 12.228567612273403 12.22750350321932 12.226394489693854 12.22523669747955 12.22445819177051 12.22320280045679 12.22189774824694 12.220539353637573 12.219631196816499 12.218166987178517 12.216648586693465 12.21507270366467 12.214022057171377 12.212332591770673 12.210584801790375 12.208776025467087 12.207570189712692 12.205640756027137 12.203649457769751 12.201594545468355 12.200220250324172 12.198038628419576 12.195792459118072 12.193481209825672 12.191920951306578 12.189478530601122 12.186970186387097 12.184396820274689 12.182612716855482 12.17990661694275 12.177135432786617 12.174300813072353 12.17213517320788 12.169171898728155 12.166945331638164 12.163852420701188 12.160697165872913 12.157484696231423 12.154911986495323 12.151581078983051 12.149009906628812 12.145557638652116 12.142050679947873 12.138499989610505 12.135590377837573 12.131941784035421 12.129099439128288 12.125346269253004 12.121552592764967 12.117737160689064 12.114561943078469 12.110682352160707 12.10765481791069 12.103698768813135 12.099724500173648 12.09576020443162 12.092435977949677 12.088456451551439 12.085389323025336 12.081372702056084 12.077367387040002 12.073412479092903 12.070349232727132 12.066422569522162 12.062567122163001 12.05911539030265 12.05535770838088 12.052260808746636 12.048585418245109 12.04501274474907 12.042180737953531 12.03873025402967 12.035417809651573 12.032451830540115 12.029351711116647 12.026938116348052 12.024009218582716 12.021255663939382 12.019279566245265 12.016714421397086 12.014359351814027 12.012764749817197 12.010652510216602 12.008799661342609 12.007441418537292 12.005977613015123 12.004718816025065 12.003855895347138 12.002985766880007 12.002306936404914 12.00173638332111 12.00129040021886 12.000964628505509 12.000727004413289 12.000553247333723 12.000425533107334 12.000330988246676 12.000260393922238 12.000207172019433 12.000166631189236 12.000135419162387 12.000111130667037 12.000092029689306 12.000076854091569 12.000064678667194 12.00005481915315 12.000046764805395 12.00004013082906 12.000034624612438 12.000030021602385 12.000026147931964 12.000022867812891 12.000020074310344 12.00001768254021 12.000015624602046 12.00001384578851 12.000012301710505 12.000010956117833 12.000009779215995 12.000008746373403 12.000007837111818 12.00000703431234 12.000006323592912 12.000005692813478 12.000005131678474 12.000004631418895 12.000004184536902 12.000003784594 12.000003426045025 12.000003104093581 12.000002814581213 12.000002553887057 12.000002318853932 12.000002106717806 12.00000191505508 12.000001741733733 12.000001584873752 12.000001442817753 12.000001314096043 12.000001197408743 12.00000109160036 12.000000995645246 12.000000908629818 12.000000829742898 12.000000758259588 12.000000693538794 12.000000635005701 12.00000058215553 12.000000534537845 12.000000491758419 12.000000453473668 12.00000041938579 12.000000389244883 12.000000362845821 12.000000340030871 12.000000320688926 12.000000304751584 12.000000292121022 12.000000280818 
35.00000000000008 35.00000000000008 35.00000000000007 35.00000000000007 35.000000000000085 35.00000000000008 35.00000000000007 35.000000000000064 35.00000000000006 35.00000000000006 35.00000000000006 35.00000000000006 35.00000000000006 35.00000000000006 35.00000000000005 35.00000000000004 35.000000000000036 35.00000000000003 35.00000000000002 35.00000000000002 35.00000000000003 35.00000000000003 35.00000000000003 35.00000000000003 35.000000000000036 35.000000000000036 35.000000000000036 35.000000000000036 35.00000000000003 35.000000000000036 35.000000000000036 35.00000000000003 35.00000000000002 35.00000000000002 35.00000000000002 35.00000000000001 35.0 34.99999999999999 34.999999999999986 34.999999999999986 34.99999999999999 34.99999999999999 34.999999999999986 34.99999999999998 34.99999999999997 34.99999999999997 34.99999999999997 34.99999999999997 34.999999999999964 34.999999999999964 34.99999999999997 34.99999999999998 34.99999999999998 34.99999999999998 34.99999999999998 34.99999999999997 34.99999999999997 34.99999999999997 34.99999999999998 34.99999999999997 34.999999999999964 34.999999999999964 34.99999999999997 34.99999999999997 34.99999999999997 34.99999999999997 34.99999999999997 34.999999999999964 34.99999999999996 34.99999999999995 34.99999999999995 34.99999999999995 34.99999999999994 34.99999999999995 34.99999999999995 34.99999999999995 34.99999999999996 34.99999999999996 34.99999999999996 34.99999999999995 34.99999999999994 34.99999999999994 34.99999999999995 34.99999999999996 34.999999999999964 34.999999999999964 34.99999999999997 34.99999999999998 34.99999999999998 34.99999999999998 34.99999999999998 34.999999999999986 34.999999999999986 34.999999999999986 34.99999999999999 34.999999999999986 34.999999999999986 34.999999999999986 34.99999999999999 35.0 35.0 35.0 34.99999999999999 34.999999999999986 34.99999999999999 34.999999999999986 34.999999999999986 34.99999999999999 34.99999999999999 34.999999999999986 34.99999999999999 34.999999999999986 34.999999999999986 34.99999999999999 35.0 35.0 35.00000000000001 35.00000000000001 35.000000000000014 35.00000000000002 35.00000000000003 35.00000000000004 35.00000000000004 35.000000000000036 35.00000000000004 35.00000000000004 35.00000000000005 35.000000000000036 35.00000000000004 35.000000000000036 35.000000000000036 35.00000000000004 35.000000000000036 35.00000000000003 35.00000000000003 35.00000000000003 35.00000000000003 35.00000000000002 35.00000000000002 35.00000000000003 35.00000000000003 35.00000000000004 35.00000000000005 35.00000000000005 35.00000000000006 35.00000000000006 35.00000000000006 35.00000000000006 35.000000000000064 35.00000000000006 35.00000000000006 35.00000000000006 35.00000000000006 35.00000000000005 35.000000000000064 35.00000000000005 35.00000000000006 35.000000000000064 35.000000000000064 35.00000000000007 35.000000000000064 35.000000000000064 35.00000000000008 35.000000000000085 35.000000000000085 35.000000000000085 35.00000000000009 35.000000000000085 35.0000000000001 35.000000000000114 35.000000000000114 35.000000000000114 35.00000000000012 35.00000000000013 35.00000000000014 35.00000000000014 35.00000000000014 35.000000000000156 35.000000000000156 35.00000000000016 35.00000000000017 35.00000000000017 35.00000000000017 35.00000000000018 35.000000000000185 35.000000000000185 35.00000000000019 35.0000000000002 35.0000000000002 35.000000000000206 35.000000000000206 35.0000000000002 35.000000000000206 35.00000000000021 35.00000000000021 35.000000000000206 35.000000000000206 35.000000000000206 35.000000000000206 35.0000000000002 
1.0063463568173674 0.9706997408637886 0.952069306340748 0.9390904525462604 0.9289008736716369 0.9203854948151422 0.9130431516161587 0.9066161307460096 0.9001006403867229 0.8939828863118029 0.8891049756043993 0.8834080115858132 0.8778981918544851 0.8738210571652403 0.8684842270311789 0.8632710261758805 0.8581166265046157 0.8529812020058579 0.8478369939897523 0.8426625505638051 0.8374397388903001 0.8321519337251899 0.8267826913676175 0.8213145358003651 0.8157275695967031 0.8126964278043981 0.8068823114905992 0.8010035116614441 0.7950251809346655 0.7920331198146097 0.78584717183696 0.7795988015451533 0.7732488277684522 0.7702773696187754 0.7637224004826623 0.7570994690062859 0.7503675395555089 0.7473932045673926 0.7404567883492413 0.7334458328679115 0.7263175443933753 0.7233188679110197 0.7159880738781692 0.708576845309133 0.7010401365681901 0.6979992472913163 0.6902642956522852 0.68244408129597 0.6744906741665879 0.6713931500232259 0.6632482144796104 0.6550142754608298 0.6466398397091644 0.6434740379041586 0.6349172618467038 0.6262686932309539 0.6174725220567648 0.6142283597889737 0.6052613865645842 0.5962003930495342 0.5869842689237489 0.5836502765016413 0.5742766051894405 0.5648060717329881 0.5551705257395543 0.551724706539455 0.5419440751047626 0.5320592141004691 0.5219904491998154 0.5183653466137533 0.5081528911624653 0.49780911662803584 0.48722583063986963 0.4830871222328462 0.4722889031205798 0.46820028359941374 0.45736103549287166 0.4464351506884048 0.43528692381561246 0.4307966178970346 0.4194837233127345 0.41517219583120907 0.40389424649001 0.39255213567160047 0.3809891027738623 0.37629010551610687 0.3646093249786503 0.360192826355068 0.34862574048694683 0.337015107948898 0.32518484696512 0.32035592305158345 0.3084660040725148 0.3040277629480439 0.29234647994062973 0.28064791833602093 0.2687383368507078 0.2638842742522058 0.25199795897185995 0.2476739383159213 0.23612296503115604 0.2246020588983365 0.21291860017752062 0.20862953622609748 0.19720367617503093 0.18561627984447135 0.18049878347648135 0.16904345965227505 0.16457985049823917 0.1535910626361719 0.142541937962613 0.1384262132833702 0.12790503240715026 0.11730553544366941 0.11260639268925102 0.1023587599787836 0.09863940553464119 0.08912743787855652 0.0796131980616811 0.0764502732430802 0.06773955820629814 0.059032194083351724 0.05628938863278058 0.04849854880988503 0.04074994126748709 0.03798545225301477 0.031200631685184877 0.027894853079738862 0.025670731566957525 0.020417845277227026 0.018059572472897946 0.015615465750687821 0.013333364211529149 0.011457131427206555 0.009906058168163246 0.008619244806980595 0.007547406455550872 0.006650106452319249 0.0058944536154371405 0.005253920446426457 0.004707238427077442 0.004237409293571156 0.0038308565837926935 0.003476721590220371 0.003166293117593014 0.0028925536280630633 0.002649821553090088 0.0024334713691189173 0.0022397150010108648 0.0020654311840922574 0.0019080322110258188 0.001765359364949565 0.0016356008132624728 0.0015172266633645324 0.001408937690560916 0.0013096240505640483 0.0012183327366599027 0.0011342408480622536 0.0010566344588833407 0.0009848909982176843 0.0009184651124056379 0.0008568771070188507 0.000799703023359445 0.0007465668836947862 0.0006971338822920259 0.0006511048819654206 0.0006082116519462816 0.0005682130000872901 0.000530891236527948 0.0004960495616662499 0.00046350939821196435 0.0004331084786552113 0.00040469879379535805 0.00037814534497817003 0.00035332456659449004 0.00033012329838354886 0.00030843770109606554 0.0002881722475604969 0.0002692393466767997 0.0002515581224229425 0.00023505437874442957 0.00021965963492099683 0.0002053110028095234 0.00019195056212852038 0.00017952529227822277 0.00016798649995485872 0.00015729005067227574 0.0001473954909152938 0.00013826684026207098 0.00012987174636527667 0.00012218195390810926 0.00011517333404177455 0.00010882596435785181 0.00010312467861275533 9.805954302369614e-05 9.362678887589388e-05 8.982976036120756e-05 8.667990988907252e-05 8.419015727419813e-05 8.215156627894039e-05 
0.0 0.0 0.0 0.0 0.0 0.0 0.0 0.0 0.0 0.0 0.0 0.0 0.0 0.0 0.0 0.0 0.0 0.0 0.0 0.0 0.0 0.0 0.0 0.0 0.0 0.0 0.0 0.0 0.0 0.0 0.0 0.0 0.0 0.0 0.0 0.0 0.0 0.0 0.0 0.0 0.0 0.0 0.0 0.0 0.0 0.0 0.0 0.0 0.0 0.0 0.0 0.0 0.0 0.0 0.0 0.0 0.0 0.0 0.0 0.0 0.0 0.0 0.0 0.0 0.0 0.0 0.0 0.0 0.0 0.0 0.0 0.0 0.0 0.0 0.0 0.0 0.0 0.0 0.0 0.0 0.0 0.0 0.0 0.0 0.0 0.0 0.0 0.0 0.0 0.0 0.0 0.0 0.0 0.0 0.0 0.0 0.0 0.0 0.0 0.0 0.0 0.0 0.0 0.0 0.0 0.0 0.0 0.0 0.0 0.0 0.0 0.0 0.0 0.0 0.0 0.0 0.0 0.0 0.0 0.0 0.0 0.0 0.0 0.0 0.0 0.0 0.0 0.0 0.0 0.0 0.0 0.0 0.0 0.0 0.0 0.0 0.0 0.0 0.0 0.0 0.0 0.0 0.0 0.0 0.0 0.0 0.0 0.0 0.0 0.0 0.0 0.0 0.0 0.0 0.0 0.0 0.0 0.0 0.0 0.0 0.0 0.0 0.0 0.0 0.0 0.0 0.0 0.0 0.0 0.0 0.0 0.0 0.0 0.0 0.0 0.0 0.0 0.0 0.0 0.0 0.0 0.0 0.0 0.0 0.0 0.0 0.0 0.0 0.0 0.0 0.0 0.0 0.0 0.0 0.0 0.0 0.0 0.0 0.0 0.0 
