20
2.5 7.5 12.5 17.5 22.5 27.5 32.5 37.5 42.5 47.5 52.5 57.5 62.5 67.5 72.5 77.5 82.5 87.5 92.5 97.5 102.5 107.5 112.5 117.5 122.5 127.5 132.5 137.5 142.5 147.5 152.5 157.5 162.5 167.5 172.5 177.5 182.5 187.5 192.5 197.5 202.5 207.5 212.5 217.5 222.5 227.5 232.5 237.5 242.5 247.5 252.5 257.5 262.5 267.5 272.5 277.5 282.5 287.5 292.5 297.5 302.5 307.5 312.5 317.5 322.5 327.5 332.5 337.5 342.5 347.5 352.5 357.5 362.5 367.5 372.5 377.5 382.5 387.5 392.5 397.5 402.5 407.5 412.5 417.5 422.5 427.5 432.5 437.5 442.5 447.5 452.5 457.5 462.5 467.5 472.5 477.5 482.5 487.5 492.5 497.5 502.5 507.5 512.5 517.5 522.5 527.5 532.5 537.5 542.5 547.5 552.5 557.5 562.5 567.5 572.5 577.5 582.5 587.5 592.5 597.5 602.5 607.5 612.5 617.5 622.5 627.5 632.5 637.5 642.5 647.5 652.5 657.5 662.5 667.5 672.5 677.5 682.5 687.5 692.5 697.5 702.5 707.5 712.5 717.5 722.5 727.5 732.5 737.5 742.5 747.5 752.5 757.5 762.5 767.5 772.5 777.5 782.5 787.5 792.5 797.5 802.5 807.5 812.5 817.5 822.5 827.5 832.5 837.5 842.5 847.5 852.5 857.5 862.5 867.5 872.5 877.5 882.5 887.5 892.5 897.5 902.5 907.5 912.5 917.5 922.5 927.5 932.5 937.5 942.5 947.5 952.5 957.5 962.5 967.5 972.5 977.5 982.5 987.5 992.5 997.5 
1900 1 2 0 0 0
14.673064843869911 14.660477067014714 14.644143714540307 14.61819117685904 14.574559241445803 14.435227169413395 14.186125239145053 13.816202579201589 13.09787582148576 12.29398369691657 12.000148784725674 12.000000617266888 12.000000036600467 12.000000007955489 12.000000002398433 12.000000000782904 12.000000000258446 12.00000000008333 12.000000000025777 12.000000000007589 12.000000000002125 12.000000000000556 12.000000000000135 12.000000000000016 11.999999999999988 11.99999999999999 11.999999999999996 12.0 11.999999999999996 11.999999999999991 11.999999999999998 11.999999999999995 12.0 12.000000000000012 12.000000000000016 12.000000000000014 12.000000000000009 12.0 11.999999999999996 11.999999999999993 11.999999999999993 11.999999999999998 11.999999999999993 11.999999999999986 11.999999999999991 11.999999999999995 11.999999999999995 12.0 12.000000000000002 12.000000000000005 11.999999999999998 12.0 11.999999999999993 11.999999999999995 11.999999999999998 12.0 12.0 12.0 12.0 11.999999999999998 11.99999999999999 11.999999999999996 11.999999999999996 11.999999999999996 11.999999999999998 12.000000000000002 12.0 11.999999999999996 11.99999999999999 11.999999999999991 12.0 12.000000000000004 11.999999999999998 11.999999999999996 11.999999999999993 11.99999999999999 11.999999999999986 11.999999999999991 11.999999999999991 11.999999999999996 11.999999999999996 11.999999999999993 12.0 12.000000000000002 11.99999999999999 11.999999999999986 11.999999999999988 11.99999999999999 11.999999999999991 11.999999999999988 11.999999999999996 11.999999999999993 11.999999999999995 11.999999999999991 11.999999999999991 11.999999999999998 11.999999999999998 11.999999999999995 11.99999999999999 11.99999999999998 11.99999999999998 11.999999999999982 11.999999999999991 11.999999999999995 12.0 11.999999999999991 11.999999999999988 11.999999999999993 11.999999999999998 11.999999999999995 11.99999999999999 12.000000000000002 12.000000000000004 12.000000000000002 11.999999999999996 12.0 12.000000000000005 12.000000000000007 12.000000000000004 12.000000000000004 12.0 12.0 11.999999999999995 11.999999999999982 11.999999999999995 11.999999999999996 12.0 12.0 12.000000000000004 11.999999999999998 11.999999999999993 11.999999999999988 11.999999999999993 11.999999999999996 11.999999999999993 11.999999999999988 11.999999999999982 11.999999999999977 11.999999999999988 11.999999999999986 11.999999999999986 11.999999999999984 11.999999999999988 11.999999999999979 11.999999999999979 11.999999999999979 11.999999999999979 11.999999999999984 11.999999999999982 11.99999999999998 11.999999999999979 11.999999999999982 11.99999999999998 11.999999999999977 11.999999999999979 11.999999999999979 11.999999999999982 11.999999999999986 11.999999999999984 11.999999999999991 11.999999999999993 11.999999999999995 12.000000000000002 12.000000000000007 12.000000000000004 12.0 11.999999999999998 11.999999999999996 12.0 12.0 12.000000000000005 12.000000000000002 11.999999999999998 11.999999999999991 11.999999999999984 11.999999999999984 11.999999999999986 11.999999999999984 11.999999999999988 11.99999999999998 11.99999999999998 11.999999999999984 11.99999999999999 11.999999999999993 11.999999999999991 11.999999999999984 11.999999999999982 11.999999999999984 11.999999999999986 11.999999999999982 11.999999999999982 11.999999999999986 11.999999999999991 11.999999999999995 11.999999999999984 11.999999999999979 11.999999999999977 11.99999999999997 11.999999999999964 11.999999999999966 
35.0 35.000000000000014 34.99999999999999 35.0 35.0 34.99999999999999 35.0 34.999999999999964 34.99999999999996 34.999999999999964 34.99999999999997 35.00000000000007 34.99999999999998 34.99999999999998 35.000000000000036 35.000000000000014 35.00000000000001 35.0 35.00000000000001 35.0 34.999999999999986 34.99999999999999 35.0 34.99999999999998 34.999999999999964 34.99999999999999 35.00000000000001 35.00000000000001 34.999999999999986 34.999999999999986 35.0 35.0 35.00000000000003 35.00000000000003 35.00000000000003 35.00000000000004 35.00000000000003 35.00000000000001 35.00000000000001 34.999999999999986 34.99999999999998 35.0 34.99999999999998 34.999999999999964 34.99999999999998 34.99999999999998 34.99999999999997 34.99999999999999 35.00000000000002 35.00000000000003 34.999999999999986 34.999999999999986 34.99999999999999 34.99999999999999 34.999999999999986 34.99999999999998 34.99999999999999 35.00000000000001 35.00000000000001 35.0 34.99999999999998 34.99999999999997 34.99999999999998 35.0 34.99999999999999 34.999999999999986 34.999999999999964 34.99999999999996 34.99999999999996 34.99999999999994 34.99999999999995 34.99999999999998 34.99999999999997 34.99999999999998 34.99999999999997 34.99999999999998 34.999999999999986 34.99999999999999 34.99999999999999 34.99999999999999 35.000000000000014 35.00000000000001 35.00000000000003 35.000000000000014 34.99999999999999 34.99999999999996 34.99999999999996 34.999999999999964 34.999999999999986 34.99999999999998 34.99999999999999 34.99999999999997 34.99999999999997 34.99999999999996 34.99999999999997 35.0 34.99999999999997 34.999999999999964 34.999999999999936 34.99999999999993 34.99999999999994 34.999999999999964 34.99999999999998 34.999999999999986 34.999999999999986 34.99999999999998 34.99999999999997 34.99999999999997 34.999999999999964 34.999999999999964 34.99999999999997 34.999999999999986 35.000000000000014 35.0 35.0 35.00000000000001 35.000000000000036 35.000000000000036 35.00000000000002 35.00000000000003 35.00000000000001 35.00000000000001 35.00000000000001 34.999999999999964 34.99999999999998 34.99999999999999 35.00000000000001 35.000000000000014 35.00000000000001 34.99999999999999 34.99999999999997 34.99999999999995 34.999999999999964 35.0 35.0 35.0 35.00000000000001 34.99999999999999 35.0 34.999999999999986 34.99999999999999 34.99999999999998 34.999999999999986 34.999999999999964 34.999999999999964 34.99999999999996 34.99999999999992 34.99999999999995 34.999999999999964 34.99999999999995 34.99999999999996 34.999999999999964 34.999999999999964 34.99999999999995 34.99999999999997 34.99999999999998 34.99999999999999 34.99999999999999 34.999999999999986 34.999999999999986 34.99999999999999 35.0 34.99999999999999 35.0 35.00000000000001 34.99999999999999 34.99999999999999 35.00000000000001 35.000000000000014 35.000000000000014 35.000000000000014 35.00000000000001 34.99999999999999 34.99999999999997 34.99999999999994 34.999999999999964 35.0 34.99999999999998 34.99999999999999 34.999999999999986 35.0 34.99999999999999 34.99999999999997 34.999999999999986 34.99999999999996 34.99999999999994 34.999999999999915 34.999999999999915 34.999999999999936 34.99999999999995 34.99999999999996 34.999999999999986 34.999999999999964 34.99999999999997 34.99999999999996 34.999999999999936 34.99999999999992 34.99999999999991 34.99999999999991 34.9999999999999 
0.6754536039873228 0.5208681838281607 0.48990958471970164 0.455060467598906 0.41223462037193104 0.3322541913111684 0.2498437912330439 0.1712767344740478 0.06495604620699574 0.0031416264840656307 1.1492916964573464e-06 4.883448655942162e-10 4.411903014748404e-12 1.9177947814861185e-13 1.0582315335325395e-14 6.068946639878568e-16 3.6111461355801203e-17 2.3106729546032328e-18 1.6549295908902045e-19 1.339398523719392e-20 1.1912499577177746e-21 1.1126010950085437e-22 1.0587234748894925e-23 1.002998461075634e-24 9.37255661906406e-26 8.605625020963702e-27 7.754835210137276e-28 6.859715301642464e-29 5.961343702618104e-30 5.095502153409918e-31 4.289450291522716e-32 3.561104661703116e-33 2.919727046545011e-34 2.367435659127302e-35 1.901028919541555e-36 1.513773201887276e-37 1.1969478870280187e-38 9.41054661803062e-40 7.366789748331651e-41 5.750412477252376e-42 4.482992981239289e-43 3.4966872225088643e-44 2.734218722719237e-45 2.1481443849148107e-46 1.6997567361929956e-47 1.357864744660219e-48 1.0976007579125066e-49 8.993310271803127e-51 7.47701459234328e-52 6.308269275028336e-53 5.396097291118657e-54 4.671799489452779e-55 4.084227860458511e-56 3.595910414689743e-57 3.179959617571938e-58 2.8175321458814365e-59 2.4957731962840284e-60 2.206175452604692e-61 1.9432900889627936e-62 1.7037341429387737e-63 1.4854446171428627e-64 1.2871349593815052e-65 1.1079144622759677e-66 9.470358397022002e-68 8.037408672100097e-69 6.771784997171401e-70 5.6637422833708226e-71 4.702335165498166e-72 3.875658778201557e-73 3.1711945625617206e-74 2.5761880919350616e-75 2.0780095270375083e-76 1.6644662917987106e-77 1.3240522135629815e-78 1.0461281487665394e-79 8.210365636735924e-81 6.401572439110887e-82 4.959138469233655e-83 3.8174193016819036e-84 2.9202886487347537e-85 2.220350847637689e-86 1.6780474523783937e-87 1.260723273692463e-88 9.417018683168393e-90 6.994063454007393e-91 5.165491272760074e-92 3.7940424729062425e-93 2.7716788964676494e-94 2.0140702100778003e-95 1.4559188483645167e-96 1.047055311849053e-97 7.492212912876508e-99 5.334526600455074e-100 3.7797522685876367e-101 2.6653116520735833e-102 1.87061565838554e-103 1.3067933522927708e-104 9.087577610174507e-106 6.29130183602945e-107 4.336263237350354e-108 2.975803905541166e-109 2.0334647651768465e-110 1.3837004908733846e-111 9.376686627834793e-113 6.3282945661262434e-114 4.2538427512151435e-115 2.8481345970902733e-116 1.8995476639214436e-117 1.2620489129523436e-118 8.3534065468024e-120 5.50854720697133e-121 3.6192669122324653e-122 2.3693966177532217e-123 1.5456514354629428e-124 1.0047651069144884e-125 6.509067509579032e-127 4.2023851495883097e-128 2.7040637234975145e-129 1.7342140026036432e-130 1.1085963190429457e-131 7.063972792900129e-133 4.486926014163894e-134 2.8411370077433537e-135 1.7934840523872294e-136 1.1287123138102138e-137 7.082186836003093e-139 4.430650499042776e-140 2.763763569533474e-141 1.719034201563606e-142 1.0661909969311328e-143 6.594299689050205e-145 4.067256175233175e-146 2.5017807580767473e-147 1.5347132459561267e-148 9.389676184542381e-150 5.729730453688458e-151 3.487325735129405e-152 2.117092611014586e-153 1.282006489665769e-154 7.743857714714364e-156 4.666107881228963e-157 2.804760008927692e-158 1.6818728821237184e-159 1.0061435279194605e-160 6.004938517138399e-162 3.5756201630939e-163 2.1242248578333672e-164 1.2591219432129277e-165 7.446719405971796e-167 4.394440330375404e-168 2.587586256692316e-169 1.5203720870319781e-170 8.914144010662377e-172 5.215486752215144e-173 3.0451314645727643e-174 1.7742860132793027e-175 1.0317103922804798e-176 5.987129059600293e-178 3.46749588931977e-179 2.0042852549909093e-180 1.15626908713411e-181 6.657689201327884e-183 3.826155362135101e-184 2.194751126850295e-185 1.256610050598832e-186 7.181533266968234e-188 4.09679201908899e-189 2.3328633899358104e-190 1.3260557261711206e-191 7.524360860383553e-193 4.262074121835007e-194 2.4100384299467754e-195 1.360462098190156e-196 7.666837162235589e-198 4.313412876783967e-199 2.4227488264985416e-200 1.358581767715251e-201 7.606074048064896e-203 4.251477971680751e-204 2.372635740791788e-205 1.3220290069350618e-206 7.354897239364814e-208 4.085495830119283e-209 2.2659598026766535e-210 1.2548896368667918e-211 6.939230376300225e-213 3.831562977624833e-214 2.1125445524339944e-215 1.1630738717031787e-216 6.394202959014091e-218 3.510341147573384e-219 1.924429621946245e-220 1.0535386385872182e-221 5.759707810126624e-223 3.144542932442159e-224 1.714446688845758e-225 9.334566816938083e-227 5.0756636041849635e-228 2.7567214798548402e-229 1.5757991021184924e-230 
0.0 0.0 0.0 0.0 0.0 0.0 0.0 0.0 0.0 0.0 0.0 0.0 0.0 0.0 0.0 0.0 0.0 0.0 0.0 0.0 0.0 0.0 0.0 0.0 0.0 0.0 0.0 0.0 0.0 0.0 0.0 0.0 0.0 0.0 0.0 0.0 0.0 0.0 0.0 0.0 0.0 0.0 0.0 0.0 0.0 0.0 0.0 0.0 0.0 0.0 0.0 0.0 0.0 0.0 0.0 0.0 0.0 0.0 0.0 0.0 0.0 0.0 0.0 0.0 0.0 0.0 0.0 0.0 0.0 0.0 0.0 0.0 0.0 0.0 0.0 0.0 0.0 0.0 0.0 0.0 0.0 0.0 0.0 0.0 0.0 0.0 0.0 0.0 0.0 0.0 0.0 0.0 0.0 0.0 0.0 0.0 0.0 0.0 0.0 0.0 0.0 0.0 0.0 0.0 0.0 0.0 0.0 0.0 0.0 0.0 0.0 0.0 0.0 0.0 0.0 0.0 0.0 0.0 0.0 0.0 0.0 0.0 0.0 0.0 0.0 0.0 0.0 0.0 0.0 0.0 0.0 0.0 0.0 0.0 0.0 0.0 0.0 0.0 0.0 0.0 0.0 0.0 0.0 0.0 0.0 0.0 0.0 0.0 0.0 0.0 0.0 0.0 0.0 0.0 0.0 0.0 0.0 0.0 0.0 0.0 0.0 0.0 0.0 0.0 0.0 0.0 0.0 0.0 0.0 0.0 0.0 0.0 0.0 0.0 0.0 0.0 0.0 0.0 0.0 0.0 0.0 0.0 0.0 0.0 0.0 0.0 0.0 0.0 0.0 0.0 0.0 0.0 0.0 0.0 0.0 0.0 0.0 0.0 0.0 0.0 
1900 1 3 0 0 0
14.177298347524266 14.152089503133956 14.139509351867773 14.119182159450704 14.09125884190773 14.040566091398086 13.9558978845716 13.814364907378103 13.590833149130379 13.266827752531281 12.870005931627464 12.483060043643837 12.207436888551596 12.06847288174591 12.017615215968606 12.004623389027246 12.000871045652776 12.000082735992674 12.000003711296571 12.000000153880686 12.000000012284636 12.0000000012754 12.000000000139593 12.00000000001603 12.00000000000228 12.000000000000476 12.00000000000013 12.000000000000037 12.000000000000014 12.000000000000007 12.000000000000004 12.000000000000004 12.000000000000016 12.000000000000012 12.000000000000009 12.000000000000012 12.00000000000002 12.000000000000014 12.000000000000005 12.0 11.999999999999996 11.999999999999993 11.99999999999999 11.999999999999986 11.99999999999998 11.999999999999988 11.999999999999996 11.999999999999998 12.000000000000002 11.999999999999993 11.999999999999998 11.999999999999995 12.0 12.000000000000004 11.999999999999993 11.999999999999995 11.999999999999996 12.000000000000002 11.999999999999998 11.999999999999995 11.999999999999995 11.999999999999986 11.999999999999982 11.999999999999982 11.99999999999998 11.999999999999991 11.999999999999991 11.999999999999988 11.999999999999986 11.999999999999979 11.999999999999975 11.99999999999998 11.999999999999988 11.999999999999993 11.999999999999986 11.999999999999979 11.999999999999977 11.999999999999982 11.99999999999999 11.999999999999995 11.99999999999999 11.999999999999984 11.999999999999986 11.999999999999984 11.999999999999986 11.999999999999991 11.999999999999988 11.999999999999988 11.999999999999986 11.999999999999998 12.0 12.0 11.999999999999986 11.999999999999979 11.999999999999975 11.999999999999977 11.999999999999975 11.999999999999975 11.999999999999977 11.999999999999972 11.99999999999997 11.999999999999963 11.999999999999966 11.999999999999975 11.999999999999979 11.999999999999982 11.999999999999982 11.999999999999982 11.999999999999982 11.999999999999982 11.999999999999991 11.999999999999998 12.0 11.999999999999996 12.0 11.999999999999995 11.99999999999999 11.999999999999986 11.999999999999986 11.999999999999979 11.999999999999979 11.999999999999982 11.99999999999998 11.999999999999982 11.99999999999998 11.999999999999979 11.99999999999998 11.999999999999979 11.999999999999975 11.999999999999986 11.999999999999986 11.999999999999982 11.999999999999984 11.999999999999982 11.999999999999979 11.99999999999998 11.999999999999977 11.999999999999982 11.99999999999998 11.99999999999998 11.999999999999984 11.999999999999986 11.999999999999982 11.999999999999979 11.999999999999982 11.999999999999979 11.999999999999973 11.999999999999977 11.999999999999964 11.999999999999961 11.999999999999972 11.999999999999977 11.999999999999979 11.999999999999979 11.999999999999979 11.99999999999998 11.999999999999973 11.999999999999979 11.999999999999984 11.999999999999979 11.999999999999977 11.99999999999998 11.999999999999984 11.999999999999988 11.999999999999986 11.99999999999999 11.999999999999986 11.999999999999982 11.999999999999991 11.999999999999995 11.99999999999999 11.999999999999986 11.999999999999993 11.999999999999993 11.999999999999988 11.999999999999982 11.999999999999977 11.999999999999968 11.999999999999972 11.999999999999973 11.999999999999975 11.99999999999998 11.99999999999998 11.999999999999979 11.99999999999998 11.999999999999972 11.999999999999968 11.999999999999966 11.99999999999997 11.999999999999973 11.999999999999984 11.999999999999984 11.999999999999979 11.999999999999977 11.999999999999963 11.999999999999954 11.999999999999947 11.999999999999941 11.99999999999994 11.999999999999943 
34.99999999999997 34.99999999999997 34.999999999999964 34.99999999999996 34.99999999999995 34.99999999999994 34.999999999999936 34.999999999999936 34.99999999999995 34.99999999999994 34.99999999999997 34.999999999999986 35.0 35.000000000000036 35.00000000000004 35.000000000000064 35.00000000000001 34.99999999999998 34.99999999999997 34.99999999999999 35.0 34.99999999999996 34.99999999999995 34.99999999999998 35.00000000000001 35.00000000000002 35.00000000000002 35.00000000000002 35.00000000000001 35.000000000000014 35.00000000000002 35.00000000000002 35.00000000000005 35.000000000000036 35.00000000000002 35.000000000000036 35.00000000000006 35.00000000000005 35.00000000000002 35.000000000000014 35.00000000000001 34.99999999999999 34.99999999999999 34.99999999999998 34.99999999999996 34.99999999999995 34.99999999999998 35.00000000000001 35.00000000000003 34.999999999999986 34.99999999999998 34.99999999999997 34.99999999999999 34.999999999999986 34.99999999999999 34.999999999999986 34.99999999999995 34.99999999999997 34.99999999999998 34.999999999999986 34.99999999999997 34.99999999999995 34.99999999999995 34.99999999999995 34.999999999999964 34.99999999999997 34.99999999999996 34.99999999999993 34.99999999999994 34.99999999999991 34.99999999999992 34.99999999999994 34.999999999999964 34.999999999999964 34.999999999999964 34.99999999999997 34.999999999999986 35.00000000000001 35.00000000000002 35.00000000000002 35.00000000000003 35.0 34.99999999999997 34.99999999999998 34.99999999999999 35.0 34.99999999999999 35.00000000000001 35.0 35.000000000000014 35.000000000000014 35.0 34.99999999999998 34.999999999999986 34.99999999999997 34.999999999999964 34.99999999999993 34.99999999999992 34.99999999999991 34.999999999999936 34.99999999999994 34.99999999999993 34.99999999999996 34.99999999999997 35.0 35.00000000000001 35.00000000000001 35.000000000000014 34.99999999999998 34.999999999999986 35.0 35.00000000000002 35.00000000000001 34.999999999999986 34.99999999999999 34.99999999999997 34.99999999999995 34.99999999999995 34.99999999999997 34.99999999999999 35.0 34.999999999999986 34.99999999999999 34.99999999999999 34.99999999999999 34.99999999999997 34.99999999999996 34.99999999999993 34.999999999999915 34.99999999999994 34.999999999999936 34.999999999999936 34.99999999999992 34.99999999999993 34.99999999999993 34.999999999999936 34.999999999999936 34.99999999999994 34.999999999999936 34.999999999999964 34.999999999999986 34.999999999999986 34.99999999999994 34.99999999999993 34.99999999999992 34.99999999999993 34.9999999999999 34.99999999999989 34.99999999999988 34.999999999999886 34.999999999999915 34.99999999999992 34.99999999999994 34.99999999999998 34.999999999999986 34.99999999999999 34.99999999999997 34.99999999999997 34.999999999999986 34.99999999999996 34.99999999999996 34.99999999999992 34.999999999999936 34.99999999999994 34.999999999999964 34.99999999999999 34.999999999999986 34.999999999999964 34.99999999999999 35.0 34.99999999999997 34.99999999999998 34.99999999999999 34.99999999999997 34.999999999999936 34.99999999999994 34.99999999999992 34.99999999999992 34.99999999999996 34.99999999999996 34.99999999999995 34.99999999999998 34.99999999999997 34.99999999999996 34.99999999999994 34.99999999999991 34.99999999999987 34.999999999999865 34.99999999999988 34.99999999999989 34.99999999999988 34.99999999999991 34.999999999999915 34.9999999999999 34.99999999999987 34.99999999999986 34.999999999999844 34.99999999999982 34.99999999999983 34.999999999999844 
0.9258768625814542 0.8005904687856256 0.7694141729422442 0.7261742529136497 0.6824740877061367 0.6220524633473352 0.5582783666319121 0.4850849591312304 0.4032692884937742 0.31371232516363484 0.22086431179113428 0.1328638028971031 0.0664924994141262 0.028115109710008784 0.010066911667636012 0.0037043026348162014 0.0008680250458460494 9.305645596774625e-05 4.515291160056302e-06 1.9881774960563654e-07 1.6629039482769782e-08 1.7463683851020112e-09 1.8256468235664455e-10 1.7734744515751036e-11 1.595317121922514e-12 1.3629341236032479e-13 1.1632617870874661e-14 1.0586590890084865e-15 1.0928914544706823e-16 1.2938352417145535e-17 1.680950401098764e-18 2.2691845468545213e-19 3.069332966759696e-20 4.0861363757029024e-21 5.3155376220326165e-22 6.74222201901101e-23 8.338172153852016e-24 1.0062606134987945e-24 1.1863371646053648e-25 1.3679639670250044e-26 1.5445579450660277e-27 1.7094598871161608e-28 1.856369924847191e-29 1.979751577669534e-30 2.075169614512771e-31 2.1395340198354698e-32 2.1712329405476582e-33 2.1701510815357087e-34 2.1375824578441783e-35 2.0760553889390686e-36 1.9890929783208128e-37 1.8809346210924443e-38 1.756243841002165e-39 1.6198254023217416e-40 1.4763706409153615e-41 1.3302448862658959e-42 1.1853253346375722e-43 1.044892387428458e-44 9.115727840704424e-46 7.873291736432274e-47 6.734882492591101e-48 5.707982192452063e-49 4.795061379019917e-50 3.99446125802004e-51 3.3013058570471493e-52 2.7083816873380004e-53 2.2069398427639597e-54 1.7873914176488613e-55 1.4398811037633378e-56 1.154735545558498e-57 9.227921593105829e-59 7.356205047955285e-60 5.856520805942455e-61 4.662359782920595e-62 3.7163767905103056e-63 2.9699692704684565e-64 2.382585371079537e-65 1.9208757484827594e-66 1.5577787955663635e-67 1.2716058593242635e-68 1.0451726452026295e-69 8.650060295312519e-71 7.206420405377968e-72 6.040206335615351e-73 5.089756907260592e-74 4.308139386983742e-75 3.6597369791719213e-76 3.1175307764431178e-77 2.6609699410764306e-78 2.274328639777428e-79 1.94545734611204e-80 1.6648474573007676e-81 1.424940235350372e-82 1.2196228579792399e-83 1.0438652209956062e-84 8.934607301115894e-86 7.648425237025678e-87 6.549533859067199e-88 5.611531363586354e-89 4.8115166165427846e-90 4.129591475131135e-91 3.548476442105585e-92 3.0532000576405377e-93 2.630836236325076e-94 2.2702734711706818e-95 1.9620064499495017e-96 1.6979449453179073e-97 1.4712375238519328e-98 1.276109157037716e-99 1.107712569169698e-100 9.619934103306983e-102 8.355693049801855e-103 7.256226385031422e-104 6.298066975359975e-105 5.461645335660008e-106 4.730597077689765e-107 4.091179156904118e-108 3.5317838867666297e-109 3.0425392269294755e-110 2.614983875315766e-111 2.2418061136335864e-112 1.9166360738107365e-113 1.633882015388031e-114 1.3886022468723038e-115 1.1764054162198248e-116 9.933729799525295e-118 8.359986938224308e-119 7.01140920220978e-120 5.859843997193319e-121 4.880088766544085e-122 4.049625994589894e-123 3.34839239047718e-124 2.7585719059967335e-125 2.2644055568952998e-126 1.8520135447615386e-127 1.509227035773453e-128 1.2254282610173269e-129 9.913984706890911e-131 7.991738002950417e-132 6.4190937726340046e-133 5.137520840446414e-134 4.097223585198201e-135 3.2560530171452216e-136 2.578512126928434e-137 2.03485507702715e-138 1.6002782368267889e-139 1.254199670561916e-140 9.79622540937412e-142 7.625770186665022e-143 5.916346898169402e-144 4.574891099569951e-145 3.5259603610786967e-146 2.708669378310317e-147 2.0740960896106843e-148 1.5831003424503773e-149 1.2045007629861993e-150 9.135600794391122e-152 6.907339806376221e-153 5.2064345379522454e-154 3.912352845258031e-155 2.930999033541862e-156 2.1891994903593754e-157 1.6302674278803625e-158 1.2104530654433292e-159 8.961160916320093e-161 6.614839789225773e-162 4.868828907367342e-163 3.5734779265080475e-164 2.615352652786317e-165 1.9087673945752848e-166 1.3892175678265883e-167 1.0083070913674674e-168 7.29846177138295e-170 5.268613712757575e-171 3.7931350333894083e-172 2.7236260124748388e-173 1.950536326913904e-174 1.3932468395456688e-175 9.926118977462182e-177 7.05371787627631e-178 4.999811000009047e-179 3.5350499977895155e-180 2.493179034094783e-181 1.7540285270864914e-182 1.230989518030138e-183 8.618182734306764e-185 6.0190742069015e-186 4.193776283299792e-187 2.915084735307149e-188 2.0215112554337534e-189 1.3985847579423539e-190 9.653783439799943e-192 6.648303447860555e-193 4.568113860970976e-194 3.131727639747515e-195 2.1422003084632507e-196 1.462086709827567e-197 9.95707049928638e-199 6.768241451714675e-200 4.898304174993799e-201 
0.0 0.0 0.0 0.0 0.0 0.0 0.0 0.0 0.0 0.0 0.0 0.0 0.0 0.0 0.0 0.0 0.0 0.0 0.0 0.0 0.0 0.0 0.0 0.0 0.0 0.0 0.0 0.0 0.0 0.0 0.0 0.0 0.0 0.0 0.0 0.0 0.0 0.0 0.0 0.0 0.0 0.0 0.0 0.0 0.0 0.0 0.0 0.0 0.0 0.0 0.0 0.0 0.0 0.0 0.0 0.0 0.0 0.0 0.0 0.0 0.0 0.0 0.0 0.0 0.0 0.0 0.0 0.0 0.0 0.0 0.0 0.0 0.0 0.0 0.0 0.0 0.0 0.0 0.0 0.0 0.0 0.0 0.0 0.0 0.0 0.0 0.0 0.0 0.0 0.0 0.0 0.0 0.0 0.0 0.0 0.0 0.0 0.0 0.0 0.0 0.0 0.0 0.0 0.0 0.0 0.0 0.0 0.0 0.0 0.0 0.0 0.0 0.0 0.0 0.0 0.0 0.0 0.0 0.0 0.0 0.0 0.0 0.0 0.0 0.0 0.0 0.0 0.0 0.0 0.0 0.0 0.0 0.0 0.0 0.0 0.0 0.0 0.0 0.0 0.0 0.0 0.0 0.0 0.0 0.0 0.0 0.0 0.0 0.0 0.0 0.0 0.0 0.0 0.0 0.0 0.0 0.0 0.0 0.0 0.0 0.0 0.0 0.0 0.0 0.0 0.0 0.0 0.0 0.0 0.0 0.0 0.0 0.0 0.0 0.0 0.0 0.0 0.0 0.0 0.0 0.0 0.0 0.0 0.0 0.0 0.0 0.0 0.0 0.0 0.0 0.0 0.0 0.0 0.0 0.0 0.0 0.0 0.0 0.0 0.0 
1900 1 4 0 0 0
13.671282939564144 13.661334996201674 13.64978429361019 13.635327438376088 13.614465914833042 13.587950499237932 13.5498822353935 13.481529346423697 13.401397814085573 13.313355114612792 13.20128651735892 13.069097886211475 12.913059888812585 12.738708579802399 12.572852866370042 12.417417330596942 12.274519761210803 12.150880541018182 12.06596070670218 12.021744204924296 12.005827835803366 12.001410552501241 12.00042505985821 12.000191952245522 12.000113151705245 12.000074036306158 12.000049331226352 12.000031487741762 12.000018501407624 12.000009981273791 12.000005022035964 12.000002388953162 12.000001079795865 12.00000046188454 12.000000184680474 12.000000067607862 12.000000021973348 12.000000006066205 12.000000001338398 12.000000000219792 12.000000000025874 12.000000000002343 12.000000000000185 12.00000000000001 11.999999999999998 11.999999999999998 12.0 11.999999999999998 12.000000000000002 12.0 12.000000000000005 12.000000000000004 12.0 12.000000000000004 12.000000000000004 12.0 11.999999999999993 11.999999999999993 11.999999999999995 11.999999999999996 11.999999999999996 11.999999999999986 11.999999999999982 11.99999999999998 11.999999999999979 11.99999999999998 11.999999999999982 11.999999999999973 11.999999999999968 11.999999999999972 11.999999999999975 11.99999999999998 11.999999999999982 11.999999999999982 11.999999999999991 11.999999999999998 12.000000000000005 12.000000000000002 11.999999999999998 11.999999999999998 11.999999999999993 11.999999999999993 11.999999999999986 11.999999999999991 11.999999999999991 11.999999999999998 12.000000000000002 12.000000000000005 12.0 11.999999999999996 11.999999999999998 11.999999999999993 11.999999999999975 11.999999999999977 11.999999999999984 11.99999999999998 11.99999999999998 11.999999999999982 11.999999999999984 11.999999999999982 11.999999999999982 11.99999999999998 11.999999999999973 11.999999999999973 11.99999999999998 11.999999999999975 11.999999999999979 11.999999999999993 12.000000000000002 11.999999999999998 12.0 11.999999999999998 12.0 12.0 12.0 12.000000000000002 12.000000000000002 11.999999999999998 12.000000000000002 11.999999999999993 11.99999999999999 11.999999999999984 11.999999999999996 11.999999999999988 11.999999999999986 11.99999999999999 11.999999999999979 11.999999999999977 11.999999999999972 11.99999999999997 11.99999999999998 11.999999999999986 11.99999999999998 11.99999999999998 11.999999999999988 11.999999999999982 11.999999999999975 11.999999999999979 11.999999999999972 11.999999999999968 11.999999999999979 11.999999999999975 11.999999999999979 11.99999999999998 11.999999999999984 11.999999999999975 11.999999999999972 11.999999999999972 11.999999999999966 11.999999999999977 11.999999999999982 11.999999999999988 11.999999999999984 11.999999999999984 11.99999999999998 11.999999999999979 11.999999999999979 11.999999999999982 11.999999999999984 11.99999999999998 11.99999999999998 11.999999999999982 11.99999999999998 11.999999999999986 11.999999999999991 11.999999999999984 11.999999999999984 11.999999999999975 11.999999999999982 11.999999999999982 11.999999999999977 11.999999999999975 11.999999999999975 11.99999999999998 11.999999999999984 11.999999999999979 11.99999999999997 11.99999999999997 11.99999999999997 11.999999999999977 11.999999999999986 11.999999999999988 11.99999999999998 11.999999999999968 11.99999999999997 11.999999999999964 11.999999999999966 11.99999999999997 11.99999999999998 11.999999999999975 11.999999999999968 11.999999999999966 11.999999999999975 11.999999999999975 11.99999999999997 11.99999999999997 11.999999999999966 11.99999999999996 11.999999999999948 11.999999999999956 
35.0 34.99999999999999 34.99999999999999 34.99999999999999 34.999999999999986 34.99999999999999 34.99999999999999 34.99999999999998 34.999999999999986 34.99999999999998 35.0 34.99999999999999 35.00000000000001 35.00000000000001 35.000000000000014 35.00000000000002 35.00000000000004 35.000000000000014 35.00000000000001 34.999999999999964 34.999999999999964 34.99999999999997 34.99999999999998 34.999999999999986 34.99999999999998 34.99999999999998 34.99999999999999 34.99999999999999 34.99999999999999 34.99999999999999 34.99999999999999 34.99999999999999 34.999999999999986 34.99999999999998 34.99999999999998 34.99999999999997 34.99999999999997 34.999999999999986 34.999999999999986 34.99999999999998 34.99999999999996 34.999999999999986 35.0 35.000000000000014 34.99999999999999 34.999999999999986 34.99999999999997 34.99999999999998 34.99999999999999 35.00000000000001 35.00000000000002 35.00000000000002 35.00000000000002 35.00000000000002 34.99999999999999 34.999999999999964 34.99999999999995 34.999999999999964 34.99999999999997 34.99999999999997 34.99999999999996 34.99999999999994 34.99999999999993 34.99999999999994 34.999999999999964 34.99999999999995 34.99999999999996 34.99999999999992 34.9999999999999 34.999999999999915 34.999999999999936 34.99999999999996 34.999999999999986 34.99999999999998 34.99999999999998 35.00000000000001 35.00000000000004 35.000000000000064 35.00000000000007 35.00000000000006 35.00000000000005 35.000000000000036 35.0 35.00000000000001 34.99999999999998 34.999999999999986 35.00000000000001 35.00000000000002 35.000000000000014 34.99999999999997 34.999999999999936 34.99999999999992 34.99999999999991 34.999999999999936 34.99999999999995 34.999999999999964 34.99999999999996 34.999999999999964 34.999999999999986 34.99999999999997 35.0 34.999999999999986 34.999999999999964 34.99999999999994 34.999999999999964 34.999999999999936 34.99999999999998 35.00000000000001 35.000000000000036 35.00000000000001 35.00000000000001 34.999999999999986 34.999999999999964 34.99999999999995 34.99999999999994 34.99999999999994 34.99999999999996 34.999999999999986 34.99999999999998 35.000000000000014 35.00000000000002 35.000000000000014 35.00000000000003 35.000000000000014 35.0 35.00000000000001 34.99999999999997 34.999999999999964 34.99999999999993 34.999999999999936 34.99999999999994 34.99999999999998 34.999999999999964 34.99999999999996 34.99999999999997 34.99999999999994 34.999999999999915 34.999999999999915 34.99999999999989 34.99999999999992 34.99999999999993 34.99999999999993 34.99999999999996 34.999999999999964 34.999999999999964 34.99999999999993 34.99999999999992 34.99999999999993 34.999999999999915 34.99999999999994 34.999999999999964 34.99999999999996 34.99999999999998 34.99999999999997 34.99999999999998 34.999999999999986 34.99999999999998 34.99999999999996 34.99999999999995 34.999999999999936 34.999999999999936 34.99999999999994 34.99999999999994 34.99999999999995 34.99999999999997 34.999999999999964 34.99999999999995 34.999999999999936 34.99999999999996 34.99999999999996 34.99999999999996 34.999999999999964 34.999999999999964 34.999999999999936 34.99999999999992 34.999999999999915 34.99999999999991 34.999999999999915 34.99999999999992 34.99999999999996 34.99999999999999 34.999999999999986 34.99999999999995 34.99999999999992 34.99999999999992 34.9999999999999 34.999999999999886 34.99999999999991 34.99999999999991 34.999999999999886 34.99999999999988 34.99999999999986 34.999999999999886 34.99999999999987 34.999999999999865 34.99999999999987 34.999999999999865 34.99999999999986 34.999999999999865 34.99999999999988 
1.0660198776350542 0.9087124988998532 0.8763381192633097 0.8467002329384227 0.8103081160591324 0.774009529051938 0.7295105542232716 0.6668373272569729 0.6090604242552242 0.5540798747230469 0.4956869833214239 0.43089579233189684 0.36639754871085295 0.2985366392099801 0.23682012872623548 0.18010701314896027 0.12482757858467824 0.07447856603120961 0.03987796863680132 0.019073070413708176 0.008503847976666116 0.0037840077067345565 0.0018366853308937356 0.0010139396262252673 0.0006189741600953402 0.0003948143271979836 0.00024968896984949436 0.0001502916742215395 8.436398422814475e-05 4.4366409319339106e-05 2.2162636756905015e-05 1.061774854071658e-05 4.884219819432479e-06 2.1419181393579896e-06 8.824479950881335e-07 3.3400077664859527e-07 1.1248500194622704e-07 3.2205117689049004e-08 7.353073479143748e-09 1.2375854131826672e-09 1.4585770971369626e-10 1.2860333809825326e-11 9.86553211660382e-13 7.238503760446169e-14 5.216915808707349e-15 3.712605349660785e-16 2.6084480193478957e-17 1.8089365182729155e-18 1.2384784349818754e-19 8.374341541225114e-21 5.595243141296721e-22 3.695844014543032e-23 2.4146549716195483e-24 1.5612012433761964e-25 9.99386968674408e-27 6.336950874833589e-28 3.9819145882088974e-29 2.4805876525928823e-30 1.5326734808931663e-31 9.396344830047568e-33 5.718414461636582e-34 3.456423890227595e-35 2.0764522628268575e-36 1.241219970894979e-37 7.397309762412911e-39 4.411986850334159e-40 2.6525780868415394e-41 1.6293219696904416e-42 1.0460768390036707e-43 7.250895307296298e-45 5.603838847806548e-46 4.891381279419278e-47 4.74255783327332e-48 4.9383723880650995e-49 5.348692708256816e-50 5.894727973035133e-51 6.526927307677109e-52 7.213715694188571e-53 7.909559908185776e-54 8.630193265686905e-55 9.340034397351267e-56 1.002679555952399e-56 1.06778545135181e-57 1.1280224334783936e-58 1.182143968198025e-59 1.2290331154844105e-60 1.267752247094974e-61 1.2975697078078285e-62 1.3179717807880558e-63 1.328666414424132e-64 1.3295818364289488e-65 1.3208605976432776e-66 1.3028484547546044e-67 1.2760775462391007e-68 1.241243945312074e-69 1.1991803901530364e-70 1.1508255243618027e-71 1.0971912490826249e-72 1.0393298197112245e-73 9.783021813711582e-75 9.151487963655787e-76 8.50863927584036e-77 7.863740421545206e-78 7.225207138117381e-79 6.600481451232814e-80 5.995952099360339e-81 5.416917359412046e-82 4.867586080735157e-83 4.351111746480226e-84 3.8696537744295027e-85 3.424460010556287e-86 3.015964416226099e-87 2.6438942553852346e-88 2.307381597743637e-89 2.0050746119459517e-90 1.735244873718099e-91 1.4958877061425793e-92 1.2848133567328234e-93 1.0997275609044318e-94 9.383007147834864e-96 7.982254622513391e-97 6.772629806445806e-98 5.732786232946513e-99 4.842678481871134e-100 4.08373538417205e-101 3.4389591315966075e-102 2.8929625086960116e-103 2.4319561345613062e-104 2.043696850646021e-105 1.7174073474951165e-106 1.4436759013747967e-107 1.2143437883513348e-108 1.022386636287414e-109 8.617947240767382e-111 7.274560846417824e-112 6.15045241009194e-113 5.209195175422298e-114 4.420241251763848e-115 3.7580661636796657e-116 3.201408328356759e-117 2.732601137526234e-118 2.3369927848017273e-119 2.002447301529137e-120 1.7189192864118968e-121 1.4780943885658962e-122 1.2730875972418215e-123 1.0981916885400286e-124 9.4866868261268e-126 8.205777946457064e-127 7.106340566824654e-128 6.160924975113768e-129 5.346534598701876e-130 4.643852845440644e-131 4.036611848580912e-132 3.5110766485555505e-133 3.0556229763737603e-134 2.6603907823159796e-135 2.316999018532364e-136 2.018309989840993e-137 1.758233896601206e-138 1.5315660727311947e-139 1.3338509350469143e-140 1.1612678672899492e-141 1.0105352178860322e-142 8.788293424516963e-144 7.637162113667747e-145 6.630935637927176e-146 5.751419506783915e-147 4.982832934390502e-148 4.311458102676576e-149 3.7253434258118563e-150 3.214052607480773e-151 2.7684524914292788e-152 2.380533717741633e-153 2.0432590564143954e-154 1.7504350278106711e-155 1.496603059222007e-156 1.27694698425828e-157 1.0872141788244232e-158 9.236480526826682e-160 7.829299857283451e-161 6.621291185959701e-162 5.586586828091726e-163 4.702377907302987e-164 3.9485780415257597e-165 3.3075256645101026e-166 2.7637192057098244e-167 2.3035804743528006e-168 1.9152425005393175e-169 1.588358809655354e-170 1.3139316760476302e-171 1.0841573447576888e-172 8.922865501379e-174 7.324989183222326e-175 5.997900347649474e-176 4.8987010357421995e-177 3.9907324278710805e-178 3.2427757913254065e-179 2.6296557716753127e-180 2.29616841822558e-181 
0.0 0.0 0.0 0.0 0.0 0.0 0.0 0.0 0.0 0.0 0.0 0.0 0.0 0.0 0.0 0.0 0.0 0.0 0.0 0.0 0.0 0.0 0.0 0.0 0.0 0.0 0.0 0.0 0.0 0.0 0.0 0.0 0.0 0.0 0.0 0.0 0.0 0.0 0.0 0.0 0.0 0.0 0.0 0.0 0.0 0.0 0.0 0.0 0.0 0.0 0.0 0.0 0.0 0.0 0.0 0.0 0.0 0.0 0.0 0.0 0.0 0.0 0.0 0.0 0.0 0.0 0.0 0.0 0.0 0.0 0.0 0.0 0.0 0.0 0.0 0.0 0.0 0.0 0.0 0.0 0.0 0.0 0.0 0.0 0.0 0.0 0.0 0.0 0.0 0.0 0.0 0.0 0.0 0.0 0.0 0.0 0.0 0.0 0.0 0.0 0.0 0.0 0.0 0.0 0.0 0.0 0.0 0.0 0.0 0.0 0.0 0.0 0.0 0.0 0.0 0.0 0.0 0.0 0.0 0.0 0.0 0.0 0.0 0.0 0.0 0.0 0.0 0.0 0.0 0.0 0.0 0.0 0.0 0.0 0.0 0.0 0.0 0.0 0.0 0.0 0.0 0.0 0.0 0.0 0.0 0.0 0.0 0.0 0.0 0.0 0.0 0.0 0.0 0.0 0.0 0.0 0.0 0.0 0.0 0.0 0.0 0.0 0.0 0.0 0.0 0.0 0.0 0.0 0.0 0.0 0.0 0.0 0.0 0.0 0.0 0.0 0.0 0.0 0.0 0.0 0.0 0.0 0.0 0.0 0.0 0.0 0.0 0.0 0.0 0.0 0.0 0.0 0.0 0.0 0.0 0.0 0.0 0.0 0.0 0.0 
1900 1 5 0 0 0
13.291961593120318 13.289509407024989 13.286532918028001 13.277560613868474 13.256583593955867 13.244796622453114 13.229616406700627 13.209815697872044 13.183801490598565 13.151134452614043 13.111317575016356 13.063694893798017 13.007468952043201 12.942018464902647 12.867066790805204 12.782868132757306 12.69022210578288 12.59071264971912 12.486298438438581 12.38103759161711 12.278958792086167 12.186148464882033 12.10870063220058 12.05244454076421 12.020077292154102 12.006410249134717 12.001971507878352 12.000671257207573 12.00026977538867 12.000127936832191 12.000069515944867 12.000041826810655 12.000027072307537 12.00001843240787 12.000012977262934 12.000009320076817 12.000006750452151 12.000004881190094 12.000003491095526 12.000002448805953 12.000001672261902 12.000001105237873 12.000000703894209 12.000000430517584 12.000000252051356 12.000000140668568 12.00000007439181 12.000000036956665 12.000000017033546 12.000000007157809 12.000000002677245 12.000000000863041 12.00000000023037 12.00000000004897 12.000000000008187 12.000000000001123 12.000000000000135 12.000000000000012 12.0 12.0 12.000000000000007 12.00000000000001 12.000000000000002 11.999999999999995 11.999999999999986 11.999999999999975 11.999999999999966 11.999999999999964 11.999999999999973 11.999999999999973 11.99999999999998 11.999999999999988 11.99999999999998 11.999999999999977 11.999999999999986 11.999999999999988 11.999999999999993 11.999999999999998 12.000000000000005 11.999999999999998 11.999999999999993 11.999999999999984 11.999999999999986 11.999999999999986 11.999999999999979 11.999999999999993 12.000000000000007 12.000000000000004 11.999999999999996 11.999999999999993 11.999999999999996 11.999999999999991 12.0 11.999999999999993 11.999999999999988 11.999999999999988 11.99999999999999 11.99999999999998 11.999999999999979 11.999999999999982 11.999999999999979 11.999999999999973 11.99999999999997 11.999999999999977 11.999999999999979 11.999999999999979 11.999999999999984 11.999999999999979 11.999999999999993 12.0 12.000000000000005 12.000000000000004 11.999999999999998 12.000000000000002 12.000000000000009 12.000000000000002 11.999999999999998 11.99999999999999 11.999999999999993 11.999999999999995 11.99999999999999 11.999999999999988 11.999999999999986 11.99999999999999 11.999999999999986 11.99999999999999 11.999999999999986 11.999999999999984 11.999999999999982 11.99999999999998 11.999999999999984 11.999999999999988 11.999999999999982 11.999999999999979 11.999999999999982 11.999999999999988 11.99999999999999 11.999999999999988 11.999999999999986 11.999999999999986 11.999999999999986 11.999999999999984 11.999999999999986 11.999999999999977 11.999999999999973 11.999999999999977 11.999999999999977 11.999999999999975 11.99999999999998 11.999999999999975 11.999999999999977 11.999999999999984 11.999999999999973 11.999999999999972 11.999999999999975 11.999999999999979 11.999999999999975 11.999999999999972 11.999999999999972 11.999999999999968 11.99999999999997 11.99999999999998 11.999999999999988 11.999999999999977 11.999999999999975 11.999999999999982 11.999999999999975 11.999999999999966 11.999999999999968 11.999999999999972 11.999999999999977 11.999999999999982 11.99999999999998 11.999999999999977 11.999999999999979 11.999999999999972 11.999999999999966 11.999999999999966 11.999999999999964 11.99999999999996 11.999999999999961 11.999999999999964 11.999999999999964 11.999999999999972 11.999999999999968 11.999999999999966 11.999999999999957 11.99999999999996 11.999999999999968 11.999999999999963 11.99999999999996 11.999999999999956 11.999999999999966 11.999999999999963 11.99999999999996 11.999999999999961 11.999999999999963 11.999999999999957 11.999999999999956 11.999999999999952 
35.00000000000001 35.00000000000001 35.000000000000014 35.000000000000014 35.00000000000001 35.00000000000001 35.0 34.99999999999999 34.99999999999999 34.99999999999999 34.99999999999999 35.0 35.0 35.00000000000001 35.00000000000001 35.0 35.00000000000001 35.00000000000001 35.00000000000001 35.000000000000014 35.00000000000001 34.99999999999999 34.999999999999986 34.99999999999999 35.000000000000014 34.99999999999999 34.99999999999998 34.999999999999986 34.99999999999998 34.99999999999998 34.999999999999986 35.0 35.0 35.0 34.99999999999999 34.999999999999986 34.99999999999999 34.99999999999999 34.99999999999998 34.99999999999998 34.99999999999998 34.99999999999998 34.999999999999986 34.99999999999998 34.99999999999999 35.0 35.000000000000014 35.00000000000001 35.0 34.999999999999986 35.0 35.0 35.00000000000001 35.00000000000001 35.0 34.999999999999986 34.99999999999997 34.99999999999998 34.99999999999997 34.99999999999996 34.999999999999986 35.0 35.0 34.99999999999998 34.99999999999997 34.99999999999993 34.9999999999999 34.99999999999991 34.99999999999994 34.99999999999995 34.99999999999995 34.999999999999986 34.99999999999998 34.999999999999964 34.99999999999997 35.0 35.000000000000064 35.000000000000085 35.000000000000085 35.000000000000064 35.00000000000005 35.00000000000003 35.00000000000002 35.0 35.00000000000001 35.00000000000001 35.000000000000014 35.000000000000014 35.0 35.0 35.0 34.99999999999995 34.99999999999997 34.99999999999999 34.99999999999997 34.999999999999986 34.99999999999998 34.99999999999997 34.99999999999997 34.99999999999998 34.999999999999986 34.99999999999997 34.99999999999997 34.99999999999998 34.999999999999964 34.99999999999993 34.999999999999936 34.99999999999995 34.99999999999997 35.0 35.000000000000014 34.99999999999998 34.99999999999997 34.999999999999964 34.99999999999997 34.99999999999997 34.99999999999992 34.99999999999993 34.99999999999995 34.99999999999997 35.00000000000001 35.00000000000001 35.0 35.00000000000001 35.00000000000001 35.00000000000001 34.999999999999986 34.999999999999986 34.99999999999997 34.999999999999964 34.99999999999996 34.99999999999995 34.99999999999995 34.99999999999994 34.99999999999995 34.99999999999997 34.99999999999998 34.99999999999995 34.99999999999996 34.999999999999964 34.99999999999996 34.999999999999986 34.99999999999997 34.99999999999994 34.99999999999991 34.999999999999936 34.99999999999993 34.99999999999992 34.99999999999996 34.99999999999996 34.99999999999997 34.999999999999986 34.99999999999997 34.99999999999998 34.99999999999998 34.99999999999998 34.99999999999998 34.99999999999997 34.99999999999997 34.999999999999936 34.999999999999936 34.99999999999996 34.999999999999964 34.99999999999992 34.99999999999992 34.99999999999994 34.99999999999994 34.999999999999936 34.99999999999996 34.999999999999964 34.99999999999997 34.999999999999986 34.99999999999998 34.99999999999994 34.99999999999994 34.999999999999936 34.99999999999989 34.99999999999989 34.9999999999999 34.99999999999989 34.99999999999991 34.99999999999991 34.999999999999936 34.99999999999994 34.99999999999993 34.999999999999915 34.999999999999886 34.999999999999886 34.99999999999988 34.99999999999987 34.99999999999986 34.99999999999985 34.999999999999844 34.99999999999983 34.99999999999983 34.99999999999982 34.99999999999984 34.99999999999985 34.99999999999985 34.99999999999986 
1.0816958548558766 0.9717062017624106 0.9474682726896424 0.9108367816394971 0.8461536401343009 0.8179681702878178 0.7897290965209699 0.7590514050806221 0.7261536965456574 0.690889869414393 0.6532594057888074 0.6131966623614475 0.5706939577323887 0.5257620691938797 0.47850533272041057 0.42921172592662193 0.3782621353265653 0.32615881703220795 0.27365388034720567 0.2215973349679641 0.1715952793150665 0.12496604175010259 0.08368925665000834 0.05016844787677102 0.026787930842293875 0.01340073104179953 0.006842031881709605 0.0037727538590032277 0.0022619535547456562 0.0014473066155953319 0.0009669620287188358 0.0006631469975835497 0.0004613318382569973 0.00032291709082373085 0.00022608416853038673 0.0001575607294967894 0.00010881317155989455 7.41368572989096e-05 4.960965115090387e-05 3.246713372850418e-05 2.0706405282465727e-05 1.2833783445040444e-05 7.714311968396585e-06 4.48827079742454e-06 2.5208604950340776e-06 1.361163961249444e-06 7.021287890564295e-07 3.42806106309276e-07 1.5636200205649388e-07 6.542909132028241e-08 2.4496669726268126e-08 7.932824445629897e-09 2.1278438347084294e-09 4.520211363607236e-10 7.455376533146414e-11 9.918500120694673e-12 1.1533038505092706e-12 1.2520403559213512e-13 1.3101558202116065e-14 1.3396066944960823e-15 1.344587335075297e-16 1.3257323146311292e-17 1.284772178699148e-18 1.2245679627175996e-19 1.1487649285973188e-20 1.061417984271793e-21 9.666432467935684e-23 8.683302007795387e-24 7.699303147280889e-25 6.743243018947167e-26 5.8376111838290306e-27 4.99856440036808e-28 4.236359684034263e-29 3.556087474376122e-30 2.9585703369997632e-31 2.4413194654149623e-32 1.9999907938496847e-33 1.6208929061806483e-34 1.3106269244901952e-35 1.0541506897317989e-36 8.440238272432321e-38 6.732247192836054e-39 5.353455771488696e-40 4.2469442501055197e-41 3.363276072356634e-42 2.6603311187613026e-43 2.1028127082830865e-44 1.661562357623388e-45 1.312786474960189e-46 1.0372708907320907e-47 8.196340378206308e-49 6.476490688564481e-50 5.116496699201876e-51 4.04023420887349e-52 3.187894600635227e-53 2.5125303124880922e-54 1.977274089958895e-55 1.5531305297144018e-56 1.2172413186303584e-57 9.515340834218841e-59 7.416761807154375e-60 5.7626715722631696e-61 4.462157032276348e-62 3.4425791752638804e-63 2.645831924901015e-64 2.0254188869556836e-65 1.5441526359224663e-66 1.1723301924881949e-67 8.862756155604602e-69 6.671684516317087e-70 5.000972500800333e-71 3.732922635936671e-72 2.775022666950541e-73 2.0548827715538753e-74 1.5161270857599572e-75 1.1150674164574417e-76 8.180192164917116e-78 5.99144812570891e-79 4.3872863044266445e-80 3.2180518729227786e-81 2.3707387202930645e-82 1.760456435914359e-83 1.323761705406308e-84 1.0134790513105331e-85 7.947034377465247e-87 6.417343694131469e-88 5.3573909621788334e-89 4.6298255441087675e-90 4.134947830899496e-91 3.800737081589766e-92 3.575432573482287e-93 3.4220455039411065e-94 3.314321051953167e-95 3.233782373016957e-96 3.1675764797186043e-97 3.106910584615731e-98 3.045920456560392e-99 2.9808529127047726e-100 2.909475400008825e-101 2.830648871331294e-102 2.744017562341427e-103 2.6497821981963262e-104 2.5485326798043433e-105 2.441123255774845e-106 2.3285782233438602e-107 2.2120198133924327e-108 2.0926124759986722e-109 1.9715195764391115e-110 1.8498697489281116e-111 1.7287309942913763e-112 1.609091164823214e-113 1.4918438404626677e-114 1.3777788276216112e-115 1.2675766506450152e-116 1.161806488197044e-117 1.0609270554705159e-118 9.652899635392285e-120 8.751451097167055e-121 7.906476739393845e-122 7.118663196902192e-123 6.387922256001702e-124 5.713486060445394e-125 5.0940041533800606e-126 4.527639695388291e-127 4.0121626113399963e-128 3.545037836420626e-129 3.123507241375896e-130 2.74466420711227e-131 2.4055201797072546e-132 2.103062861273455e-133 1.8343059749890093e-134 1.5963307812096432e-135 1.386319715213809e-136 1.2015826668621034e-137 1.0395765307693845e-138 8.979187260798194e-140 7.74395421947968e-141 6.669652131591517e-142 5.737589749413303e-143 4.9307659184395356e-144 4.233812072600254e-145 3.6329158203754436e-146 3.115730864792018e-147 2.6712778314406137e-148 2.289839909645197e-149 1.9628565644816307e-150 1.6828179679672208e-151 1.4431622381472195e-152 1.23817707247392e-153 1.0629069206807519e-154 9.130664631841342e-156 7.849608424182413e-157 6.754128331523612e-158 5.816969292222559e-159 5.014801628847785e-160 4.327693535258711e-161 3.7386441148227244e-162 3.233187484281291e-163 2.8007814615148607e-164 2.6359202321179654e-165 
0.0 0.0 0.0 0.0 0.0 0.0 0.0 0.0 0.0 0.0 0.0 0.0 0.0 0.0 0.0 0.0 0.0 0.0 0.0 0.0 0.0 0.0 0.0 0.0 0.0 0.0 0.0 0.0 0.0 0.0 0.0 0.0 0.0 0.0 0.0 0.0 0.0 0.0 0.0 0.0 0.0 0.0 0.0 0.0 0.0 0.0 0.0 0.0 0.0 0.0 0.0 0.0 0.0 0.0 0.0 0.0 0.0 0.0 0.0 0.0 0.0 0.0 0.0 0.0 0.0 0.0 0.0 0.0 0.0 0.0 0.0 0.0 0.0 0.0 0.0 0.0 0.0 0.0 0.0 0.0 0.0 0.0 0.0 0.0 0.0 0.0 0.0 0.0 0.0 0.0 0.0 0.0 0.0 0.0 0.0 0.0 0.0 0.0 0.0 0.0 0.0 0.0 0.0 0.0 0.0 0.0 0.0 0.0 0.0 0.0 0.0 0.0 0.0 0.0 0.0 0.0 0.0 0.0 0.0 0.0 0.0 0.0 0.0 0.0 0.0 0.0 0.0 0.0 0.0 0.0 0.0 0.0 0.0 0.0 0.0 0.0 0.0 0.0 0.0 0.0 0.0 0.0 0.0 0.0 0.0 0.0 0.0 0.0 0.0 0.0 0.0 0.0 0.0 0.0 0.0 0.0 0.0 0.0 0.0 0.0 0.0 0.0 0.0 0.0 0.0 0.0 0.0 0.0 0.0 0.0 0.0 0.0 0.0 0.0 0.0 0.0 0.0 0.0 0.0 0.0 0.0 0.0 0.0 0.0 0.0 0.0 0.0 0.0 0.0 0.0 0.0 0.0 0.0 0.0 0.0 0.0 0.0 0.0 0.0 0.0 
1900 1 6 0 0 0
13.039435124257011 13.036876469776388 13.034227916742886 13.02993694030365 13.023604847248716 13.017075953728307 13.008171034431273 12.99766387186734 12.986695538826904 12.972288764012573 12.955257969547304 12.935019440103853 12.911026125945025 12.882825759695601 12.850060258476264 12.812487986127087 12.769948199267185 12.72243359839709 12.670086100894641 12.613200086387216 12.552345871186635 12.488225830116093 12.4209003585517 12.353948504882833 12.28638972106237 12.223030232035379 12.163325882678054 12.110534419991994 12.067691858904546 12.036374904533188 12.01691088147755 12.006991658343178 12.002762462412823 12.001129826206418 12.000503503628137 12.000248198350134 12.000134214543177 12.000078292252125 12.00004844815145 12.000031367661196 12.000021024579704 12.000014471548717 12.00001016569931 12.00000725128807 12.000005230060419 12.000003799883446 12.000002771197982 12.000002021593755 12.000001470030432 12.000001061654599 12.000000758563075 12.000000534021158 12.000000368758528 12.000000248553693 12.00000016264771 12.000000102705359 12.000000062149624 12.000000035745856 12.000000019347656 12.000000009732062 12.00000000447609 12.00000000184237 12.000000000659472 12.000000000197813 12.000000000047644 12.000000000008933 12.000000000001307 12.000000000000137 11.999999999999986 11.999999999999975 11.999999999999973 11.999999999999975 11.999999999999984 11.999999999999991 11.999999999999998 11.999999999999996 11.999999999999998 11.999999999999996 11.999999999999996 12.0 12.00000000000001 12.0 11.999999999999998 12.000000000000004 12.000000000000005 12.000000000000007 12.00000000000001 12.000000000000012 12.0 12.000000000000002 12.000000000000005 12.000000000000004 12.0 11.999999999999988 11.999999999999979 11.99999999999997 11.999999999999979 11.999999999999984 11.99999999999998 11.999999999999977 11.999999999999977 11.999999999999973 11.999999999999963 11.999999999999961 11.999999999999966 11.999999999999973 11.999999999999977 11.999999999999979 11.99999999999999 12.0 11.999999999999998 11.999999999999991 11.99999999999999 11.999999999999993 11.999999999999996 12.000000000000004 12.0 11.99999999999999 11.999999999999975 11.99999999999997 11.999999999999979 11.99999999999998 11.999999999999979 11.999999999999979 11.999999999999984 11.99999999999999 11.999999999999988 11.99999999999999 11.99999999999999 11.999999999999991 11.999999999999995 11.999999999999986 11.999999999999984 11.999999999999984 11.999999999999984 11.999999999999996 12.000000000000004 12.000000000000004 11.999999999999995 11.999999999999988 11.999999999999986 11.99999999999998 11.999999999999975 11.99999999999998 11.99999999999998 11.999999999999975 11.999999999999977 11.999999999999973 11.999999999999972 11.99999999999997 11.999999999999975 11.999999999999977 11.999999999999975 11.99999999999998 11.999999999999977 11.999999999999972 11.999999999999972 11.999999999999964 11.999999999999966 11.999999999999972 11.99999999999997 11.999999999999968 11.999999999999979 11.99999999999998 11.99999999999998 11.99999999999998 11.999999999999977 11.999999999999966 11.999999999999964 11.999999999999968 11.999999999999975 11.999999999999975 11.999999999999977 11.999999999999975 11.999999999999966 11.999999999999964 11.999999999999964 11.999999999999961 11.999999999999963 11.999999999999957 11.999999999999956 11.999999999999956 11.999999999999964 11.99999999999997 11.999999999999968 11.999999999999964 11.99999999999997 11.999999999999972 11.99999999999997 11.999999999999963 11.999999999999966 11.999999999999961 11.999999999999956 11.999999999999957 11.99999999999996 11.999999999999952 11.999999999999943 11.999999999999943 11.999999999999947 11.999999999999943 
35.0000000000001 35.0000000000001 35.00000000000009 35.00000000000008 35.00000000000007 35.000000000000064 35.000000000000064 35.000000000000064 35.000000000000064 35.000000000000064 35.00000000000006 35.00000000000006 35.000000000000064 35.00000000000006 35.00000000000004 35.000000000000036 35.00000000000003 35.00000000000003 35.00000000000003 35.00000000000002 35.000000000000014 35.000000000000014 35.00000000000002 35.00000000000002 35.000000000000014 35.000000000000014 35.00000000000001 35.00000000000001 35.000000000000014 35.00000000000001 35.0 34.999999999999986 34.99999999999998 34.99999999999998 34.999999999999986 34.99999999999999 34.999999999999986 34.999999999999986 34.99999999999998 34.999999999999986 34.99999999999999 34.999999999999986 34.99999999999998 34.999999999999986 34.999999999999986 34.999999999999986 34.99999999999998 34.99999999999998 34.999999999999986 34.99999999999999 35.0 35.0 34.99999999999999 34.999999999999986 34.999999999999986 34.99999999999998 34.99999999999997 34.99999999999997 34.99999999999997 34.99999999999998 34.999999999999986 34.99999999999998 34.99999999999997 34.999999999999964 34.99999999999995 34.99999999999996 34.99999999999995 34.99999999999993 34.999999999999915 34.999999999999936 34.99999999999993 34.999999999999936 34.99999999999998 35.00000000000003 35.00000000000005 35.00000000000004 35.000000000000064 35.00000000000008 35.00000000000005 35.000000000000064 35.00000000000007 35.000000000000036 35.000000000000014 35.00000000000004 35.00000000000006 35.00000000000006 35.00000000000005 35.00000000000005 35.000000000000014 35.000000000000014 35.00000000000001 35.00000000000001 35.00000000000001 34.99999999999999 34.999999999999986 34.99999999999997 34.99999999999997 34.99999999999999 34.99999999999998 34.99999999999996 34.999999999999964 34.999999999999964 34.999999999999936 34.99999999999993 34.99999999999993 34.99999999999993 34.99999999999993 34.999999999999915 34.999999999999936 34.999999999999964 34.99999999999994 34.999999999999936 34.999999999999915 34.9999999999999 34.999999999999915 34.999999999999936 34.99999999999994 34.999999999999915 34.99999999999989 34.99999999999991 34.999999999999936 34.99999999999994 34.99999999999996 34.99999999999995 34.999999999999964 34.99999999999997 34.99999999999995 34.999999999999964 34.99999999999998 34.99999999999998 34.99999999999998 34.99999999999994 34.99999999999993 34.99999999999994 34.999999999999936 34.99999999999995 34.99999999999997 34.99999999999998 34.99999999999996 34.99999999999997 34.99999999999996 34.999999999999936 34.99999999999994 34.99999999999998 34.99999999999995 34.99999999999995 34.99999999999995 34.99999999999993 34.999999999999936 34.999999999999936 34.99999999999996 34.99999999999996 34.99999999999996 34.999999999999986 34.99999999999997 34.999999999999964 34.99999999999996 34.99999999999992 34.99999999999992 34.99999999999992 34.99999999999992 34.99999999999992 34.99999999999995 34.99999999999997 34.999999999999964 34.99999999999995 34.99999999999998 34.999999999999936 34.99999999999994 34.99999999999994 34.99999999999995 34.99999999999995 34.99999999999996 34.99999999999996 34.99999999999995 34.99999999999992 34.99999999999993 34.999999999999915 34.99999999999992 34.999999999999915 34.99999999999992 34.99999999999992 34.99999999999995 34.99999999999996 34.99999999999996 34.99999999999996 34.99999999999993 34.99999999999992 34.999999999999915 34.999999999999886 34.999999999999886 34.99999999999987 34.99999999999983 34.99999999999982 34.99999999999983 34.999999999999815 34.999999999999794 34.999999999999794 34.99999999999978 34.99999999999977 
1.038099542608177 0.9947733958457847 0.9681978489205347 0.9323174446953877 0.8946680224490915 0.8670757594044064 0.8374351487073391 0.8091892156483614 0.7885432176940566 0.7625770774618578 0.7358014573090476 0.7076940224210518 0.6779229038354836 0.6463822249594949 0.6130582977079972 0.5780132570384089 0.5413283710986554 0.5031296257601195 0.4635752216147806 0.4228553471546373 0.3811583743111586 0.33849797900690054 0.29759421566003613 0.2545435026697466 0.21487548754439764 0.17371355293726076 0.13733727221013087 0.10158977972789247 0.07144563409032412 0.04664766432101508 0.02847416227814773 0.016708984587646514 0.009846218594379914 0.006036577572012858 0.003904166073186139 0.0026547028355379454 0.0018780030446255824 0.0013671442235887001 0.0010149892609722518 0.0007632516756486393 0.000578363781051328 0.00043988896487127157 0.0003347448576974635 0.0002541838969662885 0.00019213547324860173 0.00014425174798530027 0.00010733423166955733 7.89758585744698e-05 5.7329837057044514e-05 4.095609911828289e-05 2.8716736332197215e-05 1.9703288218949637e-05 1.3185385900362836e-05 8.573960232991713e-06 5.394645923061861e-06 3.268128543886713e-06 1.8951776281991421e-06 1.0445058128591498e-06 5.422196041671326e-07 2.620475191775409e-07 1.1608538806848892e-07 4.615406317155607e-08 1.5999908585150644e-08 4.65177163193178e-09 1.0818074819223571e-09 1.9347328286189392e-10 2.686518690197147e-11 3.1222031153633365e-12 3.3460087821205007e-13 3.493575909947475e-14 3.645013226014388e-15 3.8390516425052637e-16 4.0979414118150645e-17 4.439308985646055e-18 4.884353018001886e-19 5.459178468077487e-20 6.1881132192598605e-21 7.091766863382668e-22 8.25515416308225e-23 9.69912510760355e-24 1.1443608469275341e-24 1.358753265039062e-25 1.6174794742406106e-26 1.9255876720409773e-27 2.2881433798776305e-28 2.709800552896124e-29 3.194428440820314e-30 3.7447659121797037e-31 4.3621011516433973e-32 5.045983790306023e-33 5.793982722543175e-34 6.601506304094971e-35 7.4617019863518e-36 8.365450100003585e-37 9.301462006253323e-38 1.0256486712395367e-38 1.121562289722767e-39 1.2162725852600603e-40 1.3080891947836499e-41 1.395299762269173e-42 1.4762266152289583e-43 1.5492833750338767e-44 1.6130286951882606e-45 1.666214540745955e-46 1.7078267880947882e-47 1.737116399386298e-48 1.7536199729054395e-49 1.7571690548738653e-50 1.7478881867448025e-51 1.726182223681802e-52 1.6927139651522517e-53 1.648373561076596e-54 1.5942414755153538e-55 1.531546990306517e-56 1.4616243077968284e-57 1.3858682683104132e-58 1.3056915462258472e-59 1.2224849474207474e-60 1.1375821241244757e-61 1.0522296769545997e-62 9.675632540616673e-64 8.84589907626081e-65 8.041766483925743e-66 7.270448646255833e-67 6.5377005270762765e-68 5.847861473067505e-69 5.203936396710469e-70 4.6077062935733345e-71 4.059859608306836e-72 3.5601364321736396e-73 3.1074782941509383e-74 2.7001772998358455e-75 2.336019485209554e-76 2.012418403909646e-77 1.7265360888650012e-78 1.4753895691146184e-79 1.2559420429991653e-80 1.0651785868851813e-81 9.001669042100281e-83 7.581040936270026e-84 6.363507463335375e-85 5.3245388607220875e-86 4.441603592144851e-87 3.694222868672368e-88 3.063961262860143e-89 2.5343677414570537e-90 2.0908799658281304e-91 1.7207030511463578e-92 1.4126722561536888e-93 1.1571073886244228e-94 9.456651260994926e-96 7.711940129796123e-97 6.275956304560675e-98 5.096943562093294e-99 4.131172354604547e-100 3.3418476420870234e-101 2.6981282386806265e-102 2.1742558514275769e-103 1.7487889750197484e-104 1.403934786788796e-105 1.1249709694240441e-106 8.997487993903047e-108 7.182687228513879e-109 5.723198671628078e-110 4.55175396560529e-111 3.613362288442425e-112 2.863163182217298e-113 2.2646342738794838e-114 1.7881002280023903e-115 1.4094960593534647e-116 1.1093442415768407e-117 8.719107878782466e-119 6.845106133841657e-120 5.36937016950295e-121 4.209940678415997e-122 3.3011409084741676e-123 2.5904536164086343e-124 2.035976056718376e-125 1.6043499166097343e-126 1.2690807547656352e-127 1.0091762861367573e-128 8.08045198471778e-130 6.526084624256161e-131 5.3258363148760796e-132 4.399097013655628e-133 3.682859505329313e-134 3.128030175375496e-135 2.6964845755432796e-136 2.358723041341925e-137 2.0920086221527405e-138 1.878891753590218e-139 1.7060442723965853e-140 1.5633402400803867e-141 1.4431331791698375e-142 1.3396892142213086e-143 1.2487436468517696e-144 1.1671550774621117e-145 1.0926437538442978e-146 1.0243837257380146e-147 1.0484455884600778e-148 
0.0 0.0 0.0 0.0 0.0 0.0 0.0 0.0 0.0 0.0 0.0 0.0 0.0 0.0 0.0 0.0 0.0 0.0 0.0 0.0 0.0 0.0 0.0 0.0 0.0 0.0 0.0 0.0 0.0 0.0 0.0 0.0 0.0 0.0 0.0 0.0 0.0 0.0 0.0 0.0 0.0 0.0 0.0 0.0 0.0 0.0 0.0 0.0 0.0 0.0 0.0 0.0 0.0 0.0 0.0 0.0 0.0 0.0 0.0 0.0 0.0 0.0 0.0 0.0 0.0 0.0 0.0 0.0 0.0 0.0 0.0 0.0 0.0 0.0 0.0 0.0 0.0 0.0 0.0 0.0 0.0 0.0 0.0 0.0 0.0 0.0 0.0 0.0 0.0 0.0 0.0 0.0 0.0 0.0 0.0 0.0 0.0 0.0 0.0 0.0 0.0 0.0 0.0 0.0 0.0 0.0 0.0 0.0 0.0 0.0 0.0 0.0 0.0 0.0 0.0 0.0 0.0 0.0 0.0 0.0 0.0 0.0 0.0 0.0 0.0 0.0 0.0 0.0 0.0 0.0 0.0 0.0 0.0 0.0 0.0 0.0 0.0 0.0 0.0 0.0 0.0 0.0 0.0 0.0 0.0 0.0 0.0 0.0 0.0 0.0 0.0 0.0 0.0 0.0 0.0 0.0 0.0 0.0 0.0 0.0 0.0 0.0 0.0 0.0 0.0 0.0 0.0 0.0 0.0 0.0 0.0 0.0 0.0 0.0 0.0 0.0 0.0 0.0 0.0 0.0 0.0 0.0 0.0 0.0 0.0 0.0 0.0 0.0 0.0 0.0 0.0 0.0 0.0 0.0 0.0 0.0 0.0 0.0 0.0 0.0 
1900 1 7 0 0 0
12.860586371403295 12.859026820240391 12.857290220423142 12.855146515076745 12.8523744800336 12.848844133523748 12.84495149532058 12.841001951670952 12.835613185475902 12.828216257068158 12.819446199857001 12.80904346273627 12.79680369915135 12.78258231281872 12.766235056505352 12.74758315883759 12.726463457821128 12.702738759760333 12.676303843991377 12.647092893616195 12.615089978640057 12.580343974536014 12.542989036927002 12.503220930333422 12.461550133694296 12.419007894957351 12.376409261283408 12.331734886160564 12.286314111009494 12.24189435477735 12.197200268364442 12.156994628036554 12.117985757760183 12.085240313826121 12.056626710379541 12.034040446592897 12.018532150477508 12.009169796392138 12.004264480773397 12.00195782435793 12.00092882816194 12.000468641296372 12.000254002116732 12.000147434153835 12.000090802647911 12.000058705232227 12.000039449184602 12.000027326125966 12.000019381486224 12.000014000435252 12.000010256006977 12.000007592482659 12.00000566376257 12.000004246984695 12.000003194393031 12.000002405488042 12.000001810360118 12.000001359413341 12.000001016846802 12.000000756422036 12.000000558649434 12.000000408883915 12.000000296005485 12.000000211498355 12.00000014879171 12.00000010278531 12.000000069502393 12.000000045834605 12.00000002935149 12.000000018157202 12.000000010781934 12.00000000609759 12.000000003251861 12.00000000161474 12.000000000734317 12.000000000299268 12.000000000106247 12.00000000003172 12.000000000007681 12.000000000001492 12.000000000000247 12.000000000000044 12.000000000000018 12.000000000000018 12.000000000000007 12.0 11.999999999999998 12.00000000000001 12.000000000000004 11.999999999999984 11.999999999999988 11.999999999999988 11.999999999999991 11.999999999999995 11.999999999999998 11.99999999999999 11.999999999999979 11.999999999999984 11.999999999999984 11.999999999999986 11.99999999999999 11.999999999999982 11.999999999999977 11.999999999999975 11.999999999999972 11.999999999999972 11.999999999999972 11.999999999999975 11.99999999999998 11.999999999999986 11.999999999999986 11.999999999999993 12.000000000000002 11.999999999999996 11.999999999999998 11.999999999999995 11.99999999999999 11.999999999999991 11.99999999999999 11.999999999999991 11.999999999999982 11.999999999999977 11.999999999999979 11.999999999999982 11.99999999999999 12.0 12.000000000000007 12.000000000000002 11.999999999999991 11.999999999999993 11.999999999999988 11.999999999999979 11.999999999999977 11.999999999999975 11.99999999999998 11.99999999999999 11.99999999999999 11.99999999999998 11.999999999999977 11.99999999999998 11.999999999999979 11.999999999999979 11.999999999999977 11.999999999999973 11.99999999999997 11.999999999999968 11.99999999999997 11.99999999999997 11.999999999999973 11.999999999999977 11.99999999999997 11.999999999999972 11.999999999999972 11.999999999999966 11.999999999999966 11.999999999999968 11.999999999999968 11.999999999999966 11.999999999999966 11.99999999999997 11.999999999999975 11.999999999999977 11.999999999999979 11.999999999999984 11.999999999999982 11.999999999999977 11.999999999999975 11.999999999999972 11.999999999999977 11.999999999999984 11.99999999999997 11.999999999999968 11.99999999999997 11.999999999999966 11.999999999999964 11.999999999999964 11.999999999999966 11.999999999999963 11.999999999999963 11.99999999999997 11.999999999999963 11.999999999999961 11.999999999999956 11.999999999999957 11.999999999999956 11.999999999999956 11.999999999999963 11.999999999999964 11.999999999999966 11.99999999999997 11.999999999999968 11.999999999999961 11.999999999999954 11.999999999999954 11.99999999999995 11.999999999999954 11.99999999999995 11.999999999999956 11.999999999999947 11.999999999999941 
35.000000000000036 35.00000000000003 35.00000000000003 35.00000000000003 35.000000000000036 35.00000000000003 35.00000000000002 35.000000000000014 35.00000000000001 35.000000000000014 35.00000000000002 35.00000000000002 35.00000000000002 35.000000000000014 35.000000000000014 35.000000000000014 35.000000000000014 35.000000000000014 35.000000000000014 35.000000000000014 35.000000000000014 35.00000000000002 35.00000000000002 35.00000000000003 35.000000000000036 35.000000000000036 35.00000000000002 35.000000000000014 35.00000000000001 35.00000000000001 35.000000000000014 35.0 35.0 35.0 34.99999999999999 34.99999999999999 34.999999999999986 34.99999999999997 34.99999999999995 34.99999999999995 34.99999999999996 34.999999999999964 34.99999999999997 34.99999999999996 34.99999999999996 34.99999999999996 34.999999999999964 34.999999999999964 34.99999999999997 34.99999999999997 34.999999999999964 34.999999999999964 34.999999999999964 34.99999999999996 34.99999999999996 34.99999999999997 34.99999999999997 34.999999999999964 34.99999999999996 34.999999999999964 34.99999999999996 34.999999999999964 34.999999999999964 34.999999999999964 34.99999999999996 34.99999999999994 34.999999999999936 34.99999999999994 34.99999999999995 34.99999999999995 34.99999999999995 34.99999999999996 34.99999999999998 34.99999999999999 35.0 35.0 35.0 35.00000000000003 35.00000000000005 35.00000000000009 35.00000000000009 35.00000000000007 35.000000000000085 35.000000000000064 35.00000000000005 35.000000000000014 35.00000000000001 35.00000000000003 35.00000000000001 34.99999999999998 34.99999999999998 34.999999999999986 35.00000000000001 35.00000000000002 35.00000000000003 34.99999999999999 34.99999999999996 34.99999999999997 34.99999999999998 34.99999999999997 34.999999999999986 34.999999999999964 34.99999999999995 34.99999999999994 34.999999999999936 34.999999999999915 34.9999999999999 34.9999999999999 34.999999999999915 34.999999999999915 34.99999999999991 34.99999999999991 34.999999999999936 34.99999999999993 34.99999999999992 34.99999999999994 34.99999999999996 34.99999999999995 34.999999999999936 34.99999999999994 34.999999999999964 34.99999999999995 34.999999999999936 34.99999999999995 34.99999999999995 34.99999999999997 34.999999999999986 34.999999999999986 34.99999999999998 34.99999999999998 34.999999999999964 34.999999999999936 34.9999999999999 34.9999999999999 34.9999999999999 34.99999999999992 34.999999999999915 34.9999999999999 34.99999999999992 34.99999999999993 34.999999999999915 34.999999999999936 34.999999999999936 34.99999999999993 34.99999999999991 34.9999999999999 34.99999999999993 34.99999999999994 34.99999999999994 34.99999999999996 34.99999999999995 34.99999999999996 34.999999999999964 34.99999999999994 34.99999999999993 34.99999999999994 34.99999999999994 34.99999999999993 34.99999999999993 34.99999999999996 34.999999999999964 34.99999999999998 34.999999999999986 34.999999999999986 34.99999999999998 34.999999999999936 34.999999999999936 34.999999999999936 34.99999999999994 34.99999999999994 34.99999999999993 34.99999999999992 34.999999999999936 34.99999999999995 34.99999999999996 34.99999999999997 34.99999999999994 34.99999999999995 34.99999999999995 34.99999999999995 34.99999999999995 34.99999999999997 34.99999999999997 34.999999999999964 34.999999999999936 34.99999999999991 34.99999999999991 34.999999999999886 34.99999999999991 34.99999999999991 34.99999999999988 34.99999999999986 34.99999999999984 34.99999999999984 34.99999999999982 34.999999999999815 34.99999999999981 34.9999999999998 34.99999999999979 34.99999999999977 
1.0068752967732335 0.9725767413178948 0.9497427815788769 0.9289472222159308 0.9069636576487815 0.8837193727231365 0.8651139669163569 0.8515137324450881 0.8348740146080151 0.8127900546035763 0.7907952144622383 0.7681288199974703 0.744518253227913 0.7199547414743572 0.6944490784767641 0.6679204167585806 0.6403258135956287 0.6116475978146455 0.581888190519682 0.5510706327282137 0.5192380961357311 0.48645032361388085 0.4527695756039732 0.4181967250245913 0.38269931836801946 0.34584250732194394 0.322946410925886 0.2860464701847301 0.24997602314930337 0.214177516580486 0.18686619985584313 0.1530710036811293 0.1256195174863241 0.09586940010177866 0.07240064572585457 0.05052878545708555 0.03402282743771807 0.02207971097986391 0.014164234713002478 0.009212234973128059 0.006179337341145903 0.004300727756626293 0.003099386710339275 0.002299666981253988 0.0017456656757763845 0.001348128911582239 0.001054383104427699 0.0008321356440166486 0.000660796643977181 0.0005267449481568321 0.00042066617497991005 0.0003360021458703233 0.0002680145234534388 0.0002132001213182449 0.000168914660706936 0.00013312424055320516 0.00010423741230802069 8.098964073099679e-05 6.2362250057809e-05 4.752486505477833e-05 3.5793846056018045e-05 2.6602035349893372e-05 1.947618603241912e-05 1.4020251938000292e-05 9.902506918804987e-06 6.845640044260112e-06 4.6188789891993355e-06 3.0315979460807035e-06 1.927976600316073e-06 1.1823436177706255e-06 6.950775844278465e-07 3.888201287513069e-07 2.0500906491917607e-07 1.0063299426921518e-07 4.523923696521927e-08 1.821890106491041e-08 6.380025287883499e-09 1.868472957429825e-09 4.381013651515741e-10 7.986078213618452e-11 1.1547724722044252e-11 1.4362665414108477e-12 1.6584737773993427e-13 1.8615751605615417e-14 2.0705855941667854e-15 2.297763871308168e-16 2.5489396990115054e-17 2.826038525512841e-18 3.1300882393102287e-19 3.461673126702454e-20 3.82090546764334e-21 4.2074258999640353e-22 4.620437822514244e-23 5.058771951892742e-24 5.520975535319905e-25 6.00542111888355e-26 6.510430822921803e-27 7.034413674325269e-28 7.576015623137678e-29 8.134284170677033e-30 8.708851730200078e-31 9.300143681552745e-32 9.909618468526337e-33 1.054004804877185e-33 1.1195847627585328e-34 1.1883463963020395e-35 1.2611831632995812e-36 1.3392906435962477e-37 1.4242284410562117e-38 1.517991361005643e-39 1.6230903537208686e-40 1.742643382965657e-41 1.880475922060936e-42 2.041230188684677e-43 2.230481502369145e-44 2.454859294562726e-45 2.7221693407142858e-46 3.041512749950948e-47 3.423396185893226e-48 3.879826759362739e-49 4.424384098275151e-50 5.0722613383409544e-51 5.840266271759114e-52 6.746773721833036e-53 7.811620456433178e-54 9.05593467859285e-55 1.0501893387037218e-55 1.2172402708327872e-56 1.409069866165443e-57 1.6279868689773193e-58 1.8762297601819634e-59 2.1559045215963208e-60 2.4689166818154377e-61 2.8168991394142592e-62 3.201137625012562e-63 3.6224959905169496e-64 4.081343780757155e-65 4.57748873013164e-66 5.110116917647287e-67 5.677743294511234e-68 6.278175160689641e-69 6.90849090777234e-70 7.565035968505477e-71 8.243437428333738e-72 8.938638177295011e-73 9.644950833294767e-74 1.0356130976428726e-74 1.1065468528211642e-75 1.176589542067914e-76 1.2450107059837453e-77 1.311069452571365e-78 1.374028399393242e-79 1.4331679533229478e-80 1.4878005245618092e-81 1.5372842680305446e-82 1.5810359570941346e-83 1.6185426213129622e-84 1.6493716203186238e-85 1.673178878155238e-86 1.6897150641609865e-87 1.698829574963624e-88 1.700472244467821e-89 1.694692781782748e-90 1.681638007910205e-91 1.661547027937473e-92 1.6347445340443675e-93 1.6016324838682624e-94 1.5626804372102086e-95 1.518414860794277e-96 1.4694077254527607e-97 1.4162647228812459e-98 1.3596134206601391e-99 1.3000916556674644e-100 1.23833643874649e-101 1.1749736092232275e-102 1.1106084384251546e-103 1.0458173386195135e-104 9.811407896175102e-106 9.170775514152051e-107 8.540801892182167e-108 7.925518983507943e-109 7.328445819420295e-110 6.752581046936468e-111 6.200406219628301e-112 5.673898650662528e-113 5.174552511056551e-114 4.703406784913956e-115 4.2610786727904433e-116 3.847801058768059e-117 3.463462719723611e-118 3.107650049534181e-119 2.7796891892363184e-120 2.4786875892462206e-121 2.2035741750794576e-122 1.953137444862319e-123 1.7260610812834958e-124 1.5209545266169832e-125 1.3363828860781007e-126 1.1716369695004766e-127 1.1120872053283446e-128 
0.0 0.0 0.0 0.0 0.0 0.0 0.0 0.0 0.0 0.0 0.0 0.0 0.0 0.0 0.0 0.0 0.0 0.0 0.0 0.0 0.0 0.0 0.0 0.0 0.0 0.0 0.0 0.0 0.0 0.0 0.0 0.0 0.0 0.0 0.0 0.0 0.0 0.0 0.0 0.0 0.0 0.0 0.0 0.0 0.0 0.0 0.0 0.0 0.0 0.0 0.0 0.0 0.0 0.0 0.0 0.0 0.0 0.0 0.0 0.0 0.0 0.0 0.0 0.0 0.0 0.0 0.0 0.0 0.0 0.0 0.0 0.0 0.0 0.0 0.0 0.0 0.0 0.0 0.0 0.0 0.0 0.0 0.0 0.0 0.0 0.0 0.0 0.0 0.0 0.0 0.0 0.0 0.0 0.0 0.0 0.0 0.0 0.0 0.0 0.0 0.0 0.0 0.0 0.0 0.0 0.0 0.0 0.0 0.0 0.0 0.0 0.0 0.0 0.0 0.0 0.0 0.0 0.0 0.0 0.0 0.0 0.0 0.0 0.0 0.0 0.0 0.0 0.0 0.0 0.0 0.0 0.0 0.0 0.0 0.0 0.0 0.0 0.0 0.0 0.0 0.0 0.0 0.0 0.0 0.0 0.0 0.0 0.0 0.0 0.0 0.0 0.0 0.0 0.0 0.0 0.0 0.0 0.0 0.0 0.0 0.0 0.0 0.0 0.0 0.0 0.0 0.0 0.0 0.0 0.0 0.0 0.0 0.0 0.0 0.0 0.0 0.0 0.0 0.0 0.0 0.0 0.0 0.0 0.0 0.0 0.0 0.0 0.0 0.0 0.0 0.0 0.0 0.0 0.0 0.0 0.0 0.0 0.0 0.0 0.0 
1900 1 8 0 0 0
12.733491293617044 12.732262069629712 12.729843732472338 12.727013520625919 12.724667049803067 12.723262915029196 12.721306987353412 12.718800662692617 12.715317589124265 12.711261917081044 12.706471305781596 12.700821217963208 12.694195775035404 12.68648671868547 12.677592599825012 12.667418373328031 12.65587611732306 12.642881143711692 12.628356502171657 12.612239968137485 12.594481836141483 12.57505352533144 12.553974857866603 12.53129193137197 12.507176039849224 12.481987204565252 12.461181574045126 12.433072006826361 12.403413105216131 12.37311836777587 12.345244703585438 12.313057890438085 12.279986115199058 12.247467724738927 12.216435121604988 12.184566034558726 12.153411778390677 12.124745177421614 12.09809177842051 12.074689785843509 12.05311611614484 12.035753569847452 12.022027515315472 12.012544719844795 12.006738464524817 12.00350244724822 12.001821543358346 12.000975017933948 12.000546103251848 12.000321779622732 12.000199067824324 12.000128587589538 12.000086159948443 12.000059510525052 12.00004213869461 12.000030448969165 12.00002236811994 12.000016653706144 12.000012534710217 12.000009517498112 12.000007277153276 12.000005594525865 12.000004318580567 12.00000334323328 12.000002592710228 12.000002012079413 12.000001560988034 12.000001209441136 12.000000934905346 12.000000720290123 12.000000552520602 12.000000421514766 12.000000319442346 12.000000240182699 12.000000178923186 12.000000131860624 12.000000095975807 12.000000068864118 12.00000004860522 12.000000033664568 12.000000022815497 12.00000001508014 12.000000009682132 12.000000006009651 12.000000003584933 12.00000000204031 12.0000000010977 12.000000000551724 12.000000000255099 12.000000000106333 12.000000000038924 12.000000000012097 12.000000000003086 12.000000000000629 12.0000000000001 12.000000000000016 12.0 11.999999999999993 11.999999999999988 11.999999999999977 11.999999999999975 11.999999999999972 11.999999999999966 11.99999999999997 11.999999999999977 11.999999999999979 11.999999999999979 11.99999999999998 11.999999999999982 11.999999999999988 11.999999999999984 11.999999999999979 11.999999999999973 11.999999999999977 11.99999999999998 11.999999999999982 11.999999999999984 11.99999999999998 11.999999999999982 11.999999999999979 11.999999999999975 11.999999999999972 11.999999999999979 11.999999999999982 11.999999999999986 11.999999999999982 11.999999999999986 11.999999999999995 12.0 11.999999999999995 11.999999999999991 11.999999999999991 11.999999999999982 11.999999999999975 11.999999999999973 11.999999999999975 11.999999999999982 11.999999999999984 11.99999999999998 11.99999999999998 11.999999999999982 11.999999999999975 11.99999999999997 11.999999999999973 11.999999999999973 11.999999999999975 11.999999999999979 11.999999999999968 11.999999999999964 11.999999999999964 11.999999999999966 11.999999999999957 11.999999999999963 11.999999999999968 11.999999999999966 11.999999999999973 11.999999999999982 11.999999999999979 11.999999999999975 11.999999999999975 11.99999999999998 11.999999999999984 11.999999999999986 11.99999999999998 11.999999999999986 11.999999999999979 11.999999999999973 11.999999999999972 11.999999999999973 11.99999999999998 11.999999999999982 11.99999999999998 11.999999999999977 11.999999999999973 11.999999999999973 11.999999999999964 11.999999999999973 11.999999999999972 11.999999999999964 11.999999999999964 11.999999999999964 11.99999999999996 11.99999999999995 11.999999999999957 11.999999999999956 11.999999999999945 11.999999999999947 11.999999999999952 11.99999999999995 11.99999999999995 11.99999999999995 11.999999999999948 11.99999999999995 11.999999999999956 11.999999999999964 11.999999999999964 11.999999999999968 11.999999999999968 11.999999999999968 11.999999999999964 
35.000000000000036 35.00000000000003 35.00000000000002 35.000000000000014 35.000000000000014 35.000000000000014 35.000000000000014 35.00000000000001 35.000000000000014 35.00000000000002 35.00000000000003 35.00000000000004 35.00000000000004 35.000000000000036 35.00000000000004 35.00000000000005 35.00000000000004 35.000000000000036 35.00000000000003 35.00000000000002 35.00000000000002 35.00000000000002 35.00000000000002 35.00000000000002 35.000000000000014 35.00000000000002 35.00000000000003 35.000000000000014 35.00000000000001 35.00000000000001 35.000000000000014 35.000000000000014 35.00000000000001 35.0 34.99999999999999 34.999999999999986 34.999999999999986 34.99999999999998 34.99999999999997 34.99999999999996 34.99999999999994 34.99999999999992 34.999999999999915 34.999999999999915 34.99999999999992 34.99999999999992 34.999999999999936 34.99999999999994 34.99999999999995 34.99999999999995 34.99999999999995 34.99999999999995 34.99999999999996 34.99999999999995 34.99999999999995 34.99999999999995 34.999999999999964 34.99999999999995 34.99999999999994 34.99999999999994 34.99999999999994 34.99999999999995 34.99999999999995 34.99999999999996 34.99999999999996 34.999999999999964 34.99999999999997 34.99999999999998 34.99999999999997 34.99999999999997 34.99999999999998 34.99999999999999 34.99999999999999 35.0 35.00000000000001 35.000000000000014 35.000000000000014 35.00000000000003 35.00000000000003 35.00000000000004 35.00000000000005 35.00000000000004 35.00000000000004 35.00000000000005 35.00000000000005 35.000000000000036 35.000000000000036 35.000000000000036 35.00000000000003 35.00000000000002 35.000000000000036 35.00000000000003 35.00000000000002 35.0 34.999999999999986 34.999999999999986 35.0 34.999999999999986 34.99999999999996 34.99999999999995 34.999999999999936 34.99999999999993 34.99999999999993 34.99999999999995 34.99999999999995 34.99999999999993 34.99999999999992 34.99999999999993 34.999999999999915 34.999999999999915 34.99999999999988 34.99999999999985 34.99999999999985 34.999999999999865 34.99999999999987 34.99999999999989 34.999999999999915 34.99999999999989 34.999999999999886 34.999999999999886 34.99999999999988 34.9999999999999 34.999999999999915 34.99999999999994 34.999999999999986 34.999999999999964 34.99999999999996 34.999999999999964 34.99999999999998 34.99999999999994 34.99999999999995 34.99999999999996 34.99999999999994 34.9999999999999 34.9999999999999 34.99999999999988 34.99999999999992 34.999999999999936 34.99999999999993 34.999999999999936 34.99999999999995 34.999999999999936 34.99999999999994 34.99999999999994 34.99999999999993 34.999999999999915 34.99999999999992 34.99999999999993 34.99999999999993 34.999999999999936 34.99999999999993 34.999999999999915 34.99999999999991 34.99999999999994 34.999999999999936 34.999999999999964 34.99999999999997 34.99999999999997 34.999999999999964 34.99999999999996 34.99999999999997 35.0 35.0 35.0 35.00000000000001 34.999999999999964 34.99999999999996 34.99999999999995 34.99999999999997 34.99999999999997 34.99999999999997 34.99999999999997 34.99999999999999 34.999999999999986 34.99999999999995 34.99999999999994 34.99999999999995 34.999999999999964 34.99999999999996 34.99999999999995 34.99999999999995 34.99999999999995 34.99999999999993 34.99999999999993 34.99999999999991 34.99999999999988 34.99999999999988 34.99999999999986 34.99999999999984 34.99999999999985 34.999999999999865 34.99999999999986 34.99999999999986 34.99999999999986 34.99999999999986 34.99999999999986 34.99999999999987 34.99999999999988 34.99999999999988 34.99999999999988 
1.074688595184854 0.9613689835476616 0.9312632337538971 0.9044691694207282 0.8872325315730603 0.8803279981048828 0.8713238199933294 0.8609195693075903 0.8459410230468388 0.8306356934835877 0.8145994179284339 0.7977014426003738 0.7799096518680917 0.7612158716557998 0.7416242344735271 0.721143041267988 0.6997825608629604 0.6775527368001548 0.6544628472580493 0.630523310489928 0.6057415479988567 0.5801187474310288 0.5536468010030582 0.5262688396390393 0.4978000617800731 0.46756984830463394 0.4547237284461406 0.4236255529461492 0.39249547619253017 0.36024803229199664 0.34448216938475584 0.31234653119614736 0.28069178092705194 0.24853275020442006 0.23104532153654422 0.20022095928113207 0.17060125895810985 0.1415627594798547 0.1241675806781884 0.09812297309131439 0.07936171884591195 0.05737495958484303 0.042320432245122726 0.029557621345190334 0.020339819317906144 0.013975452059290601 0.009744338087437512 0.0069666252093621905 0.005124754252299179 0.003872941938700086 0.002995214087843241 0.002359886554941736 0.0018864118968715167 0.0015245815423379585 0.001242243891545096 0.0010181787675853607 0.0008379448690651398 0.0006914205182615389 0.0005713149747949845 0.00047224466779343077 0.000390145096313899 0.00032188700319718793 0.00026501923360829055 0.0002175927696533137 0.00017803728542199306 0.00014507302765024246 0.00011764650977255446 9.488298000864935e-05 7.605053781461781e-05 6.0532969178062744e-05 4.780858625467715e-05 3.7433900396640566e-05 2.9030614836656453e-05 2.2275362638610383e-05 1.6891414849966074e-05 1.2641977402046825e-05 9.324653565840427e-06 6.766921657531386e-06 4.822261794965504e-06 3.3669608520180295e-06 2.29723372900507e-06 1.5268295265351032e-06 9.84803655648312e-07 6.13596380268669e-07 3.6719913124788544e-07 2.0954993779392676e-07 1.1298813944127224e-07 5.6877554156732665e-08 2.6306761586122208e-08 1.0941908691684284e-08 3.9757652961276275e-09 1.2144072098961478e-09 2.9900047848025225e-10 5.734738350250662e-11 8.756535793346764e-12 1.1418091134108087e-12 1.3772623956726946e-13 1.6118132747987977e-14 1.8684754924240713e-15 2.1623425551395828e-16 2.5051269548740702e-17 2.906965764114358e-18 3.3781427109217647e-19 3.930382674179061e-20 4.576932192778261e-21 5.332646448822312e-22 6.21407653060015e-23 7.239558116980975e-24 8.429306599228247e-25 9.805525751759522e-26 1.1392538356756783e-26 1.321694799555595e-27 1.5307841556799279e-28 1.7697041793873496e-29 2.0419418396102826e-30 2.351326444509178e-31 2.7020742773435854e-32 3.098840364047052e-33 3.54677713571613e-34 4.051599315698999e-35 4.619653890783623e-36 5.257993543223025e-37 5.974451453804124e-38 6.777714968333482e-39 7.677395285597976e-40 8.684090109772589e-41 9.809436149479792e-42 1.106614847223874e-42 1.2468044066399132e-43 1.4030047547739872e-44 1.576817779413751e-45 1.7699515412452725e-46 1.9842152344245153e-47 2.221512660240156e-48 2.4838347095327892e-49 2.77325157309269e-50 3.091905648822553e-51 3.4420063887858335e-52 3.825828627113555e-53 4.245716249937618e-54 4.704093409983738e-55 5.2034858501539e-56 5.746555281167552e-57 6.3361501564536014e-58 6.975376600398781e-59 7.667693669634368e-60 8.417037554895206e-61 9.227979753652678e-62 1.0105924647817284e-62 1.1057352288170752e-63 1.2090112494153062e-64 1.3213776594444591e-65 1.4440053224310016e-66 1.578327451743871e-67 1.7260958734727709e-68 1.8894454807010163e-69 2.0709673376859535e-70 2.2737907649099917e-71 2.5016745645298764e-72 2.75910732545694e-73 3.05141647412597e-74 3.3848854083361117e-75 3.7668776666295144e-76 4.2059666461188215e-77 4.712068891894236e-78 5.296578448748922e-79 5.972499202087957e-80 6.754571554366826e-81 7.659389204818668e-82 8.705501245745594e-83 9.913494283672364e-84 1.1306048866241083e-84 1.2907964175741815e-85 1.4746144768284973e-86 1.6849543124011993e-87 1.9249051956695351e-88 2.197734063542801e-89 2.5068630716613222e-90 2.855840648424326e-91 3.2483057555444446e-92 3.6879452021940135e-93 4.178444025141176e-94 4.7234291339516925e-95 5.326406624594212e-96 5.990693381757608e-97 6.71934381396015e-98 7.515072789295271e-99 8.380176055901958e-100 9.316449631985222e-101 1.0325109827270974e-101 1.1406715703114785e-102 1.2561095884510675e-103 1.3787281697181769e-104 1.508344861113142e-105 1.6446867924584144e-106 1.7873870545842673e-107 1.9359827394866967e-108 2.0899418201718167e-109 2.251265648654465e-110 2.668732128053305e-111 
0.0 0.0 0.0 0.0 0.0 0.0 0.0 0.0 0.0 0.0 0.0 0.0 0.0 0.0 0.0 0.0 0.0 0.0 0.0 0.0 0.0 0.0 0.0 0.0 0.0 0.0 0.0 0.0 0.0 0.0 0.0 0.0 0.0 0.0 0.0 0.0 0.0 0.0 0.0 0.0 0.0 0.0 0.0 0.0 0.0 0.0 0.0 0.0 0.0 0.0 0.0 0.0 0.0 0.0 0.0 0.0 0.0 0.0 0.0 0.0 0.0 0.0 0.0 0.0 0.0 0.0 0.0 0.0 0.0 0.0 0.0 0.0 0.0 0.0 0.0 0.0 0.0 0.0 0.0 0.0 0.0 0.0 0.0 0.0 0.0 0.0 0.0 0.0 0.0 0.0 0.0 0.0 0.0 0.0 0.0 0.0 0.0 0.0 0.0 0.0 0.0 0.0 0.0 0.0 0.0 0.0 0.0 0.0 0.0 0.0 0.0 0.0 0.0 0.0 0.0 0.0 0.0 0.0 0.0 0.0 0.0 0.0 0.0 0.0 0.0 0.0 0.0 0.0 0.0 0.0 0.0 0.0 0.0 0.0 0.0 0.0 0.0 0.0 0.0 0.0 0.0 0.0 0.0 0.0 0.0 0.0 0.0 0.0 0.0 0.0 0.0 0.0 0.0 0.0 0.0 0.0 0.0 0.0 0.0 0.0 0.0 0.0 0.0 0.0 0.0 0.0 0.0 0.0 0.0 0.0 0.0 0.0 0.0 0.0 0.0 0.0 0.0 0.0 0.0 0.0 0.0 0.0 0.0 0.0 0.0 0.0 0.0 0.0 0.0 0.0 0.0 0.0 0.0 0.0 0.0 0.0 0.0 0.0 0.0 0.0 
1900 1 9 0 0 0
12.636733419401482 12.635720340677647 12.633653782369363 12.631274544498687 12.63040975802117 12.629391750392982 12.628094750209755 12.62652978145916 12.624323639053955 12.621802315775778 12.618856284422751 12.615423469517655 12.611443180614106 12.606852769889155 12.601592211377369 12.595603865765026 12.588832443551926 12.581225450093608 12.572728491946906 12.563295650846776 12.552885043254877 12.541462353396991 12.52900618907968 12.515515436501682 12.501022017619308 12.485601100584129 12.474075073570951 12.456528742216562 12.437855155923195 12.41833193522017 12.402424184967124 12.380886734774505 12.358315785543002 12.33527838367133 12.31575817638557 12.291286616136505 12.266170573335287 12.241320815883915 12.219743154656797 12.194737561621452 12.169862515687903 12.146266496457043 12.125046274622814 12.103418130723083 12.080944610478827 12.063102239110053 12.047591405472106 12.034546736335718 12.023232399228604 12.014329498381548 12.008438083613498 12.00476147192962 12.002640663989258 12.001474481807923 12.000844860703218 12.00050237688348 12.000311241847426 12.000200690648493 12.000134177628508 12.000092573101055 12.000065593897604 12.000047526333452 12.000035081545 12.000026299013433 12.000019970589067 12.00001532853894 12.000011871164924 12.000009262267602 12.000007271419747 12.000005737489088 12.000004545769752 12.00000361329828 12.000002879212012 12.00000229829452 12.000001836571078 12.000001468252405 12.00000117358147 12.000000937298067 12.000000747525688 12.000000594958241 12.00000047225709 12.000000373604038 12.00000029436026 12.00000023081098 12.000000179967781 12.000000139417779 12.000000107205645 12.000000081741407 12.0000000617298 12.000000046112886 12.000000034025158 12.000000024758451 12.000000017733274 12.00000001247566 12.000000008599397 12.000000005790723 12.00000000379617 12.000000002412609 12.00000000147888 12.000000000868877 12.000000000485423 12.00000000025531 12.000000000124764 12.000000000055707 12.000000000022226 12.000000000007693 12.000000000002233 12.000000000000515 12.000000000000082 11.999999999999986 11.999999999999968 11.999999999999968 11.999999999999968 11.99999999999997 11.999999999999972 11.999999999999973 11.999999999999979 11.99999999999998 11.999999999999973 11.999999999999977 11.999999999999975 11.999999999999977 11.999999999999979 11.999999999999988 11.999999999999991 11.999999999999991 12.000000000000002 12.0 12.000000000000002 11.999999999999995 11.999999999999993 11.999999999999982 11.999999999999975 11.999999999999973 11.999999999999972 11.999999999999973 11.999999999999973 11.99999999999997 11.999999999999972 11.99999999999997 11.999999999999966 11.999999999999975 11.999999999999979 11.999999999999973 11.99999999999997 11.999999999999966 11.999999999999966 11.999999999999966 11.999999999999964 11.999999999999961 11.999999999999961 11.999999999999963 11.999999999999961 11.999999999999957 11.99999999999996 11.999999999999961 11.999999999999954 11.999999999999963 11.999999999999966 11.99999999999997 11.999999999999975 11.999999999999975 11.99999999999998 11.999999999999975 11.999999999999977 11.99999999999997 11.999999999999966 11.999999999999968 11.999999999999975 11.999999999999968 11.99999999999997 11.999999999999973 11.999999999999977 11.999999999999977 11.999999999999973 11.99999999999997 11.99999999999997 11.99999999999997 11.999999999999964 11.999999999999954 11.99999999999995 11.99999999999995 11.99999999999995 11.999999999999952 11.999999999999954 11.999999999999948 11.999999999999947 11.999999999999948 11.999999999999943 11.999999999999945 11.999999999999943 11.999999999999945 11.99999999999995 11.999999999999948 11.999999999999952 11.999999999999948 11.99999999999995 11.999999999999952 11.999999999999952 11.999999999999957 
35.00000000000008 35.000000000000085 35.00000000000008 35.000000000000064 35.00000000000007 35.000000000000064 35.00000000000008 35.00000000000007 35.000000000000064 35.00000000000006 35.000000000000064 35.000000000000064 35.00000000000006 35.00000000000006 35.00000000000005 35.00000000000006 35.00000000000005 35.00000000000005 35.00000000000005 35.00000000000005 35.00000000000004 35.00000000000004 35.00000000000004 35.000000000000036 35.000000000000036 35.00000000000003 35.00000000000003 35.00000000000003 35.00000000000003 35.00000000000003 35.00000000000003 35.00000000000002 35.00000000000003 35.00000000000003 35.00000000000002 35.00000000000002 35.00000000000002 35.00000000000002 35.000000000000014 35.00000000000001 35.00000000000001 34.99999999999999 34.999999999999986 34.99999999999998 34.99999999999998 34.99999999999997 34.99999999999997 34.999999999999964 34.99999999999995 34.99999999999995 34.99999999999996 34.99999999999994 34.99999999999993 34.99999999999994 34.999999999999964 34.99999999999997 34.99999999999998 34.999999999999964 34.99999999999998 34.99999999999998 34.99999999999998 34.999999999999986 34.999999999999986 34.999999999999986 34.999999999999986 34.999999999999986 34.99999999999999 35.0 35.00000000000001 35.000000000000014 35.00000000000001 35.0 35.00000000000001 35.000000000000014 35.000000000000014 35.000000000000014 35.00000000000002 35.00000000000002 35.00000000000003 35.00000000000003 35.00000000000003 35.00000000000002 35.00000000000002 35.00000000000003 35.00000000000003 35.00000000000002 35.000000000000014 35.00000000000003 35.000000000000036 35.00000000000003 35.00000000000002 35.000000000000014 35.0 34.999999999999986 34.999999999999986 34.99999999999997 34.999999999999964 34.99999999999996 34.99999999999995 34.99999999999995 34.99999999999994 34.99999999999993 34.999999999999915 34.99999999999992 34.9999999999999 34.999999999999886 34.99999999999988 34.99999999999987 34.999999999999865 34.99999999999986 34.99999999999986 34.999999999999865 34.99999999999988 34.99999999999988 34.999999999999865 34.99999999999988 34.999999999999886 34.99999999999988 34.999999999999865 34.999999999999886 34.99999999999989 34.9999999999999 34.99999999999992 34.99999999999995 34.99999999999997 34.999999999999964 35.00000000000001 35.000000000000014 35.00000000000001 35.0 34.99999999999996 34.99999999999992 34.99999999999991 34.99999999999989 34.9999999999999 34.99999999999993 34.99999999999993 34.99999999999992 34.99999999999994 34.99999999999996 34.99999999999995 34.999999999999964 34.999999999999964 34.99999999999996 34.99999999999995 34.99999999999995 34.99999999999994 34.99999999999992 34.999999999999915 34.999999999999915 34.999999999999915 34.99999999999993 34.999999999999915 34.999999999999915 34.999999999999936 34.999999999999936 34.999999999999915 34.999999999999915 34.99999999999991 34.99999999999993 34.99999999999995 34.99999999999996 34.99999999999998 34.99999999999996 34.99999999999994 34.99999999999995 34.999999999999936 34.99999999999995 34.99999999999997 34.99999999999995 34.99999999999995 34.99999999999995 34.99999999999996 34.999999999999964 34.99999999999997 34.999999999999964 34.99999999999996 34.99999999999995 34.999999999999936 34.99999999999994 34.99999999999993 34.99999999999993 34.99999999999995 34.99999999999995 34.99999999999994 34.99999999999993 34.999999999999915 34.99999999999989 34.99999999999986 34.99999999999984 34.999999999999844 34.999999999999844 34.99999999999984 34.99999999999983 34.99999999999982 34.999999999999815 34.999999999999815 34.99999999999981 34.99999999999983 34.999999999999844 
1.0782023316420808 0.9621037864439596 0.930423352413079 0.9007012763410789 0.8933262320375223 0.8861942019636143 0.8780959101173157 0.8695422856590069 0.8569369661796615 0.8442699285552023 0.8310266581202221 0.8171396913547728 0.8026153054306872 0.7874425521443095 0.7716160057251013 0.7551345101860053 0.7379978863017604 0.7202066547857011 0.7017568142347694 0.6826443656621745 0.6628598775271279 0.6423860177901612 0.62118843022409 0.5991932405805923 0.5762281544041142 0.5518308998790165 0.5423836533246948 0.5169381670603511 0.4911659524295664 0.46424917638795166 0.4531429542744731 0.42575989743047854 0.3983282642810792 0.3699016692934621 0.35768943936646214 0.3293938720418063 0.30136747848885564 0.2726443744161285 0.25973066250454574 0.2320077986041314 0.20502661073377126 0.1779611738214674 0.16430669257509403 0.1393990669229284 0.11665373863328203 0.09400069750429331 0.08100177651934058 0.06177570962674589 0.04825383172630648 0.03464021837915789 0.02515159274614163 0.018014497026463662 0.012949874925101933 0.009443662487790433 0.007029943986069386 0.005352163952113762 0.004162801674073166 0.003298856004310811 0.002655256732580217 0.0021643115913484627 0.0017818629581852357 0.0014785278309457218 0.0012342896005263838 0.0010351714297419452 0.0008711734100088363 0.0007349739938880872 0.0006210972320488329 0.0005253677568052513 0.00044454644861170994 0.0003760817051143059 0.00031793625822178586 0.00026846407486469495 0.00022632119838603745 0.00019040016418246287 0.00015978092615874306 0.00013369346815271944 0.00011148913826303138 9.261826243441995e-05 7.661259300150775e-05 6.307131055414499e-05 5.164982140843502e-05 4.2050860003032105e-05 3.401705448106093e-05 2.7325075399371707e-05 2.1780742776774876e-05 1.7214964069103254e-05 1.3480474565406266e-05 1.0448945398826709e-05 8.00875936722878e-06 6.062957763463317e-06 4.527545958027098e-06 3.3300518058736125e-06 2.4082507461185534e-06 1.7089952018836702e-06 1.1872499057246794e-06 8.051697082621539e-07 5.312617786201975e-07 3.396420302663258e-07 2.0932253549420488e-07 1.235786855117261e-07 6.93239087490538e-08 3.6567627712734044e-08 1.788623398309422e-08 7.964672317283504e-09 3.1491326980530847e-09 1.0690113385126937e-09 2.9968641227274487e-10 6.679103448862639e-11 1.1802222220345018e-11 1.74317507522624e-12 2.3141593054129843e-13 2.922119235324039e-14 3.611656924174804e-15 4.421978780169912e-16 5.388082380389493e-17 6.5452950405293894e-18 7.930576228845458e-19 9.58512330644764e-20 1.1556971437820501e-20 1.3902020115961142e-21 1.6685224706320817e-22 1.9981968974795162e-23 2.387964675126976e-24 2.847949072177805e-25 3.389869599642708e-26 4.027289712191552e-27 4.775907034000662e-28 5.653894848007608e-29 6.682305411149217e-30 7.885547760039486e-31 9.291955057722992e-32 1.093445919932268e-32 1.2851393327214145e-33 1.508744607553674e-34 1.7694794725450806e-35 2.0734447948321844e-36 2.4277832373098732e-37 2.84086607562487e-38 3.3225122972669934e-39 3.884244430046297e-40 4.5395858466790804e-41 5.304404559939347e-42 6.197308755842119e-43 7.240099511147838e-44 8.458286311005908e-45 9.881671132656066e-46 1.1545007006955692e-46 1.3488737131560423e-47 1.5759820813117448e-48 1.841265278990087e-49 2.1510082862233407e-50 2.5124543267222856e-51 2.9339291905686775e-52 3.4249780385916587e-53 3.996515690541713e-54 4.660991524975125e-55 5.432570263313642e-56 6.327330070583963e-57 7.363479575531894e-58 8.561595585638585e-59 9.944883438415548e-60 1.1539462077710161e-60 1.3374676059659984e-61 1.5483436763669457e-62 1.790259509577575e-63 2.0673347912774795e-64 2.384168025598638e-65 2.7458845258420253e-66 3.1581883279444484e-67 3.6274181436122074e-68 4.160607425969718e-69 4.765548574115036e-70 5.450861258756458e-71 6.226064815380798e-72 7.101654632229537e-73 8.089182467726725e-74 9.201340677944142e-75 1.0452050433328553e-75 1.1856554171468374e-76 1.3431512787384012e-77 1.519510842482346e-78 1.716715422314813e-79 1.9369213017803517e-80 2.182472781227744e-81 2.4559167860544438e-82 2.7600195445856504e-83 3.0977859938100186e-84 3.4724827479814145e-85 3.887665670962682e-86 4.347213329668358e-87 4.8553678740657543e-88 5.4167851892421584e-89 6.0365964965093436e-90 6.720483941820484e-91 7.474773098297211e-92 8.30654573991443e-93 9.223778406805037e-94 1.0235669363262408e-94 1.136745482762437e-95 1.397990146013923e-96 
0.0 0.0 0.0 0.0 0.0 0.0 0.0 0.0 0.0 0.0 0.0 0.0 0.0 0.0 0.0 0.0 0.0 0.0 0.0 0.0 0.0 0.0 0.0 0.0 0.0 0.0 0.0 0.0 0.0 0.0 0.0 0.0 0.0 0.0 0.0 0.0 0.0 0.0 0.0 0.0 0.0 0.0 0.0 0.0 0.0 0.0 0.0 0.0 0.0 0.0 0.0 0.0 0.0 0.0 0.0 0.0 0.0 0.0 0.0 0.0 0.0 0.0 0.0 0.0 0.0 0.0 0.0 0.0 0.0 0.0 0.0 0.0 0.0 0.0 0.0 0.0 0.0 0.0 0.0 0.0 0.0 0.0 0.0 0.0 0.0 0.0 0.0 0.0 0.0 0.0 0.0 0.0 0.0 0.0 0.0 0.0 0.0 0.0 0.0 0.0 0.0 0.0 0.0 0.0 0.0 0.0 0.0 0.0 0.0 0.0 0.0 0.0 0.0 0.0 0.0 0.0 0.0 0.0 0.0 0.0 0.0 0.0 0.0 0.0 0.0 0.0 0.0 0.0 0.0 0.0 0.0 0.0 0.0 0.0 0.0 0.0 0.0 0.0 0.0 0.0 0.0 0.0 0.0 0.0 0.0 0.0 0.0 0.0 0.0 0.0 0.0 0.0 0.0 0.0 0.0 0.0 0.0 0.0 0.0 0.0 0.0 0.0 0.0 0.0 0.0 0.0 0.0 0.0 0.0 0.0 0.0 0.0 0.0 0.0 0.0 0.0 0.0 0.0 0.0 0.0 0.0 0.0 0.0 0.0 0.0 0.0 0.0 0.0 0.0 0.0 0.0 0.0 0.0 0.0 0.0 0.0 0.0 0.0 0.0 0.0 
1900 1 10 0 0 0
12.561522777374062 12.560709638510273 12.558407288793884 12.557828767399357 12.557132911158721 12.556301395795002 12.555325840866777 12.554210720341343 12.552686555262563 12.551011345578486 12.549039287891194 12.546784911004156 12.544211389487511 12.541280081823732 12.537953825446667 12.534196604224672 12.52997356051737 12.525248980994226 12.51998957132826 12.514163116077487 12.507739123988845 12.500689885556367 12.492992078712794 12.484628949653766 12.475592167661086 12.465876123144 12.459012713182496 12.447869561904703 12.435977299276402 12.42338836266442 12.413869189802284 12.399785247116556 12.384926401072649 12.369460604078034 12.357418648625108 12.340521852411634 12.322913186246026 12.304932923272162 12.29058445888537 12.27145643465278 12.251813738138797 12.23220973640685 12.216200276109351 12.196045325984054 12.175763767843447 12.156138538676249 12.139860239834475 12.120831705602852 12.102405989615491 12.085492470468145 12.070200927970157 12.056209055001666 12.043245700664292 12.032502940033464 12.023253588160507 12.015587047475357 12.009798246808476 12.005881082583715 12.003457225847471 12.00202455334724 12.001201861889854 12.00073257363803 12.000461591375057 12.000301181630666 12.000203185791909 12.000141267905141 12.000100833865156 12.000073607088403 12.000054760048794 12.000041391510539 12.000031705163103 12.000024556536243 12.000019196629564 12.000015122945545 12.00001199062106 12.00000955804654 12.000007652764921 12.000006149594713 12.000004956294628 12.000004003967142 12.000003240533806 12.000002626200265 12.000002130270994 12.000001728863152 12.000001403259239 12.000001138687528 12.000000923426123 12.000000748120328 12.000000605273126 12.000000488850263 12.000000393978304 12.000000316707744 12.000000253828944 12.000000202728028 12.000000161269702 12.000000127707642 12.00000010061037 12.000000078802747 12.000000061319172 12.000000047364804 12.000000036285366 12.000000027541544 12.00000002068893 12.000000015361403 12.000000011257523 12.000000008129438 12.000000005773666 12.000000004024166 12.00000000274534 12.000000001827667 12.000000001183006 12.000000000741196 12.000000000447105 12.000000000257904 12.000000000141062 12.000000000072367 12.000000000034337 12.00000000001479 12.000000000005654 12.00000000000186 12.000000000000508 12.000000000000107 12.000000000000007 11.999999999999988 11.999999999999988 11.999999999999984 11.999999999999988 11.999999999999988 11.999999999999986 11.999999999999988 11.999999999999988 11.999999999999986 11.999999999999975 11.999999999999961 11.999999999999956 11.999999999999964 11.999999999999973 11.999999999999975 11.999999999999973 11.999999999999977 11.999999999999975 11.999999999999979 11.999999999999982 11.999999999999991 11.999999999999982 11.999999999999975 11.999999999999961 11.999999999999961 11.999999999999957 11.99999999999996 11.999999999999957 11.999999999999961 11.999999999999968 11.999999999999964 11.999999999999964 11.999999999999975 11.999999999999975 11.99999999999997 11.999999999999973 11.999999999999973 11.999999999999966 11.999999999999968 11.999999999999964 11.999999999999968 11.999999999999972 11.999999999999977 11.99999999999997 11.999999999999968 11.999999999999968 11.999999999999961 11.99999999999996 11.999999999999956 11.999999999999952 11.999999999999957 11.999999999999964 11.999999999999977 11.999999999999979 11.999999999999979 11.999999999999966 11.999999999999956 11.999999999999954 11.999999999999952 11.999999999999954 11.999999999999952 11.999999999999954 11.999999999999956 11.999999999999961 11.999999999999961 11.999999999999956 11.999999999999952 11.999999999999941 11.99999999999994 11.999999999999941 11.99999999999994 11.999999999999943 11.999999999999945 11.999999999999941 11.999999999999945 11.999999999999948 11.99999999999995 
35.000000000000064 35.00000000000007 35.000000000000085 35.00000000000009 35.0000000000001 35.00000000000009 35.0000000000001 35.0000000000001 35.00000000000011 35.00000000000011 35.00000000000011 35.00000000000011 35.00000000000011 35.0000000000001 35.00000000000009 35.00000000000009 35.00000000000009 35.000000000000085 35.000000000000085 35.000000000000085 35.000000000000085 35.000000000000085 35.000000000000085 35.00000000000009 35.00000000000009 35.00000000000008 35.00000000000007 35.00000000000007 35.000000000000064 35.00000000000006 35.000000000000064 35.000000000000064 35.000000000000064 35.00000000000006 35.00000000000005 35.00000000000005 35.00000000000006 35.00000000000005 35.00000000000004 35.000000000000036 35.00000000000003 35.000000000000036 35.000000000000036 35.00000000000002 35.00000000000003 35.000000000000014 35.0 34.999999999999986 34.99999999999997 34.99999999999996 34.99999999999995 34.999999999999936 34.99999999999992 34.999999999999915 34.999999999999915 34.99999999999993 34.999999999999936 34.99999999999995 34.99999999999994 34.99999999999995 34.99999999999996 34.99999999999998 34.99999999999999 34.99999999999999 35.0 35.0 35.0 35.00000000000001 35.00000000000001 35.00000000000002 35.00000000000002 35.00000000000003 35.000000000000036 35.00000000000005 35.00000000000005 35.00000000000004 35.00000000000004 35.000000000000036 35.000000000000036 35.000000000000036 35.000000000000036 35.000000000000036 35.00000000000002 35.00000000000002 35.00000000000001 35.000000000000014 35.00000000000001 35.00000000000001 35.0 34.99999999999999 34.999999999999986 34.999999999999986 34.999999999999986 34.99999999999997 34.99999999999997 34.99999999999997 34.99999999999998 34.99999999999998 34.99999999999997 34.999999999999964 34.99999999999996 34.99999999999995 34.99999999999995 34.99999999999994 34.999999999999936 34.99999999999993 34.99999999999992 34.999999999999915 34.999999999999915 34.99999999999991 34.9999999999999 34.9999999999999 34.999999999999886 34.99999999999988 34.99999999999987 34.99999999999987 34.99999999999988 34.99999999999987 34.99999999999988 34.999999999999886 34.99999999999992 34.99999999999993 34.99999999999992 34.99999999999992 34.99999999999996 34.99999999999996 34.99999999999996 34.99999999999997 34.999999999999964 34.99999999999998 34.999999999999964 34.999999999999964 34.99999999999992 34.9999999999999 34.9999999999999 34.99999999999992 34.99999999999996 34.99999999999996 34.99999999999997 34.999999999999986 34.99999999999997 34.999999999999986 34.99999999999998 34.99999999999999 35.00000000000001 34.999999999999986 34.999999999999936 34.999999999999936 34.999999999999936 34.99999999999993 34.999999999999915 34.999999999999915 34.999999999999936 34.99999999999993 34.999999999999936 34.99999999999994 34.99999999999995 34.999999999999936 34.99999999999993 34.99999999999993 34.99999999999994 34.99999999999995 34.99999999999995 34.99999999999997 34.999999999999986 34.99999999999997 34.99999999999995 34.99999999999994 34.999999999999936 34.999999999999915 34.9999999999999 34.999999999999886 34.999999999999886 34.999999999999915 34.99999999999993 34.999999999999964 34.999999999999964 34.99999999999996 34.99999999999994 34.99999999999994 34.99999999999995 34.99999999999993 34.99999999999993 34.999999999999915 34.99999999999992 34.999999999999915 34.9999999999999 34.99999999999992 34.9999999999999 34.999999999999886 34.99999999999986 34.999999999999844 34.99999999999982 34.99999999999982 34.999999999999815 34.999999999999794 34.99999999999977 34.99999999999979 34.99999999999979 34.99999999999979 
1.0782333331425407 0.9585451368015779 0.9160194016895363 0.9080814182093181 0.9003774362512446 0.8923623308864305 0.8841348300314654 0.8760517527250855 0.8648365423107428 0.8540637634996611 0.8425073504380359 0.8306021267803123 0.8183089635672841 0.8055835452871308 0.792398938386953 0.7787373843205584 0.7645872993265639 0.7499409918520407 0.734788130269033 0.7191167043247587 0.7029111574581864 0.6861486347333354 0.6687917231048058 0.650773087635702 0.6319583522304774 0.6120377918703008 0.6044947231958333 0.5835827242059738 0.5622953313685695 0.5400692251445712 0.5314335426029814 0.5085811498787195 0.48551147107288606 0.4615296209356253 0.4521479192207717 0.42785240336674596 0.40348038684629445 0.3782481830666497 0.368232502557082 0.3430799685358428 0.3180408805840967 0.29227554880494155 0.2817851378035889 0.25661676629883434 0.23182740185786865 0.20658929704887022 0.1959426433746034 0.17211797259595624 0.14914452461661673 0.12640711977448957 0.11447196781697923 0.09365813244193782 0.0815538819640651 0.06357418537819613 0.05326297446584856 0.03828810640436824 0.029300161909561535 0.02159887600327356 0.015941899584180328 0.011865504325542519 0.008966711515526919 0.006905182151881101 0.005422481877250679 0.004336335488961107 0.003523289439658282 0.002901078406823849 0.0024148822017131 0.002027792605777795 0.0017145533830372351 0.0014575426978441677 0.0012442074715895326 0.0010654161327670554 0.0009143891343181068 0.0007859943944127965 0.0006762755461542389 0.0005821308656088195 0.0005010908412947322 0.0004311616148748225 0.0003707130520831472 0.00031839720434075536 0.00027308848014853334 0.00023383853869119578 0.00019984239777691754 0.0001704120499365106 0.0001449562788425281 0.00012296437126656083 0.00010399348798700757 8.765814525072075e-05 7.362190983842634e-05 6.159038969405018e-05 5.130553982171644e-05 4.2540774674956205e-05 3.509692020451585e-05 2.8798877401080644e-05 2.3492483838671312e-05 1.90421635641057e-05 1.532865219161887e-05 1.2247134075627042e-05 9.705635779414552e-06 7.623509948809351e-06 5.930274039658615e-06 4.5644121371858206e-06 3.4724461106463244e-06 2.6080440542020595e-06 1.9312438126681963e-06 1.4077472285553852e-06 1.0082910196979766e-06 7.081123741179622e-07 4.863737672183423e-07 3.2574631770088927e-07 2.119520085153603e-07 1.3337448702543379e-07 8.071974093004638e-08 4.6649018551225546e-08 2.5510342129266636e-08 1.3043482090793056e-08 6.137807002969431e-09 2.6014108483382982e-09 9.66601031127588e-10 3.041375711544824e-10 7.831107482263284e-11 1.6270072069203085e-11 2.8154572628388062e-12 4.300959972848437e-13 6.144044050954902e-14 8.503090692760462e-15 1.159703782252225e-15 1.5701333758139383e-16 2.1165047219090763e-17 2.843760899627961e-18 3.809754951905455e-19 5.088814831391627e-20 6.776927523803462e-21 8.997659073301486e-22 1.1909493423543935e-22 1.571495145772035e-23 2.0671874873797902e-24 2.7107333182983334e-25 3.5434697281109567e-26 4.617452216479015e-27 5.9979996871497515e-28 7.766785428823297e-29 1.0025579015113822e-29 1.2900762284907345e-30 1.654876375345661e-31 2.1162580403979385e-32 2.6979584325081257e-33 3.4290844657109275e-34 4.34522334246798e-35 5.4897627776813864e-36 6.915457174047237e-37 8.686281874781694e-38 1.0879624300361964e-38 1.3588868449056004e-39 1.6926438058428635e-40 2.1027373869266203e-41 2.6053532125619943e-42 3.219850495409586e-43 3.969337892048642e-44 4.881346626313209e-45 5.988616453865122e-46 7.330012528118236e-47 8.951594149131267e-48 1.0907859820445337e-48 1.326319710835025e-49 1.6093570618118852e-50 1.9488487119717898e-51 2.3553283644652013e-52 2.841179243799073e-53 3.4209446218871894e-54 4.111689854644392e-55 4.933424750980452e-56 5.909596680074393e-57 7.067666686542704e-58 8.439783068113774e-59 1.0063569421792233e-59 1.1983047130601049e-60 1.4249715695016269e-61 1.6923818264624644e-62 2.0075824251407704e-63 2.378816606228894e-64 2.815727283107041e-65 3.329595061365559e-66 3.9336165888818484e-67 4.643229743057314e-68 5.476493073517837e-69 6.454527924024952e-70 7.602032760600656e-71 8.947880437662741e-72 1.0525810443741864e-72 1.237522958636053e-73 1.4542136105093351e-74 1.7080183845997937e-75 2.0051904893108806e-76 2.3530110938768596e-77 2.7599495789846336e-78 3.23584723987581e-79 3.792203746652611e-80 4.449125251053024e-81 5.809455419785578e-82 
0.0 0.0 0.0 0.0 0.0 0.0 0.0 0.0 0.0 0.0 0.0 0.0 0.0 0.0 0.0 0.0 0.0 0.0 0.0 0.0 0.0 0.0 0.0 0.0 0.0 0.0 0.0 0.0 0.0 0.0 0.0 0.0 0.0 0.0 0.0 0.0 0.0 0.0 0.0 0.0 0.0 0.0 0.0 0.0 0.0 0.0 0.0 0.0 0.0 0.0 0.0 0.0 0.0 0.0 0.0 0.0 0.0 0.0 0.0 0.0 0.0 0.0 0.0 0.0 0.0 0.0 0.0 0.0 0.0 0.0 0.0 0.0 0.0 0.0 0.0 0.0 0.0 0.0 0.0 0.0 0.0 0.0 0.0 0.0 0.0 0.0 0.0 0.0 0.0 0.0 0.0 0.0 0.0 0.0 0.0 0.0 0.0 0.0 0.0 0.0 0.0 0.0 0.0 0.0 0.0 0.0 0.0 0.0 0.0 0.0 0.0 0.0 0.0 0.0 0.0 0.0 0.0 0.0 0.0 0.0 0.0 0.0 0.0 0.0 0.0 0.0 0.0 0.0 0.0 0.0 0.0 0.0 0.0 0.0 0.0 0.0 0.0 0.0 0.0 0.0 0.0 0.0 0.0 0.0 0.0 0.0 0.0 0.0 0.0 0.0 0.0 0.0 0.0 0.0 0.0 0.0 0.0 0.0 0.0 0.0 0.0 0.0 0.0 0.0 0.0 0.0 0.0 0.0 0.0 0.0 0.0 0.0 0.0 0.0 0.0 0.0 0.0 0.0 0.0 0.0 0.0 0.0 0.0 0.0 0.0 0.0 0.0 0.0 0.0 0.0 0.0 0.0 0.0 0.0 0.0 0.0 0.0 0.0 0.0 0.0 
1900 1 11 0 0 0
12.501981251980883 12.500915986812789 12.499632341723323 12.499143827514995 12.498593155056922 12.497965550310157 12.497251327807593 12.496443333697 12.495358557172468 12.49437651128502 12.492960659623938 12.491400393542476 12.489651279072753 12.487682859484684 12.485469128981707 12.482985989471024 12.480210401389566 12.477119219593101 12.473690021090842 12.469900800850551 12.465730059586974 12.46115705333766 12.456162169537208 12.450727255440627 12.444835179139172 12.438465299171872 12.434081987579207 12.426746426739609 12.418904255253313 12.410549652994455 12.404491828514091 12.395085731662911 12.385129448857606 12.374661190909501 12.366902601132734 12.355338150480534 12.34321038760661 12.330632964372448 12.321147229449595 12.307513432109603 12.293359871261012 12.278906089887538 12.26781119208558 12.252472936082636 12.236744335568147 12.220978420514093 12.208678689154805 12.19239660521078 12.175979521679293 12.159927409344236 12.14734463590908 12.131404327730401 12.115735694362005 12.100949826205364 12.088219148985951 12.074832842327806 12.06078814962478 12.049562565174552 12.039301272005849 12.030534094547919 12.02295183793469 12.016663544985146 12.011256972518462 12.007108332477843 12.004397631339685 12.002681651787826 12.001637705011007 12.001015074460113 12.000644555389533 12.000421428882087 12.000284125302777 12.000197310089083 12.000140786993825 12.000102899129347 12.000076793186933 12.000058345095267 12.000045009116308 12.000035172497029 12.000027787311868 12.000022156002638 12.000017803614416 12.000014399902735 12.000011710766723 12.000009567296047 12.0000078456302 12.000006453594338 12.000005321661712 12.000004396745519 12.00000363785492 12.000003013016363 12.000002497058844 12.00000206999947 12.000001715854532 12.000001421748944 12.000001177247505 12.00000097384803 12.000000804585385 12.000000663730235 12.000000546551453 12.00000044912875 12.000000368203636 12.000000301062295 12.000000245438526 12.000000199437599 12.000000161472844 12.000000130214433 12.000000104547079 12.000000083534646 12.000000066392163 12.000000052460056 12.00000004118623 12.000000032107097 12.00000002483465 12.00000001904455 12.00000001446561 12.000000010871847 12.000000008075254 12.000000005919714 12.000000004276222 12.000000003038418 12.00000000211902 12.000000001446939 12.000000000964485 12.00000000062535 12.000000000392683 12.000000000237554 12.00000000013753 12.00000000007555 12.000000000038966 12.000000000018604 12.000000000008068 12.000000000003105 12.000000000001025 12.00000000000027 12.000000000000046 11.99999999999999 11.99999999999999 11.999999999999984 11.999999999999986 11.999999999999988 11.999999999999995 11.999999999999995 11.999999999999993 11.999999999999991 11.999999999999984 11.999999999999977 11.999999999999979 11.999999999999977 11.999999999999973 11.999999999999973 11.99999999999997 11.999999999999964 11.999999999999957 11.999999999999957 11.999999999999963 11.999999999999968 11.99999999999997 11.99999999999997 11.99999999999997 11.99999999999997 11.99999999999997 11.999999999999977 11.999999999999977 11.999999999999977 11.999999999999975 11.999999999999973 11.99999999999997 11.999999999999968 11.999999999999963 11.999999999999963 11.999999999999963 11.999999999999964 11.999999999999964 11.999999999999961 11.99999999999997 11.999999999999961 11.999999999999961 11.999999999999964 11.999999999999968 11.999999999999968 11.999999999999972 11.999999999999968 11.99999999999996 11.999999999999963 11.999999999999957 11.999999999999954 11.999999999999956 11.999999999999948 11.999999999999945 11.999999999999938 11.99999999999994 11.999999999999943 11.999999999999956 11.999999999999952 11.99999999999995 11.999999999999952 11.999999999999952 11.999999999999954 11.999999999999945 11.999999999999938 
35.00000000000005 35.00000000000005 35.000000000000064 35.00000000000007 35.00000000000008 35.00000000000008 35.00000000000007 35.000000000000064 35.000000000000064 35.000000000000064 35.00000000000007 35.000000000000064 35.000000000000064 35.000000000000064 35.000000000000064 35.00000000000008 35.00000000000008 35.000000000000085 35.000000000000085 35.000000000000085 35.00000000000008 35.00000000000008 35.00000000000007 35.000000000000064 35.00000000000005 35.00000000000006 35.00000000000005 35.000000000000036 35.00000000000003 35.00000000000003 35.00000000000003 35.00000000000003 35.00000000000003 35.00000000000002 35.00000000000002 35.00000000000002 35.00000000000003 35.000000000000036 35.00000000000004 35.00000000000004 35.00000000000004 35.000000000000036 35.00000000000004 35.000000000000036 35.00000000000002 35.000000000000014 35.000000000000014 35.00000000000001 35.0 34.99999999999999 35.0 34.99999999999999 34.999999999999986 34.999999999999986 34.99999999999998 34.99999999999998 34.999999999999986 34.99999999999999 35.0 34.999999999999986 34.999999999999986 34.99999999999998 34.99999999999997 34.999999999999986 35.0 35.0 35.00000000000001 35.000000000000014 35.000000000000014 35.00000000000002 35.00000000000002 35.000000000000014 35.00000000000002 35.000000000000014 35.00000000000002 35.000000000000014 35.00000000000002 35.000000000000014 35.000000000000014 35.00000000000001 35.00000000000001 35.00000000000001 35.00000000000001 35.00000000000001 35.000000000000014 35.000000000000014 35.00000000000001 35.0 34.99999999999999 34.99999999999999 35.0 34.99999999999999 34.99999999999999 34.999999999999986 34.99999999999998 34.99999999999997 34.999999999999964 34.99999999999996 34.99999999999995 34.99999999999995 34.99999999999994 34.99999999999994 34.999999999999936 34.999999999999936 34.99999999999993 34.999999999999936 34.999999999999936 34.99999999999993 34.99999999999993 34.99999999999992 34.999999999999915 34.999999999999915 34.999999999999915 34.99999999999991 34.9999999999999 34.99999999999991 34.999999999999915 34.999999999999915 34.9999999999999 34.99999999999991 34.999999999999915 34.999999999999915 34.99999999999992 34.99999999999992 34.999999999999915 34.99999999999993 34.99999999999993 34.99999999999992 34.99999999999992 34.999999999999936 34.999999999999936 34.99999999999992 34.999999999999915 34.99999999999992 34.99999999999995 34.99999999999995 34.99999999999998 34.999999999999964 34.99999999999998 34.99999999999999 34.99999999999999 35.000000000000014 35.000000000000014 35.0 34.99999999999997 34.999999999999936 34.99999999999994 34.99999999999992 34.99999999999993 34.99999999999992 34.999999999999915 34.999999999999915 34.99999999999991 34.99999999999992 34.999999999999936 34.999999999999936 34.99999999999994 34.99999999999992 34.99999999999993 34.99999999999994 34.99999999999994 34.99999999999995 34.999999999999964 34.99999999999998 34.999999999999986 34.999999999999986 34.99999999999997 34.99999999999996 34.99999999999993 34.99999999999991 34.99999999999993 34.99999999999993 34.99999999999992 34.999999999999915 34.99999999999993 34.99999999999991 34.999999999999915 34.99999999999993 34.99999999999995 34.99999999999998 34.999999999999986 34.99999999999997 34.99999999999996 34.99999999999995 34.99999999999993 34.9999999999999 34.99999999999989 34.99999999999987 34.999999999999865 34.999999999999865 34.99999999999986 34.999999999999844 34.999999999999865 34.99999999999985 34.999999999999844 34.99999999999982 34.99999999999984 34.999999999999815 34.999999999999794 34.99999999999978 
1.077468853033309 0.9498831906784192 0.9188641013628318 0.9102744810185477 0.9023422814199165 0.8945503696661361 0.8868478028050314 0.87929343198313 0.8691204720894874 0.862286525045806 0.8516035398289483 0.8410297065648554 0.8303042929586646 0.8193215615870417 0.8080272879798399 0.796389266546874 0.7843871029500159 0.7720078558418921 0.7592360246495943 0.7460556735494309 0.7324481571766216 0.7183889137763734 0.7038420651016899 0.6887500102296136 0.6730106520621493 0.6564191928745847 0.6500730221648001 0.6325810282193185 0.6147296504309332 0.596144593731064 0.5890207089996091 0.569778220457192 0.5502756395549437 0.5300397954160265 0.522364619951765 0.5016552844526182 0.4807547787863452 0.4591124911188791 0.45094480987101276 0.4290534404102447 0.4070624134894287 0.38434928924135553 0.37574606288092677 0.35308494759646974 0.33045565690749534 0.30717617126356866 0.29826368917683804 0.27544969545002757 0.25285637881858564 0.22977094980646207 0.22086664777790907 0.19883728024099886 0.17730947156554094 0.1556276431722136 0.1457467510057243 0.12560809445354634 0.11030903913396647 0.0916971223134959 0.0815067337877965 0.06494242119288378 0.056350264727683654 0.04276572790503088 0.033992707753508954 0.025378194399936604 0.01922779068609947 0.014582818635538565 0.011157969096374593 0.008655711741563203 0.006823919475050459 0.005469273500192079 0.004451971778817957 0.0036741756578220737 0.003068385604024607 0.0025880965989504116 0.0022010367549306973 0.0018845295034669153 0.0016223918583545209 0.001402878018590528 0.0012173141121943328 0.0010591849111800816 0.0009235160713747027 0.0008064506019767832 0.0007049543409814442 0.0006166081571621791 0.0005394591602833394 0.0004719126156350901 0.00041265241342474827 0.00036058176045190377 0.0003147784051932468 0.0002744604358761703 0.00023895989565816375 0.00020770228839685415 0.00018019033863947808 0.00015599116838726124 0.00013472599910210789 0.00011606200193495071 9.970536578620219e-05 8.539595373800893e-05 7.290266831059813e-05 6.201975798969222e-05 5.256358135464477e-05 4.437006169941685e-05 3.729233556451842e-05 3.119892879321452e-05 2.5972056987175885e-05 2.150621348890356e-05 1.770696634976459e-05 1.4489810000945479e-05 1.1779278888451937e-05 9.507985127784304e-06 7.61602936104905e-06 6.050129765241518e-06 4.763119077374277e-06 3.7133561828752933e-06 2.864201563329345e-06 2.183547172201425e-06 1.6433925959767615e-06 1.2194394634403553e-06 8.907392964969186e-07 6.393359028753937e-07 4.4996231512352215e-07 3.0973662637073325e-07 2.0789856066723868e-07 1.3556617558056515e-07 8.548582644042352e-08 5.18339084319485e-08 3.000114891230821e-08 1.6417170480811253e-08 8.390400975763097e-09 3.938382653410424e-09 1.660082559822219e-09 6.109681269217075e-10 1.895784578718938e-10 4.797983687278552e-11 9.879454927024228e-12 1.7126850888549009e-12 2.6583138012447343e-13 3.895402668342927e-14 5.560762304414381e-15 7.850525856577979e-16 1.1032709084396745e-16 1.5475491193247728e-17 2.1688658354175093e-18 3.038116867298232e-19 4.253755646055113e-20 5.9524358282181776e-21 8.323861532393502e-22 1.1631009806274488e-22 1.6237842852733744e-23 2.264703150738566e-24 3.1551118262008407e-25 4.390642488348303e-26 6.102444433297039e-27 8.470260714585647e-28 1.174002535496981e-28 1.6247508612377834e-29 2.2450085969336316e-30 3.096932548102941e-31 4.264790950734855e-32 5.862548823275624e-33 8.043946312247466e-34 1.1015849742490565e-34 1.505588504219716e-35 2.0535656124097434e-36 2.7951222623092666e-37 3.7962981705305597e-38 5.1447691400106977e-39 6.956611717849944e-40 9.385071460901209e-41 1.263189215158393e-41 1.6961907447799665e-42 2.272177482890843e-43 3.036395166456515e-44 4.0477283529573364e-45 5.382590588359898e-46 7.139856418285445e-47 9.447094883220228e-48 1.2468423709518306e-48 1.6414375406324912e-49 2.155425323394893e-50 2.82315592422131e-51 3.688320145913735e-52 4.806333653099686e-53 6.247288196115841e-54 8.099594354010405e-55 1.0474465436444287e-55 1.351142186770977e-56 1.738503043358763e-57 2.231313409453315e-58 2.856687668599906e-59 3.648288388370465e-60 4.647802937623554e-61 5.906729242109037e-62 7.488529956723226e-63 9.471227570313163e-64 1.19505210670824e-64 1.5043529241657509e-65 1.8893798955528737e-66 2.371981580949521e-67 3.3289287797442814e-68 
0.0 0.0 0.0 0.0 0.0 0.0 0.0 0.0 0.0 0.0 0.0 0.0 0.0 0.0 0.0 0.0 0.0 0.0 0.0 0.0 0.0 0.0 0.0 0.0 0.0 0.0 0.0 0.0 0.0 0.0 0.0 0.0 0.0 0.0 0.0 0.0 0.0 0.0 0.0 0.0 0.0 0.0 0.0 0.0 0.0 0.0 0.0 0.0 0.0 0.0 0.0 0.0 0.0 0.0 0.0 0.0 0.0 0.0 0.0 0.0 0.0 0.0 0.0 0.0 0.0 0.0 0.0 0.0 0.0 0.0 0.0 0.0 0.0 0.0 0.0 0.0 0.0 0.0 0.0 0.0 0.0 0.0 0.0 0.0 0.0 0.0 0.0 0.0 0.0 0.0 0.0 0.0 0.0 0.0 0.0 0.0 0.0 0.0 0.0 0.0 0.0 0.0 0.0 0.0 0.0 0.0 0.0 0.0 0.0 0.0 0.0 0.0 0.0 0.0 0.0 0.0 0.0 0.0 0.0 0.0 0.0 0.0 0.0 0.0 0.0 0.0 0.0 0.0 0.0 0.0 0.0 0.0 0.0 0.0 0.0 0.0 0.0 0.0 0.0 0.0 0.0 0.0 0.0 0.0 0.0 0.0 0.0 0.0 0.0 0.0 0.0 0.0 0.0 0.0 0.0 0.0 0.0 0.0 0.0 0.0 0.0 0.0 0.0 0.0 0.0 0.0 0.0 0.0 0.0 0.0 0.0 0.0 0.0 0.0 0.0 0.0 0.0 0.0 0.0 0.0 0.0 0.0 0.0 0.0 0.0 0.0 0.0 0.0 0.0 0.0 0.0 0.0 0.0 0.0 0.0 0.0 0.0 0.0 0.0 0.0 
1900 1 12 0 0 0
12.453201055133865 12.452849672010972 12.452464328314546 12.452038859705137 12.451568404587993 12.451041536965658 12.450406301011963 12.449787276527431 12.448960154433076 12.448223306675851 12.447194897076468 12.44606852676269 12.444817132329453 12.44342182976586 12.441866398484635 12.440135513168558 12.43821406583727 12.436086892660652 12.433738679935932 12.431153962445604 12.42831717467456 12.425212724485782 12.421825030291247 12.418138345474755 12.414135790156307 12.409795518345577 12.406849808812193 12.401841386679571 12.396487179734944 12.390763076314531 12.38673148905088 12.380269389403416 12.373424533354775 12.366187280649356 12.361010369551993 12.352976592768405 12.344533439906607 12.335702511482936 12.329310088736637 12.319657125167454 12.309592381641481 12.299186265855118 12.291559547650179 12.280358752256458 12.268780732330809 12.256964176151047 12.248194272426566 12.235685005993098 12.222883823379396 12.210016706243524 12.200364195375307 12.186996794534366 12.173480199716314 12.16013930232167 12.15006927123427 12.13649217932445 12.122959754326443 12.109918372669108 12.100000926755003 12.087252152719588 12.07493653659345 12.063621225213993 12.053603920693604 12.044175926942653 12.035469164739562 12.028111100054858 12.021938792623345 12.016475450363819 12.011956735713879 12.007801031315308 12.005108269163715 12.003250590409806 12.002056328062851 12.001309561010487 12.000847580360533 12.000560963363093 12.000380811647283 12.000265323624108 12.000189536641532 12.000138554750551 12.00010340480834 12.000078595141764 12.000060698472812 12.000047529772013 12.000037665210128 12.000030156743795 12.000024359874814 12.000019827742634 12.000016244742142 12.00001338410466 12.000011080281455 12.000009210625812 12.000007683041012 12.00000642750606 12.000005390171145 12.000004529188741 12.000003811722733 12.00000321177755 12.000002708606374 12.000002285526737 12.000001929030677 12.000001628111075 12.00000137374622 12.000001158503006 12.000000976224678 12.000000821790806 12.000000690923208 12.000000580036275 12.000000486111734 12.000000406604219 12.00000033935896 12.000000282548127 12.000000234618641 12.000000194247558 12.000000160307122 12.00000013183403 12.000000108005649 12.00000008811822 12.000000071569916 12.000000057845854 12.00000004650611 12.000000037174267 12.000000029528854 12.000000023296044 12.000000018242071 12.00000001416845 12.00000001090646 12.000000008313286 12.000000006268404 12.000000004670206 12.000000003433556 12.000000002487216 12.000000001772085 12.00000000123928 12.000000000848567 12.000000000567242 12.000000000368896 12.000000000232395 12.000000000141053 12.000000000081947 12.000000000045182 12.00000000002339 12.000000000011198 12.000000000004873 12.000000000001883 12.000000000000622 12.000000000000176 12.000000000000032 11.99999999999999 11.999999999999972 11.999999999999972 11.999999999999972 11.999999999999972 11.999999999999968 11.999999999999975 11.999999999999979 11.999999999999972 11.999999999999972 11.999999999999979 11.999999999999982 11.999999999999984 11.999999999999984 11.999999999999979 11.999999999999977 11.999999999999977 11.999999999999977 11.999999999999973 11.999999999999972 11.99999999999997 11.999999999999964 11.999999999999961 11.999999999999963 11.999999999999963 11.999999999999963 11.999999999999961 11.999999999999957 11.99999999999996 11.999999999999956 11.999999999999956 11.99999999999996 11.99999999999996 11.999999999999957 11.999999999999956 11.999999999999954 11.999999999999948 11.999999999999947 11.99999999999994 11.999999999999941 11.999999999999941 11.999999999999941 11.999999999999938 11.99999999999994 11.999999999999941 11.999999999999929 11.999999999999911 11.999999999999893 11.999999999999888 11.999999999999877 11.999999999999881 11.999999999999885 
34.99999999999999 34.99999999999999 34.99999999999999 34.999999999999986 34.999999999999986 34.999999999999986 34.999999999999986 34.99999999999999 34.99999999999999 34.99999999999999 35.0 34.99999999999999 35.0 35.0 35.00000000000001 35.00000000000001 35.00000000000001 35.00000000000001 35.00000000000001 35.00000000000001 35.00000000000001 35.0 35.00000000000001 35.00000000000001 35.00000000000001 35.00000000000001 35.00000000000001 35.00000000000001 35.0 34.999999999999986 34.99999999999998 34.999999999999986 35.0 35.00000000000001 35.00000000000001 35.00000000000001 35.0 34.99999999999999 34.99999999999999 34.999999999999986 34.999999999999986 34.99999999999999 34.99999999999999 34.99999999999999 35.0 35.00000000000001 35.0 34.999999999999986 34.99999999999999 35.0 35.00000000000001 35.000000000000014 35.000000000000014 35.000000000000014 35.00000000000002 35.00000000000003 35.00000000000003 35.000000000000036 35.00000000000002 35.00000000000001 35.00000000000001 35.00000000000001 35.00000000000001 35.00000000000001 35.00000000000001 35.00000000000001 35.00000000000001 35.000000000000014 35.00000000000001 35.0 34.999999999999986 34.99999999999999 35.0 35.00000000000001 35.00000000000003 35.000000000000036 35.00000000000003 35.00000000000002 35.000000000000014 35.000000000000014 35.00000000000002 35.00000000000002 35.00000000000002 35.00000000000003 35.000000000000014 35.00000000000001 35.000000000000014 35.00000000000001 35.0 35.0 35.0 35.0 35.0 35.00000000000001 35.00000000000001 34.99999999999999 34.999999999999986 34.99999999999998 34.99999999999998 34.99999999999997 34.99999999999997 34.99999999999998 34.999999999999964 34.999999999999964 34.999999999999964 34.99999999999996 34.99999999999995 34.99999999999994 34.99999999999994 34.999999999999936 34.99999999999993 34.99999999999993 34.99999999999993 34.999999999999936 34.99999999999994 34.999999999999936 34.999999999999936 34.99999999999993 34.999999999999915 34.99999999999991 34.999999999999915 34.999999999999915 34.999999999999915 34.999999999999915 34.999999999999915 34.99999999999992 34.99999999999993 34.99999999999992 34.999999999999915 34.99999999999992 34.99999999999992 34.99999999999993 34.999999999999936 34.99999999999994 34.99999999999995 34.99999999999996 34.99999999999997 34.999999999999986 34.999999999999986 34.99999999999999 35.0 35.0 34.999999999999986 34.99999999999997 34.99999999999998 34.999999999999986 35.0 34.99999999999997 34.999999999999964 34.999999999999936 34.99999999999993 34.99999999999993 34.99999999999992 34.99999999999992 34.99999999999994 34.99999999999995 34.999999999999936 34.99999999999995 34.99999999999995 34.999999999999964 34.99999999999996 34.99999999999996 34.99999999999995 34.99999999999995 34.99999999999996 34.99999999999999 34.99999999999998 34.99999999999998 34.999999999999964 34.99999999999997 34.99999999999995 34.99999999999995 34.99999999999995 34.999999999999936 34.99999999999993 34.99999999999994 34.999999999999936 34.99999999999992 34.99999999999992 34.99999999999992 34.99999999999993 34.99999999999994 34.99999999999994 34.99999999999993 34.99999999999993 34.9999999999999 34.999999999999865 34.99999999999986 34.999999999999865 34.999999999999844 34.99999999999983 34.99999999999983 34.99999999999982 34.99999999999978 34.99999999999971 34.99999999999966 34.99999999999964 34.999999999999645 34.99999999999967 34.999999999999694 
0.998493291801556 0.9615693260186774 0.9415523064606727 0.9270110418097531 0.9151854668933965 0.9046982701038995 0.8939474530427894 0.8860129147395057 0.8757476776008105 0.8689995748044179 0.8590817140814093 0.8493992852696145 0.8397150652589045 0.8299180876446554 0.8199448820723082 0.8097536643714441 0.799313746470839 0.7886003844349821 0.7775917899796891 0.7662669570586431 0.7546035743376801 0.7425754090670368 0.7301483085414074 0.7172731590045663 0.7038718495785534 0.6898049652464897 0.6842818695280453 0.6694209754321224 0.6542387813669619 0.6384804528661008 0.6323934205627898 0.6160196872995498 0.5993901769955007 0.5821817576569199 0.5756845055998804 0.5579830976742644 0.5400605853197025 0.5215389659734228 0.5146685199369779 0.49579354537721415 0.47674069682967946 0.45707613835580657 0.4498572224233785 0.43002134289374294 0.4100712116601725 0.38951550617143604 0.38200192139684724 0.3615126019900924 0.34099935479941074 0.3199160360817494 0.31221465144715793 0.29149601439628875 0.2708717864588401 0.24974918409763025 0.24203741197078063 0.221602745315086 0.20139854904367968 0.1808207057117585 0.17322791512597424 0.1538051772966185 0.13491462807948015 0.11610987214858569 0.10692547034216676 0.08963723880381183 0.08025512113946298 0.06494634952732363 0.057731102526396356 0.04492321757416495 0.038025032729993274 0.02768566762320862 0.021852286782708712 0.016908263200739012 0.013140290060291961 0.010316755667764117 0.008207487276622117 0.006623825583703892 0.005421857585941252 0.0044964330910591006 0.0037725079959530818 0.0031970272956916668 0.0027324691079104128 0.0023521141361049764 0.0020367248862205685 0.0017722629085733324 0.0015483317277841925 0.001357114172967962 0.0011926431465024109 0.0010502966436359315 0.0009264442897433748 0.0008181969279060478 0.0007232270140756013 0.0006396380446608543 0.0005658685360460221 0.0005006204629226652 0.00044280523825039755 0.00039150259460772076 0.0003459288051428831 0.00030541187391076955 0.0002693721050773353 0.0002373065870247084 0.00020877677204433285 0.00018339840691026152 0.00016083335837461423 0.00014078296006409457 0.00012298237922440792 0.0001071960838400409 9.321391581498776e-05 8.084795600125489e-05 6.992964071063057e-05 6.030766243496615e-05 5.1845737659226165e-05 4.4421094422549146e-05 3.792296532510742e-05 3.2251271337626474e-05 2.7315654567491584e-05 2.303436924473347e-05 1.9333615990221456e-05 1.6146652866763656e-05 1.3413255254899183e-05 1.1079077678051806e-05 9.095186817416703e-06 7.417574000909662e-06 6.006675264367888e-06 4.827139007740662e-06 3.847309341243384e-06 3.0390446317078945e-06 2.377329593769791e-06 1.8400500037429925e-06 1.4077365972529113e-06 1.0633172928758313e-06 7.919148448740366e-07 5.806190983875558e-07 4.183263508708413e-07 2.9554894714879543e-07 2.0421985170219587e-07 1.375881320722983e-07 9.004097966071525e-08 5.6967137090958134e-08 3.463542813709873e-08 2.0083200819475703e-08 1.0995391546647424e-08 5.610499360974747e-09 2.6191674181515866e-09 1.093741985212817e-09 3.955220616707526e-10 1.1954657270410004e-10 2.941405659537472e-11 5.894122971373303e-12 1.0052129459327628e-12 1.5524362163447356e-13 2.2795211822813594e-14 3.2710041904305474e-15 4.647048481375064e-16 6.573355861265813e-17 9.279950226835845e-18 1.3088445226254783e-18 1.8450191348524872e-19 2.599961633390367e-20 3.6628989607263925e-21 5.15933517885881e-22 7.265783746539389e-23 1.0230450574702713e-23 1.440226425445233e-24 2.027160928734291e-25 2.852746117846782e-26 4.013750115229799e-27 5.646041519784053e-28 7.940325220044372e-29 1.1164183863013195e-29 1.5692939014510715e-30 2.205284084982361e-31 3.098147889329191e-32 4.351222818784632e-33 6.109221063684348e-34 8.574694187996271e-35 1.2030993578611462e-35 1.6874257870676676e-36 2.365792828644726e-37 3.31546260443149e-38 4.6442055397494776e-39 6.502210106388909e-40 9.098571233640641e-41 1.2724083463628564e-41 1.7782700137114874e-42 2.4834882218687735e-43 3.4657228241227547e-44 4.832435460871662e-45 6.732112132417307e-46 9.36961540037654e-47 1.302714361705244e-47 1.809278419612784e-48 2.5099323387708462e-49 3.477686318867574e-50 4.812394789361629e-51 6.6502803094429995e-52 9.177406671143077e-53 1.2647122133120813e-53 1.739847411878617e-54 2.396211226296857e-55 3.727170780411382e-56 
0.0 0.0 0.0 0.0 0.0 0.0 0.0 0.0 0.0 0.0 0.0 0.0 0.0 0.0 0.0 0.0 0.0 0.0 0.0 0.0 0.0 0.0 0.0 0.0 0.0 0.0 0.0 0.0 0.0 0.0 0.0 0.0 0.0 0.0 0.0 0.0 0.0 0.0 0.0 0.0 0.0 0.0 0.0 0.0 0.0 0.0 0.0 0.0 0.0 0.0 0.0 0.0 0.0 0.0 0.0 0.0 0.0 0.0 0.0 0.0 0.0 0.0 0.0 0.0 0.0 0.0 0.0 0.0 0.0 0.0 0.0 0.0 0.0 0.0 0.0 0.0 0.0 0.0 0.0 0.0 0.0 0.0 0.0 0.0 0.0 0.0 0.0 0.0 0.0 0.0 0.0 0.0 0.0 0.0 0.0 0.0 0.0 0.0 0.0 0.0 0.0 0.0 0.0 0.0 0.0 0.0 0.0 0.0 0.0 0.0 0.0 0.0 0.0 0.0 0.0 0.0 0.0 0.0 0.0 0.0 0.0 0.0 0.0 0.0 0.0 0.0 0.0 0.0 0.0 0.0 0.0 0.0 0.0 0.0 0.0 0.0 0.0 0.0 0.0 0.0 0.0 0.0 0.0 0.0 0.0 0.0 0.0 0.0 0.0 0.0 0.0 0.0 0.0 0.0 0.0 0.0 0.0 0.0 0.0 0.0 0.0 0.0 0.0 0.0 0.0 0.0 0.0 0.0 0.0 0.0 0.0 0.0 0.0 0.0 0.0 0.0 0.0 0.0 0.0 0.0 0.0 0.0 0.0 0.0 0.0 0.0 0.0 0.0 0.0 0.0 0.0 0.0 0.0 0.0 0.0 0.0 0.0 0.0 0.0 0.0 
1900 1 13 0 0 0
12.413884724169348 12.413594382512255 12.413278769450478 12.412933635506354 12.41255404865495 12.412142632237083 12.411645630814535 12.411161341534543 12.410534220625783 12.40996650140705 12.409199722972462 12.408365387343851 12.407444844315913 12.406425207620954 12.405295496269657 12.404045364736707 12.402664598211436 12.401142890873091 12.399469745283833 12.3976344278644 12.39562594713252 12.393433025878053 12.391044018634254 12.388446657721166 12.385627307499725 12.382568753573805 12.38049386253065 12.376963761656718 12.37319096654813 12.369153630173782 12.366349144968103 12.361786336148786 12.356951477799994 12.35182710280111 12.348232416107741 12.34252936863406 12.33652714005341 12.33022140955199 12.325763991110275 12.31883912258305 12.311598089152291 12.30405877261323 12.298681656001369 12.290505385043272 12.28201241571656 12.273253262963731 12.266941285582396 12.257560775654527 12.247886255625076 12.238012622409263 12.230818115728813 12.220385400499074 12.209712893181123 12.198952090049486 12.1910247354695 12.179832182271927 12.1684974949863 12.157239698402162 12.148871110525995 12.13740330380763 12.125954267886689 12.11481594046927 12.106531004759502 12.095539284747748 12.084816334193517 12.07471627327348 12.06623907941809 12.057102858927918 12.047742887029527 12.03995998149564 12.032588888557571 12.026315459783858 12.020964932542443 12.01609670102683 12.012196488451616 12.00872543208114 12.005895903546913 12.003842150013808 12.002489074429233 12.001615329611324 12.001059124858081 12.000706511302756 12.000481606813798 12.000336141923038 12.000240242675194 12.000175624284266 12.000131081792848 12.000099682119165 12.000077070477754 12.000060461600794 12.00004803885388 12.000038593455333 12.000031305083036 12.000025606359376 12.000021097706819 12.000017492900788 12.000014583632801 12.000012216046164 12.000010274936944 12.000008672942519 12.000007343034138 12.00000623322519 12.00000530279018 12.000004519531094 12.000003857774733 12.0000032968854 12.000002820160427 12.00000241398386 12.000002067190467 12.000001770571103 12.000001516486854 12.000001298573528 12.000001111502181 12.000000950792295 12.00000081266219 12.000000693908952 12.000000591809943 12.000000504044433 12.000000428628766 12.000000363862537 12.000000308285529 12.000000260641194 12.00000021984578 12.000000184963447 12.000000155185315 12.00000012981055 12.000000108232316 12.000000089924788 12.000000074431085 12.00000006135532 12.000000050353641 12.000000041128441 12.000000033420804 12.000000027007074 12.000000021693202 12.000000017311587 12.000000013717635 12.00000001078637 12.000000008410712 12.000000006498404 12.000000004970737 12.00000000376046 12.000000002810458 12.000000002072266 12.000000001505295 12.000000001075255 12.000000000753742 12.000000000517238 12.00000000034645 12.000000000225684 12.000000000142352 12.000000000086482 12.000000000050235 12.000000000027665 12.000000000014277 12.0000000000068 12.000000000002935 12.000000000001114 12.000000000000357 12.000000000000089 12.000000000000016 11.999999999999996 11.999999999999984 11.999999999999982 11.999999999999982 11.999999999999988 11.999999999999984 11.999999999999979 11.999999999999979 11.999999999999966 11.99999999999996 11.999999999999957 11.99999999999995 11.999999999999945 11.999999999999954 11.999999999999956 11.999999999999954 11.999999999999952 11.999999999999948 11.999999999999947 11.999999999999948 11.999999999999948 11.999999999999947 11.999999999999948 11.999999999999952 11.999999999999947 11.999999999999947 11.999999999999945 11.999999999999938 11.999999999999932 11.999999999999929 11.999999999999927 11.999999999999918 11.999999999999897 11.999999999999872 11.999999999999838 11.999999999999817 11.999999999999805 11.999999999999803 11.999999999999805 
34.99999999999998 34.99999999999998 34.99999999999998 34.99999999999998 34.99999999999997 34.99999999999998 34.999999999999986 34.999999999999986 34.99999999999998 34.99999999999997 34.999999999999964 34.999999999999964 34.999999999999964 34.99999999999997 34.99999999999997 34.99999999999997 34.99999999999997 34.99999999999997 34.99999999999998 34.999999999999986 34.99999999999999 34.99999999999999 35.0 34.99999999999999 35.0 35.0 34.999999999999986 34.99999999999998 34.99999999999998 34.999999999999986 34.999999999999986 34.999999999999986 34.99999999999999 34.999999999999986 34.999999999999986 34.999999999999986 34.999999999999986 34.999999999999986 34.99999999999999 35.0 35.00000000000001 35.00000000000001 35.000000000000014 35.000000000000014 35.00000000000003 35.00000000000004 35.00000000000004 35.00000000000004 35.00000000000004 35.000000000000036 35.00000000000003 35.00000000000002 35.00000000000002 35.00000000000003 35.00000000000002 35.00000000000002 35.000000000000014 35.000000000000014 35.00000000000002 35.00000000000002 35.00000000000003 35.000000000000014 35.00000000000001 35.0 35.0 34.99999999999999 35.00000000000001 35.0 35.00000000000001 35.0 34.99999999999999 34.99999999999999 35.0 35.0 35.0 35.00000000000001 35.0 35.00000000000001 35.00000000000002 35.00000000000002 35.00000000000003 35.000000000000036 35.00000000000004 35.00000000000004 35.00000000000003 35.00000000000002 35.00000000000001 35.000000000000014 35.00000000000002 35.00000000000002 35.000000000000014 35.00000000000003 35.000000000000036 35.00000000000003 35.00000000000002 35.00000000000002 35.000000000000014 35.000000000000014 35.00000000000003 35.00000000000003 35.00000000000002 35.000000000000014 35.0 34.999999999999986 34.999999999999986 34.999999999999986 34.99999999999999 34.999999999999986 34.99999999999999 34.999999999999986 34.999999999999986 34.99999999999998 34.999999999999964 34.999999999999964 34.99999999999997 34.99999999999998 34.99999999999997 34.99999999999996 34.999999999999964 34.999999999999964 34.99999999999996 34.999999999999936 34.99999999999993 34.99999999999994 34.99999999999994 34.99999999999994 34.99999999999994 34.999999999999936 34.99999999999994 34.999999999999936 34.999999999999936 34.99999999999993 34.999999999999936 34.999999999999936 34.99999999999994 34.99999999999994 34.99999999999995 34.99999999999996 34.99999999999995 34.99999999999996 34.999999999999964 34.99999999999996 34.999999999999964 34.99999999999997 34.999999999999964 34.999999999999964 34.999999999999964 34.99999999999997 34.99999999999998 34.99999999999997 34.99999999999997 34.999999999999964 34.99999999999996 34.999999999999964 34.99999999999998 34.99999999999997 34.999999999999964 34.99999999999996 34.99999999999995 34.99999999999995 34.99999999999998 34.999999999999986 34.99999999999997 34.999999999999986 34.999999999999986 34.99999999999999 34.99999999999999 34.999999999999986 34.99999999999999 34.999999999999986 34.99999999999999 34.999999999999986 34.999999999999964 34.999999999999936 34.999999999999936 34.99999999999993 34.99999999999993 34.99999999999992 34.999999999999915 34.99999999999993 34.99999999999993 34.99999999999992 34.9999999999999 34.999999999999915 34.999999999999915 34.99999999999989 34.99999999999987 34.999999999999844 34.99999999999983 34.999999999999815 34.999999999999794 34.99999999999979 34.99999999999975 34.999999999999716 34.99999999999966 34.99999999999959 34.9999999999995 34.99999999999946 34.99999999999945 34.999999999999474 
0.9991462835290758 0.9624718909584864 0.9427372757389211 0.9285132077112646 0.9169149803842656 0.9072008965603978 0.8970367375640012 0.8894400009475798 0.880015705687467 0.8735988307455189 0.8646148684239706 0.8558779329172165 0.8471804099897875 0.8384226005989326 0.8295462193440234 0.8205121611877313 0.8112912506570841 0.8018596912230981 0.792196416419779 0.782281194203361 0.7720928840490757 0.7616073819140745 0.7507946708432564 0.7396139392736298 0.7280044882547168 0.7158665361341342 0.7109476003925144 0.6981219807980289 0.6850208492727763 0.6714624458300003 0.6661315524770919 0.6520156775055419 0.6376694746445507 0.622863538830992 0.6172224379363936 0.6019381915765094 0.5864408790887199 0.570463457375909 0.5645299003799693 0.5481572189059546 0.5315908783184928 0.5145248590793905 0.508300846398128 0.4909446742066142 0.47342523473240367 0.45539395840003694 0.4488924269086399 0.43070645218186165 0.4124023198560178 0.3935861942336023 0.38684124626197 0.3680436129085454 0.3491910021220491 0.3298442366824469 0.3229187665247646 0.3038129565068263 0.28473914923582744 0.26521772149254613 0.25821869685566645 0.2392345530068464 0.22040571777631957 0.20122583662463633 0.1943573118333121 0.17613352270324104 0.15824585531648877 0.14018805423198225 0.13244411445479828 0.11553063314595609 0.10434298648726563 0.08862821435529254 0.07986691366550709 0.06560304650057865 0.05900160477957655 0.04654327811460366 0.04102976066532386 0.030713305288861376 0.024827230278939412 0.01937003826402423 0.015206437527515061 0.012029020263441064 0.009615927944249736 0.007783251083374241 0.006382953382098934 0.0053017209721165515 0.004455748613432739 0.0037842310044970636 0.0032433852325874503 0.002801667560184921 0.002436213087409081 0.002130287235167113 0.0018714971324630468 0.001650545925232355 0.0014603655864043438 0.0012955103345500443 0.0011517291990730363 0.0010256619342295542 0.0009146204201830046 0.000816429810307096 0.0007293117298422957 0.0006517975298356562 0.0005826629894744057 0.0005208788961652758 0.000465572933454684 0.00041600031888459855 0.0003715207951314369 0.0003315803150511793 0.0002956967797614561 0.0002634482500778035 0.00023446367666678561 0.00020841527640451708 0.00018501215705955684 0.0001639953009537778 0.00014513314542242061 0.00012821808608217967 0.00011306340126084082 9.950081036979765e-05 8.73781881316505e-05 7.655786572885741e-05 6.691493303857529e-05 5.833596645633236e-05 5.071776503742074e-05 4.3966464771193833e-05 3.7996494835049476e-05 3.272989232799937e-05 2.8095605858116596e-05 2.4028795301657373e-05 2.047040472660546e-05 1.736664077742147e-05 1.466847748325574e-05 1.233132481203351e-05 1.0314646395419578e-05 8.581699611471757e-06 7.099100697419436e-06 5.836721676972276e-06 4.767316516032781e-06 3.866359289365526e-06 3.1118119073891423e-06 2.483916934343017e-06 1.9650486227651907e-06 1.5394944068440777e-06 1.1933467643212782e-06 9.14309051959585e-07 6.915957966533281e-07 5.157519674130226e-07 3.7861477987875687e-07 2.7307472155408827e-07 1.9308200945769477e-07 1.3347573334136718e-07 8.992359870639635e-08 5.880008012488149e-08 3.713060366025426e-08 2.2500631301224254e-08 1.2972757632386914e-08 7.039880206204661e-09 3.5422729827301572e-09 1.6204859607542111e-09 6.566994341540306e-10 2.2763134311899482e-10 6.513310022888776e-11 1.507165801745169e-11 2.8723707327431123e-12 4.758326860550014e-13 7.284756624032607e-14 1.0735693041158607e-14 1.5552894914797169e-15 2.2361298103360106e-16 3.203758364655762e-17 4.5818229122443366e-18 6.545415456561343e-19 9.342915621386638e-20 1.3326854476227813e-20 1.8997571848029253e-21 2.70649961364199e-22 3.8536064881055434e-23 5.483839271342602e-24 7.799514851663298e-25 1.108722418097464e-25 1.5752756582516233e-26 2.2370422319356938e-27 3.1752680648992333e-28 4.50483939925617e-29 6.388142475934641e-30 9.054606803991005e-31 1.282825291240537e-31 1.8166509101851964e-32 2.5714886503307624e-33 3.6383959628775803e-34 5.145770122717701e-35 7.274585618164148e-36 1.0279810725919084e-36 1.4520482519412746e-37 2.0501892673663496e-38 2.893466477845087e-39 4.081632638784059e-40 5.756218085177687e-41 8.111640418783506e-42 1.1423757603611459e-42 1.6084976560947349e-43 2.270303054444126e-44 3.6342792316583246e-45 
0.0 0.0 0.0 0.0 0.0 0.0 0.0 0.0 0.0 0.0 0.0 0.0 0.0 0.0 0.0 0.0 0.0 0.0 0.0 0.0 0.0 0.0 0.0 0.0 0.0 0.0 0.0 0.0 0.0 0.0 0.0 0.0 0.0 0.0 0.0 0.0 0.0 0.0 0.0 0.0 0.0 0.0 0.0 0.0 0.0 0.0 0.0 0.0 0.0 0.0 0.0 0.0 0.0 0.0 0.0 0.0 0.0 0.0 0.0 0.0 0.0 0.0 0.0 0.0 0.0 0.0 0.0 0.0 0.0 0.0 0.0 0.0 0.0 0.0 0.0 0.0 0.0 0.0 0.0 0.0 0.0 0.0 0.0 0.0 0.0 0.0 0.0 0.0 0.0 0.0 0.0 0.0 0.0 0.0 0.0 0.0 0.0 0.0 0.0 0.0 0.0 0.0 0.0 0.0 0.0 0.0 0.0 0.0 0.0 0.0 0.0 0.0 0.0 0.0 0.0 0.0 0.0 0.0 0.0 0.0 0.0 0.0 0.0 0.0 0.0 0.0 0.0 0.0 0.0 0.0 0.0 0.0 0.0 0.0 0.0 0.0 0.0 0.0 0.0 0.0 0.0 0.0 0.0 0.0 0.0 0.0 0.0 0.0 0.0 0.0 0.0 0.0 0.0 0.0 0.0 0.0 0.0 0.0 0.0 0.0 0.0 0.0 0.0 0.0 0.0 0.0 0.0 0.0 0.0 0.0 0.0 0.0 0.0 0.0 0.0 0.0 0.0 0.0 0.0 0.0 0.0 0.0 0.0 0.0 0.0 0.0 0.0 0.0 0.0 0.0 0.0 0.0 0.0 0.0 0.0 0.0 0.0 0.0 0.0 0.0 
1900 1 14 0 0 0
12.380901050181745 12.380657085728675 12.380393774004693 12.38010828599516 12.379797134493806 12.379462699867073 12.379067223104814 12.378678499240255 12.378189224325954 12.377739093480914 12.377149207850556 12.376510861360872 12.375810762557082 12.375039798847963 12.374190259382658 12.37325490281287 12.372226577764554 12.371098047334444 12.369861898710662 12.368510489135014 12.367035902171239 12.365429891662105 12.363683778757654 12.36178822903617 12.359732732359387 12.357504308114176 12.35598523011427 12.353414850364654 12.350669965954012 12.347733048633984 12.34570728069831 12.342387957011951 12.338871764045164 12.335141827958202 12.332557845564043 12.328402683117538 12.324027667128396 12.319421383354863 12.316218301265733 12.311148921929952 12.305841063387495 12.300293572275576 12.296414817916043 12.290376836599497 12.284089790850812 12.277568383117101 12.272975490748072 12.265952362880798 12.258681442307209 12.251199924979165 12.24588630573527 12.237914966981089 12.229713613623254 12.221349505701582 12.215356562612527 12.206546721039517 12.197547202875372 12.188463354679334 12.181901673120965 12.17246053746992 12.162900805555987 12.15337327681938 12.146452338683753 12.13671655404222 12.126974953353272 12.117428073643758 12.110487773355336 12.100962516348538 12.091600683873361 12.082648195516363 12.075590409937051 12.06712752112932 12.058047902240666 12.05045279745903 12.042930088039245 12.036413352675114 12.030158830915171 12.024791934843291 12.020068353667764 12.015834126252425 12.012505623097915 12.009389625596153 12.006749375512703 12.004549416432365 12.003047111940926 12.002029050863959 12.001355727552577 12.000915702918162 12.00062854894088 12.000439873621406 12.00031429539336 12.000229289846722 12.000170639469928 12.000129359528547 12.000099726219611 12.000078046851183 12.000061902123253 12.00004968001335 12.00004028748068 12.00003297036236 12.000027199397037 12.000022597059948 12.000018889865176 12.000015876791341 12.000013408053062 12.000011370613084 12.0000096781482 12.000008264011493 12.000007076214349 12.000006073817113 12.000005224297183 12.00000450160664 12.00000388472203 12.000003356557746 12.000002903135497 12.000002512949784 12.000002176476462 12.000001885789914 12.000001634261588 12.000001416322462 12.000001227274192 12.000001063134961 12.000000920521387 12.000000796543864 12.000000688730756 12.000000594958827 12.000000513400428 12.000000442477534 12.000000380824538 12.000000327257904 12.000000280748356 12.000000240401048 12.000000205434867 12.0000001751677 12.000000149004249 12.000000126422853 12.000000106966327 12.00000009023457 12.000000075876194 12.000000063582913 12.000000053084838 12.000000044144201 12.000000036552969 12.000000030128772 12.000000024711243 12.00000002016052 12.00000001635402 12.00000001318433 12.00000001055827 12.000000008394155 12.000000006621374 12.000000005178432 12.000000004012266 12.000000003077067 12.000000002333488 12.00000000174773 12.0000000012912 12.000000000939444 12.000000000671935 12.000000000471443 12.000000000323627 12.000000000216719 12.000000000141 12.000000000088754 12.000000000053705 12.000000000031012 12.00000000001693 12.000000000008614 12.000000000004025 12.000000000001675 12.000000000000597 12.000000000000156 12.000000000000009 11.999999999999961 11.999999999999956 11.999999999999956 11.999999999999957 11.999999999999956 11.999999999999948 11.999999999999948 11.999999999999941 11.999999999999941 11.999999999999947 11.999999999999948 11.999999999999948 11.99999999999995 11.999999999999943 11.999999999999943 11.999999999999934 11.999999999999925 11.999999999999913 11.999999999999895 11.999999999999876 11.999999999999856 11.999999999999835 11.999999999999803 11.999999999999776 11.99999999999975 11.99999999999973 11.99999999999973 
34.99999999999997 34.99999999999997 34.99999999999998 34.99999999999998 34.99999999999998 34.99999999999997 34.99999999999996 34.99999999999994 34.999999999999936 34.999999999999936 34.99999999999993 34.99999999999993 34.999999999999936 34.99999999999993 34.99999999999992 34.99999999999992 34.999999999999936 34.99999999999994 34.99999999999994 34.99999999999995 34.99999999999995 34.999999999999936 34.99999999999993 34.99999999999993 34.99999999999993 34.99999999999992 34.99999999999992 34.99999999999993 34.999999999999936 34.99999999999994 34.99999999999995 34.999999999999964 34.99999999999997 34.99999999999997 34.99999999999998 34.99999999999999 34.99999999999999 34.99999999999999 34.99999999999999 34.99999999999999 34.99999999999999 34.99999999999999 34.99999999999999 35.0 34.99999999999999 34.99999999999999 34.99999999999999 34.99999999999999 34.99999999999998 34.99999999999997 34.99999999999998 34.999999999999986 34.999999999999986 35.0 35.0 35.0 35.00000000000001 35.00000000000001 35.00000000000001 35.000000000000014 35.00000000000002 35.00000000000002 35.000000000000014 35.000000000000014 35.00000000000001 35.0 35.0 34.99999999999999 34.999999999999986 34.999999999999986 35.0 34.99999999999999 34.99999999999999 34.99999999999999 34.999999999999986 34.99999999999999 35.0 35.0 35.0 35.0 35.00000000000001 35.0 34.99999999999999 35.0 35.0 35.00000000000001 35.000000000000014 35.000000000000014 35.00000000000002 35.000000000000014 35.000000000000014 35.00000000000001 35.000000000000014 35.00000000000001 34.99999999999999 34.99999999999999 34.999999999999986 34.999999999999986 34.999999999999986 34.99999999999998 34.999999999999986 34.999999999999986 34.99999999999999 35.00000000000001 34.99999999999999 34.999999999999986 34.99999999999998 34.99999999999998 34.999999999999986 34.99999999999999 34.999999999999986 34.99999999999998 34.999999999999986 34.99999999999999 34.99999999999999 35.0 34.999999999999986 34.99999999999998 34.999999999999986 34.999999999999986 34.999999999999986 34.999999999999986 34.99999999999998 34.99999999999998 34.99999999999998 34.99999999999998 34.999999999999986 34.99999999999998 34.99999999999997 34.99999999999996 34.99999999999995 34.99999999999995 34.99999999999994 34.99999999999995 34.99999999999996 34.99999999999995 34.999999999999936 34.99999999999993 34.99999999999993 34.99999999999993 34.99999999999993 34.99999999999992 34.99999999999993 34.99999999999994 34.999999999999936 34.999999999999936 34.99999999999993 34.99999999999993 34.99999999999993 34.999999999999936 34.99999999999994 34.99999999999995 34.99999999999994 34.99999999999995 34.99999999999996 34.99999999999995 34.99999999999996 34.999999999999964 34.999999999999964 34.99999999999998 34.99999999999998 34.99999999999998 34.99999999999997 35.0 35.0 34.99999999999999 34.999999999999986 34.99999999999997 34.999999999999964 34.99999999999994 34.99999999999995 34.99999999999994 34.999999999999936 34.99999999999993 34.99999999999993 34.99999999999993 34.99999999999993 34.999999999999936 34.999999999999915 34.99999999999992 34.999999999999936 34.99999999999991 34.99999999999992 34.99999999999991 34.999999999999886 34.99999999999988 34.99999999999986 34.999999999999844 34.99999999999981 34.99999999999977 34.999999999999744 34.99999999999969 34.999999999999616 34.99999999999959 34.999999999999545 34.999999999999446 34.999999999999375 34.99999999999931 34.999999999999254 34.999999999999254 
0.9999110710587378 0.963443415498629 0.9439367233179227 0.929989215638914 0.9187094065743813 0.909320497806284 0.8997156641573603 0.8924003513133401 0.8836510557303634 0.8775013790496446 0.8692550248374584 0.8612624727184572 0.8533393789920843 0.8453949934562637 0.8373751870311903 0.8292430614223518 0.8209707782589467 0.8125355002330267 0.803917022831854 0.7950961055603913 0.7860529983795607 0.7767658014143634 0.7672082490647515 0.7573462515051846 0.7471318379191529 0.7364912855973798 0.7320278842894711 0.7207893998316204 0.7093178550111415 0.6974789684311486 0.6927140557276509 0.6803758259774483 0.6678370474464531 0.6549296600043378 0.6499306846740626 0.636578093003002 0.6230330795883551 0.6091018293037902 0.6038753893729378 0.5895519406065379 0.5750434097211972 0.5601294097989361 0.5546687442384097 0.5394287934808114 0.5240173464849925 0.5081843409449551 0.5024886297001915 0.4864153749675105 0.47019314401946327 0.4535389341604926 0.44762052081032855 0.4308362897601729 0.41393654040638117 0.39660281334539804 0.39049189091918624 0.3731693335285432 0.3557782566783575 0.3379638076579272 0.33171493016690423 0.31409354698172703 0.2964683007215033 0.2784497664715816 0.27215383106228164 0.2545664242619055 0.2370638000847951 0.21922759975117753 0.2130245062169909 0.19593334738287177 0.17904110007550503 0.16189295501515513 0.15527933867103724 0.1391121512441791 0.12702523145700767 0.1115973082746222 0.10224442002603792 0.08777134170478186 0.07968779061686891 0.06643428341919846 0.0601168785146949 0.04834699960259605 0.04348689372895377 0.03376982031341602 0.02826979757578261 0.022100154979759166 0.017620015686419854 0.014096545111558358 0.011358200524512543 0.009241595443361107 0.007603308431875486 0.006327310371616771 0.005323895974672803 0.004525607373598184 0.0038824932034353605 0.003357797338676317 0.002924464029287538 0.002562478717850349 0.002256915991677351 0.00199653389704946 0.0017727705435840546 0.0015790292251014072 0.001410167532487366 0.001262130367694781 0.0011316841626226241 0.0010162227844801603 0.0009136243908260739 0.000822144820276989 0.0007403373855629145 0.0006669921011965693 0.0006010888470403477 0.0005417612649766372 0.00048826852410273445 0.0004399731277651375 0.00039632308027805023 0.00035683789416047986 0.0003210970157143672 0.00028873066516726714 0.0002594121250448487 0.0002328516316731569 0.00020879101895715754 0.00018699954178689177 0.00016727023330188843 0.0001494167665807596 0.00013327110126027888 0.00011868102675340092 0.00010550856891392967 9.36281974112031e-05 8.292558586393028e-05 7.329635009881711e-05 6.464506992028355e-05 5.688441728810316e-05 4.993432453811717e-05 4.3721381835038865e-05 3.8178179898976676e-05 3.324274744763504e-05 2.8858285163421106e-05 2.4972515558397756e-05 2.1537414440106755e-05 1.850892286669135e-05 1.58465328241119e-05 1.351315545313845e-05 1.1474803543268246e-05 9.700308840682646e-06 8.161207683070986e-06 6.83156327594179e-06 5.687643045541423e-06 4.707961534915866e-06 3.8729706362926116e-06 3.164938296865523e-06 2.5679382967958302e-06 2.067515839815081e-06 1.6507836719406528e-06 1.3061643701314426e-06 1.0233406813611538e-06 7.931520004740005e-07 6.07512860746483e-07 4.592676131795819e-07 3.4221137165584304e-07 2.508979189416486e-07 1.806388490341793e-07 1.2741335130283324e-07 8.778646205341673e-08 5.8876762565803896e-08 3.826073017770371e-08 2.396347742391585e-08 1.4355520880824515e-08 8.148293361064078e-09 4.327923269295301e-09 2.112215440145663e-09 9.268826230146256e-10 3.5373220475475643e-10 1.1342855341117285e-10 2.948486810476531e-11 6.2039837947690885e-12 1.1010898306939113e-12 1.7587930680111664e-13 2.66073485659121e-14 3.925193440178526e-15 5.726590278539556e-16 8.313910704100272e-17 1.2042987187249731e-17 1.742437770376879e-18 2.5192205630573663e-19 3.640280151629633e-20 5.257609034063487e-21 7.589826475972363e-22 1.0951219403967034e-22 1.579332411491167e-23 2.276440495881489e-24 3.279442729450745e-25 4.721626808825083e-26 6.793829435207578e-27 9.76885570412892e-28 1.4037436137435178e-28 2.0155865284501524e-29 2.8912521865188516e-30 4.142944452209218e-31 5.928499300455364e-32 8.482268578900091e-33 1.2162202536588419e-33 1.980644532360975e-34 
0.0 0.0 0.0 0.0 0.0 0.0 0.0 0.0 0.0 0.0 0.0 0.0 0.0 0.0 0.0 0.0 0.0 0.0 0.0 0.0 0.0 0.0 0.0 0.0 0.0 0.0 0.0 0.0 0.0 0.0 0.0 0.0 0.0 0.0 0.0 0.0 0.0 0.0 0.0 0.0 0.0 0.0 0.0 0.0 0.0 0.0 0.0 0.0 0.0 0.0 0.0 0.0 0.0 0.0 0.0 0.0 0.0 0.0 0.0 0.0 0.0 0.0 0.0 0.0 0.0 0.0 0.0 0.0 0.0 0.0 0.0 0.0 0.0 0.0 0.0 0.0 0.0 0.0 0.0 0.0 0.0 0.0 0.0 0.0 0.0 0.0 0.0 0.0 0.0 0.0 0.0 0.0 0.0 0.0 0.0 0.0 0.0 0.0 0.0 0.0 0.0 0.0 0.0 0.0 0.0 0.0 0.0 0.0 0.0 0.0 0.0 0.0 0.0 0.0 0.0 0.0 0.0 0.0 0.0 0.0 0.0 0.0 0.0 0.0 0.0 0.0 0.0 0.0 0.0 0.0 0.0 0.0 0.0 0.0 0.0 0.0 0.0 0.0 0.0 0.0 0.0 0.0 0.0 0.0 0.0 0.0 0.0 0.0 0.0 0.0 0.0 0.0 0.0 0.0 0.0 0.0 0.0 0.0 0.0 0.0 0.0 0.0 0.0 0.0 0.0 0.0 0.0 0.0 0.0 0.0 0.0 0.0 0.0 0.0 0.0 0.0 0.0 0.0 0.0 0.0 0.0 0.0 0.0 0.0 0.0 0.0 0.0 0.0 0.0 0.0 0.0 0.0 0.0 0.0 0.0 0.0 0.0 0.0 0.0 0.0 
1900 1 15 0 0 0
12.352816561040083 12.352608524999283 12.352385325850918 12.352144928542486 12.351885211233855 12.35160737921932 12.351285398149303 12.350966276371308 12.350574665661371 12.350209019742861 12.34974284653993 12.349240808506577 12.348693142933836 12.348093205654086 12.34743541267794 12.34671453941383 12.345925430985545 12.345062863980061 12.344121470289936 12.343095686006084 12.341979705451525 12.340767423527184 12.339452342637307 12.338027398578122 12.336484604269748 12.334814263441695 12.333666216687478 12.331742242981957 12.329690091798058 12.327496232641229 12.325986379877378 12.323508739981383 12.32088612426849 12.318104386710921 12.316191659518902 12.31309291193445 12.309830879255298 12.306393579570688 12.304029888277302 12.300244015860098 12.296278304197765 12.29212558359494 12.28926310148951 12.284735193140033 12.280014901382541 12.275102922410166 12.271701628751867 12.266395922136205 12.26089147664286 12.255200539699478 12.251235683583761 12.245144236693761 12.238856425328173 12.232400418323076 12.227870984535476 12.221024122295606 12.213995199545744 12.206833277270224 12.20177264285366 12.194252100371898 12.186579925563759 12.178831364921889 12.173321673058272 12.165277443639294 12.15713373449711 12.148996932755482 12.143188181723477 12.134859391766522 12.126511956437806 12.11828599991343 12.112398140337499 12.104128848934554 12.095952080626597 12.088030570551533 12.081313189263028 12.073576519957648 12.067354700508325 12.059482141399235 12.05190043179327 12.044849929712138 12.039076058078978 12.033364537772256 12.028044276489416 12.023399476533935 12.019245032835244 12.015538525653808 12.01261381222814 12.009747482234253 12.007535744556849 12.00518181315169 12.003630047618858 12.002491138600943 12.001703201661618 12.001169962470781 12.000812282985764 12.000572370851676 12.000410349757184 12.000299635774319 12.000222838028735 12.000168663716922 12.000129773079161 12.00010136312477 12.00008025692492 12.000064325103468 12.00005211935474 12.000042639417352 12.000035183743929 12.000029252785003 12.000024485571853 12.000020617593556 12.000017452423995 12.00001484235772 12.00001267500765 12.000010863911553 12.000009341863004 12.000008056117885 12.000006964907811 12.000006034879728 12.000005239191376 12.000004556082223 12.00000396779215 12.00000345973252 12.000003019851572 12.000002638134275 12.000002306219608 12.000002017087887 12.000001764826276 12.000001544424382 12.000001351628075 12.000001182806159 12.00000103485059 12.00000090509208 12.000000791231118 12.000000691281391 12.000000603521851 12.000000526457704 12.000000458788332 12.00000039937905 12.000000347237997 12.000000301496204 12.000000261391934 12.00000022625602 12.000000195498915 12.000000168602337 12.000000145107943 12.00000012461227 12.000000106758279 12.00000009122999 12.000000077748302 12.000000066066125 12.000000055964298 12.000000047249115 12.000000039748942 12.000000033311766 12.000000027803056 12.000000023103789 12.000000019108636 12.000000015724794 12.000000012870176 12.000000010472325 12.00000000846773 12.000000006800313 12.000000005421223 12.00000000428723 12.000000003361144 12.000000002610102 12.000000002005894 12.000000001523977 12.000000001143315 12.000000000845812 12.00000000061598 12.000000000440837 12.0000000003093 12.000000000212193 12.000000000141851 12.000000000092049 12.000000000057671 12.00000000003466 12.000000000019817 12.00000000001065 12.0000000000053 12.000000000002393 12.000000000000938 12.000000000000295 12.000000000000052 11.999999999999964 11.999999999999934 11.99999999999993 11.999999999999924 11.99999999999991 11.999999999999897 11.999999999999883 11.999999999999861 11.999999999999833 11.999999999999808 11.99999999999978 11.999999999999737 11.999999999999694 11.999999999999675 11.999999999999668 
35.000000000000014 35.000000000000014 35.00000000000002 35.00000000000002 35.00000000000002 35.000000000000014 35.00000000000001 35.0 34.99999999999999 34.999999999999986 34.999999999999986 34.99999999999999 34.99999999999999 34.99999999999999 34.99999999999999 34.999999999999986 34.99999999999998 34.99999999999997 34.99999999999996 34.99999999999995 34.99999999999995 34.99999999999994 34.99999999999995 34.99999999999996 34.999999999999964 34.99999999999997 34.99999999999998 34.999999999999986 34.999999999999986 34.999999999999986 34.99999999999999 34.99999999999999 34.99999999999999 34.999999999999986 34.99999999999998 34.99999999999997 34.99999999999997 34.99999999999997 34.99999999999997 34.999999999999964 34.99999999999996 34.99999999999998 34.99999999999998 34.99999999999998 34.99999999999997 34.99999999999998 34.99999999999997 34.99999999999998 34.99999999999998 34.999999999999986 34.999999999999986 34.999999999999986 34.99999999999999 34.99999999999999 34.99999999999999 34.999999999999986 34.99999999999999 35.0 35.0 34.99999999999999 34.99999999999999 34.99999999999999 34.99999999999999 34.99999999999999 34.99999999999999 34.999999999999986 34.99999999999998 34.999999999999986 34.999999999999986 34.999999999999986 34.99999999999999 35.00000000000001 35.000000000000014 35.00000000000002 35.00000000000002 35.00000000000001 35.00000000000001 35.00000000000001 35.0 35.00000000000001 35.00000000000001 35.000000000000014 35.00000000000002 35.000000000000014 35.000000000000014 35.000000000000014 35.00000000000002 35.00000000000003 35.00000000000002 35.000000000000014 35.00000000000002 35.00000000000001 35.00000000000001 35.000000000000014 35.000000000000014 35.000000000000014 35.000000000000014 35.00000000000001 35.00000000000001 35.00000000000001 35.0 34.99999999999999 35.0 34.99999999999999 34.999999999999986 34.99999999999999 35.0 34.999999999999986 34.99999999999998 34.99999999999998 34.99999999999998 34.99999999999998 34.99999999999998 34.99999999999998 34.99999999999997 34.99999999999997 34.999999999999964 34.999999999999964 34.99999999999996 34.99999999999996 34.99999999999996 34.99999999999995 34.99999999999994 34.99999999999995 34.99999999999995 34.99999999999996 34.999999999999964 34.99999999999997 34.999999999999964 34.999999999999964 34.99999999999996 34.99999999999994 34.999999999999936 34.99999999999993 34.999999999999936 34.999999999999936 34.99999999999993 34.999999999999936 34.99999999999993 34.99999999999993 34.999999999999936 34.99999999999994 34.99999999999993 34.99999999999993 34.999999999999936 34.99999999999995 34.99999999999995 34.99999999999996 34.999999999999964 34.999999999999964 34.999999999999964 34.999999999999964 34.999999999999964 34.999999999999964 34.999999999999964 34.99999999999997 34.999999999999964 34.999999999999964 34.999999999999964 34.99999999999995 34.99999999999996 34.99999999999996 34.99999999999996 34.99999999999996 34.999999999999964 34.999999999999964 34.999999999999964 34.99999999999997 34.99999999999997 34.99999999999997 34.99999999999997 34.99999999999997 34.999999999999964 34.999999999999964 34.99999999999996 34.99999999999995 34.99999999999995 34.99999999999994 34.99999999999994 34.999999999999936 34.99999999999993 34.99999999999991 34.9999999999999 34.999999999999886 34.99999999999987 34.999999999999865 34.999999999999815 34.99999999999981 34.999999999999766 34.99999999999972 34.999999999999694 34.99999999999966 34.9999999999996 34.99999999999954 34.99999999999947 34.99999999999939 34.99999999999928 34.99999999999917 34.99999999999911 34.99999999999908 
1.0007774777909806 0.9644819551261488 0.9451651638677616 0.9314308006385423 0.9204310400827286 0.911277771423941 0.9021258762432512 0.8950362474497751 0.8868264577960556 0.880892170907535 0.8732347843504566 0.8658362337257783 0.8585303354999864 0.8512333957489367 0.8438945867578332 0.8364787999123243 0.8289593375465732 0.8213142493352271 0.8135241894570312 0.8055709263173799 0.7974360725697845 0.7890997441355974 0.7805388496818845 0.7717245645054073 0.7626181465215449 0.7531632397311637 0.7490548583570975 0.7390805859418517 0.7289099046910741 0.718440203748343 0.7141142791971552 0.7032023479654095 0.6921180918403547 0.6807344546603269 0.6762348964591847 0.6644475455502031 0.652490981496572 0.6402203359540203 0.6355461950193497 0.6229068764577812 0.6100994249911659 0.596960840101376 0.5921006253253664 0.5786364322280889 0.565008852977369 0.5510344464086975 0.5459802564789435 0.5317359093702311 0.5173385846092885 0.5025816723040363 0.49733428078389974 0.48237896101858013 0.46728792617465303 0.45182880204508885 0.44640031813169206 0.4308339772321499 0.41515734640097135 0.39911017232394647 0.3935270269339812 0.37748893163347963 0.3613760165925277 0.3448989085724462 0.3392069193662445 0.3228888284996231 0.3065442740725938 0.28985478678294924 0.2841274559508307 0.2677937596717822 0.2514978536741855 0.2348914275718985 0.22922137468709425 0.2132180544675612 0.19730793162972185 0.18105417866814136 0.17427319775964034 0.1582082684261476 0.1520484326118616 0.136752415992629 0.12179122152137876 0.10682591417397502 0.10026929911466392 0.08676247759520322 0.07950867282397996 0.06719015552931983 0.061191692979974656 0.050142978987062756 0.04567608357299749 0.036243751790697096 0.03219670064597799 0.0244314683859419 0.020122772039192754 0.01632054041774728 0.013269764397125941 0.010866196264097856 0.00897885382266403 0.007493488458990871 0.006317276669069526 0.005377639908380115 0.004619153605946648 0.004000048006244702 0.0034890169741137664 0.0030625943491128706 0.002703118665211895 0.002397206506537834 0.002134629014691929 0.0019074926209211047 0.0017096435172868469 0.0015362342102350724 0.0013834066213129707 0.0012480591211399966 0.0011276739016332002 0.0010201880687845247 0.0009238964776264563 0.00083737798267614 0.0007594387816591442 0.0006890687429792908 0.0006254071578513199 0.0005677159339852391 0.0005153583452544101 0.0004677819080740755 0.00042450480711275594 0.0003851046439191046 0.0003492095205983221 0.00031649044566520504 0.0002866553375027376 0.00025944368494365815 0.00023462259560310696 0.00021198277843755364 0.00019133593127921 0.00017251188289569 0.00015535653697287043 0.00013972991950853494 0.00012550464590027014 0.0001125645234094432 0.00010080326536360627 9.012355734419149e-05 8.043610192041492e-05 7.165890071333321e-05 6.37164360272582e-05 5.6539126323670466e-05 5.0062878270936374e-05 4.422853253057845e-05 3.898134103755192e-05 3.427084716727341e-05 3.005035172595469e-05 2.6276657567055234e-05 2.2909899965911263e-05 1.9913171395290593e-05 1.7252395354954395e-05 1.489611567543996e-05 1.2815255254058541e-05 1.0983064449559753e-05 9.374858733035558e-06 7.967945345890946e-06 6.741480844673235e-06 5.676324169965158e-06 4.754938770326669e-06 3.961349822867627e-06 3.280931079319405e-06 2.7003629644530325e-06 2.2076082579460414e-06 1.791708316495342e-06 1.4428249372334903e-06 1.152037819400593e-06 9.114231175333057e-07 7.138348147896974e-07 5.529458009942652e-07 4.2314767564144573e-07 3.194996595301334e-07 2.376617169422221e-07 1.7384030849268162e-07 1.247816116988726e-07 8.766244352827912e-08 6.008234245960936e-08 4.001494430983856e-08 2.577003027450039e-08 1.594288025329294e-08 9.395436240238622e-09 5.21618347963277e-09 2.6862388368639344e-09 1.2567953097388033e-09 5.197186158285139e-10 1.8291610451049066e-10 5.272746150073458e-11 1.2188220870516268e-11 2.3184427570845793e-12 3.859717248095451e-13 5.968234756275011e-14 8.906637490335912e-15 1.3082476239660898e-15 1.9082973552653646e-16 2.7751901965927418e-17 4.029229279851503e-18 5.843868506847703e-19 8.467998547214354e-20 1.2258211085600169e-20 1.772669977284847e-21 2.561629265675439e-22 3.712332306381665e-23 6.1203266150848515e-24 
0.0 0.0 0.0 0.0 0.0 0.0 0.0 0.0 0.0 0.0 0.0 0.0 0.0 0.0 0.0 0.0 0.0 0.0 0.0 0.0 0.0 0.0 0.0 0.0 0.0 0.0 0.0 0.0 0.0 0.0 0.0 0.0 0.0 0.0 0.0 0.0 0.0 0.0 0.0 0.0 0.0 0.0 0.0 0.0 0.0 0.0 0.0 0.0 0.0 0.0 0.0 0.0 0.0 0.0 0.0 0.0 0.0 0.0 0.0 0.0 0.0 0.0 0.0 0.0 0.0 0.0 0.0 0.0 0.0 0.0 0.0 0.0 0.0 0.0 0.0 0.0 0.0 0.0 0.0 0.0 0.0 0.0 0.0 0.0 0.0 0.0 0.0 0.0 0.0 0.0 0.0 0.0 0.0 0.0 0.0 0.0 0.0 0.0 0.0 0.0 0.0 0.0 0.0 0.0 0.0 0.0 0.0 0.0 0.0 0.0 0.0 0.0 0.0 0.0 0.0 0.0 0.0 0.0 0.0 0.0 0.0 0.0 0.0 0.0 0.0 0.0 0.0 0.0 0.0 0.0 0.0 0.0 0.0 0.0 0.0 0.0 0.0 0.0 0.0 0.0 0.0 0.0 0.0 0.0 0.0 0.0 0.0 0.0 0.0 0.0 0.0 0.0 0.0 0.0 0.0 0.0 0.0 0.0 0.0 0.0 0.0 0.0 0.0 0.0 0.0 0.0 0.0 0.0 0.0 0.0 0.0 0.0 0.0 0.0 0.0 0.0 0.0 0.0 0.0 0.0 0.0 0.0 0.0 0.0 0.0 0.0 0.0 0.0 0.0 0.0 0.0 0.0 0.0 0.0 0.0 0.0 0.0 0.0 0.0 0.0 
1900 1 16 0 0 0
12.32857676769202 12.32839688621882 12.32820487315101 12.327999236254689 12.327778597927233 12.327543610175443 12.327275946580114 12.327008734996697 12.32668805321154 12.32638468837554 12.3260072975312 12.325602621236714 12.325163284625742 12.324684303793589 12.324161517249703 12.323591046830742 12.3229690727976 12.322291724492015 12.321555017801046 12.320754810903095 12.319886763053145 12.318946284046365 12.317928458131933 12.316827913508558 12.315638577902956 12.314353185154378 12.313460590829475 12.311982810074937 12.310408855771076 12.308728382441037 12.307570267153697 12.305674847128143 12.30367064708114 12.301546368473499 12.30009078059355 12.297726072634395 12.295238330710028 12.292617000642425 12.290826794389284 12.287939907263345 12.284916326008762 12.281747765042148 12.279584823604303 12.276128030502974 12.272522943232506 12.268765260991696 12.266194902329074 12.262130607158495 12.257909806022688 12.253534255552772 12.250529570802374 12.245835355647408 12.240981277887466 12.235977646322734 12.23252426351632 12.227198668142995 12.221716454521621 12.216099406160335 12.212201075264408 12.206270432702427 12.200195144833001 12.194011759999116 12.189696766763943 12.183223280693776 12.176628466558041 12.169967127889043 12.165292582805408 12.158383891816987 12.151392082599436 12.14439358892294 12.13941578154851 12.132240948821716 12.125046750471265 12.117933800271361 12.11181295348385 12.104739893865116 12.099196744186962 12.092070258393443 12.084998934053116 12.078127320867583 12.072081911877 12.065444263369928 12.06024500347137 12.053736749336538 12.047451764884904 12.041602131160245 12.036618926964456 12.03152421404681 12.026868379334278 12.022649686698946 12.018884263100068 12.015496041583292 12.012758457845669 12.01004850878398 12.008083476236218 12.006017244738558 12.00435073442032 12.003057066341823 12.002138821645117 12.001498688063474 12.001056438198102 12.000752308132961 12.00054289845835 12.000397771360575 12.000296139904767 12.00022403193698 12.00017211876116 12.000134169988446 12.000106002047483 12.00008478073176 12.000068564460669 12.000056006403845 12.000046159856424 12.000038350347436 12.000032090884856 12.00002702521572 12.000022889418686 12.0000194855988 12.000016663657684 12.000014308503978 12.000012330981855 12.000010661359227 12.0000092445994 12.000008036892543 12.00000700309359 12.000006114792788 12.000005348866894 12.000004686372364 12.0000041116961 12.000003611894893 12.000003176181162 12.000002795520492 12.00000246231148 12.000002170126157 12.000001913511896 12.000001687820786 12.000001489079889 12.000001313879197 12.000001159283254 12.000001022757841 12.000000902108146 12.000000795428727 12.000000701060586 12.000000617556934 12.000000543652085 12.000000478236789 12.00000042033777 12.000000369098192 12.000000323763437 12.00000028366759 12.000000248221907 12.000000216904963 12.000000189255454 12.00000016486334 12.00000014336547 12.000000124437555 12.000000107792204 12.000000093173092 12.000000080352132 12.000000069125733 12.000000059312342 12.000000050750053 12.00000004329455 12.00000003681728 12.000000031202891 12.000000026349063 12.000000022164349 12.000000018567167 12.000000015485167 12.000000012853592 12.000000010615123 12.000000008718704 12.000000007119098 12.000000005776226 12.000000004654632 12.000000003723223 12.000000002954208 12.000000002323677 12.000000001810244 12.000000001395579 12.000000001063523 12.000000000800236 12.000000000593607 12.000000000433442 12.0000000003109 12.00000000021855 12.000000000150138 12.000000000100433 12.000000000065128 12.000000000040718 12.00000000002435 12.000000000013783 12.000000000007269 12.00000000000349 12.000000000001435 12.000000000000414 11.99999999999995 11.999999999999751 11.999999999999673 11.999999999999645 
35.00000000000006 35.000000000000064 35.00000000000008 35.000000000000085 35.000000000000085 35.00000000000008 35.00000000000008 35.00000000000008 35.00000000000007 35.000000000000064 35.00000000000005 35.00000000000005 35.00000000000005 35.00000000000005 35.00000000000005 35.00000000000004 35.00000000000004 35.00000000000004 35.000000000000036 35.000000000000036 35.00000000000003 35.00000000000002 35.00000000000002 35.00000000000002 35.000000000000014 35.000000000000014 35.00000000000001 35.00000000000001 35.00000000000001 35.00000000000001 35.0 34.99999999999999 34.99999999999998 34.999999999999964 34.99999999999996 34.99999999999995 34.99999999999995 34.99999999999996 34.999999999999964 34.99999999999996 34.99999999999996 34.99999999999996 34.99999999999996 34.999999999999964 34.999999999999964 34.99999999999997 34.99999999999997 34.99999999999996 34.99999999999996 34.99999999999995 34.99999999999994 34.99999999999994 34.99999999999994 34.999999999999936 34.999999999999936 34.999999999999936 34.99999999999994 34.99999999999996 34.999999999999964 34.999999999999964 34.99999999999997 34.99999999999998 34.99999999999998 34.99999999999998 34.99999999999997 34.99999999999997 34.999999999999964 34.99999999999997 34.99999999999997 34.99999999999997 34.99999999999997 34.99999999999997 34.99999999999998 34.999999999999986 34.999999999999986 34.99999999999999 34.99999999999999 34.99999999999999 35.00000000000001 35.00000000000001 35.000000000000014 35.00000000000002 35.00000000000003 35.00000000000002 35.000000000000014 35.00000000000001 35.00000000000001 35.000000000000014 35.000000000000014 35.00000000000001 35.00000000000001 35.0 35.00000000000001 35.000000000000014 35.00000000000001 34.999999999999986 34.999999999999986 34.99999999999997 34.99999999999998 34.99999999999998 34.99999999999997 34.99999999999997 34.999999999999986 34.99999999999997 34.99999999999997 34.99999999999997 34.99999999999998 34.99999999999998 34.999999999999986 34.99999999999998 34.999999999999986 34.99999999999998 34.99999999999997 34.99999999999998 34.99999999999999 34.99999999999999 34.99999999999999 34.99999999999999 34.99999999999999 34.99999999999998 34.99999999999998 34.99999999999997 34.99999999999997 34.99999999999997 34.999999999999964 34.999999999999964 34.99999999999996 34.99999999999995 34.99999999999994 34.99999999999996 34.99999999999995 34.99999999999995 34.99999999999995 34.99999999999996 34.99999999999996 34.99999999999995 34.99999999999995 34.99999999999995 34.99999999999994 34.999999999999936 34.999999999999936 34.999999999999936 34.99999999999994 34.99999999999995 34.99999999999996 34.99999999999995 34.99999999999996 34.999999999999964 34.99999999999998 34.99999999999999 35.00000000000001 35.00000000000001 35.0 35.0 34.99999999999999 34.99999999999999 34.999999999999986 34.999999999999986 34.999999999999986 34.99999999999998 34.99999999999998 34.999999999999964 34.99999999999997 34.999999999999964 34.99999999999996 34.99999999999996 34.99999999999996 34.99999999999994 34.99999999999994 34.999999999999936 34.999999999999936 34.99999999999993 34.99999999999993 34.99999999999993 34.99999999999993 34.99999999999993 34.99999999999993 34.999999999999915 34.9999999999999 34.99999999999989 34.999999999999886 34.99999999999988 34.999999999999865 34.99999999999986 34.999999999999844 34.99999999999983 34.999999999999815 34.999999999999794 34.999999999999766 34.99999999999972 34.99999999999968 34.99999999999962 34.99999999999957 34.999999999999496 34.99999999999942 34.99999999999933 34.99999999999923 34.99999999999913 34.999999999999034 34.99999999999898 
1.0015855535000313 0.9654403394507349 0.9462856125240925 0.932732688357736 0.9219542683082314 0.9129955039647967 0.9042125682242754 0.8973080845478912 0.8895353717492962 0.8837787088799687 0.8765976951031396 0.8696795308255033 0.862872330954781 0.8560979936275005 0.8493083125926366 0.8424696161576085 0.8355561519258872 0.8285467416448457 0.8214228188570483 0.8141670788383258 0.80676236327958 0.7991905383074507 0.7914311396537994 0.7834594757126414 0.775243644869099 0.7667393486994211 0.7629139262725925 0.7539565534688754 0.7448338070131514 0.7354649895127937 0.731486012064736 0.7217259892624026 0.7118189363413925 0.7016661077098243 0.6975609944301545 0.687045225085192 0.6763827538662354 0.6654623916225166 0.6612249991867771 0.6499656730263227 0.6385575035961913 0.626876880390773 0.622493237602879 0.6105027902251244 0.598363578737362 0.5859379390431069 0.5813968249750484 0.5686992186446285 0.555856691300091 0.5427154580072351 0.5380121426654597 0.5246477446683443 0.511146778478047 0.4973372163969257 0.4924751446114264 0.4785044111729803 0.46441061731780564 0.45000147906016175 0.4449936631226679 0.43050126751734263 0.41590523007463365 0.4009911987597071 0.39586162976085726 0.38096143972573204 0.36598363953241986 0.35068996025519367 0.34547161063116144 0.33031026491828824 0.31510222646746183 0.29957986197692926 0.29427131792426175 0.27900707208229786 0.26370429474731377 0.2480133488643624 0.24132662812980646 0.22561040581391753 0.2197971733616417 0.2047482146985265 0.189822963906928 0.17462128013150421 0.1679850580916576 0.1529584733095881 0.14745362694587527 0.13336814332028 0.11956814809056036 0.10571981167019248 0.09975830368223201 0.08685063957673383 0.08042442295011823 0.06866298915613851 0.06297964332377136 0.05240600833524418 0.04805842142666417 0.038703332376839865 0.03530766707258442 0.027323402669964917 0.023093778604080357 0.018912671144194662 0.015509786523008884 0.012793093751182592 0.010627442108690181 0.008901934975126638 0.007523200969557122 0.006415089321254756 0.005517340183100816 0.004783231495450834 0.004176962497161552 0.0036712426609998355 0.003245275133246338 0.002883160931160149 0.0025726768207664508 0.0023043569418410128 0.0020708095547277276 0.0018662108681550878 0.0016859300336125613 0.0015262505692550997 0.0013841624215455578 0.0012572059649014844 0.0011433539590084945 0.0010409218001744267 0.0009484986130358054 0.0008648939982591056 0.00078909654740518 0.0007202411806918519 0.0006575835529518137 0.0006004793282185419 0.000548367806211023 0.0005007585128198556 0.000457220452104263 0.00041737312453336834 0.00038087922698266675 0.0003474386272034656 0.00031678330295450253 0.0002886729432563761 0.00026289160100953523 0.00023924447958420715 0.00021755545440476913 0.00019766482106454606 0.00017942744695818042 0.0001627110512973786 0.0001473949455145315 0.00013336863514357215 0.0001205308680283752 0.0001087887598630278 9.805673887187635e-05 8.825609225696426e-05 7.93142258599337e-05 7.116403882365887e-05 6.374356731518745e-05 5.699543152917398e-05 5.0866521956103004e-05 4.5307557495720505e-05 4.027288537769977e-05 3.5720125698917505e-05 3.1609993987298356e-05 2.7905922372655635e-05 2.45740059893782e-05 2.1582782031176132e-05 1.8903046755153438e-05 1.6507690620931092e-05 1.4371521976780934e-05 1.2471216034293918e-05 1.0785194387959094e-05 9.293471391351914e-06 7.977523765367911e-06 6.820258292659038e-06 5.805940345976574e-06 4.9200236082892164e-06 4.1491663540815055e-06 3.481090007711619e-06 2.904564122656562e-06 2.409303021542947e-06 1.985916782608411e-06 1.6258644983955626e-06 1.3213930225564096e-06 1.065496445151662e-06 8.517990801854377e-07 6.746565345512749e-07 5.289056239383535e-07 4.1002932140793445e-07 3.139537772475843e-07 2.371216707623015e-07 1.7635513402642963e-07 1.2892343051492932e-07 9.24224969590802e-08 6.478873496652841e-08 4.426043339875538e-08 2.9336284506679684e-08 1.8759620350328197e-08 1.1492720897705146e-08 6.677830675146207e-09 3.6330003856236215e-09 1.8174341519347453e-09 8.166413237980276e-10 3.1786621336211554e-10 1.0275669945129694e-10 2.6466610646229498e-11 5.391080645126097e-12 8.873429319600167e-13 1.5113428275938003e-13 
0.0 0.0 0.0 0.0 0.0 0.0 0.0 0.0 0.0 0.0 0.0 0.0 0.0 0.0 0.0 0.0 0.0 0.0 0.0 0.0 0.0 0.0 0.0 0.0 0.0 0.0 0.0 0.0 0.0 0.0 0.0 0.0 0.0 0.0 0.0 0.0 0.0 0.0 0.0 0.0 0.0 0.0 0.0 0.0 0.0 0.0 0.0 0.0 0.0 0.0 0.0 0.0 0.0 0.0 0.0 0.0 0.0 0.0 0.0 0.0 0.0 0.0 0.0 0.0 0.0 0.0 0.0 0.0 0.0 0.0 0.0 0.0 0.0 0.0 0.0 0.0 0.0 0.0 0.0 0.0 0.0 0.0 0.0 0.0 0.0 0.0 0.0 0.0 0.0 0.0 0.0 0.0 0.0 0.0 0.0 0.0 0.0 0.0 0.0 0.0 0.0 0.0 0.0 0.0 0.0 0.0 0.0 0.0 0.0 0.0 0.0 0.0 0.0 0.0 0.0 0.0 0.0 0.0 0.0 0.0 0.0 0.0 0.0 0.0 0.0 0.0 0.0 0.0 0.0 0.0 0.0 0.0 0.0 0.0 0.0 0.0 0.0 0.0 0.0 0.0 0.0 0.0 0.0 0.0 0.0 0.0 0.0 0.0 0.0 0.0 0.0 0.0 0.0 0.0 0.0 0.0 0.0 0.0 0.0 0.0 0.0 0.0 0.0 0.0 0.0 0.0 0.0 0.0 0.0 0.0 0.0 0.0 0.0 0.0 0.0 0.0 0.0 0.0 0.0 0.0 0.0 0.0 0.0 0.0 0.0 0.0 0.0 0.0 0.0 0.0 0.0 0.0 0.0 0.0 0.0 0.0 0.0 0.0 0.0 0.0 
1900 1 17 0 0 0
12.30742010587061 12.30726308499447 12.30709620899254 12.306918368569619 12.306728606076076 12.306527324890045 12.306301444702788 12.30607453877061 12.305807559122163 12.305552045524566 12.30524118398362 12.304909176367342 12.30455034059854 12.304160863630777 12.303737581273612 12.303277556329812 12.302777901694798 12.30223569331968 12.301647919280828 12.301011442653186 12.30032296646628 12.299578991625499 12.298775756571048 12.29790913999957 12.296974490441606 12.29596630557432 12.295257855934583 12.294101312446275 12.292871394594533 12.291560157194647 12.290652746755839 12.28917607371027 12.287616478824049 12.28596505290089 12.284833872525796 12.282997336475715 12.281066787816735 12.279033436797246 12.277649738236635 12.27541135154664 12.273067896001521 12.27061161234625 12.268945272342771 12.266265162324682 12.26346993836661 12.260553866830335 12.258576000972578 12.255419567758985 12.252139815000673 12.248734229963794 12.246419714462004 12.24276066428474 12.23897279767353 12.235058271159813 12.232388417769121 12.22821212367939 12.22390522470785 12.219476269535173 12.21644176422333 12.211749187725749 12.206929128557332 12.201998518393564 12.19860216416393 12.193414585027657 12.18810910879728 12.182713262738355 12.178968639729423 12.173334041145147 12.167600222779363 12.161807614854741 12.157703841747447 12.151710707458816 12.145654830793703 12.139590356565853 12.134515437576342 12.128367746873824 12.123552879946795 12.117285632702554 12.11100580682985 12.104795629929727 12.099365487633051 12.093212227002532 12.088413219745195 12.082237454304815 12.076120607123098 12.070173529850832 12.06502565327104 12.059253114623342 12.054861898252401 12.04915361715906 12.043629536238303 12.038486547019518 12.034192882557 12.02970430591802 12.025638717175259 12.021892754334292 12.018506467116438 12.01543608178573 12.012883068863202 12.010394582238108 12.00859136079848 12.006680427944772 12.004970494705885 12.003611639854567 12.00258396248265 12.001847178660315 12.001322589295793 12.00095250657089 12.00069245753912 12.000509481641313 12.000379986913046 12.00028749480461 12.000220665549788 12.00017174945163 12.000135453882784 12.000108149933281 12.000087331342742 12.000071250734214 12.000058676513065 12.000048730436108 12.000040778644232 12.000034358111375 12.000029126545051 12.000024827968925 12.00002126880246 12.000018301086811 12.000015810577203 12.000013708208751 12.000011923910376 12.000010402082731 12.00000909824906 12.000007976560827 12.000007007913753 12.000006168523988 12.000005438831822 12.000004802652873 12.00000424652315 12.000003759186555 12.000003331179531 12.000002954514539 12.00000262241766 12.000002329122836 12.000002069698892 12.000001839918903 12.000001636142992 12.000001455227677 12.000001294451184 12.000001151448139 12.000001024159417 12.000000910784939 12.000000809750823 12.000000719676121 12.000000639344407 12.00000056768628 12.000000503756517 12.000000446719117 12.000000395834117 12.00000035044419 12.000000309966122 12.000000273879404 12.000000241722018 12.000000213080584 12.000000187585794 12.000000164908686 12.000000144753281 12.000000126855644 12.0000001109788 12.000000096910025 12.0000000844585 12.000000073452991 12.000000063739662 12.000000055180184 12.000000047650092 12.000000041037909 12.000000035243017 12.00000003017526 12.000000025753305 12.000000021904437 12.000000018563245 12.000000015670711 12.000000013174313 12.00000001102692 12.00000000918601 12.000000007613862 12.000000006276734 12.00000000514438 12.000000004189943 12.000000003389733 12.000000002722397 12.000000002169335 12.00000000171402 12.00000000134191 12.000000001040275 12.000000000798131 12.000000000605848 12.000000000455257 12.000000000339405 12.000000000252658 12.000000000190237 12.000000000145407 
35.00000000000005 35.00000000000006 35.00000000000005 35.00000000000004 35.00000000000005 35.00000000000006 35.00000000000005 35.00000000000005 35.00000000000005 35.00000000000005 35.00000000000004 35.000000000000036 35.00000000000002 35.00000000000002 35.00000000000003 35.00000000000003 35.000000000000014 35.000000000000014 35.000000000000014 35.000000000000014 35.000000000000014 35.000000000000014 35.000000000000014 35.00000000000002 35.00000000000003 35.00000000000004 35.00000000000004 35.00000000000005 35.00000000000006 35.000000000000064 35.000000000000064 35.00000000000004 35.00000000000003 35.000000000000014 35.00000000000001 34.99999999999999 34.999999999999986 34.99999999999998 34.99999999999998 34.99999999999997 34.99999999999997 34.99999999999998 34.99999999999998 34.99999999999998 34.999999999999986 34.99999999999999 34.99999999999999 34.99999999999999 34.999999999999986 34.99999999999998 34.99999999999998 34.999999999999986 34.999999999999986 34.999999999999986 34.99999999999998 34.999999999999986 34.99999999999998 34.99999999999997 34.99999999999997 34.99999999999998 34.99999999999998 34.99999999999998 34.999999999999964 34.999999999999964 34.999999999999964 34.999999999999964 34.999999999999964 34.999999999999964 34.99999999999997 34.99999999999998 34.99999999999998 34.999999999999986 34.99999999999999 34.999999999999986 34.99999999999999 34.99999999999999 34.99999999999999 34.99999999999999 35.0 35.00000000000001 35.00000000000002 35.00000000000002 35.00000000000003 35.000000000000014 35.00000000000001 35.000000000000014 35.000000000000014 35.000000000000014 35.00000000000001 35.0 35.0 34.99999999999999 34.99999999999999 35.0 34.99999999999999 34.99999999999999 34.999999999999986 34.99999999999997 34.999999999999964 34.99999999999996 34.99999999999996 34.99999999999996 34.999999999999964 34.99999999999997 34.99999999999997 34.999999999999964 34.999999999999964 34.99999999999998 34.999999999999964 34.99999999999996 34.99999999999996 34.99999999999996 34.99999999999996 34.99999999999996 34.99999999999996 34.999999999999964 34.999999999999964 34.999999999999964 34.99999999999996 34.99999999999995 34.99999999999995 34.99999999999996 34.999999999999964 34.99999999999997 34.99999999999997 34.999999999999964 34.999999999999964 34.99999999999996 34.99999999999996 34.99999999999996 34.99999999999994 34.99999999999994 34.99999999999995 34.99999999999995 34.99999999999994 34.99999999999994 34.99999999999994 34.999999999999936 34.99999999999994 34.99999999999994 34.99999999999995 34.99999999999996 34.99999999999996 34.99999999999995 34.99999999999995 34.99999999999994 34.99999999999995 34.99999999999995 34.99999999999995 34.999999999999936 34.999999999999936 34.999999999999936 34.99999999999994 34.99999999999995 34.99999999999994 34.99999999999994 34.99999999999995 34.99999999999995 34.99999999999995 34.99999999999996 34.99999999999995 34.99999999999994 34.99999999999994 34.99999999999994 34.999999999999936 34.99999999999993 34.99999999999993 34.99999999999992 34.99999999999992 34.999999999999936 34.99999999999993 34.99999999999992 34.99999999999991 34.9999999999999 34.99999999999989 34.99999999999988 34.999999999999865 34.99999999999987 34.99999999999987 34.999999999999865 34.99999999999985 34.99999999999982 34.999999999999815 34.9999999999998 34.99999999999978 34.99999999999975 34.99999999999973 34.999999999999716 34.99999999999969 34.99999999999967 34.999999999999645 34.99999999999962 34.99999999999959 34.99999999999955 34.99999999999952 34.99999999999948 34.999999999999446 34.99999999999942 34.999999999999396 34.99999999999938 
1.002357594896782 0.9663428541926453 0.9473277632499799 0.9339304753913706 0.9233301823367319 0.9145333798746373 0.906054940419992 0.8993034956906902 0.8918910485458387 0.8862817994332295 0.8794944836187936 0.8729737631558507 0.8665792983934223 0.8602375156447261 0.8539023197265773 0.8475411919148174 0.8411291454262975 0.8346456421540535 0.8280727771403092 0.8213940392958694 0.8145933137875649 0.8076539209108171 0.8005575136660342 0.7932826112197314 0.7858024034348357 0.778081121179631 0.774486365602821 0.7663694451873915 0.7581131232681537 0.7496522779884693 0.7459545083396039 0.7371484310403139 0.728217009699085 0.7190815478691359 0.7152960049296916 0.7058362594786931 0.6962497581827911 0.6864489979787685 0.6825655765230217 0.6724569250925068 0.6622176043793108 0.6517515031065939 0.6477544818653399 0.6370001192141022 0.6261125706054502 0.6149859522668673 0.61086189094362 0.5994725882328558 0.5879502072756047 0.5761775446628228 0.5719179145456031 0.55991555074877 0.5477833425251172 0.5353911237150393 0.5309932382014678 0.5184130190803655 0.505709652698206 0.49273835581716047 0.48820577040435176 0.4750983750222686 0.46187826742332105 0.4483843391512057 0.44372631710845534 0.4301599449862348 0.4164948502887196 0.4025512767994489 0.3977760509173222 0.38383539716514015 0.36981006029963415 0.35549459934852773 0.3505563210150265 0.33631595445138024 0.3219762507117115 0.3072574853151173 0.3011847955734056 0.286338175649699 0.28079432912758234 0.266346703263959 0.2519335717286005 0.23722274538035895 0.23085497436090566 0.2161979597735136 0.21082240039977315 0.1968228784069207 0.18293003568515573 0.16877898393421542 0.16277386956498732 0.14880026104655986 0.14387907297921088 0.13071775330676744 0.11776115367072278 0.10474289473939302 0.09933242465437407 0.08721182028956549 0.08128597039303402 0.07018801227676684 0.0647794465917858 0.05467798471368545 0.05041584495671984 0.0413642521605489 0.03813763237552933 0.03056132089465532 0.025903359681542948 0.021585725371869827 0.01781698421548467 0.014809484567949761 0.012371699081390401 0.010401485542845649 0.008810206811052409 0.007521666380938578 0.0064728751065634355 0.005613230597666779 0.0049028490353992355 0.004310653623222241 0.0038125655728865546 0.003389950718962956 0.0030283590243488532 0.0027165360552685066 0.002445663759605135 0.002208784214014793 0.0020003645940237388 0.0018159696834923256 0.0016520146699981657 0.0015055782868788079 0.0013742606510735256 0.0012560747172038087 0.0011493627513170855 0.0010527317176800156 0.0009650028054717067 0.0008851720304607928 0.0008123789094088671 0.0007458816681694035 0.0006850371795065171 0.0006292851280588031 0.0005781348773134655 0.0005311547497000052 0.0004879633186203259 0.0004482223791228715 0.0004116306031154879 0.0003779187888087903 0.0003468454984416528 0.00031819361244792374 0.0002917671166328338 0.00026738880856488087 0.0002448978034019633 0.00022414786165962154 0.00020500564246389653 0.00018734927680006148 0.00017106729222436039 0.0001560572717431252 0.00014222520956627742 0.000129484544200731 0.00011775531868505327 0.0001069638187618233 9.704175750561934e-05 8.792592690593384e-05 7.955776496333147e-05 7.188275123532167e-05 6.485036099576272e-05 5.841346290797842e-05 5.25282910730762e-05 4.7153989972198836e-05 4.225246501990698e-05 3.7788270425933374e-05 3.372818770818198e-05 3.0041341595768893e-05 2.6698832841385047e-05 2.3673692174347883e-05 2.094075330717294e-05 1.847650007095402e-05 1.6259027089040736e-05 1.4267851065791433e-05 1.2483891822250952e-05 1.0889399278508844e-05 9.467808978411126e-06 8.203728469635438e-06 7.082826614925341e-06 6.091837839254857e-06 5.218460243834272e-06 4.451249350498058e-06 3.7796895486657025e-06 3.194074426764127e-06 2.6853952196596606e-06 2.245430437436885e-06 1.8666316676272229e-06 1.5420474351749528e-06 1.2653746077752006e-06 1.0308664265292799e-06 8.332849918025969e-07 6.679106291024334e-07 5.304809651509424e-07 4.171746327016209e-07 3.2455590053642315e-07 2.4962087827646487e-07 1.8966359482312767e-07 1.423600449718704e-07 1.056809041170272e-07 7.792328666787815e-08 5.756675633115529e-08 4.1820212208014564e-08 
0.0 0.0 0.0 0.0 0.0 0.0 0.0 0.0 0.0 0.0 0.0 0.0 0.0 0.0 0.0 0.0 0.0 0.0 0.0 0.0 0.0 0.0 0.0 0.0 0.0 0.0 0.0 0.0 0.0 0.0 0.0 0.0 0.0 0.0 0.0 0.0 0.0 0.0 0.0 0.0 0.0 0.0 0.0 0.0 0.0 0.0 0.0 0.0 0.0 0.0 0.0 0.0 0.0 0.0 0.0 0.0 0.0 0.0 0.0 0.0 0.0 0.0 0.0 0.0 0.0 0.0 0.0 0.0 0.0 0.0 0.0 0.0 0.0 0.0 0.0 0.0 0.0 0.0 0.0 0.0 0.0 0.0 0.0 0.0 0.0 0.0 0.0 0.0 0.0 0.0 0.0 0.0 0.0 0.0 0.0 0.0 0.0 0.0 0.0 0.0 0.0 0.0 0.0 0.0 0.0 0.0 0.0 0.0 0.0 0.0 0.0 0.0 0.0 0.0 0.0 0.0 0.0 0.0 0.0 0.0 0.0 0.0 0.0 0.0 0.0 0.0 0.0 0.0 0.0 0.0 0.0 0.0 0.0 0.0 0.0 0.0 0.0 0.0 0.0 0.0 0.0 0.0 0.0 0.0 0.0 0.0 0.0 0.0 0.0 0.0 0.0 0.0 0.0 0.0 0.0 0.0 0.0 0.0 0.0 0.0 0.0 0.0 0.0 0.0 0.0 0.0 0.0 0.0 0.0 0.0 0.0 0.0 0.0 0.0 0.0 0.0 0.0 0.0 0.0 0.0 0.0 0.0 0.0 0.0 0.0 0.0 0.0 0.0 0.0 0.0 0.0 0.0 0.0 0.0 0.0 0.0 0.0 0.0 0.0 0.0 
1900 1 18 0 0 0
12.288824021242387 12.288686082662123 12.288540056988234 12.288385098870577 12.28822049499029 12.288046507387268 12.287853466602007 12.287658617141746 12.287432302271323 12.287213908704365 12.286950863790995 12.286669128161675 12.286393498759558 12.286065555986168 12.285714038203286 12.285335434243832 12.284926838785507 12.284485610745406 12.284009199827032 12.283495047353483 12.282940519857656 12.282342853588501 12.281699094603612 12.281006018126721 12.280260002168866 12.279456807900493 12.27888474242035 12.277965448237182 12.276989272087397 12.275950044138083 12.27522600675555 12.27405756057035 12.272824908260148 12.27152101937682 12.270625619148653 12.269177169931396 12.267655839034083 12.266054453075025 12.2649652777387 12.263203497795848 12.261359945647097 12.259427869818966 12.258121123304813 12.256013280630336 12.253815232694215 12.251521247574402 12.249973362289222 12.247489411080188 12.244907820041247 12.24222458965274 12.240413747535916 12.23752823302036 12.234539185253105 12.231445204237165 12.229352885195256 12.226046979618166 12.22263379173869 12.219115562760683 12.21672807416176 12.212991903224278 12.20914755744398 12.205202141079829 12.202511436221272 12.198346897956512 12.194077090285608 12.189715363571894 12.186715202416766 12.18214003074731 12.177468031962674 12.172720228895342 12.169373223091453 12.164430367613997 12.159410196551509 12.154341161276978 12.150207022221512 12.145003063998484 12.140952321353119 12.13559479469852 12.130185995876857 12.124772292370993 12.1201316379022 12.114664882495973 12.110343765786634 12.10479473736815 12.09924649809199 12.093767499673708 12.088991005228795 12.083585060633766 12.079355900801518 12.073977137351527 12.06867797200595 12.063548050188572 12.058989540564594 12.05410753044248 12.04976523550232 12.045145051130675 12.040465861617976 12.036174087264355 12.03143396390661 12.027592815960082 12.024640008565337 12.021197387309737 12.018077784386621 12.015389849648312 12.01280755406655 12.010685694290778 12.008642571871736 12.007081037785667 12.005466692834357 12.004001899681032 12.002981013235168 12.002161771709652 12.001566585691016 12.001139198583754 12.000834056912476 12.000616587513624 12.000461191824511 12.000349439447119 12.000268331318532 12.000208809610351 12.00016459464035 12.000131331385667 12.000105986750428 12.00008643344235 12.000071166155614 12.00005910891891 12.000049484318186 12.000041724382642 12.00003540951414 12.000030226289589 12.000025938072886 12.000022364333297 12.000019365969278 12.00001683477297 12.000014685802846 12.000012851810673 12.000011279115354 12.000009924541429 12.00000875310382 12.000007736269668 12.00000685060477 12.000006076756943 12.000005398646069 12.000004802843032 12.000004278070328 12.00000381481922 12.000003405028949 12.000003041840476 12.000002719393237 12.00000243266057 12.000002177316667 12.000001949624291 12.000001746344678 12.000001564664679 12.000001402130257 12.000001256598551 12.000001126190133 12.000001009255897 12.000000904342858 12.000000810168608 12.000000725599856 12.00000064963351 12.000000581377295 12.000000520039919 12.000000464914596 12.000000415372895 12.000000370852007 12.00000033084939 12.000000294914498 12.000000262643184 12.00000023367296 12.000000207678072 12.00000018436467 12.000000163469199 12.00000014475395 12.000000128003748 12.000000113025468 12.000000099643819 12.00000008770136 12.000000077055025 12.000000067575849 12.000000059146975 12.000000051663449 12.000000045029132 12.000000039158344 12.000000033972901 12.00000002940249 12.000000025383647 12.000000021859156 12.000000018777522 12.000000016092889 12.000000013763906 12.000000011754167 12.00000001003146 12.000000008568007 12.000000007340093 12.000000006328426 12.00000000551816 12.000000004897817 12.000000004425337 
35.000000000000135 35.000000000000135 35.00000000000013 35.00000000000012 35.000000000000114 35.000000000000114 35.00000000000011 35.00000000000011 35.00000000000011 35.000000000000114 35.00000000000012 35.00000000000013 35.000000000000135 35.00000000000014 35.00000000000015 35.000000000000156 35.000000000000156 35.000000000000156 35.00000000000015 35.00000000000015 35.00000000000014 35.00000000000013 35.00000000000013 35.00000000000013 35.00000000000012 35.000000000000114 35.000000000000114 35.000000000000114 35.000000000000114 35.00000000000011 35.00000000000011 35.0000000000001 35.00000000000009 35.00000000000008 35.00000000000008 35.000000000000064 35.00000000000006 35.00000000000006 35.00000000000005 35.00000000000006 35.00000000000006 35.00000000000006 35.00000000000005 35.000000000000036 35.00000000000002 35.000000000000014 35.000000000000014 35.000000000000014 35.000000000000014 35.000000000000014 35.00000000000001 35.00000000000001 35.00000000000001 35.00000000000001 35.00000000000001 35.0 35.0 34.99999999999999 34.999999999999986 34.99999999999997 34.99999999999997 34.99999999999998 34.99999999999998 34.99999999999997 34.99999999999997 34.99999999999997 34.99999999999997 34.99999999999998 34.99999999999998 34.99999999999998 34.99999999999998 34.999999999999986 34.99999999999998 34.99999999999997 34.99999999999997 34.99999999999998 34.999999999999986 34.99999999999997 34.999999999999964 34.99999999999996 34.99999999999995 34.99999999999994 34.99999999999994 34.99999999999995 34.999999999999964 34.99999999999997 34.99999999999997 34.99999999999998 34.99999999999997 34.999999999999986 34.999999999999986 34.999999999999986 34.99999999999998 34.99999999999997 34.999999999999964 34.99999999999995 34.99999999999995 34.99999999999996 34.99999999999995 34.99999999999995 34.99999999999995 34.99999999999995 34.99999999999995 34.99999999999994 34.999999999999936 34.99999999999994 34.99999999999994 34.99999999999994 34.99999999999994 34.99999999999996 34.99999999999996 34.999999999999964 34.999999999999964 34.99999999999995 34.99999999999995 34.99999999999995 34.99999999999996 34.99999999999995 34.99999999999994 34.99999999999994 34.99999999999995 34.99999999999996 34.999999999999964 34.999999999999964 34.99999999999997 34.99999999999998 34.99999999999998 34.99999999999998 34.99999999999998 34.99999999999997 34.99999999999997 34.999999999999964 34.999999999999964 34.999999999999964 34.99999999999997 34.99999999999997 34.99999999999997 34.999999999999964 34.99999999999997 34.99999999999997 34.999999999999964 34.99999999999996 34.999999999999964 34.99999999999996 34.999999999999964 34.999999999999964 34.99999999999996 34.99999999999996 34.99999999999996 34.99999999999996 34.99999999999996 34.99999999999994 34.999999999999936 34.999999999999936 34.999999999999936 34.99999999999993 34.99999999999992 34.99999999999993 34.999999999999915 34.999999999999915 34.999999999999915 34.99999999999991 34.9999999999999 34.9999999999999 34.9999999999999 34.99999999999989 34.999999999999886 34.99999999999989 34.99999999999988 34.99999999999987 34.999999999999865 34.99999999999986 34.99999999999986 34.99999999999985 34.99999999999986 34.99999999999984 34.99999999999983 34.99999999999982 34.999999999999815 34.99999999999981 34.999999999999794 34.99999999999979 34.99999999999977 34.999999999999766 34.999999999999744 34.99999999999973 34.999999999999716 34.9999999999997 34.99999999999969 34.99999999999967 34.99999999999965 34.99999999999964 34.99999999999963 34.99999999999963 34.99999999999962 34.99999999999961 34.99999999999961 34.9999999999996 34.9999999999996 34.9999999999996 
1.003183320456975 0.9672897998032914 0.9483975686720162 0.9351316849633964 0.9246716513406704 0.915999513502749 0.9077548421517209 0.9011057612767597 0.8939427303462811 0.888405929640175 0.881839486070671 0.8754980543429298 0.8703313998991736 0.8641934408000107 0.8581485405336362 0.852133979193857 0.8461093698708593 0.8400460319035151 0.8339217300842452 0.8277177755258511 0.8214172170806244 0.8150035148947845 0.8084593489018065 0.8017652946820611 0.7948980591367271 0.7878277809428961 0.7844203580173664 0.7770050536395621 0.7694719835304815 0.7617672353267312 0.7582979834356577 0.7502893417888484 0.7421735544927813 0.7338863799125648 0.7303609539928244 0.7217853199507698 0.7130999585329741 0.7042343382660026 0.7006394336571095 0.691496472780477 0.6822388908056455 0.6727901243625221 0.669108798206568 0.6593959789196794 0.6495645754642939 0.6395311330798177 0.6357486831488273 0.6254687516765967 0.6150681875208187 0.6044554647308108 0.6005612281609637 0.5897248320804696 0.5787680142671577 0.5675898985724954 0.5635776738301516 0.5522046957876418 0.5407139236840816 0.5289937923864731 0.5248616123362183 0.5129821192773462 0.5009898686725438 0.48876109736624357 0.484509482636667 0.4721638967732342 0.45971229582315926 0.44701637272913886 0.4426391554607036 0.42987417997540245 0.41700731039733785 0.40387873401390056 0.39931002232253937 0.3861498492753381 0.3728628532469529 0.3592284385868554 0.3537297785109303 0.33990764669079115 0.33472195610490496 0.3211001956676635 0.3074515471828993 0.2935075937165729 0.2876122361960374 0.2736031069799201 0.268338215619396 0.2547200060940201 0.2411408833631756 0.22730685295576636 0.2213622298617238 0.207612829893911 0.20255250848844605 0.1894200058173429 0.17640427007775417 0.16319964690239414 0.1573473903995447 0.14438414509346972 0.13868793894178638 0.12631853300668955 0.11911654890732219 0.10749087130839977 0.0987859755745467 0.08754901379719779 0.08339906998888415 0.07317355563763941 0.06306356979674395 0.058561783992339043 0.04930900680351852 0.045434608786505744 0.03721982718716644 0.034009915695846965 0.02969571268845633 0.022922580730063456 0.01987632020867621 0.01665210245614956 0.013973653744914938 0.011788005350527828 0.010007787885235335 0.008556822787964732 0.007370412721456573 0.00639519965524596 0.005588185408904625 0.00491525381110992 0.004349583001119438 0.003870175972651327 0.003460605927196593 0.0031079948471157606 0.0028022061421584896 0.002535217852624833 0.002300641150997379 0.002093352434862897 0.0019092127915136328 0.0017448537558158788 0.0015975134852153055 0.0014649107670576126 0.0013451478772921622 0.0012366350586338957 0.0011380315643947335 0.0010481994997386015 0.0009661670107583637 0.0008910994236588035 0.0008222756131203299 0.0007590696776022248 0.0007009351889772858 0.0006473932082522094 0.0005980219180720293 0.0005524482827824918 0.0005103410424531045 0.0004714050636915751 0.000435376308664717 0.0004020178106492953 0.00037111625570579384 0.00034247902235567517 0.000315931704743398 0.0002913159354429792 0.00026848747137927793 0.00024731480265826776 0.00022767754865553154 0.0002094654490759007 0.00019257712380176955 0.00017691942927674468 0.00016240635230610503 0.0001489584745084748 0.00013650235816417615 0.00012496999324106627 0.00011429818638512074 0.00010442833005579935 9.53057314245487e-05 8.687967444925108e-05 7.910266872000875e-05 7.193053034216706e-05 6.532192616384732e-05 5.923819221167986e-05 5.364319839445609e-05 4.850309836237592e-05 4.3786164440468014e-05 3.946272717309448e-05 3.5504942957603166e-05 3.188665756852642e-05 2.858345419567357e-05 2.5572291452088085e-05 2.2831712360655282e-05 2.034148594963483e-05 1.808272744873713e-05 1.603767988182128e-05 1.4189826693994316e-05 1.2523556570477911e-05 1.102447897259647e-05 9.678991751632157e-06 8.474521071385767e-06 7.3993743895949864e-06 6.442645573029721e-06 5.594318578433577e-06 4.845157551685473e-06 4.1866955545596015e-06 3.611278644776146e-06 3.1120036961248957e-06 2.6828230075170646e-06 2.3185292470065224e-06 2.0148722586218314e-06 1.7686077464352587e-06 1.577167116128426e-06 1.4277632129097736e-06 
0.0 0.0 0.0 0.0 0.0 0.0 0.0 0.0 0.0 0.0 0.0 0.0 0.0 0.0 0.0 0.0 0.0 0.0 0.0 0.0 0.0 0.0 0.0 0.0 0.0 0.0 0.0 0.0 0.0 0.0 0.0 0.0 0.0 0.0 0.0 0.0 0.0 0.0 0.0 0.0 0.0 0.0 0.0 0.0 0.0 0.0 0.0 0.0 0.0 0.0 0.0 0.0 0.0 0.0 0.0 0.0 0.0 0.0 0.0 0.0 0.0 0.0 0.0 0.0 0.0 0.0 0.0 0.0 0.0 0.0 0.0 0.0 0.0 0.0 0.0 0.0 0.0 0.0 0.0 0.0 0.0 0.0 0.0 0.0 0.0 0.0 0.0 0.0 0.0 0.0 0.0 0.0 0.0 0.0 0.0 0.0 0.0 0.0 0.0 0.0 0.0 0.0 0.0 0.0 0.0 0.0 0.0 0.0 0.0 0.0 0.0 0.0 0.0 0.0 0.0 0.0 0.0 0.0 0.0 0.0 0.0 0.0 0.0 0.0 0.0 0.0 0.0 0.0 0.0 0.0 0.0 0.0 0.0 0.0 0.0 0.0 0.0 0.0 0.0 0.0 0.0 0.0 0.0 0.0 0.0 0.0 0.0 0.0 0.0 0.0 0.0 0.0 0.0 0.0 0.0 0.0 0.0 0.0 0.0 0.0 0.0 0.0 0.0 0.0 0.0 0.0 0.0 0.0 0.0 0.0 0.0 0.0 0.0 0.0 0.0 0.0 0.0 0.0 0.0 0.0 0.0 0.0 0.0 0.0 0.0 0.0 0.0 0.0 0.0 0.0 0.0 0.0 0.0 0.0 0.0 0.0 0.0 0.0 0.0 0.0 
1900 1 19 0 0 0
12.272379375387388 12.272257365184888 12.272128588073429 12.271992399032712 12.271848238516236 12.271696304934872 12.271529102190671 12.2713599125265 12.27116520191931 12.270976609518558 12.270751810758654 12.27051172645125 12.270290812287312 12.270011986502158 12.26971613960531 12.269399656495743 12.26905989207673 12.268694597101032 12.268301676091859 12.26787906664547 12.267424667595092 12.266936285484729 12.266411582626372 12.265848013014304 12.265242728514451 12.264592425038918 12.264122969318464 12.26338064148306 12.262593663010344 12.261757187920045 12.261169852129326 12.260231140766583 12.259242085263216 12.258197108687257 12.257476659134387 12.256317350462073 12.255100850951226 12.25382134737705 12.252950182991711 12.251543698889062 12.250072868053223 12.248532002980212 12.247491274884853 12.245810909829203 12.24405921080665 12.242230985690489 12.241001632931878 12.239021991967155 12.236964566707362 12.234825097678408 12.233388793793372 12.23108704523612 12.2287019564025 12.226230733569858 12.224570805888433 12.221927985040649 12.219197551243369 12.216378820707638 12.214481031947864 12.211483512094297 12.208395845257222 12.205220217682445 12.203072684967363 12.19971396544598 12.196264912867642 12.192731441485483 12.190320226115551 12.18660356658898 12.182799873136634 12.17891961515251 12.176201290004462 12.172145657877875 12.168013041190926 12.163817788581737 12.160477213742613 12.156136666504029 12.152799921768013 12.148304058593338 12.143744412829886 12.139146222223498 12.135299350202832 12.130598367268464 12.126907032718568 12.12208589857091 12.117228412443048 12.11237488518848 12.108230032022275 12.103341738765257 12.099504048334172 12.094551414812882 12.089604990953212 12.084722436323432 12.080576143259913 12.075752994790616 12.070680580675598 12.06596863393704 12.062266556847014 12.057608421967387 12.053037771708368 12.048633825988516 12.045281015560736 12.041059100008725 12.037044645313852 12.033463927288867 12.029780170196217 12.026877770215084 12.023490929695882 12.020373611859961 12.017649194907332 12.014992048943654 12.012685926656042 12.010515303694737 12.008813807351217 12.007118356529654 12.005645895260123 12.004460191627254 12.003270242025144 12.002435270522966 12.00178470427062 12.001310208904293 12.00096708279729 12.000719464307181 12.000540611175598 12.000410889687272 12.000316141914604 12.000246301356816 12.000194270191097 12.000155059285024 12.000125157628759 12.000102083469034 12.000084070653813 12.000069851675653 12.000058508242471 12.000049368329265 12.00004193501937 12.000035837030183 12.000030794096528 12.000026592519335 12.00002306777167 12.000020091997108 12.000017564946145 12.000015407343943 12.000013555990025 12.000011960117641 12.000010578640293 12.000009378087308 12.000008331002839 12.000007414734839 12.000006610481556 12.000005902549926 12.000005277777372 12.000004725065935 12.000004235015632 12.000003799632058 12.000003412084723 12.000003066516534 12.00000275788579 12.000002481839198 12.000002234601045 12.00000201289136 12.000001813848742 12.000001634973001 12.000001474069311 12.00000132921049 12.000001198697865 12.000001081031442 12.000000974883754 12.000000879077692 12.000000792567082 12.000000714421779 12.000000643810754 12.000000579992742 12.000000522305546 12.00000047015435 12.000000423007387 12.000000380385227 12.00000034185915 12.000000307041272 12.000000275583083 12.00000024717054 12.000000221519842 12.000000198375247 12.000000177505475 12.000000158701972 12.000000141776043 12.00000012655702 12.000000112892115 12.00000010064229 12.00000008968326 12.000000079903145 12.000000071202628 12.00000006349273 12.00000005669578 12.00000005074469 12.000000045581848 12.000000041161282 12.000000037447712 12.000000034417617 12.000000032052967 12.00000003016014 
35.000000000000085 35.00000000000008 35.00000000000008 35.00000000000007 35.00000000000007 35.00000000000008 35.000000000000085 35.00000000000009 35.000000000000085 35.00000000000008 35.00000000000008 35.00000000000007 35.000000000000064 35.00000000000007 35.000000000000064 35.00000000000005 35.000000000000036 35.000000000000036 35.000000000000036 35.000000000000036 35.000000000000036 35.00000000000003 35.00000000000003 35.00000000000003 35.00000000000003 35.00000000000003 35.00000000000003 35.00000000000004 35.00000000000005 35.00000000000006 35.00000000000006 35.00000000000006 35.000000000000064 35.00000000000006 35.00000000000006 35.00000000000006 35.00000000000005 35.00000000000005 35.00000000000004 35.00000000000004 35.000000000000036 35.00000000000003 35.00000000000003 35.00000000000003 35.00000000000003 35.00000000000002 35.000000000000014 35.00000000000001 34.99999999999999 34.99999999999998 34.999999999999986 34.999999999999986 34.999999999999986 34.99999999999999 35.0 35.00000000000001 35.00000000000001 35.00000000000001 35.00000000000001 35.000000000000014 35.00000000000002 35.00000000000003 35.00000000000003 35.000000000000014 35.0 35.0 34.99999999999999 34.99999999999999 35.0 34.99999999999999 34.99999999999999 34.999999999999986 34.999999999999986 34.999999999999986 34.99999999999998 34.999999999999964 34.99999999999996 34.99999999999996 34.99999999999996 34.99999999999995 34.99999999999995 34.99999999999996 34.99999999999995 34.99999999999994 34.99999999999994 34.99999999999994 34.99999999999994 34.99999999999995 34.99999999999996 34.999999999999964 34.99999999999996 34.999999999999964 34.999999999999964 34.999999999999964 34.99999999999997 34.99999999999997 34.999999999999964 34.999999999999964 34.999999999999964 34.99999999999996 34.99999999999995 34.99999999999995 34.99999999999995 34.99999999999995 34.99999999999994 34.99999999999994 34.99999999999994 34.999999999999936 34.99999999999993 34.99999999999993 34.99999999999992 34.99999999999993 34.99999999999994 34.99999999999994 34.99999999999994 34.99999999999994 34.99999999999994 34.99999999999995 34.99999999999996 34.999999999999964 34.99999999999996 34.99999999999996 34.99999999999997 34.99999999999997 34.999999999999964 34.99999999999997 34.999999999999964 34.99999999999996 34.99999999999996 34.99999999999995 34.999999999999936 34.99999999999993 34.99999999999992 34.99999999999992 34.999999999999915 34.999999999999915 34.99999999999992 34.99999999999992 34.99999999999993 34.999999999999936 34.99999999999993 34.99999999999993 34.99999999999992 34.99999999999993 34.999999999999936 34.99999999999995 34.99999999999995 34.99999999999994 34.99999999999995 34.99999999999996 34.99999999999995 34.99999999999995 34.99999999999994 34.999999999999936 34.99999999999993 34.99999999999992 34.99999999999992 34.99999999999992 34.99999999999992 34.999999999999915 34.999999999999915 34.99999999999991 34.9999999999999 34.9999999999999 34.9999999999999 34.99999999999989 34.99999999999989 34.999999999999886 34.99999999999988 34.99999999999987 34.999999999999865 34.99999999999986 34.999999999999844 34.99999999999984 34.999999999999815 34.999999999999815 34.99999999999981 34.9999999999998 34.999999999999794 34.9999999999998 34.999999999999794 34.99999999999978 34.999999999999766 34.999999999999766 34.999999999999766 34.999999999999766 34.99999999999976 34.99999999999975 34.999999999999744 34.99999999999973 34.99999999999973 34.99999999999972 34.999999999999716 34.999999999999716 34.99999999999971 34.9999999999997 34.9999999999997 34.9999999999997 34.999999999999694 34.99999999999968 
1.0041803510024625 0.968371629621032 0.9495721567396646 0.936411167763807 0.9260632253852494 0.917495567612117 0.9094394065400518 0.9028848174321579 0.8959277989930315 0.8904821340727013 0.8841428129890053 0.8780360031726794 0.8735792011742026 0.8676702475404814 0.8619057352843763 0.8562044202810226 0.8505187918042243 0.8448170574694849 0.8390755687045717 0.8332750974961828 0.8273987226510762 0.8214304181721547 0.8153539048299945 0.8091514890465107 0.8028026317848388 0.7962818893655224 0.7930335861790383 0.786210892370664 0.7792889855799275 0.7722222658791918 0.7689452564804562 0.7616103802291604 0.754184160868215 0.7466130319802408 0.7433056684407162 0.7354776175878969 0.7275547753532051 0.719479071722139 0.716125580217664 0.707800345796952 0.6993748432511401 0.6907867634445994 0.6873694075978024 0.6785408004188908 0.6696071308455861 0.66050119157166 0.6570046224322661 0.6476704271554045 0.6382278437462163 0.6286038457593354 0.6250162543681902 0.6151802098771235 0.6052341514438978 0.5950982233634768 0.5914113998235159 0.5810840110292904 0.5706467226567207 0.5600117597517846 0.5562204842160594 0.5454193403636064 0.5345099676361732 0.5233953560525963 0.5194950346343997 0.5082440554799753 0.49688708442383367 0.485315661900709 0.48129248289986437 0.469616607504526 0.4578330229332962 0.4458154760571103 0.4415982772903231 0.4294959933365013 0.41725736397602264 0.4047075264823754 0.3997296938351718 0.38697433267001147 0.3821912079868758 0.3695248380707261 0.3567969495977996 0.3437910775415485 0.33842015107798673 0.3252948237275749 0.32034922940894145 0.30744771832910384 0.2945284992280309 0.2813474034185388 0.27582814222837915 0.26262059765366425 0.2577120843712705 0.2448801553401001 0.2320809519382323 0.2190530463839731 0.21367116750339082 0.20079902720014642 0.19313746801424547 0.18035568030997817 0.17565645696674573 0.16351332810896382 0.1515103068739633 0.13938688331474172 0.13503596348490515 0.12352109822341267 0.11193002544347042 0.10674801639428151 0.09559220312026119 0.09143906265260474 0.08121685255331423 0.07106305907430954 0.06653621927960882 0.05713993333999741 0.052938836137006416 0.04443276770600088 0.041105256472460425 0.03373016166527754 0.03011458502762132 0.027103231417566223 0.02101442617215359 0.018204799051120928 0.015397996733902306 0.01304256600556242 0.011106755651354503 0.009517864451485666 0.008211627625620657 0.007133814549674218 0.006239736748758492 0.005493244437621568 0.004865465168687088 0.004333514125854278 0.003879315859528835 0.0034885981321598186 0.0031500684076350067 0.0028547576441569703 0.002595506242617861 0.0023665653730979425 0.0021632893994358734 0.0019818988152820838 0.0018192978320898379 0.0016729331251519402 0.0015406845308632091 0.0014207798283954784 0.001311728059224836 0.0012122670165635552 0.0011213216472138062 0.0010379711600076267 0.0009614222700698056 0.0008909882178733508 0.0008260711369615882 0.0007661482908982541 0.0007107604339515472 0.0006595022801264161 0.0006120148203093897 0.0005679786400198918 0.0005271085382126871 0.0004891490577070406 0.00045387041947636607 0.00042106543222885414 0.0003905466185545731 0.00036214396528819355 0.0003357026788644213 0.0003110816322463083 0.0002881517897053505 0.00026679496698764403 0.00024690245936657095 0.00022837431460133545 0.00021111841312715837 0.00019504955337026637 0.000180088979505016 0.0001661636328071093 0.0001532057584049619 0.00014115234860049804 0.00012994477390729022 0.00011952832728358348 0.00010985217332576966 0.0001008686435714499 9.2533360545025e-05 8.480466421674738e-05 7.764378529021303e-05 7.101425921219455e-05 6.488199556884414e-05 5.9215121903755836e-05 5.398371918189376e-05 4.915983305780312e-05 4.4717254895589925e-05 4.063156358179284e-05 3.687987117153844e-05 3.3440799181092036e-05 3.0294669943292196e-05 2.7422968177233937e-05 2.4808775253807728e-05 2.243644314219945e-05 2.0291829419696288e-05 1.83620728629806e-05 1.6635835136143534e-05 1.5103353846078632e-05 1.3756502344511015e-05 1.2589149972647276e-05 1.1597357697700492e-05 1.0779783379571691e-05 1.0136646192221288e-05 9.631592065999782e-06 
0.0 0.0 0.0 0.0 0.0 0.0 0.0 0.0 0.0 0.0 0.0 0.0 0.0 0.0 0.0 0.0 0.0 0.0 0.0 0.0 0.0 0.0 0.0 0.0 0.0 0.0 0.0 0.0 0.0 0.0 0.0 0.0 0.0 0.0 0.0 0.0 0.0 0.0 0.0 0.0 0.0 0.0 0.0 0.0 0.0 0.0 0.0 0.0 0.0 0.0 0.0 0.0 0.0 0.0 0.0 0.0 0.0 0.0 0.0 0.0 0.0 0.0 0.0 0.0 0.0 0.0 0.0 0.0 0.0 0.0 0.0 0.0 0.0 0.0 0.0 0.0 0.0 0.0 0.0 0.0 0.0 0.0 0.0 0.0 0.0 0.0 0.0 0.0 0.0 0.0 0.0 0.0 0.0 0.0 0.0 0.0 0.0 0.0 0.0 0.0 0.0 0.0 0.0 0.0 0.0 0.0 0.0 0.0 0.0 0.0 0.0 0.0 0.0 0.0 0.0 0.0 0.0 0.0 0.0 0.0 0.0 0.0 0.0 0.0 0.0 0.0 0.0 0.0 0.0 0.0 0.0 0.0 0.0 0.0 0.0 0.0 0.0 0.0 0.0 0.0 0.0 0.0 0.0 0.0 0.0 0.0 0.0 0.0 0.0 0.0 0.0 0.0 0.0 0.0 0.0 0.0 0.0 0.0 0.0 0.0 0.0 0.0 0.0 0.0 0.0 0.0 0.0 0.0 0.0 0.0 0.0 0.0 0.0 0.0 0.0 0.0 0.0 0.0 0.0 0.0 0.0 0.0 0.0 0.0 0.0 0.0 0.0 0.0 0.0 0.0 0.0 0.0 0.0 0.0 0.0 0.0 0.0 0.0 0.0 0.0 
1900 1 20 0 0 0
12.257763316330223 12.257655057931073 12.257541110550129 12.25742097620162 12.257294222861653 12.257161021580286 12.25701577535741 12.25686833468482 12.256700955271844 12.256537610087555 12.256346126801501 12.25614232612123 12.25595255468517 12.25571777018058 12.255469350057387 12.255204410291864 12.25492084839259 12.25461688237689 12.254290855249572 12.253941137182583 12.253566067195578 12.253163909862774 12.252732813956491 12.252270762816128 12.251775504227034 12.251244439928584 12.250855553350718 12.250250982393549 12.24961099992727 12.248931772786984 12.248450381152509 12.247689641605632 12.246889029560606 12.24604410302131 12.245458190041248 12.2445221405097 12.243540779277374 12.242509404293171 12.241805067974196 12.240672387371719 12.239488609988944 12.238249009980603 12.23741123217537 12.236060058559993 12.234651996560718 12.233182528220246 12.232195834614904 12.230604744869135 12.22895121485049 12.227231205969067 12.226080229356935 12.22422903586387 12.222310316096396 12.220320842457602 12.21899080845483 12.216861346823967 12.21465997414052 12.21238467670794 12.21086166783641 12.208438658972522 12.205940324576346 12.20336634263783 12.201636663228266 12.198908764444978 12.19610346284452 12.19322266491715 12.191268456259367 12.188229881533958 12.185113873002845 12.181925044624165 12.179702259198708 12.176356456572922 12.172937118358512 12.169450849361164 12.166727640244448 12.16309707571916 12.160333201415087 12.156552349003638 12.152703165511635 12.148798997783153 12.145595236374506 12.141566677382631 12.138420180117036 12.134256967813805 12.130039289879743 12.12579097521323 12.122259868995737 12.11792418610753 12.11458597894509 12.110141728291117 12.105662104351627 12.101185159983128 12.097992363461683 12.093440567072031 12.088888583492347 12.084383932764176 12.081218329603791 12.076691366251664 12.072209135655063 12.067827705659111 12.064528117159636 12.060225949046544 12.056048298843024 12.052315665185496 12.048322459222067 12.045044719070999 12.041216121671312 12.037553603723254 12.03426248331768 12.030876431709709 12.027499299702852 12.024434062753322 12.021999392844053 12.019208356111998 12.01664626927545 12.014452742266855 12.012246633249 12.010763603287375 12.008718309877791 12.00674540327825 12.005683836747302 12.004441640961508 12.00354704781119 12.002660067954126 12.001968101780092 12.001459539938768 12.001084742667262 12.00081127281763 12.00061217915074 12.000466838424424 12.000360101275723 12.000281068717948 12.000221980438878 12.000177332823284 12.000143221368125 12.000116866514995 12.000096278232238 12.000080021275986 12.00006705174566 12.00005660339196 12.00004810836145 12.00004114171562 12.000035382360744 12.000030585337173 12.000026562018842 12.000023165839956 12.000020281920971 12.000017819466265 12.000015706141413 12.000013883881481 12.000012305737846 12.000010933487268 12.000009735811688 12.00000868688879 12.000007765303348 12.000006953198932 12.000006235603223 12.000005599906293 12.00000503543359 12.000004533110776 12.000004085189083 12.00000368502745 12.00000332691323 12.000003005910566 12.000002717748137 12.000002458708943 12.00000222555392 12.000002015452976 12.000001825922675 12.000001654781629 12.000001500109164 12.000001360206067 12.000001233571137 12.000001118872094 12.000001014926458 12.000000920680105 12.00000083519444 12.00000075763141 12.000000687241204 12.000000623352404 12.000000565364465 12.00000051273729 12.000000464986911 12.000000421678655 12.00000038242168 12.00000034686528 12.000000314694791 12.00000028562814 12.000000259413298 12.000000235825294 12.000000214665198 12.00000019575738 12.000000178950257 12.000000164113887 12.00000015114134 12.000000139948073 12.000000130475668 12.000000122687696 12.000000116545976 12.00000011134079 
35.00000000000011 35.0000000000001 35.00000000000011 35.00000000000011 35.00000000000011 35.00000000000011 35.00000000000012 35.00000000000013 35.00000000000012 35.00000000000013 35.00000000000013 35.00000000000013 35.00000000000013 35.000000000000135 35.00000000000014 35.00000000000015 35.00000000000015 35.00000000000014 35.00000000000014 35.00000000000014 35.000000000000135 35.000000000000135 35.000000000000135 35.000000000000135 35.00000000000012 35.000000000000114 35.000000000000114 35.00000000000011 35.0000000000001 35.00000000000009 35.0000000000001 35.00000000000011 35.00000000000012 35.00000000000013 35.00000000000012 35.00000000000013 35.000000000000135 35.00000000000014 35.00000000000015 35.00000000000016 35.00000000000018 35.00000000000018 35.00000000000018 35.00000000000017 35.00000000000016 35.000000000000156 35.00000000000015 35.000000000000135 35.00000000000013 35.00000000000012 35.000000000000114 35.0000000000001 35.00000000000009 35.00000000000008 35.00000000000008 35.00000000000008 35.00000000000008 35.00000000000007 35.00000000000007 35.000000000000064 35.000000000000064 35.000000000000064 35.00000000000005 35.00000000000004 35.00000000000005 35.00000000000004 35.000000000000036 35.00000000000003 35.00000000000003 35.00000000000002 35.000000000000014 35.000000000000014 35.00000000000001 35.0 34.99999999999999 34.999999999999986 34.99999999999998 34.99999999999997 34.99999999999998 34.999999999999986 34.999999999999986 34.999999999999986 34.999999999999986 34.999999999999986 34.99999999999998 34.99999999999998 34.99999999999997 34.99999999999996 34.99999999999996 34.999999999999964 34.99999999999997 34.99999999999997 34.999999999999964 34.99999999999996 34.99999999999996 34.99999999999995 34.99999999999995 34.99999999999994 34.99999999999994 34.99999999999995 34.99999999999995 34.99999999999995 34.99999999999995 34.99999999999995 34.999999999999964 34.999999999999964 34.999999999999964 34.999999999999964 34.99999999999996 34.99999999999994 34.99999999999995 34.99999999999996 34.99999999999995 34.999999999999964 34.999999999999964 34.99999999999997 34.99999999999997 34.99999999999997 34.99999999999997 34.99999999999997 34.99999999999997 34.99999999999998 34.99999999999998 34.99999999999998 34.99999999999998 34.99999999999997 34.99999999999996 34.99999999999996 34.99999999999994 34.999999999999936 34.99999999999994 34.999999999999936 34.99999999999994 34.99999999999994 34.99999999999995 34.99999999999994 34.999999999999936 34.999999999999936 34.999999999999936 34.99999999999993 34.99999999999993 34.99999999999993 34.999999999999936 34.999999999999936 34.999999999999936 34.99999999999994 34.999999999999936 34.99999999999993 34.99999999999993 34.99999999999992 34.99999999999993 34.99999999999992 34.99999999999992 34.99999999999992 34.99999999999992 34.999999999999936 34.999999999999936 34.999999999999936 34.99999999999993 34.99999999999992 34.99999999999992 34.99999999999991 34.9999999999999 34.99999999999989 34.999999999999886 34.99999999999987 34.999999999999865 34.999999999999865 34.99999999999987 34.999999999999865 34.99999999999986 34.99999999999986 34.99999999999985 34.999999999999844 34.99999999999983 34.99999999999982 34.99999999999982 34.99999999999981 34.999999999999794 34.99999999999979 34.99999999999979 34.999999999999794 34.999999999999794 34.999999999999794 34.999999999999794 34.999999999999794 34.999999999999794 34.999999999999794 34.99999999999979 34.99999999999978 34.99999999999977 34.99999999999977 34.99999999999977 34.99999999999977 34.999999999999766 34.999999999999766 34.99999999999976 34.99999999999975 34.99999999999975 34.99999999999975 
1.0055106905133304 0.969782430980484 0.9510674052106812 0.9379987641503017 0.9277495486990581 0.9192765654670232 0.9113990645776404 0.9049372877943123 0.8981998556482439 0.8928485532990678 0.8867593431520097 0.8809100151242771 0.8765457109825737 0.8709255628932671 0.8654535556095281 0.8600539870046494 0.8546820444617207 0.8493074673991386 0.8439076305101747 0.8384641315474217 0.8329608561379089 0.8273826986169633 0.8217145466717418 0.8159402927901184 0.810041667442047 0.803996630431254 0.8008843445982317 0.7945763070712734 0.7881843776538975 0.7816694231112392 0.778556181329375 0.7718060492075509 0.7649776948889575 0.75802577923566 0.7549041883265123 0.7477250097193104 0.7404635321861087 0.7330711885020272 0.7299235609209578 0.722308487408173 0.7146052844844188 0.7067623984173751 0.7035704222640259 0.6955105659752666 0.6873572722277206 0.6790554712768646 0.6758033682071605 0.6672928509933299 0.6586847320817687 0.6499196799549519 0.6465948237504554 0.6376321935266595 0.6285690765121666 0.6193410525464341 0.6159336950873432 0.6065222634296643 0.5970086816915504 0.5873225223849927 0.5838248371994104 0.5739724443460565 0.564017144880414 0.5538813348507882 0.5502846204928113 0.5400021892380776 0.5296158599678384 0.5190388119404923 0.5153236618337614 0.5046193504710431 0.4938055717131155 0.4827807379865769 0.4788748408282263 0.4677292989235651 0.4564448930114997 0.44488147537349293 0.4403388595732529 0.4285568227928625 0.4241269619872417 0.4123541989173184 0.40050004335448824 0.3883892614755364 0.38345898454134064 0.3711904591744066 0.3665448562524837 0.354384890189703 0.3421773353596965 0.3297232103947508 0.32465455336364374 0.31212417017975314 0.3075293000688816 0.29524659212554477 0.28299089125841453 0.2705853392555092 0.26638707325210476 0.25424072486937127 0.24210332716335659 0.22980090658955546 0.2257165770639473 0.21375157787476498 0.20179907815502504 0.18965348643432223 0.18532722500055424 0.17353133301358314 0.16157950891349945 0.15628509067817584 0.14455142550238015 0.13998948254587726 0.12887982259848832 0.1177411988453993 0.11273660300245221 0.10209178515935437 0.09628326817384117 0.08608441003980048 0.08225467813165223 0.07299729165447559 0.0638090154188379 0.0598528345934585 0.051420952694137254 0.0487795279803692 0.04155624266034615 0.033856570816774165 0.031710931244692604 0.025709625781233307 0.023194872172729995 0.019649392458102016 0.016553156082333344 0.014089019289152722 0.012040178231296028 0.01034683406032305 0.008947649924396164 0.0077883904831862 0.00682359656565143 0.006016057387378426 0.0053357333553983085 0.004758578305548644 0.0042654319848940666 0.003841051766195138 0.0034733026851925864 0.0031524992607597046 0.0028708809393765715 0.002622199268302224 0.002401395353022558 0.002204348816499028 0.0020276827583604745 0.0018686119298593066 0.0017248243706456724 0.0015943888286706908 0.001475681980899049 0.0013673310150711603 0.0012681681590008004 0.0011771943122463656 0.001093550010846444 0.001016491915243441 0.000945374034542032 0.0008796320310540814 0.0008187707478109427 0.0007623538287456329 0.0007099949260490288 0.0006613508527381852 0.0006161154525792481 0.0005740146393214004 0.0005348021766389835 0.0004982561996875633 0.0004641761872553479 0.0004323802350001435 0.0004027031973053905 0.0003749943779881253 0.0003491161894551731 0.00032494270118573794 0.00030235831661196946 0.0002812567870474796 0.00026154035195536177 0.00024311866188999793 0.00022590838456657857 0.00020983236120050727 0.000194819211140912 0.00018080263581250416 0.00016772114979430257 0.00015551771145887568 0.00014413924670351818 0.00013353639316273974 0.0001236634092707001 0.00011447758576530411 0.0001059394553812489 9.801230454533597e-05 9.06621019543302e-05 8.385744854078365e-05 7.75694025256122e-05 7.17714370465087e-05 6.643936907611191e-05 6.155133405396249e-05 5.7087889857870255e-05 5.303195133677824e-05 4.936909839054283e-05 4.608764214360584e-05 4.317909043168518e-05 4.063848293135137e-05 3.846539676266451e-05 3.666418291487961e-05 3.5241266600315e-05 3.4103231281266086e-05 
0.0 0.0 0.0 0.0 0.0 0.0 0.0 0.0 0.0 0.0 0.0 0.0 0.0 0.0 0.0 0.0 0.0 0.0 0.0 0.0 0.0 0.0 0.0 0.0 0.0 0.0 0.0 0.0 0.0 0.0 0.0 0.0 0.0 0.0 0.0 0.0 0.0 0.0 0.0 0.0 0.0 0.0 0.0 0.0 0.0 0.0 0.0 0.0 0.0 0.0 0.0 0.0 0.0 0.0 0.0 0.0 0.0 0.0 0.0 0.0 0.0 0.0 0.0 0.0 0.0 0.0 0.0 0.0 0.0 0.0 0.0 0.0 0.0 0.0 0.0 0.0 0.0 0.0 0.0 0.0 0.0 0.0 0.0 0.0 0.0 0.0 0.0 0.0 0.0 0.0 0.0 0.0 0.0 0.0 0.0 0.0 0.0 0.0 0.0 0.0 0.0 0.0 0.0 0.0 0.0 0.0 0.0 0.0 0.0 0.0 0.0 0.0 0.0 0.0 0.0 0.0 0.0 0.0 0.0 0.0 0.0 0.0 0.0 0.0 0.0 0.0 0.0 0.0 0.0 0.0 0.0 0.0 0.0 0.0 0.0 0.0 0.0 0.0 0.0 0.0 0.0 0.0 0.0 0.0 0.0 0.0 0.0 0.0 0.0 0.0 0.0 0.0 0.0 0.0 0.0 0.0 0.0 0.0 0.0 0.0 0.0 0.0 0.0 0.0 0.0 0.0 0.0 0.0 0.0 0.0 0.0 0.0 0.0 0.0 0.0 0.0 0.0 0.0 0.0 0.0 0.0 0.0 0.0 0.0 0.0 0.0 0.0 0.0 0.0 0.0 0.0 0.0 0.0 0.0 0.0 0.0 0.0 0.0 0.0 0.0 
1900 1 21 0 0 0
12.24472618737874 12.244629411349434 12.244527791371711 12.24442093850529 12.24430851339263 12.244190661143827 12.244063170390833 12.24393339529567 12.243787847851657 12.243644835080058 12.243479695607908 12.243304481095198 12.24313952478759 12.242939140560132 12.242727647030762 12.242502702496497 12.242262604151378 12.242005912106 12.241731289360494 12.241437421677746 12.241122969904197 12.240786534867809 12.24042662442845 12.24004161500314 12.239629698934282 12.239188804455573 12.238861450519915 12.238360675410286 12.237831300156433 12.237270248444547 12.2368688073958 12.236241395772023 12.235581812066151 12.23488647399231 12.234401273778003 12.233631717477989 12.232825580871488 12.231979031167432 12.231398842408673 12.230469669217705 12.229499159439198 12.22848338969651 12.227795977305039 12.226689006898855 12.225535848254955 12.224332637488887 12.223525207917406 12.222222276227866 12.220868389395509 12.219459917336092 12.218519491852984 12.217003034032999 12.215431105824228 12.213800524585768 12.212714246092498 12.210967881928775 12.209161962185416 12.207294012221412 12.206049247335946 12.204058439675729 12.202004631245932 12.19988636347746 12.198470016333138 12.19622288899533 12.193910240907543 12.191531966692267 12.189926746446606 12.18741530211276 12.184837242480572 12.182194072038756 12.18036161516786 12.177584140949568 12.174741448224589 12.171835965399783 12.169609507366422 12.166575219309546 12.164295033686523 12.161130065671195 12.157903088448675 12.154620514569055 12.151986971680094 12.148587145444257 12.145970602176412 12.142448887670916 12.138873480834851 12.135257443756196 12.132337212627782 12.128624604546427 12.12582173184655 12.121998514167744 12.118130734427723 12.114241248425506 12.111498234743932 12.10751266014541 12.103501792969388 12.099495391558449 12.096696324305404 12.092619236078878 12.0885425241372 12.084502605313416 12.081455126616511 12.077403123230098 12.073400745754604 12.069897423242411 12.065942407423009 12.062718957549789 12.058791045439872 12.054933309665822 12.052076577842902 12.048258496094602 12.044521500195126 12.040926158001318 12.038232260203278 12.034782994986028 12.031507436529013 12.028673081691258 12.025653433657606 12.02335143385961 12.02054657600459 12.01795075652108 12.016088963512235 12.013756943898994 12.011669653193431 12.010010719092351 12.008293083123313 12.007157299467128 12.005757937539782 12.004341949084166 12.003618545250236 12.002646612900897 12.002042345030885 12.001533707920425 12.00115162310891 12.00086912144879 12.000660581659076 12.000506482680274 12.000392210524426 12.000306973541294 12.000242899947242 12.00019429588997 12.0001570595608 12.000128236631227 12.000105693092886 12.000087879454139 12.000073662939315 12.000062208832254 12.000052896743583 12.000045261430296 12.000038950808573 12.00003369599947 12.000029289826152 12.000025571257146 12.000022414066114 12.000019718502548 12.000017405123074 12.000015410181057 12.000013682159555 12.000012179143303 12.00001086680887 12.000009716875109 12.000008705905314 12.000007814369166 12.000007025906703 12.000006326745186 12.00000570523635 12.000005151484416 12.000004657045013 12.000004214688337 12.00000381819634 12.000003462204019 12.000003142067188 12.000002853751859 12.000002593744536 12.000002358974863 12.000002146754369 12.000001954720705 12.000001780797339 12.000001623148947 12.00000148015654 12.000001350384716 12.000001232560852 12.0000011255549 12.000001028361247 12.000000940085261 12.000000859930719 12.000000787187853 12.000000721224776 12.00000066148012 12.00000060745512 12.000000558710152 12.000000514856742 12.000000475557501 12.00000044052128 12.000000409503832 12.00000038230601 12.000000358774876 12.000000338805405 12.000000322335259 12.00000030926648 12.000000297498115 
35.00000000000014 35.00000000000014 35.00000000000015 35.00000000000016 35.00000000000016 35.00000000000017 35.00000000000017 35.00000000000016 35.00000000000016 35.00000000000016 35.000000000000156 35.00000000000015 35.00000000000015 35.00000000000015 35.00000000000014 35.00000000000015 35.00000000000015 35.000000000000156 35.000000000000156 35.000000000000156 35.00000000000015 35.000000000000156 35.000000000000156 35.000000000000156 35.000000000000156 35.000000000000156 35.000000000000156 35.000000000000156 35.000000000000156 35.00000000000014 35.000000000000135 35.00000000000013 35.00000000000013 35.00000000000013 35.000000000000135 35.000000000000135 35.000000000000135 35.000000000000135 35.000000000000135 35.00000000000013 35.00000000000013 35.00000000000012 35.00000000000012 35.00000000000012 35.00000000000012 35.000000000000114 35.000000000000114 35.000000000000114 35.00000000000011 35.0000000000001 35.0000000000001 35.00000000000009 35.000000000000085 35.000000000000085 35.000000000000085 35.00000000000008 35.00000000000007 35.00000000000007 35.00000000000008 35.00000000000008 35.000000000000085 35.000000000000085 35.000000000000085 35.000000000000085 35.000000000000085 35.00000000000008 35.00000000000008 35.000000000000064 35.000000000000064 35.00000000000006 35.00000000000006 35.00000000000006 35.000000000000064 35.000000000000064 35.000000000000064 35.000000000000064 35.00000000000007 35.000000000000085 35.00000000000009 35.00000000000009 35.000000000000085 35.00000000000008 35.00000000000008 35.000000000000064 35.00000000000006 35.00000000000006 35.00000000000004 35.000000000000036 35.00000000000003 35.00000000000001 35.000000000000014 35.000000000000014 35.000000000000014 35.000000000000014 35.000000000000014 35.000000000000014 35.00000000000001 35.0 34.99999999999999 34.99999999999998 34.999999999999964 34.999999999999964 34.99999999999996 34.999999999999964 34.99999999999998 34.99999999999997 34.99999999999997 34.999999999999964 34.99999999999997 34.99999999999998 34.99999999999998 34.999999999999986 34.999999999999986 34.99999999999998 34.999999999999964 34.999999999999964 34.99999999999996 34.99999999999996 34.99999999999994 34.99999999999994 34.99999999999995 34.99999999999994 34.99999999999994 34.999999999999936 34.99999999999993 34.99999999999993 34.999999999999936 34.999999999999936 34.99999999999992 34.999999999999915 34.99999999999992 34.99999999999993 34.999999999999936 34.99999999999994 34.999999999999936 34.999999999999936 34.99999999999993 34.99999999999993 34.99999999999993 34.99999999999993 34.99999999999993 34.99999999999992 34.99999999999992 34.99999999999993 34.99999999999993 34.99999999999992 34.999999999999915 34.999999999999915 34.99999999999991 34.99999999999991 34.99999999999991 34.999999999999915 34.999999999999915 34.999999999999915 34.999999999999915 34.999999999999915 34.99999999999991 34.99999999999991 34.99999999999991 34.99999999999989 34.999999999999886 34.99999999999988 34.99999999999987 34.999999999999865 34.999999999999865 34.99999999999985 34.99999999999985 34.99999999999984 34.99999999999984 34.99999999999984 34.99999999999983 34.99999999999982 34.999999999999815 34.99999999999981 34.9999999999998 34.999999999999794 34.99999999999979 34.99999999999979 34.999999999999794 34.999999999999794 34.999999999999794 34.99999999999979 34.999999999999794 34.99999999999981 34.99999999999981 34.99999999999981 34.999999999999815 34.999999999999815 34.999999999999815 34.99999999999982 34.99999999999982 34.99999999999982 34.999999999999815 34.99999999999981 34.9999999999998 34.9999999999998 34.99999999999981 34.99999999999981 34.99999999999981 34.999999999999815 
1.007023370680668 0.9713659573088096 0.9527247251312965 0.9397367996220408 0.9295737320059926 0.9211830488221056 0.9134592666438025 0.9070784612614535 0.9005302060510024 0.8952613766389129 0.8893875023941419 0.8837599914758887 0.8794769803822859 0.8741050768032618 0.868884460267908 0.8637440430381021 0.8586412498210729 0.8535470784449264 0.8484397378335867 0.8433014989760621 0.8381169100415699 0.8328716271482438 0.8275515066696909 0.8221417528857642 0.8166259542790556 0.8109848110995407 0.8079899955846197 0.802116698145602 0.7961725477392009 0.7901234775642784 0.7871498482391195 0.7808909608130774 0.774565251264241 0.7681337427486906 0.7651690267646275 0.7585323654192078 0.7518244384491366 0.7450039620025545 0.742028587315957 0.7350047328165664 0.7279036740349236 0.7206820403008052 0.7176769081444689 0.7102547591820878 0.7027499109090092 0.6951164735604272 0.692065229552169 0.6842362719179655 0.6763200665490774 0.6682675957207406 0.6651568884523507 0.6569163230485885 0.6485849895644717 0.6401100666984437 0.6369291057843933 0.6282760472844166 0.6195296298248594 0.6106324664144674 0.607371949227434 0.5983090840888589 0.5891508375589954 0.5798342552020996 0.5764835235763138 0.567015577916157 0.5574496426027499 0.5477154134666744 0.5442532920734372 0.5343814678715675 0.5244044972812059 0.5142400702126994 0.5105989768642828 0.5002996123246096 0.48986758319242657 0.4791904952758359 0.4750214055864732 0.4641349925538207 0.4600325448418587 0.4491177304081575 0.43811628263198604 0.4268875652794807 0.4223758925683892 0.41099187508015783 0.4066876714120765 0.3953575965139265 0.3839675719006959 0.37235801166097293 0.3677424047219069 0.35604813959124254 0.3517955271630694 0.3402658118278657 0.32873682446921515 0.31706673242989997 0.3131198617728237 0.3016074399678829 0.2900697071535614 0.2783645418762023 0.2744680439655655 0.26295464662122137 0.2513994911141419 0.23962846611648952 0.2354124766027821 0.22379934032911641 0.21197958652595583 0.206932490369813 0.19517283747911596 0.19066071435353166 0.17929360062330038 0.16787493522790303 0.1639521337994557 0.15307309001997882 0.14228291384219416 0.13137346153523974 0.12754827474529057 0.11717956371571474 0.10671841140705385 0.10228820463421917 0.09223914384830227 0.0886710338261836 0.07942702634599913 0.07021081784023817 0.06712573875518604 0.05883283421281993 0.05059056276902336 0.04736079815113829 0.039933912312235184 0.037601533092983606 0.03146292531658598 0.026350897861382064 0.024585475978811246 0.01941417333892914 0.017242832271109204 0.014822619696151739 0.01272278981096406 0.010970913894972449 0.009513454956698118 0.008299435837763165 0.007284984826079395 0.006433349678196385 0.005714306469899296 0.005103322233177817 0.004580647479259666 0.0041304520272923825 0.0037400626646006976 0.003399322064791105 0.003100066118751354 0.002835705800270487 0.0026008969558310568 0.0023912809723124224 0.0022032820681709094 0.0020339486828886578 0.00188082940472539 0.0017418756004344744 0.0016153646867210513 0.0014998395677385335 0.0013940605390563576 0.0012969667939743254 0.0012076456881009957 0.0011253079003728079 0.0010492673655749108 0.0009789248962811905 0.0009137547640888987 0.0008532937383259043 0.0007971319355177301 0.0007449052704620822 0.0006962892011041384 0.0006509933912789836 0.0006087572112715254 0.0005693461774777083 0.000532548494374789 0.000498172524731523 0.00046604436812293067 0.0004360058768335208 0.0004079130023780403 0.00038163413200870177 0.00035704900672761685 0.0003340473899902405 0.0003125283472845666 0.00029239900475387144 0.0002735742825348378 0.00025597581538296235 0.00023953158982768953 0.00022417546025347283 0.000209846630291405 0.00019648929479208345 0.0001840523765529425 0.00017248924684307672 0.00016175740788220084 0.0001518185315205724 0.00014263812340100567 0.00013418576577571702 0.00012643472092747313 0.00011936250496253443 0.00011295076644519523 0.00010718583643406071 0.00010205938497555573 9.75689741893422e-05 9.371947897119653e-05 9.052381604176578e-05 8.799592047726064e-05 8.591892026343383e-05 
0.0 0.0 0.0 0.0 0.0 0.0 0.0 0.0 0.0 0.0 0.0 0.0 0.0 0.0 0.0 0.0 0.0 0.0 0.0 0.0 0.0 0.0 0.0 0.0 0.0 0.0 0.0 0.0 0.0 0.0 0.0 0.0 0.0 0.0 0.0 0.0 0.0 0.0 0.0 0.0 0.0 0.0 0.0 0.0 0.0 0.0 0.0 0.0 0.0 0.0 0.0 0.0 0.0 0.0 0.0 0.0 0.0 0.0 0.0 0.0 0.0 0.0 0.0 0.0 0.0 0.0 0.0 0.0 0.0 0.0 0.0 0.0 0.0 0.0 0.0 0.0 0.0 0.0 0.0 0.0 0.0 0.0 0.0 0.0 0.0 0.0 0.0 0.0 0.0 0.0 0.0 0.0 0.0 0.0 0.0 0.0 0.0 0.0 0.0 0.0 0.0 0.0 0.0 0.0 0.0 0.0 0.0 0.0 0.0 0.0 0.0 0.0 0.0 0.0 0.0 0.0 0.0 0.0 0.0 0.0 0.0 0.0 0.0 0.0 0.0 0.0 0.0 0.0 0.0 0.0 0.0 0.0 0.0 0.0 0.0 0.0 0.0 0.0 0.0 0.0 0.0 0.0 0.0 0.0 0.0 0.0 0.0 0.0 0.0 0.0 0.0 0.0 0.0 0.0 0.0 0.0 0.0 0.0 0.0 0.0 0.0 0.0 0.0 0.0 0.0 0.0 0.0 0.0 0.0 0.0 0.0 0.0 0.0 0.0 0.0 0.0 0.0 0.0 0.0 0.0 0.0 0.0 0.0 0.0 0.0 0.0 0.0 0.0 0.0 0.0 0.0 0.0 0.0 0.0 0.0 0.0 0.0 0.0 0.0 0.0 
