20
2.5 7.5 12.5 17.5 22.5 27.5 32.5 37.5 42.5 47.5 52.5 57.5 62.5 67.5 72.5 77.5 82.5 87.5 92.5 97.5 102.5 107.5 112.5 117.5 122.5 127.5 132.5 137.5 142.5 147.5 152.5 157.5 162.5 167.5 172.5 177.5 182.5 187.5 192.5 197.5 202.5 207.5 212.5 217.5 222.5 227.5 232.5 237.5 242.5 247.5 252.5 257.5 262.5 267.5 272.5 277.5 282.5 287.5 292.5 297.5 302.5 307.5 312.5 317.5 322.5 327.5 332.5 337.5 342.5 347.5 352.5 357.5 362.5 367.5 372.5 377.5 382.5 387.5 392.5 397.5 402.5 407.5 412.5 417.5 422.5 427.5 432.5 437.5 442.5 447.5 452.5 457.5 462.5 467.5 472.5 477.5 482.5 487.5 492.5 497.5 502.5 507.5 512.5 517.5 522.5 527.5 532.5 537.5 542.5 547.5 552.5 557.5 562.5 567.5 572.5 577.5 582.5 587.5 592.5 597.5 602.5 607.5 612.5 617.5 622.5 627.5 632.5 637.5 642.5 647.5 652.5 657.5 662.5 667.5 672.5 677.5 682.5 687.5 692.5 697.5 702.5 707.5 712.5 717.5 722.5 727.5 732.5 737.5 742.5 747.5 752.5 757.5 762.5 767.5 772.5 777.5 782.5 787.5 792.5 797.5 802.5 807.5 812.5 817.5 822.5 827.5 832.5 837.5 842.5 847.5 852.5 857.5 862.5 867.5 872.5 877.5 882.5 887.5 892.5 897.5 902.5 907.5 912.5 917.5 922.5 927.5 932.5 937.5 942.5 947.5 952.5 957.5 962.5 967.5 972.5 977.5 982.5 987.5 992.5 997.5 
1900 1 2 0 0 0
14.832746562961193 14.832694315000936 14.832635579349633 14.832567774827046 14.832488725545133 14.83138088501877 13.755250301198343 13.250000443042111 12.749999305376717 12.250104563975635 12.000130805793692 12.000000686639757 12.00000004046921 12.000000007609785 12.0000000021283 12.000000000695856 12.000000000241055 12.000000000084132 12.00000000002878 12.000000000009525 12.000000000003045 12.000000000000934 12.000000000000275 12.000000000000075 12.000000000000018 12.000000000000004 12.0 11.999999999999996 11.999999999999996 12.0 12.0 12.0 11.999999999999998 11.999999999999998 11.999999999999998 12.0 12.000000000000004 12.000000000000004 12.000000000000004 12.000000000000002 12.0 12.000000000000004 12.000000000000004 12.00000000000001 12.000000000000018 12.000000000000018 12.000000000000014 12.000000000000012 12.000000000000016 12.000000000000016 12.000000000000025 12.000000000000027 12.00000000000003 12.000000000000028 12.000000000000028 12.00000000000003 12.00000000000003 12.000000000000028 12.00000000000003 12.00000000000003 12.00000000000003 12.00000000000003 12.00000000000003 12.00000000000003 12.000000000000028 12.000000000000028 12.000000000000028 12.000000000000025 12.000000000000023 12.000000000000023 12.000000000000018 12.000000000000021 12.00000000000002 12.000000000000018 12.000000000000023 12.000000000000025 12.000000000000027 12.000000000000027 12.000000000000028 12.000000000000025 12.000000000000023 12.00000000000002 12.000000000000021 12.000000000000023 12.000000000000023 12.000000000000023 12.000000000000023 12.000000000000025 12.000000000000025 12.000000000000023 12.000000000000023 12.000000000000027 12.00000000000003 12.00000000000003 12.000000000000028 12.000000000000021 12.000000000000021 12.000000000000023 12.000000000000021 12.000000000000025 12.000000000000025 12.000000000000025 12.000000000000023 12.000000000000018 12.000000000000018 12.000000000000025 12.000000000000025 12.000000000000027 12.000000000000023 12.000000000000018 12.00000000000002 12.000000000000018 12.000000000000016 12.000000000000021 12.000000000000025 12.000000000000023 12.000000000000021 12.00000000000002 12.000000000000018 12.000000000000016 12.00000000000002 12.000000000000025 12.000000000000025 12.000000000000025 12.000000000000027 12.000000000000025 12.000000000000023 12.000000000000018 12.000000000000021 12.000000000000025 12.000000000000028 12.000000000000027 12.000000000000025 12.000000000000018 12.000000000000018 12.000000000000021 12.000000000000023 12.000000000000025 12.00000000000003 12.000000000000027 12.000000000000027 12.000000000000028 12.000000000000027 12.000000000000028 12.000000000000025 12.000000000000021 12.000000000000021 12.000000000000025 12.000000000000027 12.000000000000028 12.000000000000028 12.000000000000025 12.000000000000023 12.000000000000021 12.000000000000018 12.000000000000018 12.000000000000018 12.000000000000018 12.000000000000018 12.000000000000018 12.000000000000018 12.000000000000025 12.000000000000028 12.000000000000027 12.000000000000028 12.000000000000032 12.000000000000036 12.000000000000036 12.000000000000034 12.000000000000027 12.000000000000021 12.000000000000018 12.000000000000018 12.000000000000021 12.000000000000023 12.000000000000021 12.000000000000018 12.000000000000016 12.000000000000016 12.00000000000002 12.00000000000002 12.000000000000016 12.000000000000014 12.000000000000012 12.000000000000016 12.00000000000002 12.00000000000002 12.00000000000002 12.000000000000018 12.000000000000021 12.000000000000027 12.000000000000027 12.000000000000032 12.000000000000032 12.000000000000032 12.000000000000032 12.000000000000034 12.000000000000037 12.000000000000032 12.00000000000003 
34.99999999999995 34.99999999999995 34.99999999999995 34.999999999999964 34.999999999999964 34.99999999999997 35.00000000000001 34.99999999999998 35.000000000000014 34.99999999999999 35.00000000000002 35.00000000000001 35.0 34.99999999999999 35.0 35.00000000000001 35.000000000000014 35.00000000000003 35.0 35.0 35.00000000000001 35.00000000000001 34.99999999999999 34.999999999999986 34.99999999999998 34.99999999999999 35.0 35.0 35.0 35.000000000000014 35.000000000000014 35.000000000000014 35.00000000000001 35.000000000000014 35.00000000000001 35.0 34.99999999999999 34.99999999999999 34.99999999999999 35.00000000000001 35.000000000000014 35.000000000000014 35.000000000000014 35.000000000000036 35.00000000000005 35.000000000000064 35.00000000000006 35.00000000000005 35.00000000000006 35.00000000000006 35.00000000000007 35.000000000000064 35.00000000000008 35.00000000000008 35.00000000000008 35.00000000000008 35.000000000000085 35.000000000000085 35.0000000000001 35.00000000000009 35.000000000000085 35.000000000000085 35.000000000000085 35.00000000000009 35.000000000000085 35.00000000000008 35.00000000000007 35.00000000000006 35.000000000000064 35.00000000000008 35.00000000000008 35.00000000000008 35.00000000000006 35.000000000000064 35.00000000000007 35.00000000000008 35.00000000000007 35.000000000000064 35.000000000000064 35.000000000000064 35.000000000000064 35.00000000000006 35.00000000000005 35.000000000000064 35.000000000000064 35.00000000000007 35.00000000000006 35.00000000000007 35.000000000000064 35.000000000000064 35.000000000000064 35.00000000000008 35.000000000000085 35.000000000000085 35.00000000000008 35.00000000000007 35.000000000000064 35.00000000000008 35.00000000000007 35.00000000000007 35.000000000000064 35.00000000000007 35.000000000000064 35.000000000000064 35.000000000000064 35.00000000000007 35.000000000000064 35.000000000000064 35.00000000000006 35.00000000000006 35.000000000000064 35.00000000000006 35.00000000000005 35.00000000000005 35.000000000000064 35.000000000000064 35.00000000000007 35.00000000000006 35.000000000000064 35.00000000000007 35.00000000000008 35.00000000000008 35.00000000000008 35.00000000000008 35.000000000000085 35.00000000000008 35.00000000000007 35.00000000000005 35.00000000000005 35.00000000000005 35.00000000000005 35.00000000000005 35.00000000000005 35.00000000000005 35.00000000000005 35.00000000000006 35.000000000000064 35.00000000000008 35.000000000000085 35.000000000000085 35.000000000000085 35.0000000000001 35.0000000000001 35.0000000000001 35.000000000000085 35.00000000000008 35.00000000000007 35.00000000000007 35.00000000000008 35.00000000000008 35.00000000000008 35.00000000000007 35.000000000000064 35.00000000000007 35.000000000000064 35.00000000000005 35.00000000000004 35.000000000000036 35.00000000000005 35.00000000000005 35.00000000000005 35.00000000000005 35.00000000000005 35.00000000000005 35.00000000000008 35.00000000000009 35.0000000000001 35.00000000000011 35.00000000000011 35.000000000000085 35.00000000000007 35.00000000000006 35.00000000000005 35.00000000000005 35.00000000000007 35.000000000000064 35.00000000000005 35.000000000000036 35.000000000000036 35.00000000000005 35.00000000000005 35.00000000000005 35.00000000000004 35.00000000000003 35.00000000000003 35.00000000000005 35.00000000000007 35.000000000000064 35.00000000000006 35.00000000000007 35.000000000000064 35.00000000000007 35.00000000000007 35.00000000000007 35.00000000000007 35.00000000000008 35.000000000000085 35.0000000000001 35.00000000000008 35.00000000000008 
0.1115285268457676 0.007321856831869211 -0.0009867493677106348 -0.006558366212841126 -0.01006299881116869 -0.018191370662216644 -2.3950743541937973e-05 -1.5624529751307965e-08 -9.503371203632758e-11 -1.5769822224973532e-13 -1.5978316132836165e-16 -9.714653802352956e-19 -5.0936803384531737e-20 -6.2363458964592204e-21 -9.48104106256794e-22 -1.4205522571799007e-22 -1.6587135674222562e-23 -4.58385218630419e-26 8.613216693416612e-25 3.8629584750658167e-25 1.256193348648463e-25 3.501101059620694e-26 8.848111606245936e-27 2.0688308425494684e-27 4.529151810554233e-28 9.344294259763423e-29 1.8224289652514427e-29 3.361212485671113e-30 5.84819422309579e-31 9.538241040733908e-32 1.4391386201581663e-32 1.9530881230351642e-33 2.221140933584434e-34 1.6022618722129334e-35 -1.2009026876866214e-36 -8.576781270328538e-37 -2.460880102860348e-37 -5.584092978561084e-38 -1.1213145818009933e-38 -2.074065031565841e-39 -3.599447713593424e-40 -5.915687958519064e-41 -9.247835189378608e-42 -1.376513853846773e-42 -1.946892531852047e-43 -2.5983596372103883e-44 -3.2340619278916017e-45 -3.651992149323573e-46 -3.495348447660217e-47 -2.190027869958889e-48 1.1246753806360907e-49 7.663049872545651e-50 1.9037728711564298e-50 3.7274980664520625e-51 6.473852123171616e-52 1.0386907848821792e-52 1.5699946874918883e-53 2.2561064926667512e-54 3.094801043307558e-55 4.054678118420298e-56 5.0595793144636336e-57 5.969787472340809e-58 6.560916924134417e-59 6.502231691229283e-60 5.337614024322151e-61 2.4733354880747473e-62 -2.8217497666374256e-63 -1.1396561673701681e-63 -2.4170565638074607e-64 -4.2050269038545105e-65 -6.58011043851258e-66 -9.586798655574935e-67 -1.3214106356154603e-67 -1.7366859592856607e-68 -2.1833514032185244e-69 -2.623522997651735e-70 -3.003368921722882e-71 -3.2452871390567184e-72 -3.2492012771802e-73 -2.88978863354617e-74 -2.0202419490195885e-75 -4.7789661897566636e-77 1.9058315748922477e-77 5.290530483457027e-78 9.806430222926594e-79 1.5528493209875965e-79 2.2445377430006958e-80 3.042437466799148e-81 3.917424160396737e-82 4.820879086096241e-83 5.681690799986058e-84 6.400812998423844e-85 6.859417208730758e-86 6.91114774131258e-87 6.388897071363648e-88 5.1120722899483785e-89 2.8975239507073616e-90 -4.2561882057035766e-92 -4.996188865362373e-92 -1.0898634563290032e-92 -1.814051123880802e-93 -2.662396486907171e-94 -3.611847593112711e-95 -4.623631727035916e-96 -5.641322328655918e-97 -6.58972987479335e-98 -7.374945112094062e-99 -7.885863260760855e-100 -7.997489788826187e-101 -7.57626815534451e-102 -6.487574527780821e-103 -4.605392859971063e-104 -1.8240175177453738e-105 1.9285654230032867e-106 6.676191533846739e-107 1.2379941690387673e-107 1.891993007031889e-108 2.6091385766091646e-109 3.359179208444593e-110 4.10158801604825e-111 4.785742475984803e-112 5.351942597897425e-113 5.731928356859745e-114 5.8542154445029655e-115 5.647657239464489e-116 5.0428783635637166e-117 3.979625650847344e-118 2.4126855730013905e-119 3.181961886266566e-121 -2.3000395116491984e-121 -5.404679185340851e-122 -8.919891347767874e-123 -1.2727846463672585e-123 -1.6667169797435703e-124 -2.0533848502802052e-125 -2.4085029489061664e-126 -2.7046594878370636e-127 -2.911390889751648e-128 -2.999247487672806e-129 -2.9387662874827435e-130 -2.703303209177864e-131 -2.2711764395103567e-132 -1.6279021734515394e-133 -7.684006678811612e-135 3.009683596072797e-136 1.5606950153704133e-136 2.9768934692936666e-137 4.500760632223668e-138 6.068044725771187e-139 7.602320470769187e-140 9.014587405202237e-141 1.0207384105232374e-141 1.107886426010654e-142 1.152777821509613e-143 1.1459220995869165e-144 1.0790926513940294e-145 9.459822050781755e-147 7.428501262891868e-148 4.691230258799806e-149 1.2790739878660774e-150 -2.7362766672628767e-151 -7.240379893216706e-152 -1.2075987401352517e-152 -1.704567638814175e-153 -2.191100000092315e-154 -2.641449093673018e-155 -3.0276835500093363e-156 -3.321271756999705e-157 -3.494511428583966e-158 -3.522103316690019e-159 -3.382800549873447e-160 -3.061052006657732e-161 -2.5485493940583056e-162 -1.8455817884736185e-163 -9.621008517176898e-165 8.15951701511554e-167 1.25464024047062e-166 2.5159076953939442e-167 3.8148899638589634e-168 5.0931688831231764e-169 6.286464706884204e-170 7.327219439894187e-171 8.147636692606907e-172 8.68306758521775e-173 8.875602225628154e-174 8.677700858143933e-175 8.05567977548142e-176 6.9928561693582456e-177 5.492154634260595e-178 3.577987008861351e-179 1.2972371172804651e-180 -1.2807886264763747e-181 -4.0655811152896094e-182 -6.9470757553509845e-183 -9.799469613213566e-184 -1.2488627828445305e-184 -1.4870323731040833e-185 -1.6810980515124674e-186 -1.8198101379140554e-187 -2.0729559253197274e-188 
-0.11611482806696347 -0.08512092557677793 -0.07864756879821311 -0.07320639303521831 -0.06897695460549672 -0.05677255685965345 -0.00011106230178323537 -1.699020226210536e-07 -1.8848402404941174e-10 -1.2118038127431455e-13 -3.646640305786327e-17 1.590569838069171e-19 2.663341751644769e-20 5.7274797940525916e-21 1.3848419431690391e-21 3.4402932439206506e-22 8.453119853897694e-23 2.0128447590326842e-23 4.586461377741812e-24 9.910570202681564e-25 2.0176737860978992e-25 3.819505706582061e-26 6.638441288993898e-27 1.0197473873053579e-27 1.261323486482944e-28 7.919983120727133e-30 -1.8878925785624872e-30 -1.0093688843921203e-30 -3.051709514094081e-31 -7.570073545170004e-32 -1.6764693277199036e-32 -3.425576712582284e-33 -6.56150892152048e-34 -1.1879092168134122e-34 -2.0407340474248842e-35 -3.329534459284274e-36 -5.148081769736686e-37 -7.498022461506e-38 -1.0157694090377458e-38 -1.2462444018642223e-39 -1.2964616079559803e-40 -8.943646760730176e-42 4.2502932963755395e-43 3.4005682206073944e-43 9.135496839173998e-44 1.916674484589891e-44 3.554530010458707e-45 6.0787131096789076e-46 9.770429545721051e-47 1.490070499486879e-47 2.1657319119007486e-48 3.0026907563782905e-49 3.9610990638279757e-50 4.94093649114166e-51 5.747463482932076e-52 6.050101500560862e-53 5.35532181336391e-54 2.94760180337417e-55 -2.1391177427648356e-56 -1.1136201633955908e-56 -2.552141789145994e-57 -4.69477321639172e-58 -7.709769265144165e-59 -1.174384075487674e-59 -1.6885559210983182e-60 -2.3114925500164194e-61 -3.02382682873333e-62 -3.7809257406028713e-63 -4.503915837519594e-64 -5.0702587365705254e-65 -5.304886340838809e-66 -4.973343615821301e-67 -3.778844017152965e-68 -1.3655720395514238e-69 2.669291883932122e-70 8.747592181766756e-71 1.7278310938298443e-71 2.859664538364801e-72 4.290259711653285e-73 6.015323411607078e-74 7.996148301521699e-75 1.0147795760831828e-75 1.23269753288887e-76 1.4320797758262455e-77 1.5837938054557997e-78 1.650409669708601e-79 1.5863936662559973e-80 1.3391845336144828e-81 8.513864267772289e-83 6.428669587881625e-85 -1.0772019933967822e-84 -2.6169301966399275e-85 -4.581469867631019e-86 -6.969995910233902e-87 -9.74381503983692e-88 -1.2815863752340555e-88 -1.6040855501043444e-89 -1.9207514719248957e-90 -2.202682566869307e-91 -2.4147912801307427e-92 -2.514959079535036e-93 -2.455408460719801e-94 -2.1848333688034137e-95 -1.6514235810414876e-96 -8.06841086772033e-98 3.8887790921630004e-99 1.961613673410716e-99 3.9168670369982705e-100 6.233207335411264e-101 8.855905784476991e-102 1.1691300237619447e-102 1.4602524825973789e-103 1.7407297591013322e-104 1.9878479383808122e-105 2.174809353076646e-106 2.2715736245642928e-107 2.2455360730731774e-108 2.0648294724260683e-109 1.6991003121050636e-110 1.1223241466029766e-111 3.1581271513104453e-113 -7.286503434592518e-114 -2.005330793897027e-114 -3.4915348205823875e-115 -5.146650000976794e-116 -6.908704593429395e-117 -8.693913918883498e-118 -1.0397163522495905e-118 -1.1893983654506394e-119 -1.3044225293274256e-120 -1.3697552833114512e-121 -1.370076600628522e-122 -1.290684358938111e-123 -1.1185466034735275e-124 -8.434629088640865e-126 -4.592810138545578e-127 3.490572212712331e-129 6.334954543459467e-129 1.3235935392381027e-129 2.0845398566156595e-130 2.8874011963251414e-131 3.695112847336778e-132 4.463144558424083e-133 5.140741923834751e-134 5.672767118617264e-135 6.002129759899225e-136 6.072761178580545e-137 5.833084735010363e-138 5.239101462299123e-139 4.260539500837678e-140 2.8816843218929433e-141 1.1065750666946578e-142 -1.0381484519001522e-143 -3.5011045214958684e-144 -6.20505881913895e-145 -9.047098617375232e-146 -1.1900287123014395e-146 -1.4616927344410586e-147 -1.7033486750745828e-148 -1.8977143439290636e-149 -2.0273814285527262e-150 -2.0757420053132772e-151 -2.0280041226672865e-152 -1.87228013429195e-153 -1.600166809478468e-154 -1.2091787904460734e-155 -7.019464293503298e-157 -8.748945945544309e-159 6.183934677095612e-159 1.3930480834767786e-159 2.207246794423369e-160 3.0258600078541357e-161 3.80892814901732e-162 4.513125044874998e-163 5.093580393349925e-164 5.50600560927838e-165 5.709044356539973e-166 5.666747887272692e-167 5.351057320815765e-168 4.7441615571346445e-169 3.8405918592391224e-170 2.648913283104378e-171 1.1928798288909614e-172 -4.88065169568168e-174 -2.3390393198979842e-174 -4.2907879536697547e-175 -6.261596638011201e-176 -8.16003682812652e-177 -9.888486860038742e-178 -1.1347323997914865e-178 -1.243963787288711e-179 -1.3076275811585654e-180 -1.3181091045952298e-181 -1.2694314754986566e-182 -1.1580373607622399e-183 -9.832234019443245e-185 -7.467457443377643e-186 -4.540861175834493e-187 -1.122849205676011e-188 3.3083743718560493e-189 
1900 1 3 0 0 0
14.831337624396339 14.83131716098551 14.831293324975803 14.831264603725865 14.83122666117462 14.830294884393906 13.762791217966436 13.250004435567579 12.749998616289885 12.25020883644243 12.000260558647312 12.000001912239526 12.000000123192857 12.00000002550144 12.000000008403006 12.000000003361405 12.000000001475446 12.000000000676932 12.00000000031558 12.000000000146878 12.000000000067494 12.000000000030397 12.000000000013365 12.000000000005727 12.000000000002387 12.000000000000972 12.000000000000389 12.000000000000153 12.000000000000059 12.000000000000012 12.0 12.0 11.999999999999998 11.999999999999996 11.999999999999998 12.000000000000004 12.000000000000002 12.000000000000004 12.000000000000007 12.00000000000001 12.00000000000001 12.000000000000014 12.000000000000018 12.000000000000023 12.000000000000025 12.000000000000027 12.000000000000027 12.000000000000032 12.000000000000036 12.000000000000039 12.00000000000004 12.000000000000043 12.000000000000043 12.000000000000046 12.00000000000005 12.000000000000048 12.00000000000005 12.00000000000005 12.000000000000055 12.00000000000006 12.00000000000006 12.000000000000062 12.00000000000006 12.000000000000055 12.000000000000052 12.000000000000048 12.000000000000046 12.000000000000043 12.000000000000043 12.000000000000044 12.000000000000039 12.000000000000039 12.000000000000037 12.000000000000043 12.000000000000048 12.000000000000052 12.00000000000005 12.000000000000048 12.000000000000048 12.00000000000005 12.000000000000053 12.000000000000053 12.000000000000052 12.00000000000005 12.00000000000005 12.000000000000046 12.000000000000052 12.000000000000053 12.000000000000048 12.000000000000048 12.000000000000053 12.000000000000057 12.000000000000059 12.000000000000064 12.00000000000006 12.000000000000052 12.000000000000043 12.000000000000048 12.000000000000044 12.00000000000004 12.00000000000004 12.00000000000004 12.000000000000044 12.000000000000048 12.000000000000052 12.000000000000053 12.000000000000053 12.000000000000052 12.000000000000048 12.000000000000048 12.000000000000048 12.000000000000048 12.000000000000048 12.00000000000005 12.000000000000048 12.000000000000044 12.000000000000043 12.00000000000004 12.000000000000039 12.000000000000043 12.000000000000044 12.000000000000046 12.000000000000044 12.000000000000048 12.000000000000048 12.00000000000005 12.00000000000005 12.00000000000005 12.000000000000046 12.000000000000046 12.000000000000046 12.000000000000044 12.000000000000043 12.000000000000048 12.00000000000005 12.000000000000052 12.000000000000052 12.000000000000055 12.000000000000055 12.000000000000055 12.000000000000055 12.000000000000052 12.000000000000052 12.000000000000055 12.000000000000055 12.000000000000055 12.000000000000055 12.00000000000005 12.000000000000053 12.000000000000055 12.000000000000053 12.000000000000048 12.000000000000043 12.000000000000043 12.000000000000043 12.00000000000004 12.000000000000043 12.00000000000004 12.000000000000044 12.000000000000044 12.00000000000004 12.000000000000043 12.000000000000048 12.00000000000005 12.000000000000055 12.000000000000055 12.000000000000057 12.000000000000052 12.000000000000055 12.000000000000052 12.00000000000005 12.000000000000046 12.000000000000043 12.00000000000004 12.000000000000039 12.000000000000043 12.000000000000037 12.000000000000043 12.000000000000039 12.00000000000004 12.000000000000043 12.000000000000043 12.000000000000043 12.000000000000043 12.000000000000044 12.000000000000044 12.000000000000043 12.000000000000043 12.000000000000039 12.000000000000043 12.000000000000044 12.000000000000043 12.000000000000046 12.000000000000048 12.000000000000055 12.000000000000057 12.000000000000062 12.00000000000006 12.000000000000057 12.000000000000052 
34.99999999999984 34.99999999999983 34.999999999999815 34.99999999999982 34.99999999999982 34.999999999999844 35.000000000000014 34.99999999999999 35.0 35.000000000000014 35.00000000000008 35.00000000000002 35.0 34.99999999999998 35.0 35.00000000000001 35.00000000000002 35.00000000000001 35.00000000000001 35.00000000000001 35.0 35.000000000000014 35.00000000000002 35.00000000000001 34.99999999999999 34.99999999999999 34.99999999999999 35.0 34.999999999999986 34.999999999999986 34.999999999999964 34.99999999999998 34.99999999999997 34.99999999999998 34.999999999999986 35.0 35.0 35.000000000000014 35.00000000000002 35.000000000000014 35.000000000000014 35.00000000000004 35.00000000000006 35.000000000000085 35.00000000000008 35.000000000000085 35.0000000000001 35.000000000000114 35.000000000000114 35.000000000000114 35.00000000000012 35.00000000000012 35.00000000000011 35.000000000000135 35.00000000000015 35.00000000000015 35.00000000000015 35.000000000000156 35.00000000000015 35.00000000000016 35.00000000000017 35.00000000000017 35.000000000000156 35.00000000000015 35.00000000000014 35.00000000000013 35.000000000000114 35.0000000000001 35.00000000000012 35.00000000000013 35.00000000000012 35.00000000000011 35.00000000000012 35.00000000000013 35.000000000000135 35.00000000000013 35.00000000000012 35.00000000000012 35.00000000000012 35.00000000000012 35.00000000000012 35.00000000000012 35.00000000000013 35.000000000000135 35.000000000000135 35.000000000000135 35.00000000000015 35.00000000000015 35.00000000000015 35.00000000000015 35.00000000000017 35.00000000000017 35.00000000000018 35.00000000000019 35.00000000000018 35.00000000000016 35.00000000000014 35.000000000000135 35.00000000000013 35.00000000000012 35.000000000000114 35.00000000000012 35.000000000000114 35.00000000000012 35.000000000000135 35.000000000000135 35.00000000000015 35.00000000000015 35.00000000000015 35.00000000000015 35.00000000000015 35.000000000000135 35.00000000000013 35.000000000000135 35.00000000000013 35.000000000000135 35.00000000000013 35.00000000000012 35.00000000000012 35.00000000000013 35.00000000000015 35.00000000000015 35.00000000000014 35.00000000000014 35.000000000000156 35.00000000000016 35.000000000000156 35.00000000000014 35.00000000000013 35.00000000000013 35.000000000000135 35.00000000000015 35.000000000000135 35.000000000000135 35.00000000000015 35.00000000000015 35.00000000000015 35.00000000000016 35.00000000000017 35.00000000000017 35.00000000000017 35.00000000000016 35.00000000000017 35.00000000000017 35.00000000000017 35.00000000000017 35.00000000000017 35.00000000000016 35.00000000000017 35.00000000000016 35.000000000000156 35.00000000000014 35.00000000000013 35.00000000000012 35.000000000000114 35.000000000000114 35.00000000000012 35.00000000000011 35.00000000000011 35.00000000000012 35.00000000000012 35.00000000000011 35.00000000000012 35.000000000000135 35.00000000000015 35.00000000000015 35.00000000000015 35.000000000000135 35.00000000000013 35.00000000000013 35.00000000000012 35.00000000000012 35.000000000000114 35.00000000000011 35.0000000000001 35.0000000000001 35.000000000000114 35.00000000000012 35.00000000000012 35.000000000000114 35.000000000000114 35.000000000000114 35.00000000000011 35.00000000000012 35.000000000000135 35.000000000000135 35.00000000000013 35.00000000000012 35.00000000000012 35.00000000000012 35.00000000000012 35.00000000000012 35.00000000000012 35.000000000000135 35.00000000000016 35.00000000000018 35.000000000000185 35.0000000000002 35.00000000000018 35.000000000000156 
0.09265627674761899 -0.01347370750159158 -0.02243183099072858 -0.028183876359375255 -0.032007224701280174 -0.040256772166008856 -0.00015340331395424895 -2.5319628958650404e-07 -3.445706766833056e-10 -1.4658307977641177e-13 4.859944894307872e-16 8.73330262251051e-18 7.837137197406778e-19 1.591674992715612e-19 4.3176810814337485e-20 1.2980723526872745e-20 4.032285711885399e-21 1.2502260384039762e-21 3.7842745136364842e-22 1.0984496922623985e-22 3.0019178553161464e-23 7.521486353777182e-24 1.6423024881004107e-24 2.6991492090248055e-25 8.122960948361985e-27 -1.925912043385174e-26 -1.1632329376012903e-26 -4.908439417773392e-27 -1.7656446078458e-27 -5.742607234225138e-28 -1.731849212052251e-28 -4.904680041408706e-29 -1.3131134039964232e-29 -3.333663054638868e-30 -8.028381203153228e-31 -1.8297576349597903e-31 -3.9228865476592244e-32 -7.815522615818658e-33 -1.4107854024001493e-33 -2.1706249377361017e-34 -2.292325243252524e-35 9.753387491958167e-37 1.5611558926548784e-36 6.216705944322394e-37 1.8961365997484756e-37 5.071355067448915e-38 1.2446914843229327e-38 2.8612736153746125e-39 6.224472669180035e-40 1.2880053862183133e-40 2.5396185932084394e-41 4.766191298681835e-42 8.476164090177385e-43 1.4148769259150882e-43 2.1743779170745722e-44 2.9457261786541165e-45 3.094978052638598e-46 9.683304925545449e-48 -7.18949559621483e-48 -2.9183266956869004e-48 -8.01846623272799e-49 -1.880632795792165e-49 -4.014073287579652e-50 -8.00622694490409e-51 -1.5114921416603494e-51 -2.718148882571478e-52 -4.667425561823934e-53 -7.64723337971217e-54 -1.1905525844970522e-54 -1.7450284572632324e-55 -2.3631147886020304e-56 -2.8346499395443005e-57 -2.6645007858441232e-58 -8.402440420428074e-60 4.533069937123595e-60 1.6776059057050066e-60 4.139451361943182e-61 8.706383407903896e-62 1.6677406338177642e-62 2.9892578413570606e-63 5.079080149414513e-64 8.232626571760141e-65 1.2758823814123458e-65 1.8887348338947558e-66 2.6583066246039775e-67 3.5213151784821876e-68 4.299345825741673e-69 4.612216573138338e-70 3.749626533572791e-71 4.910153069411638e-73 -7.132830259361452e-73 -2.2133621114675353e-73 -4.889376328910513e-74 -9.34760532403753e-75 -1.6381144160245067e-75 -2.6958614785065488e-76 -4.215439112001373e-77 -6.29780009148233e-78 -9.004321179000321e-79 -1.2299789901350823e-79 -1.5961651216462719e-80 -1.9444227623579066e-81 -2.1686355275624112e-82 -2.0852920611379824e-83 -1.4006712676177563e-84 3.281085813241425e-86 3.7352967709061506e-86 9.685890078457301e-87 1.9301435819788971e-87 3.3955109600856327e-88 5.521064598937761e-89 8.466965542501736e-90 1.2368056101572978e-90 1.7285097750637043e-91 2.312958546449884e-92 2.9554929890723843e-93 3.5807327866672645e-94 4.053176522380168e-95 4.15331091331122e-96 3.550019167372007e-97 1.7711385622414166e-98 -1.8232034086794829e-99 -8.060571828995501e-100 -1.795704983123087e-100 -3.268842244552484e-101 -5.351376583018082e-102 -8.163007212311338e-103 -1.1793267582192247e-103 -1.6265376426236627e-104 -2.1485139515124863e-105 -2.7172585803135003e-106 -3.2775095139908503e-107 -3.736271831867703e-108 -3.9509460465859693e-109 -3.7168744745886935e-110 -2.7557297020413505e-111 -7.069392595330291e-113 2.874729295255831e-113 8.511242692240956e-114 1.677774441009844e-114 2.825702637954471e-115 4.34648832858271e-116 6.273887791918892e-117 8.608351735507854e-118 1.1296648832221153e-118 1.4206386141366673e-119 1.7095751092907332e-120 1.957958567868128e-121 2.1093978299294975e-122 2.0862942197532234e-123 1.787243372882905e-124 1.0858900414570267e-125 -1.6783656521331133e-127 -2.142973208646324e-127 -5.017947044055207e-128 -8.964747221481823e-129 -1.4125409544497735e-129 -2.05795343845292e-130 -2.8301935191981433e-131 -3.711017988492633e-132 -4.660280327399316e-133 -5.609038886659966e-134 -6.452357605955134e-135 -7.042434404912705e-136 -7.182960912288575e-137 -6.625913584824168e-138 -5.072281360791864e-139 -2.1785202214322557e-140 2.4292486502004586e-141 9.131162909653575e-142 1.827758249390236e-142 3.013929839582535e-143 4.484279181425142e-144 6.229033039060612e-145 8.206611597384104e-146 1.0333161702081917e-146 1.2471564248102205e-147 1.4420761245405392e-148 1.5906576438732838e-149 1.6575553853084942e-150 1.599368623103415e-151 1.3652215336920927e-152 8.982913834586784e-154 1.38534966473235e-155 -9.7314736738782e-156 -2.489108113752635e-156 -4.44737823362649e-157 -6.862301212928546e-158 -9.713509792034435e-159 -1.2933581786013826e-159 -1.639495992786339e-160 -1.9897013701803794e-161 -2.3154861755987226e-162 -2.5783683544705722e-163 -2.731741387512458e-164 -2.718018630753103e-165 -2.471915247507587e-166 -1.9222126624902166e-167 -9.911695203163795e-169 6.0329106009135205e-170 
-0.10144129781251042 -0.06913968987857488 -0.06185653067356436 -0.055809214816524844 -0.05041144799508825 -0.03211112317438482 0.0001040083998480175 3.4081344359209566e-07 8.39078192286452e-10 1.5482709756432304e-12 2.2543417581644464e-15 1.5637440972170192e-17 8.026141742945692e-19 1.0159864491726841e-19 1.622910731232501e-20 2.104496498956822e-21 -1.346907038812542e-22 -2.8636356913208e-22 -1.6706596158927754e-22 -7.606658206886855e-23 -3.0611709440976496e-23 -1.1320781123521354e-23 -3.911395893133337e-24 -1.2728048388772328e-24 -3.918104708946061e-25 -1.1405421734561315e-25 -3.138226734301373e-26 -8.145390091756583e-27 -1.9746701443082477e-27 -4.402610691676091e-28 -8.73143137741324e-29 -1.409683731411026e-29 -1.2209043644158161e-30 3.1616204629099027e-31 2.3257849260446377e-31 9.285088156004324e-32 3.028445359274118e-32 8.816808719533965e-33 2.370226976504536e-33 5.9796370242534225e-34 1.4275723403562438e-34 3.2384017853180687e-35 6.988652728427346e-36 1.4310938814714075e-36 2.7707546362319573e-37 5.016773382504226e-38 8.315540262409547e-39 1.2017954107583969e-39 1.3006294178515283e-40 1.805924878722975e-42 -4.5756265425794653e-42 -1.8532093060297796e-42 -5.3579653646237825e-43 -1.3363310020298027e-43 -3.0424321144756093e-44 -6.477272487024481e-45 -1.3049361880936386e-45 -2.502511686495391e-46 -4.578346590371169e-47 -7.984221444465693e-48 -1.3217050012480044e-48 -2.057922048553825e-49 -2.958037960762925e-50 -3.764978606736288e-51 -3.7610251092472245e-52 -1.3056458817735047e-53 6.961422106740499e-54 2.7420159011894497e-54 7.147408313402115e-55 1.584491962218242e-55 3.194684741402099e-56 6.020668576333951e-57 1.0746251369336689e-57 1.8283922918060064e-58 2.972581035387604e-59 4.614300700152671e-60 6.809398689324052e-61 9.462095375114194e-62 1.2140310071962138e-62 1.3760057126399336e-63 1.2077689717862395e-64 2.9166329230231965e-66 -2.0947462910466485e-66 -7.130039335018117e-67 -1.663994148476791e-67 -3.331476020766043e-68 -6.091608536051931e-69 -1.0439533358115351e-69 -1.697838646092335e-70 -2.6362221385491958e-71 -3.915686943331955e-72 -5.5566288124320246e-73 -7.495223842078671e-74 -9.50540264197535e-75 -1.1079654495603042e-75 -1.1256616865936693e-76 -8.384688510401906e-78 1.839087951480497e-80 1.8462646019123356e-79 5.223666112275052e-80 1.0944336305959047e-80 2.0041309581999474e-81 3.377800970133608e-82 5.357729341219029e-83 8.084658842450951e-84 1.1664224205145612e-84 1.6110011970755956e-85 2.1254478560301422e-86 2.6618036147647597e-87 3.122686942329509e-88 3.3372376308652475e-89 3.031073584070827e-90 1.7911509638031248e-91 -9.718846861914222e-93 -6.058724706046446e-93 -1.4505099576523772e-93 -2.7580733247533097e-94 -4.6744234176806676e-95 -7.35277318305132e-96 -1.0931798515939477e-96 -1.5498553838143936e-97 -2.1035371642614453e-98 -2.7337778018483038e-99 -3.3908723966408523e-100 -3.982096162594116e-101 -4.354960383944593e-102 -4.2780665866216803e-103 -3.420919933170545e-104 -1.335152709019481e-105 2.558958585650253e-106 8.975019716757031e-107 1.8744345409123373e-107 3.2771078906084777e-108 5.19463658625761e-109 7.700748750825163e-110 1.0832686861039356e-110 1.4561641462615456e-111 1.8753553421580217e-112 2.3119745983836844e-113 2.715791927678434e-114 3.0085669511870377e-115 3.077098416688395e-116 2.7667182928928222e-117 1.876353522920262e-118 1.5672125929373445e-120 -2.6862875302083333e-120 -6.980482877454142e-121 -1.3065506170587837e-121 -2.1256894380726784e-122 -3.17926773767828e-123 -4.475940359063818e-124 -5.999531951741735e-125 -7.696996802052887e-126 -9.464189724958925e-127 -1.112996475821796e-127 -1.243958259982952e-128 -1.3038992476541427e-129 -1.2462251282344916e-130 -1.0125127445921387e-131 -5.328762333674887e-133 2.7219453148244375e-134 1.487991044117414e-134 3.1991684566291264e-135 5.4801888452046324e-136 8.3821316525898385e-137 1.1915534046235923e-137 1.6029189000687485e-138 2.0585223251455613e-139 2.533131702947604e-140 2.987162055862942e-141 3.36387639548385e-142 3.5870325215839918e-143 3.559417076387217e-144 3.1628142585428048e-145 2.260053235458224e-146 6.998519562059665e-148 -1.674791209501293e-148 -5.0139327292537e-149 -9.443128900116072e-150 -1.5040586423350138e-150 -2.180895416385701e-151 -2.9642176401987964e-152 -3.8288468941920567e-153 -4.7311277729721085e-154 -5.605102143347507e-155 -6.359147220594561e-156 -6.873573723140801e-157 -6.999788617166701e-158 -6.561721660029307e-159 -5.360282292988922e-160 -3.181637019748066e-161 1.8994340474790346e-163 4.9541880969015025e-163 1.1268508540674066e-163 1.922592438295983e-164 2.881139069517711e-165 3.986804751469381e-166 5.205595956970006e-167 6.490258226891109e-168 8.61306760952509e-169 
1900 1 4 0 0 0
14.830102377565964 14.830081699511949 14.830057668797576 14.830028795490609 14.829991455468182 14.829144175294639 13.769876962251324 13.250012101524387 12.74999797363634 12.250313077124718 12.000389894524389 12.000003497583391 12.000000238082919 12.000000050363994 12.000000017558586 12.00000000759194 12.000000003657108 12.0000000018681 12.000000000984407 12.000000000526134 12.000000000281865 12.000000000150159 12.000000000079092 12.000000000041023 12.000000000020906 12.00000000001044 12.000000000005109 12.000000000002444 12.000000000001148 12.00000000000053 12.000000000000238 12.000000000000107 12.000000000000043 12.000000000000016 12.000000000000007 12.0 12.000000000000002 12.0 12.000000000000005 12.000000000000007 12.000000000000014 12.000000000000018 12.000000000000027 12.000000000000034 12.000000000000043 12.000000000000044 12.000000000000048 12.000000000000055 12.000000000000059 12.000000000000059 12.000000000000062 12.000000000000068 12.000000000000073 12.000000000000078 12.000000000000085 12.000000000000082 12.000000000000078 12.00000000000008 12.000000000000087 12.00000000000009 12.00000000000009 12.00000000000009 12.000000000000087 12.000000000000083 12.000000000000078 12.000000000000071 12.000000000000068 12.000000000000068 12.000000000000064 12.000000000000062 12.00000000000006 12.000000000000064 12.000000000000073 12.000000000000071 12.000000000000066 12.000000000000066 12.000000000000062 12.00000000000006 12.000000000000064 12.000000000000066 12.000000000000068 12.000000000000068 12.000000000000073 12.000000000000073 12.000000000000071 12.00000000000007 12.000000000000066 12.000000000000062 12.000000000000068 12.000000000000071 12.000000000000073 12.000000000000078 12.000000000000085 12.000000000000085 12.000000000000082 12.000000000000078 12.000000000000071 12.000000000000068 12.00000000000006 12.000000000000059 12.00000000000006 12.000000000000066 12.000000000000064 12.000000000000068 12.000000000000075 12.000000000000075 12.000000000000078 12.000000000000075 12.000000000000073 12.00000000000007 12.000000000000068 12.000000000000066 12.000000000000068 12.000000000000071 12.000000000000073 12.000000000000075 12.000000000000073 12.00000000000007 12.000000000000064 12.000000000000066 12.000000000000068 12.000000000000068 12.000000000000066 12.000000000000068 12.000000000000073 12.000000000000073 12.000000000000071 12.000000000000071 12.000000000000073 12.000000000000075 12.000000000000075 12.000000000000073 12.00000000000007 12.000000000000071 12.000000000000071 12.000000000000073 12.000000000000076 12.000000000000082 12.000000000000085 12.000000000000085 12.000000000000082 12.000000000000078 12.000000000000078 12.000000000000078 12.000000000000076 12.000000000000078 12.00000000000008 12.00000000000008 12.00000000000008 12.00000000000008 12.000000000000078 12.000000000000078 12.000000000000071 12.000000000000068 12.000000000000064 12.000000000000059 12.000000000000057 12.000000000000057 12.00000000000006 12.000000000000062 12.000000000000059 12.000000000000053 12.00000000000006 12.000000000000068 12.000000000000073 12.000000000000078 12.000000000000082 12.000000000000085 12.000000000000082 12.000000000000078 12.000000000000073 12.00000000000007 12.000000000000068 12.00000000000006 12.000000000000057 12.000000000000057 12.000000000000055 12.000000000000055 12.000000000000057 12.00000000000006 12.000000000000066 12.00000000000007 12.000000000000073 12.000000000000071 12.000000000000068 12.000000000000066 12.000000000000068 12.000000000000064 12.000000000000062 12.000000000000068 12.000000000000071 12.000000000000068 12.000000000000062 12.000000000000071 12.000000000000082 12.000000000000083 12.000000000000087 12.000000000000085 12.00000000000009 12.00000000000009 
34.99999999999988 34.999999999999865 34.999999999999865 34.999999999999865 34.99999999999986 34.999999999999886 35.000000000000014 35.00000000000001 35.00000000000001 35.00000000000005 35.00000000000011 35.00000000000007 35.000000000000014 35.00000000000003 35.00000000000002 35.00000000000002 35.000000000000014 35.00000000000001 35.00000000000002 35.00000000000002 35.000000000000014 35.00000000000002 35.0 34.99999999999998 34.999999999999986 34.999999999999986 34.99999999999998 34.99999999999997 34.999999999999986 34.99999999999998 34.99999999999998 34.999999999999986 34.99999999999997 34.99999999999998 34.99999999999998 34.999999999999986 35.00000000000001 35.00000000000001 35.00000000000002 35.00000000000003 35.000000000000064 35.00000000000008 35.00000000000011 35.00000000000013 35.00000000000014 35.00000000000015 35.000000000000156 35.00000000000016 35.00000000000017 35.00000000000017 35.00000000000018 35.000000000000185 35.00000000000021 35.000000000000234 35.00000000000025 35.00000000000024 35.00000000000024 35.00000000000024 35.00000000000024 35.00000000000025 35.00000000000025 35.00000000000024 35.000000000000234 35.00000000000022 35.00000000000021 35.0000000000002 35.000000000000185 35.000000000000185 35.0000000000002 35.0000000000002 35.00000000000017 35.00000000000017 35.000000000000185 35.00000000000017 35.000000000000156 35.00000000000015 35.000000000000135 35.00000000000012 35.00000000000012 35.00000000000014 35.00000000000015 35.00000000000015 35.00000000000017 35.00000000000016 35.00000000000018 35.000000000000185 35.00000000000019 35.0000000000002 35.00000000000021 35.00000000000022 35.00000000000023 35.000000000000234 35.00000000000024 35.000000000000256 35.000000000000234 35.0000000000002 35.00000000000018 35.00000000000017 35.000000000000156 35.000000000000156 35.00000000000017 35.00000000000018 35.00000000000018 35.0000000000002 35.00000000000022 35.00000000000022 35.00000000000022 35.000000000000206 35.000000000000206 35.000000000000185 35.00000000000017 35.00000000000017 35.00000000000018 35.00000000000019 35.000000000000185 35.0000000000002 35.0000000000002 35.00000000000019 35.000000000000185 35.00000000000019 35.000000000000206 35.000000000000206 35.000000000000206 35.00000000000021 35.00000000000023 35.00000000000022 35.000000000000206 35.0000000000002 35.00000000000021 35.00000000000022 35.000000000000206 35.0000000000002 35.000000000000185 35.00000000000019 35.000000000000185 35.0000000000002 35.00000000000022 35.00000000000024 35.00000000000026 35.00000000000027 35.000000000000256 35.000000000000256 35.00000000000025 35.00000000000024 35.000000000000234 35.00000000000024 35.00000000000024 35.000000000000234 35.00000000000024 35.00000000000024 35.00000000000024 35.00000000000024 35.00000000000023 35.0000000000002 35.00000000000019 35.000000000000185 35.00000000000018 35.00000000000016 35.00000000000016 35.00000000000017 35.00000000000017 35.00000000000017 35.00000000000017 35.000000000000185 35.00000000000021 35.00000000000023 35.00000000000023 35.00000000000022 35.00000000000021 35.00000000000022 35.000000000000206 35.00000000000019 35.00000000000017 35.000000000000156 35.00000000000016 35.00000000000017 35.000000000000156 35.00000000000015 35.00000000000015 35.00000000000017 35.0000000000002 35.00000000000021 35.00000000000022 35.000000000000206 35.0000000000002 35.000000000000185 35.00000000000018 35.0000000000002 35.000000000000206 35.00000000000021 35.000000000000206 35.00000000000018 35.00000000000016 35.00000000000019 35.00000000000023 35.00000000000025 35.000000000000256 35.00000000000027 35.000000000000284 35.00000000000028 
0.10200387907221345 -0.0039912929080975065 -0.012929209635240286 -0.018706460071990012 -0.022490993567543558 -0.03052597291136537 2.2794383356845894e-05 3.707372237572338e-07 1.1512440411083282e-09 2.529882883381589e-12 4.151141634961813e-15 2.3283324140873878e-17 5.062506354182579e-19 -7.44856064427622e-20 -5.913112356655357e-20 -3.024701641373972e-20 -1.4157492731230527e-20 -6.36355991050342e-21 -2.776093970219382e-21 -1.1774880587814186e-21 -4.849495349038162e-22 -1.9350279461624734e-22 -7.460464113770622e-23 -2.7701994480307316e-23 -9.870160258757093e-24 -3.356360526508241e-24 -1.082826290722687e-24 -3.2738417254431844e-25 -9.097323356238757e-26 -2.2234348757570083e-26 -4.2446824194776285e-27 -2.804444296415328e-28 2.7991154997185e-28 2.0618687843082384e-28 9.970673866724672e-29 4.0702767640150673e-29 1.500458345674644e-29 5.135286214778939e-30 1.6541801398178272e-30 5.051803030230388e-31 1.4660392008783698e-31 4.052467869870225e-32 1.0646685618196205e-32 2.6446546015773875e-33 6.149909403495832e-34 1.3123744398479283e-34 2.45727960687347e-35 3.530394910700382e-36 1.3032069340867557e-37 -1.6766225801898188e-37 -9.150136750549086e-38 -3.4273928527793966e-38 -1.0971943717733305e-38 -3.193828462833719e-39 -8.675933767330101e-40 -2.2276432140621714e-40 -5.441645062956808e-41 -1.2681972005927398e-41 -2.8196801413957007e-42 -5.963353089733209e-43 -1.1913798810706479e-43 -2.217414158133502e-44 -3.734560738906366e-45 -5.290317449611928e-46 -4.709142394638947e-47 4.999895742929938e-48 4.2947367611157096e-48 1.5658022824001874e-48 4.557892002912072e-49 1.1810563390262354e-49 2.832660125048086e-50 6.401841325756543e-51 1.3756245680208964e-51 2.8223032799120325e-52 5.5337453907896365e-53 1.0347458399079371e-53 1.8345814107581178e-54 3.0476090228956066e-55 4.627731019908488e-56 6.055852148457864e-57 5.571750716108585e-58 -1.4643082619114437e-59 -2.585434615650522e-59 -9.079561470422191e-60 -2.4313041649717495e-60 -5.726281634788291e-61 -1.2431928754807049e-61 -2.53994606218134e-62 -4.933618251630913e-63 -9.154948801879934e-64 -1.6249850208244153e-64 -2.753835591980017e-65 -4.4305473077858157e-66 -6.687576869984979e-67 -9.241437453455573e-68 -1.1028365195416769e-68 -9.297852653516374e-70 2.0524139992161705e-71 3.537788797733406e-71 1.1409588936030369e-71 2.8025451874265687e-72 6.057720735028116e-73 1.2079521621820581e-73 2.2687561805654295e-74 4.054564829788525e-75 6.927437237438725e-76 1.1328060210412508e-76 1.769152382816433e-77 2.6225389831234374e-78 3.642965724133651e-79 4.616393130636447e-80 4.99630359018615e-81 3.616749905992427e-82 -1.772029214282505e-83 -1.521877211758097e-83 -4.361646903732133e-84 -9.814042979835372e-85 -1.960773557516266e-85 -3.6288971205676274e-86 -6.340514688577241e-87 -1.0556332088110173e-87 -1.6816741246994565e-88 -2.564884078330703e-89 -3.7349689086570836e-90 -5.155663598977601e-91 -6.647251149323631e-92 -7.75598558799951e-93 -7.545864168192e-94 -4.2827687013613166e-95 5.021501420909496e-96 2.523306038793899e-96 6.389632533204266e-97 1.3217518010617277e-97 2.4581296868976794e-98 4.258389444081254e-99 6.985046166892818e-100 1.0935597957111187e-100 1.639436233844594e-101 2.353161922712374e-102 3.2218644463009606e-103 4.17156137771289e-104 5.0176807880366264e-105 5.390637197199023e-106 4.629243659289473e-107 1.6355055459985996e-108 -5.312430098359653e-109 -1.8785002952024257e-109 -4.244555012076223e-110 -8.127251514308598e-111 -1.416807636640924e-111 -2.3140819654003608e-112 -3.589565163805213e-113 -5.322719229970774e-114 -7.562219215949407e-115 -1.028272843333958e-115 -1.3316127177382625e-116 -1.624823749566248e-117 -1.827136895728362e-118 -1.7983762897675284e-119 -1.3130403969333037e-120 -2.8734220384496336e-123 2.5494184506662485e-122 7.104416668966136e-123 1.4535528941550062e-123 2.5966220530920635e-124 4.271204812430861e-125 6.617949549407459e-126 9.765541895792805e-127 1.3793384150403102e-127 1.8671344233157657e-128 2.4168743166431164e-129 2.972412213346245e-130 3.426779500879201e-131 3.599154284297511e-132 3.20651140994268e-133 1.8308828091219427e-134 -1.1152809795076844e-135 -6.4208130735306196e-136 -1.5096445912752544e-136 -2.837174323912397e-137 -4.7650089374964635e-138 -7.439666261712876e-139 -1.0992665953496536e-139 -1.5505320566333384e-140 -2.0954758061564417e-141 -2.71360491458944e-142 -3.35554913138344e-143 -3.929122874638693e-144 -4.281995975219256e-145 -4.181311377244329e-146 -3.2913270049571955e-147 -1.1512350087471475e-148 2.842693731846337e-149 9.44611532181694e-150 1.9557625324842405e-150 3.417926656509542e-151 5.433558092876455e-152 8.093358742747508e-153 1.1477318465108461e-153 1.751081145144694e-154 
-0.1008800687087646 -0.06869848341511595 -0.06149791991505273 -0.05552505153065258 -0.05036182552830729 -0.03453179571270927 3.735049584695862e-05 -3.803533710839522e-08 -5.255578680276498e-10 -2.1373096505684036e-12 -6.132614647155395e-15 -6.733826577575272e-17 -4.7761527473800254e-18 -8.617503919746186e-19 -2.2560486982500833e-19 -6.841872836458975e-20 -2.1993867896546506e-20 -7.161397185667927e-21 -2.287389343035489e-21 -6.937463967237619e-22 -1.9001445246327523e-22 -4.163248472409208e-23 -3.5651579317113076e-24 3.3138895346554056e-24 2.927833153991375e-24 1.6631042034325112e-24 7.957327733936365e-25 3.4347536928568494e-25 1.3759582361873372e-25 5.180066562120014e-26 1.849576488424463e-26 6.276955501369894e-27 2.027210833160481e-27 6.225021566816298e-28 1.811496185908909e-28 4.961469842117856e-29 1.262198876182882e-29 2.9031662718488716e-30 5.653335854976397e-31 7.311508019949501e-32 -6.196687919293743e-33 -9.422663970063128e-33 -4.69029241867105e-33 -1.8161157669521427e-33 -6.1921411028150425e-34 -1.9405202899944023e-34 -5.699699397951704e-35 -1.5847725476114088e-35 -4.192277572650121e-36 -1.0570935974412152e-36 -2.5387602556167915e-37 -5.785661282484881e-38 -1.2410706456662724e-38 -2.4657959310207857e-39 -4.383394986050746e-40 -6.356109540921635e-41 -4.7908102719092575e-42 1.305243327235376e-42 8.51185926009314e-43 3.1351761577928608e-43 9.538365777191368e-44 2.609434651224769e-44 6.632707491553452e-45 1.5909028479772915e-45 3.629272130289254e-46 7.902712600901071e-47 1.643398182929886e-47 3.255920621154279e-48 6.107585976263327e-49 1.0711486728852925e-49 1.711049111590709e-50 2.3364456378890286e-51 2.1679314697498935e-52 -1.0590825098233408e-53 -1.3044953756621837e-53 -4.6916542814932903e-54 -1.3098282894318854e-54 -3.2306963584256543e-55 -7.355720813394475e-56 -1.5766250777784478e-56 -3.2125227147898493e-57 -6.2514678891104595e-58 -1.163181810387919e-58 -2.0654839788730207e-59 -3.4805746247302847e-60 -5.500987515565184e-61 -7.959373888392293e-62 -9.953861729141314e-63 -8.844622144972851e-64 1.72541316865049e-65 3.5519227967549416e-65 1.2023638510633722e-65 3.085066037023347e-66 6.954250637609731e-67 1.4448099113177431e-67 2.8253830795324654e-68 5.254572046660666e-69 9.338943798403724e-70 1.588181459823456e-70 2.5792822078943514e-71 3.976963298728106e-72 5.751179263477207e-73 7.604879119157651e-74 8.6492570501978095e-75 6.813461865277994e-76 -2.1709033719139304e-77 -2.6430974263592395e-77 -8.053682682848115e-78 -1.8930738582611149e-78 -3.930587854495383e-79 -7.542212102657194e-80 -1.3645379264439517e-80 -2.350607004355911e-81 -3.872840414849193e-82 -6.108291615945758e-83 -9.20029678059e-84 -1.3146329484535284e-84 -1.757865500332554e-85 -2.1369337167760883e-86 -2.196192950909509e-87 -1.4299054281593213e-88 1.0815329072148095e-89 6.909358560007821e-90 1.8602638880145364e-90 4.010538579697197e-91 7.723885998896486e-92 1.3816781954498484e-92 2.3367083036542083e-93 3.768717487381239e-94 5.818355251625672e-95 8.6005650106e-96 1.2133428158282668e-96 1.620909472292662e-97 2.017647722553814e-98 2.259611473441021e-99 2.0719280178546579e-100 9.739446092148067e-102 -1.8229360451002074e-102 -7.546633245465167e-103 -1.802077045448555e-103 -3.583018892765973e-104 -6.445967592528454e-105 -1.0833798412272339e-105 -1.7267104492952757e-106 -2.628795450709287e-107 -3.833630691788523e-108 -5.351944699038092e-109 -7.122076152170487e-110 -8.947916685300893e-111 -1.0405725416341584e-111 -1.071096034365411e-112 -8.537077025139054e-114 -1.7817425592564145e-115 1.271613336222833e-115 3.9490337266463704e-116 8.474929071581209e-117 1.565845989644342e-117 2.649486292341967e-118 4.211856199749466e-119 6.367983344314184e-120 9.2100506124432e-121 1.2764947238353409e-121 1.692634246776579e-122 2.135248180523183e-123 2.5320202596913987e-124 2.752629204924764e-125 2.583027510196669e-126 1.6939410819534178e-127 -3.951094567658492e-129 -4.3529653820366905e-129 -1.1068832001293038e-129 -2.166846275496506e-130 -3.749799455438061e-131 -6.00513604580809e-132 -9.080804454085781e-133 -1.3093756224239304e-133 -1.8081637388852315e-134 -2.3929366088191596e-135 -3.026372483139573e-136 -3.6309402595689775e-137 -4.070162225918374e-138 -4.125434127499219e-139 -3.468997059662578e-140 -1.6347745370489213e-141 2.0095461124072903e-142 8.283473736808276e-143 1.819889602958729e-143 3.293674711857812e-144 5.3777743122745745e-145 8.196454440520416e-146 1.184674224559506e-146 1.6362415270637826e-147 2.1655744019079204e-148 2.746210848636674e-149 3.322117547827704e-150 3.797243467093322e-151 4.021171821424053e-152 3.773239004055536e-153 2.737858016362038e-154 1.9920676560987774e-156 
1900 1 5 0 0 0
14.828875463880774 14.82885506271979 14.828831338464454 14.8288028119681 14.828765759439298 14.82792387237708 13.776982836198979 13.250023408122276 12.749997379314006 12.250417285904502 12.000518883531074 12.000005377655521 12.000000381999321 12.000000081325156 12.000000029060502 12.00000001307626 12.000000006616967 12.00000000357905 12.000000002013202 12.000000001157968 12.00000000067342 12.000000000392795 12.000000000228471 12.000000000131914 12.00000000007539 12.000000000042524 12.00000000002364 12.000000000012943 12.000000000006967 12.000000000003693 12.000000000001924 12.000000000000984 12.000000000000487 12.000000000000238 12.000000000000117 12.00000000000006 12.000000000000032 12.000000000000023 12.00000000000002 12.000000000000023 12.000000000000027 12.000000000000034 12.000000000000043 12.000000000000048 12.000000000000053 12.000000000000059 12.000000000000059 12.000000000000062 12.00000000000007 12.000000000000071 12.000000000000078 12.000000000000083 12.000000000000094 12.000000000000103 12.000000000000108 12.000000000000108 12.000000000000108 12.000000000000108 12.000000000000103 12.000000000000107 12.000000000000108 12.000000000000108 12.000000000000107 12.000000000000103 12.000000000000103 12.000000000000098 12.00000000000009 12.000000000000092 12.00000000000009 12.000000000000087 12.000000000000085 12.000000000000085 12.000000000000087 12.000000000000083 12.000000000000083 12.000000000000082 12.000000000000082 12.00000000000008 12.000000000000078 12.000000000000076 12.000000000000078 12.00000000000008 12.000000000000078 12.000000000000085 12.000000000000092 12.000000000000092 12.000000000000098 12.0000000000001 12.000000000000098 12.000000000000101 12.000000000000103 12.000000000000107 12.000000000000108 12.000000000000105 12.000000000000103 12.000000000000096 12.000000000000092 12.00000000000009 12.000000000000089 12.000000000000087 12.000000000000087 12.000000000000087 12.000000000000092 12.000000000000096 12.000000000000094 12.000000000000092 12.000000000000098 12.000000000000098 12.000000000000098 12.000000000000094 12.00000000000009 12.000000000000092 12.000000000000092 12.000000000000094 12.000000000000096 12.00000000000009 12.00000000000009 12.000000000000083 12.000000000000078 12.000000000000082 12.000000000000083 12.000000000000082 12.000000000000082 12.000000000000085 12.000000000000087 12.000000000000089 12.00000000000009 12.00000000000009 12.000000000000094 12.00000000000009 12.00000000000009 12.000000000000094 12.000000000000096 12.000000000000096 12.000000000000098 12.000000000000098 12.000000000000101 12.000000000000105 12.000000000000108 12.00000000000011 12.000000000000108 12.000000000000107 12.000000000000101 12.0000000000001 12.0000000000001 12.0000000000001 12.0000000000001 12.000000000000098 12.0000000000001 12.000000000000101 12.000000000000098 12.00000000000009 12.000000000000087 12.000000000000082 12.00000000000008 12.00000000000008 12.000000000000078 12.000000000000078 12.000000000000078 12.000000000000078 12.000000000000075 12.000000000000076 12.000000000000082 12.000000000000087 12.00000000000009 12.000000000000094 12.000000000000098 12.000000000000096 12.000000000000098 12.000000000000092 12.00000000000009 12.000000000000087 12.000000000000083 12.000000000000085 12.000000000000085 12.000000000000082 12.000000000000082 12.000000000000083 12.000000000000082 12.000000000000085 12.000000000000089 12.000000000000092 12.000000000000101 12.000000000000103 12.000000000000101 12.000000000000092 12.000000000000089 12.000000000000085 12.000000000000085 12.000000000000085 12.000000000000089 12.000000000000089 12.00000000000009 12.000000000000094 12.000000000000101 12.000000000000108 12.00000000000011 12.000000000000114 12.000000000000115 12.000000000000115 
34.99999999999985 34.99999999999985 34.99999999999985 34.999999999999844 34.99999999999986 34.999999999999865 35.000000000000036 35.00000000000005 35.000000000000014 35.00000000000006 35.000000000000085 35.00000000000009 35.00000000000004 35.000000000000014 35.00000000000001 35.0 35.00000000000001 35.00000000000002 34.999999999999986 34.99999999999999 35.0 35.00000000000001 35.0 34.999999999999986 34.99999999999999 34.999999999999986 34.999999999999986 34.99999999999997 34.99999999999997 34.99999999999998 34.999999999999964 34.999999999999964 34.99999999999997 34.99999999999998 35.0 35.00000000000002 35.00000000000002 35.000000000000036 35.00000000000004 35.000000000000064 35.00000000000008 35.000000000000114 35.000000000000135 35.000000000000156 35.00000000000016 35.00000000000017 35.000000000000185 35.00000000000021 35.00000000000023 35.00000000000023 35.00000000000023 35.00000000000025 35.000000000000284 35.00000000000029 35.00000000000031 35.00000000000033 35.000000000000334 35.00000000000034 35.000000000000306 35.00000000000029 35.000000000000306 35.000000000000306 35.000000000000284 35.00000000000027 35.00000000000027 35.00000000000026 35.000000000000256 35.00000000000026 35.000000000000256 35.00000000000024 35.000000000000234 35.00000000000022 35.00000000000022 35.0000000000002 35.0000000000002 35.00000000000018 35.000000000000185 35.00000000000017 35.00000000000016 35.00000000000016 35.00000000000017 35.00000000000019 35.000000000000206 35.00000000000022 35.000000000000256 35.00000000000027 35.00000000000029 35.00000000000029 35.00000000000029 35.00000000000029 35.000000000000306 35.000000000000306 35.00000000000032 35.0000000000003 35.00000000000029 35.00000000000027 35.00000000000024 35.00000000000024 35.000000000000234 35.000000000000234 35.00000000000024 35.00000000000024 35.00000000000026 35.00000000000026 35.00000000000027 35.00000000000027 35.00000000000028 35.000000000000284 35.000000000000284 35.000000000000284 35.00000000000027 35.00000000000027 35.00000000000028 35.00000000000028 35.00000000000027 35.000000000000256 35.000000000000256 35.000000000000256 35.00000000000025 35.00000000000024 35.000000000000256 35.00000000000026 35.00000000000024 35.00000000000025 35.00000000000025 35.00000000000025 35.000000000000256 35.000000000000256 35.000000000000256 35.00000000000025 35.00000000000024 35.00000000000025 35.00000000000025 35.000000000000256 35.00000000000027 35.00000000000027 35.00000000000028 35.000000000000306 35.00000000000032 35.00000000000032 35.00000000000032 35.000000000000306 35.000000000000306 35.000000000000306 35.0000000000003 35.0000000000003 35.00000000000029 35.00000000000029 35.00000000000029 35.00000000000029 35.0000000000003 35.000000000000284 35.00000000000027 35.000000000000256 35.00000000000025 35.000000000000234 35.00000000000023 35.00000000000022 35.00000000000023 35.00000000000022 35.0000000000002 35.00000000000021 35.00000000000023 35.00000000000025 35.00000000000027 35.00000000000029 35.00000000000029 35.00000000000029 35.000000000000284 35.00000000000027 35.00000000000026 35.00000000000024 35.000000000000234 35.00000000000024 35.00000000000025 35.00000000000024 35.000000000000234 35.000000000000234 35.000000000000234 35.00000000000025 35.00000000000027 35.00000000000027 35.0000000000003 35.00000000000032 35.0000000000003 35.00000000000028 35.000000000000256 35.00000000000024 35.000000000000234 35.00000000000024 35.00000000000024 35.000000000000234 35.00000000000024 35.000000000000256 35.00000000000028 35.000000000000306 35.00000000000033 35.000000000000334 35.00000000000034 35.00000000000034 
0.09955491124353094 -0.0064742512502671675 -0.0154206886013064 -0.021195518984525586 -0.02499109094886465 -0.0333084608434261 -6.942907693927868e-05 -1.8238996723306699e-07 -1.044049505053274e-09 -3.9528912297357625e-12 -1.1629380244843128e-14 -1.2085058854783053e-16 -7.579233688520953e-18 -1.211259996176902e-18 -2.8463267922922837e-19 -7.610626402887106e-20 -2.0145230135919926e-20 -4.431420745869578e-21 -2.8485766750307944e-22 5.412460257234203e-22 5.106413452433238e-22 3.3496496575078148e-22 1.9048361926798615e-22 9.965523736634775e-23 4.9121132743237213e-23 2.3064773029894865e-23 1.037980131382875e-23 4.489685370626807e-24 1.868300930973628e-24 7.490318727547237e-25 2.886023488873228e-25 1.0681382373760876e-25 3.7745913224567896e-26 1.2692582986812616e-26 4.015550714083087e-27 1.1732978120503934e-27 3.044528928488027e-28 6.29767236847829e-29 5.599096340153119e-30 -3.798529877435833e-30 -3.200919652609297e-30 -1.6809589356815736e-30 -7.396016789091725e-31 -2.9363197456679478e-31 -1.083654543432346e-31 -3.771728980586758e-32 -1.2474996090338315e-32 -3.935696766369701e-33 -1.1857092418975981e-33 -3.4071554182827532e-34 -9.301548817949502e-35 -2.3931427385597946e-35 -5.712274811007588e-36 -1.223615152151668e-36 -2.156082390331599e-37 -2.095262814687375e-38 5.522819637206086e-39 4.622686957804848e-39 2.0685153007471696e-39 7.584363859458926e-40 2.4939329802625425e-40 7.6107277563551e-41 2.1906195614058133e-41 5.996586695729912e-42 1.5673418999822868e-42 3.915476479203846e-43 9.333368224673173e-44 2.112399652404526e-44 4.493717791436886e-45 8.80471778079055e-46 1.5179140324065733e-46 2.0064104348644285e-47 6.205199431265315e-49 -8.612520729866719e-49 -4.353869802034216e-49 -1.5291956316772994e-49 -4.615449364304128e-50 -1.2715883765194058e-50 -3.2806732961939164e-51 -8.025391414617173e-52 -1.8731050662420165e-52 -4.181508213201335e-53 -8.924658695977337e-54 -1.8147115495781228e-54 -3.487759730632487e-55 -6.236314151174841e-56 -1.0028033230976464e-56 -1.32541760235091e-57 -9.4047024635683e-59 2.116195256008307e-59 1.3023320467558133e-59 4.4328229394495414e-60 1.245808045539025e-60 3.154362737173958e-61 7.438785091468346e-62 1.6595915205186678e-62 3.53014701404132e-63 7.183818222914724e-64 1.3988978580273467e-64 2.5991035934566467e-65 4.574980628816481e-66 7.520472909669125e-67 1.1199794095562269e-67 1.3986120599441718e-68 1.0615674689635248e-69 -1.2677992788543803e-70 -8.81042350930068e-71 -2.8561652126549017e-71 -7.48636787948801e-72 -1.757019383511029e-72 -3.832161532160936e-73 -7.90121701889159e-74 -1.5531124234504443e-74 -2.921441472427831e-75 -5.26080617178209e-76 -9.043682217841531e-77 -1.4736891309040288e-77 -2.243724334625959e-78 -3.095659541442847e-79 -3.5792162273499356e-80 -2.496971099023682e-81 2.8969184854498636e-82 1.8363828420325754e-82 5.52414152222828e-83 1.3470231114285777e-83 2.9447020439359613e-84 5.987519424195314e-85 1.1516879955337348e-85 2.113109763197478e-86 3.7116952778411005e-87 6.242750761794915e-88 1.00224977615838e-88 1.5242656900147334e-89 2.1620426270829674e-90 2.7658700354954704e-91 2.9205753333135875e-92 1.6817987520063088e-93 -2.882587980968532e-94 -1.4452704336857258e-94 -3.965790300019672e-95 -8.98776080798801e-96 -1.837747627592348e-96 -3.5056318366065153e-97 -6.336609850696916e-98 -1.0936259158431241e-98 -1.807798226577724e-99 -2.8614221348140217e-100 -4.320496099559298e-101 -6.1692905486148136e-102 -8.184226135304856e-103 -9.699411029326032e-104 -9.196694975281038e-105 -3.6248548060717563e-106 1.26785855932466e-106 4.961506209101428e-107 1.2365648268272309e-107 2.6097870860498663e-108 5.013195830839969e-109 9.020875134181554e-110 1.5414696472147634e-110 2.517893739763833e-111 3.9408497053175236e-112 5.904332195160491e-113 8.42848593360161e-114 1.1346850380235246e-114 1.410546116705135e-115 1.5425955960277854e-116 1.276872310030434e-117 1.5169086677814262e-119 -2.6205983292230664e-119 -8.31613176278449e-120 -1.8908968118424602e-120 -3.7317832987716605e-121 -6.765607102077819e-122 -1.1540660314719606e-122 -1.873698755199752e-123 -2.911161739568302e-124 -4.334986243428131e-125 -6.175332087617728e-126 -8.366137154690386e-127 -1.0645996355337822e-127 -1.2398137133812996e-128 -1.2404768698846483e-129 -8.48729817606475e-131 2.995999905617656e-132 2.7814943410383976e-132 7.469163040014194e-133 1.56231445926603e-133 2.8981918014434117e-134 4.981892017576263e-135 8.0915981177635e-136 1.2533543159217423e-136 1.8599348041362025e-137 2.6451457233099868e-138 3.594715626504125e-139 4.633432732683348e-140 5.578093514689594e-141 6.0671568979956855e-142 5.447043443828836e-143 2.3370340581324286e-144 
-0.10310344137866313 -0.07090617537793777 -0.06369931900044948 -0.05772432583439322 -0.05252885167664589 -0.0358358196318593 7.923847912588571e-06 -9.952731990247993e-08 -3.162818983237993e-10 -1.035586106310863e-13 2.8022137391682633e-15 6.33242695291519e-17 6.2814961550067194e-18 1.4214429120668748e-18 4.582154984958295e-19 1.7152765040383322e-19 6.881232132980571e-20 2.851691184523453e-20 1.1964289637928985e-20 5.016705763682355e-21 2.0825147261014162e-21 8.492414584425822e-22 3.377211798334324e-22 1.299401007438116e-22 4.7902993466260167e-23 1.667966860318602e-23 5.355691019001403e-24 1.5057439097996877e-24 3.1683543972608254e-25 7.298104958006506e-27 -4.39672012308122e-26 -3.473290444350124e-26 -1.965160151091346e-26 -9.601298842688431e-27 -4.279001536243589e-27 -1.7816750308058552e-27 -7.01526969409641e-28 -2.6291490187926528e-28 -9.410775403816927e-29 -3.2183508183175234e-29 -1.0518091540938291e-29 -3.273695000204195e-30 -9.644260757149036e-31 -2.659287274746506e-31 -6.712087869137846e-32 -1.4738706697138427e-32 -2.397614472482725e-33 -2.626868031224291e-35 2.1214427729663374e-34 1.2872798165648377e-34 5.650112452134011e-35 2.14560075131579e-35 7.444985724712821e-36 2.4167823857587353e-36 7.42668420587997e-37 2.17360678791474e-37 6.075068825791283e-38 1.6215224244659652e-38 4.122494490869404e-39 9.92157492840612e-40 2.2329417648199685e-40 4.583827253646883e-41 8.088469035187198e-42 9.989156411099467e-43 -3.7331634509107393e-44 -8.465445814279535e-44 -3.9710876247368734e-44 -1.420000843976798e-44 -4.459955160829363e-45 -1.2892951418112238e-45 -3.502520456708765e-46 -9.035299261300873e-47 -2.2247566712640995e-47 -5.238424949488538e-48 -1.1781219257388258e-48 -2.5211556207526642e-49 -5.089096338745796e-50 -9.518155470274857e-51 -1.587825834791074e-51 -2.12447570024221e-52 -1.249848236087149e-53 5.284198634467818e-54 2.939800878046734e-54 1.0171760808218256e-54 2.9599567444462516e-55 7.806098621664603e-56 1.9219448418832476e-56 4.4810107338836416e-57 9.963884695534833e-58 2.1193883053095966e-58 4.312256765281444e-59 8.366598987558392e-60 1.5365280838210165e-60 2.6316412877941935e-61 4.0730541232832045e-62 5.251684030434558e-63 3.965426773599681e-64 -5.967692080488709e-65 -3.9885420858775834e-65 -1.329241526014055e-65 -3.6086380032114354e-66 -8.790324286596523e-67 -1.9912601856892847e-67 -4.2649194790397805e-68 -8.708267565197403e-69 -1.701269264294441e-69 -3.1812229387841774e-70 -5.6777631189522545e-71 -9.60468657454702e-72 -1.5181925651317079e-72 -2.175887788448934e-73 -2.6192858172254685e-74 -1.9311887631951407e-75 2.1299779748177046e-76 1.4523373288618994e-76 4.5487584029294964e-77 1.1503171005018789e-77 2.6042097907704835e-78 5.47947199780629e-79 1.0901003942978153e-79 2.067967456378508e-80 3.7548128508854596e-81 6.527560377857375e-82 1.083329262128711e-82 1.7039397106196298e-83 2.502485982931648e-84 3.324550546464583e-85 3.679811403312704e-86 2.3679648100832996e-87 -3.205132616064437e-88 -1.8217708114842237e-88 -5.240761185028115e-89 -1.2319175037770017e-89 -2.6031756176799195e-90 -5.123090439579224e-91 -9.544808058432046e-92 -1.69705799120168e-92 -2.889292481915611e-93 -4.710324661601234e-94 -7.328194915428508e-95 -1.0792361254677016e-95 -1.479889703536838e-96 -1.822693826384765e-97 -1.8285368165375266e-98 -9.026960488153494e-100 2.111509560177136e-100 9.322292069705706e-101 2.437564258923114e-101 5.328865438798112e-102 1.0555060648747476e-102 1.954281837415651e-103 3.432253624041043e-104 5.7588636612678075e-105 9.256787542328094e-106 1.42459169980815e-106 2.0903157567576794e-107 2.896970130953125e-108 3.719830557314675e-109 4.23797032343614e-110 3.7719794200879954e-111 1.0263401861571442e-112 -6.300742375230267e-113 -2.2079659681005356e-113 -5.251471364705868e-114 -1.0711151506528687e-114 -1.9977142183827348e-115 -3.4979142194275975e-116 -5.82284693124545e-117 -9.270956696807317e-118 -1.4145832136385573e-118 -2.0655893715237246e-119 -2.8713965775811704e-120 -3.7574206395685275e-121 -4.5217786839645844e-122 -4.736858143307158e-123 -3.5990470152925286e-124 2.9015306545865984e-126 9.22748775943384e-126 2.680472418371762e-126 5.838984291141769e-127 1.1164709403977067e-127 1.969842394582273e-128 3.2770469311840406e-129 5.194680336180837e-130 7.884018005855193e-131 1.1468367085071702e-131 1.5951365942337625e-132 2.107457619439918e-133 2.6085230333299627e-134 2.93772140992247e-135 2.796238727388384e-136 1.6721616257797108e-137 -1.2569298689222477e-138 -7.252562983099517e-139 -1.8158746147361123e-139 -3.6553014612371427e-140 -6.586812967901485e-141 -1.1042750645610697e-141 -1.757767206627012e-142 -3.0409101538979814e-143 
1900 1 6 0 0 0
14.827641681043486 14.827621063743768 14.827597090946302 14.827568270018604 14.827530878404504 14.826710355256349 13.784118155221242 13.25003836841887 12.74999683522029 12.25052146268794 12.000647566495207 12.000007514705125 12.0000005529452 12.000000118002884 12.000000042655294 12.000000019645924 12.00000001024606 12.000000005741853 12.000000003362754 12.000000002024032 12.000000001238229 12.000000000763825 12.000000000472463 12.000000000291688 12.000000000179169 12.000000000109209 12.000000000065922 12.000000000039352 12.000000000023206 12.000000000013504 12.000000000007748 12.000000000004393 12.000000000002453 12.000000000001354 12.000000000000734 12.000000000000396 12.000000000000213 12.000000000000112 12.000000000000066 12.000000000000046 12.000000000000039 12.000000000000044 12.000000000000052 12.000000000000059 12.00000000000006 12.00000000000006 12.000000000000066 12.000000000000073 12.000000000000083 12.00000000000009 12.000000000000101 12.000000000000103 12.000000000000112 12.000000000000117 12.000000000000124 12.00000000000013 12.000000000000133 12.000000000000137 12.000000000000135 12.000000000000131 12.000000000000131 12.000000000000133 12.00000000000013 12.000000000000126 12.000000000000119 12.00000000000012 12.000000000000117 12.000000000000114 12.000000000000112 12.000000000000112 12.000000000000108 12.000000000000103 12.000000000000103 12.000000000000103 12.000000000000105 12.000000000000107 12.000000000000107 12.000000000000108 12.000000000000105 12.000000000000107 12.000000000000105 12.000000000000103 12.000000000000103 12.000000000000107 12.00000000000011 12.00000000000011 12.00000000000011 12.000000000000115 12.000000000000117 12.000000000000124 12.00000000000013 12.000000000000135 12.000000000000135 12.000000000000131 12.000000000000126 12.000000000000117 12.00000000000011 12.000000000000105 12.000000000000103 12.000000000000108 12.000000000000112 12.000000000000108 12.000000000000114 12.000000000000108 12.000000000000108 12.000000000000115 12.00000000000012 12.00000000000012 12.000000000000115 12.000000000000117 12.000000000000115 12.000000000000115 12.00000000000012 12.000000000000123 12.00000000000012 12.00000000000012 12.000000000000115 12.000000000000108 12.000000000000107 12.000000000000103 12.000000000000107 12.00000000000011 12.000000000000108 12.000000000000112 12.000000000000112 12.000000000000119 12.00000000000012 12.00000000000012 12.000000000000115 12.000000000000115 12.000000000000114 12.000000000000115 12.000000000000119 12.00000000000012 12.00000000000012 12.000000000000123 12.000000000000128 12.000000000000126 12.000000000000128 12.000000000000131 12.000000000000131 12.000000000000126 12.000000000000126 12.000000000000128 12.00000000000013 12.000000000000128 12.000000000000131 12.000000000000131 12.000000000000126 12.00000000000012 12.000000000000119 12.000000000000112 12.000000000000107 12.000000000000101 12.0000000000001 12.000000000000096 12.00000000000009 12.000000000000092 12.000000000000094 12.000000000000098 12.0000000000001 12.000000000000101 12.000000000000107 12.000000000000115 12.000000000000123 12.000000000000123 12.000000000000128 12.000000000000128 12.000000000000124 12.000000000000123 12.00000000000012 12.000000000000115 12.000000000000112 12.000000000000107 12.000000000000108 12.000000000000108 12.000000000000107 12.000000000000103 12.000000000000101 12.000000000000101 12.000000000000108 12.000000000000115 12.000000000000115 12.000000000000115 12.000000000000115 12.000000000000112 12.000000000000107 12.000000000000103 12.000000000000101 12.000000000000105 12.00000000000011 12.00000000000011 12.000000000000112 12.000000000000119 12.00000000000013 12.000000000000135 12.000000000000137 12.000000000000139 12.000000000000139 12.000000000000144 
34.999999999999794 34.99999999999979 34.9999999999998 34.9999999999998 34.99999999999979 34.99999999999981 35.000000000000036 35.000000000000064 35.0 35.000000000000064 35.00000000000007 35.000000000000114 35.000000000000064 35.000000000000014 34.999999999999964 34.99999999999997 34.99999999999997 34.99999999999997 34.999999999999986 34.999999999999986 35.00000000000001 34.99999999999999 35.0 35.00000000000001 34.99999999999999 34.99999999999999 35.0 35.00000000000003 35.00000000000003 35.00000000000001 35.00000000000001 35.00000000000001 35.000000000000014 35.000000000000036 35.00000000000003 35.00000000000003 35.000000000000036 35.00000000000004 35.00000000000006 35.00000000000008 35.00000000000009 35.00000000000013 35.00000000000015 35.000000000000185 35.0000000000002 35.000000000000206 35.00000000000022 35.00000000000024 35.00000000000026 35.000000000000284 35.000000000000284 35.000000000000306 35.000000000000334 35.00000000000034 35.000000000000355 35.00000000000038 35.000000000000384 35.000000000000384 35.000000000000384 35.000000000000384 35.000000000000384 35.00000000000037 35.00000000000035 35.00000000000034 35.000000000000334 35.000000000000334 35.000000000000334 35.00000000000033 35.00000000000032 35.00000000000033 35.00000000000031 35.00000000000029 35.000000000000284 35.00000000000026 35.00000000000027 35.00000000000026 35.00000000000027 35.00000000000026 35.00000000000024 35.00000000000024 35.000000000000256 35.000000000000256 35.00000000000027 35.00000000000029 35.00000000000032 35.00000000000032 35.00000000000033 35.00000000000034 35.00000000000034 35.00000000000036 35.00000000000037 35.00000000000039 35.000000000000384 35.000000000000384 35.000000000000355 35.000000000000334 35.0000000000003 35.00000000000029 35.000000000000306 35.00000000000033 35.00000000000033 35.00000000000032 35.000000000000334 35.00000000000033 35.00000000000034 35.000000000000355 35.00000000000036 35.000000000000355 35.00000000000034 35.00000000000034 35.00000000000034 35.000000000000334 35.00000000000034 35.00000000000035 35.00000000000034 35.00000000000034 35.000000000000334 35.00000000000032 35.00000000000031 35.0000000000003 35.00000000000031 35.000000000000334 35.00000000000032 35.00000000000033 35.00000000000033 35.00000000000034 35.00000000000034 35.000000000000334 35.000000000000334 35.00000000000032 35.00000000000032 35.00000000000034 35.00000000000034 35.000000000000334 35.00000000000033 35.00000000000035 35.00000000000036 35.000000000000355 35.00000000000036 35.00000000000038 35.000000000000384 35.00000000000038 35.00000000000038 35.00000000000038 35.00000000000038 35.00000000000038 35.000000000000384 35.000000000000384 35.00000000000036 35.00000000000036 35.00000000000036 35.00000000000034 35.00000000000033 35.000000000000306 35.00000000000029 35.000000000000284 35.00000000000027 35.00000000000027 35.00000000000027 35.000000000000284 35.00000000000027 35.000000000000284 35.00000000000029 35.00000000000031 35.000000000000334 35.00000000000034 35.00000000000034 35.00000000000034 35.00000000000034 35.00000000000035 35.00000000000034 35.00000000000033 35.000000000000306 35.000000000000306 35.00000000000032 35.00000000000032 35.00000000000032 35.00000000000031 35.000000000000306 35.000000000000306 35.00000000000033 35.00000000000034 35.000000000000334 35.00000000000034 35.00000000000034 35.00000000000032 35.0000000000003 35.00000000000029 35.00000000000029 35.0000000000003 35.000000000000306 35.00000000000031 35.00000000000031 35.00000000000033 35.00000000000036 35.00000000000037 35.0000000000004 35.00000000000041 35.00000000000041 35.00000000000042 
0.09973780511055783 -0.006279799698595541 -0.015223827518533897 -0.02100037955193213 -0.024794453490693372 -0.03296306280726909 -4.627546853692692e-05 5.571306914088581e-08 4.2889332479774393e-10 2.5853868272889186e-12 1.1820171691621285e-14 1.6903540650656256e-16 1.32687259666018e-17 2.6004108090153894e-18 7.681590136896264e-19 2.718073164329644e-19 1.0471925452094045e-19 4.199695721167108e-20 1.70837321092484e-20 6.920630462024721e-21 2.7466102145681863e-21 1.0479333621412623e-21 3.7372207297790036e-22 1.1772379834173496e-22 2.760710004219939e-23 8.714045073511851e-26 -5.728895378495908e-24 -5.157115703934966e-24 -3.4160803918890905e-24 -1.9741916456242684e-24 -1.0488715434718155e-24 -5.246798054046751e-25 -2.496713242508115e-25 -1.1382328837629993e-25 -4.986104561520744e-26 -2.105911062080821e-26 -8.571197977953679e-27 -3.360107749819125e-27 -1.2668079406642127e-27 -4.571597258468679e-28 -1.5737598780850427e-28 -5.113769758789398e-29 -1.54075686319258e-29 -4.1472933094800985e-30 -9.023066806225446e-31 -9.394584497164295e-32 5.050369809748982e-32 4.700142991012306e-32 2.6088856019528666e-32 1.2065753457107659e-32 5.032974051097615e-33 1.9535327241809434e-33 7.16305289053797e-34 2.50098926093292e-34 8.349713044905569e-35 2.6667329125566955e-35 8.153881059552481e-36 2.3779170557509786e-36 6.569685460628614e-37 1.6976689756326268e-37 3.9984230526975814e-38 8.068379238045766e-39 1.1203595331397861e-39 -6.630979705381291e-41 -1.3682557279453751e-40 -7.287554083175315e-41 -2.9897813712500304e-41 -1.0806580300034502e-41 -3.600334697241504e-42 -1.1282400536648057e-42 -3.3598363414083695e-43 -9.55744059346984e-44 -2.6021359203764787e-44 -6.776573534684926e-45 -1.6822116407110837e-45 -3.950811538961783e-46 -8.650159290207535e-47 -1.7118566000384956e-47 -2.829719216888406e-48 -2.8000532922988764e-49 4.768728034848496e-50 4.2436756397642427e-50 1.8072063648090373e-50 6.232450922589851e-51 1.9236570205583247e-51 5.5128537859314685e-52 1.4921652268692826e-52 3.84767511989024e-53 9.490668446001001e-54 2.2415797143663364e-54 5.0596111157667695e-55 1.0854132256778465e-55 2.190948636955553e-56 4.07112705518671e-57 6.625484954384003e-58 8.079939244271239e-59 1.0120936963619475e-60 -3.84340633388748e-60 -1.7783196043927807e-60 -5.937447378064381e-61 -1.7204180293456198e-61 -4.5731265704757395e-62 -1.141872844835584e-62 -2.7095379399388525e-63 -6.145120750028709e-64 -1.3348223090147082e-64 -2.7745250992975067e-65 -5.495639791918044e-66 -1.0280253480860787e-66 -1.7835437985540644e-67 -2.757764798746196e-68 -3.395427785771592e-69 -1.67469001605216e-70 8.239887385281632e-71 4.133180835882358e-71 1.3324168774271497e-71 3.639517318188518e-72 9.043172147943931e-73 2.10309931876515e-73 4.640785181467704e-74 9.782600736919454e-75 1.9749351336788733e-75 3.818285634172337e-76 7.040472883630953e-77 1.2279764280317753e-77 1.9919216809614338e-78 2.896266979074927e-79 3.41211777353977e-80 1.900261784308006e-81 -5.872112332571093e-82 -2.978691859372446e-82 -9.137068129780586e-83 -2.3502777549420017e-83 -5.481105265009469e-84 -1.194924338281659e-84 -2.470701670568867e-85 -4.8798195516061094e-86 -9.233596487931425e-87 -1.6720755658867435e-87 -2.8901167520224175e-88 -4.72639165933603e-89 -7.187545105132345e-90 -9.788522742142538e-91 -1.0758800066945395e-91 -5.373286965008533e-93 1.733696361531366e-93 8.081012019542731e-94 2.3209318469753046e-94 5.6097149992519996e-95 1.2311551685169663e-95 2.5281092279016273e-96 4.926623907975563e-97 9.174533874334549e-98 1.637069957938693e-98 2.797339293216069e-99 4.558804680737396e-100 7.021436806461928e-101 1.0032309746570857e-101 1.2759243335430702e-102 1.2823618695671726e-103 4.643816235910599e-105 -2.356998308899006e-105 -9.501824054827493e-106 -2.5291182779495553e-106 -5.740011052288614e-107 -1.1886576035920267e-107 -2.3084894193423267e-108 -4.260106459672003e-109 -7.517716905150885e-110 -1.2714476316072952e-110 -2.058747397544022e-111 -3.1765241955625486e-112 -4.622659373480537e-113 -6.2126844128213764e-114 -7.347780759323291e-115 -6.585386929231356e-116 -8.854656395079817e-118 1.5651536083079625e-117 5.380299128103372e-118 1.3229883124384005e-118 2.822495622758988e-119 5.530766736298107e-120 1.0196367781228004e-120 1.7891733787612608e-121 3.0045929586405264e-122 4.836589017568288e-123 7.450306977112258e-124 1.0918637348056055e-124 1.5046685487526199e-125 1.9017417830411984e-126 2.0770261868776612e-127 1.593353472430897e-128 -3.908046111565853e-130 -5.390471138879585e-130 -1.5987679328715414e-130 -3.638608265685671e-131 -7.315865676728822e-132 -1.3609020483478967e-132 -2.3993379886312104e-133 -4.642267356323784e-134 
-0.10194505102242979 -0.06975029794787078 -0.06254208572687925 -0.05656342219373725 -0.05137163725806511 -0.03505617026062056 4.508952638335883e-05 1.3891271872461176e-07 6.3139370085665e-10 2.331533677565034e-12 6.153875230875607e-15 4.184203469833125e-17 5.7869672124285955e-19 -3.091400090903174e-19 -2.0112141760084078e-19 -1.0890300739891585e-19 -5.716853578402034e-20 -2.9687235700269645e-20 -1.5285836536389627e-20 -7.793671944204596e-21 -3.926557755208856e-21 -1.9503169625513682e-21 -9.530281305653422e-22 -4.5714340663336015e-22 -2.148102101389577e-22 -9.86752772632209e-23 -4.4209019423151547e-23 -1.9269434595995743e-23 -8.147394558711983e-24 -3.327809758283591e-24 -1.3057939447711695e-24 -4.889138942362046e-25 -1.720547881726626e-25 -5.555722754036546e-26 -1.5543954564859323e-26 -3.1398723298607632e-27 7.284946297704219e-29 5.671209106794967e-28 4.310259104165617e-28 2.4430431463349494e-28 1.2096964687582738e-28 5.49830085353632e-29 2.345084500393305e-29 9.492677179813078e-30 3.6694344659325716e-30 1.358848167726215e-30 4.825950554009323e-31 1.6426040130860547e-31 5.343921004006022e-32 1.6527686685318385e-32 4.811043251989604e-33 1.2930009100850112e-33 3.076945764405282e-34 5.751566859797854e-35 3.8178255310270796e-36 -3.631580098090406e-36 -2.674142441998543e-36 -1.2959923304151884e-36 -5.330221312684384e-37 -1.990804080076383e-37 -6.942303750471037e-38 -2.2912716423502433e-38 -7.20807991985295e-39 -2.1686728443119494e-39 -6.2447564842096335e-40 -1.7180449933823025e-40 -4.494601723425509e-41 -1.1075529463916138e-41 -2.5230946542026013e-42 -5.099943110917743e-43 -8.134381420008053e-44 -4.807881626648204e-45 3.59461671157009e-45 2.283809974101655e-45 9.47807729423892e-46 3.3369772223789313e-46 1.067674334435681e-46 3.192547528777367e-47 9.043920098478595e-48 2.4440450574001315e-48 6.320272127073374e-49 1.5643974319484423e-49 3.696977874706955e-50 8.290002962668799e-51 1.7423074154686383e-51 3.346743277502603e-52 5.53260588712437e-53 6.380650175020861e-54 -2.522294747441506e-55 -4.957481047508452e-55 -2.1925446947952546e-55 -7.431582300067247e-56 -2.219872513094169e-56 -6.118675695255928e-57 -1.5883035244389796e-57 -3.9227054031937474e-58 -9.263447464287842e-59 -2.0950059227514326e-59 -4.5317448081829047e-60 -9.332797783173527e-61 -1.8122556953284266e-61 -3.254086803428429e-62 -5.172961957336442e-63 -6.405637909146876e-64 -2.3852765646410364e-65 2.0814362325962943e-65 1.007444074719825e-65 3.3095282551856596e-66 9.30995654984802e-67 2.3909973919309345e-67 5.756124692057892e-68 1.3156911638804309e-68 2.8733918736149716e-69 6.010523447739656e-70 1.2034895121697268e-70 2.297747033096474e-71 4.147270548304075e-72 6.955154301100804e-73 1.0435929438247954e-73 1.2619838865585889e-74 6.889173960679438e-76 -2.4815538648067744e-76 -1.2670033133290315e-76 -3.9927805685129304e-77 -1.0586490993318678e-77 -2.547409461501076e-78 -5.732072339192749e-79 -1.2233867428085275e-79 -2.494032653033383e-80 -4.870306716357998e-81 -9.10696173042117e-82 -1.624654993428878e-82 -2.742145009714045e-83 -4.305377782767946e-84 -6.06064386374302e-85 -6.914263751885944e-86 -3.7291659081175348e-87 1.1171897740695372e-87 5.48879111772033e-88 1.6318125943121027e-88 4.069706490487667e-89 9.20459373237927e-90 1.9465258353103068e-90 3.904911686992872e-91 7.482322471899531e-92 1.3738629941882827e-92 2.4157557916541587e-93 4.0520851156173946e-94 6.42742128269981e-95 9.471623343918545e-96 1.2469805267492936e-96 1.3139989151284475e-97 5.788217596618686e-99 -2.2183861598096683e-99 -9.657906321373637e-100 -2.672582117927386e-100 -6.259670983980825e-101 -1.3340809003913266e-101 -2.6629701325696537e-102 -5.04733738791121e-103 -9.144698386127077e-104 -1.5877114873894372e-104 -2.6395344777331026e-105 -4.183561074491499e-106 -6.261092790036136e-107 -8.675556539407253e-108 -1.0647056129276727e-108 -1.0143291557016714e-109 -2.655706060088794e-111 2.0931982750753684e-111 7.78889282381143e-112 1.9926296880592982e-112 4.3835381915191415e-113 8.826821259547454e-114 1.6694507528001056e-114 3.0027197599426643e-115 5.166585660092351e-116 8.520848021326446e-117 1.3451235939035544e-117 2.0221152065479036e-118 2.863026219981177e-119 3.7319496353695885e-120 4.246325788828539e-121 3.5449684781805993e-122 -1.034132999426503e-124 -9.931098774278618e-124 -3.1642531614705654e-124 -7.482234552922295e-125 -1.5490968153303697e-125 -2.956255707921647e-126 -5.3169624330542425e-127 -9.110048501104006e-128 -1.494449612023756e-128 -2.3501087450625547e-129 -3.533999071024272e-130 -5.051355421395385e-131 -6.776573966490638e-132 -8.299421430203283e-133 -8.649621791297475e-134 -5.669507474154637e-135 
1900 1 7 0 0 0
14.82640371411459 14.826383080249165 14.826359089679865 14.826330250262375 14.826292875273829 14.825493745303067 13.79127141654544 13.250056992191093 12.74999634325379 12.250625607396845 12.000775971108741 12.00000988321247 12.000000749461416 12.000000160176494 12.000000058200246 12.000000027198517 12.000000014473997 12.000000008307978 12.000000005000796 12.000000003103965 12.00000000196504 12.000000001258956 12.000000000811765 12.000000000524432 12.000000000338325 12.000000000217437 12.000000000138847 12.000000000088004 12.000000000055262 12.000000000034362 12.000000000021135 12.000000000012847 12.000000000007725 12.000000000004599 12.000000000002705 12.000000000001576 12.000000000000911 12.000000000000526 12.000000000000304 12.000000000000181 12.000000000000117 12.000000000000087 12.000000000000071 12.000000000000071 12.000000000000076 12.000000000000085 12.000000000000094 12.000000000000103 12.00000000000011 12.000000000000117 12.000000000000128 12.000000000000137 12.00000000000014 12.000000000000144 12.000000000000146 12.000000000000146 12.000000000000155 12.000000000000153 12.000000000000153 12.000000000000153 12.000000000000151 12.000000000000151 12.000000000000146 12.000000000000144 12.00000000000014 12.000000000000142 12.00000000000014 12.000000000000137 12.00000000000013 12.000000000000128 12.000000000000123 12.000000000000124 12.000000000000117 12.000000000000115 12.000000000000117 12.000000000000115 12.000000000000117 12.000000000000117 12.000000000000124 12.000000000000124 12.000000000000124 12.000000000000128 12.000000000000133 12.000000000000139 12.000000000000139 12.000000000000137 12.000000000000133 12.000000000000135 12.000000000000137 12.000000000000139 12.000000000000144 12.000000000000144 12.000000000000144 12.000000000000146 12.000000000000146 12.000000000000146 12.00000000000014 12.000000000000139 12.000000000000137 12.000000000000133 12.000000000000135 12.000000000000137 12.000000000000139 12.000000000000139 12.000000000000139 12.000000000000139 12.000000000000142 12.000000000000146 12.000000000000146 12.000000000000142 12.00000000000014 12.000000000000139 12.000000000000139 12.000000000000133 12.000000000000135 12.000000000000139 12.000000000000137 12.000000000000131 12.000000000000128 12.000000000000128 12.000000000000128 12.000000000000131 12.000000000000133 12.000000000000139 12.000000000000139 12.000000000000139 12.000000000000144 12.000000000000142 12.000000000000139 12.000000000000139 12.000000000000137 12.000000000000139 12.000000000000139 12.000000000000142 12.000000000000144 12.000000000000147 12.000000000000147 12.000000000000151 12.000000000000151 12.000000000000156 12.000000000000158 12.000000000000155 12.000000000000153 12.000000000000158 12.000000000000158 12.000000000000158 12.000000000000158 12.000000000000151 12.000000000000146 12.00000000000014 12.000000000000137 12.000000000000133 12.000000000000133 12.000000000000124 12.000000000000117 12.000000000000117 12.00000000000012 12.00000000000012 12.000000000000119 12.00000000000012 12.000000000000124 12.000000000000128 12.000000000000128 12.000000000000135 12.000000000000142 12.000000000000142 12.000000000000146 12.00000000000015 12.000000000000146 12.000000000000142 12.000000000000142 12.000000000000139 12.000000000000133 12.000000000000135 12.000000000000133 12.000000000000128 12.000000000000128 12.00000000000013 12.000000000000131 12.000000000000135 12.000000000000137 12.000000000000137 12.000000000000135 12.000000000000135 12.00000000000013 12.00000000000013 12.000000000000126 12.000000000000124 12.000000000000117 12.000000000000117 12.00000000000012 12.000000000000126 12.000000000000131 12.000000000000133 12.000000000000139 12.000000000000146 12.000000000000158 12.000000000000162 12.000000000000162 12.00000000000016 
34.99999999999979 34.99999999999978 34.999999999999794 34.9999999999998 34.99999999999981 34.999999999999815 34.99999999999997 34.99999999999999 34.99999999999999 35.00000000000006 35.00000000000006 35.000000000000114 35.00000000000007 34.999999999999986 34.99999999999994 34.999999999999936 34.99999999999995 34.99999999999996 34.99999999999997 34.99999999999998 34.99999999999997 34.999999999999986 35.00000000000001 35.000000000000014 35.00000000000001 34.99999999999999 35.0 34.99999999999999 35.00000000000001 35.00000000000001 34.99999999999999 35.0 35.00000000000002 35.00000000000004 35.00000000000005 35.000000000000064 35.000000000000064 35.000000000000064 35.00000000000007 35.00000000000008 35.0000000000001 35.00000000000013 35.000000000000156 35.0000000000002 35.00000000000022 35.000000000000256 35.000000000000284 35.00000000000033 35.00000000000034 35.00000000000035 35.00000000000036 35.000000000000384 35.00000000000041 35.00000000000043 35.00000000000044 35.00000000000041 35.000000000000426 35.000000000000426 35.00000000000041 35.00000000000042 35.00000000000041 35.00000000000041 35.00000000000041 35.000000000000405 35.000000000000405 35.0000000000004 35.00000000000039 35.000000000000384 35.00000000000037 35.00000000000036 35.00000000000036 35.00000000000035 35.00000000000032 35.000000000000306 35.000000000000306 35.0000000000003 35.00000000000029 35.0000000000003 35.00000000000031 35.00000000000031 35.00000000000032 35.000000000000334 35.00000000000035 35.00000000000037 35.00000000000038 35.000000000000384 35.000000000000384 35.00000000000039 35.00000000000039 35.00000000000041 35.000000000000426 35.00000000000042 35.00000000000042 35.000000000000426 35.000000000000426 35.000000000000426 35.00000000000041 35.000000000000405 35.000000000000405 35.0000000000004 35.000000000000405 35.00000000000041 35.00000000000041 35.00000000000039 35.00000000000039 35.00000000000039 35.000000000000405 35.00000000000041 35.00000000000042 35.000000000000405 35.000000000000405 35.00000000000039 35.00000000000039 35.00000000000037 35.000000000000384 35.00000000000039 35.00000000000038 35.00000000000037 35.00000000000036 35.00000000000036 35.000000000000355 35.00000000000036 35.000000000000355 35.00000000000036 35.00000000000037 35.00000000000038 35.00000000000039 35.00000000000039 35.000000000000384 35.00000000000039 35.000000000000384 35.00000000000039 35.00000000000041 35.00000000000041 35.000000000000405 35.00000000000042 35.000000000000426 35.00000000000044 35.00000000000044 35.000000000000455 35.00000000000045 35.00000000000044 35.00000000000043 35.00000000000045 35.00000000000044 35.00000000000043 35.00000000000043 35.000000000000426 35.00000000000042 35.00000000000041 35.000000000000405 35.000000000000405 35.0000000000004 35.00000000000038 35.00000000000036 35.000000000000355 35.000000000000355 35.00000000000036 35.00000000000036 35.000000000000355 35.00000000000036 35.000000000000384 35.000000000000384 35.00000000000039 35.00000000000039 35.00000000000039 35.00000000000039 35.00000000000041 35.00000000000041 35.000000000000405 35.000000000000405 35.00000000000039 35.00000000000038 35.00000000000039 35.000000000000384 35.00000000000037 35.00000000000037 35.00000000000038 35.00000000000036 35.000000000000384 35.00000000000039 35.000000000000405 35.0000000000004 35.000000000000384 35.00000000000036 35.00000000000037 35.00000000000037 35.000000000000355 35.000000000000334 35.00000000000034 35.00000000000035 35.00000000000038 35.00000000000039 35.0000000000004 35.000000000000405 35.000000000000426 35.00000000000046 35.00000000000048 35.00000000000048 35.00000000000048 
0.0999149375353635 -0.006094872747901971 -0.015038008771451138 -0.020816198309634024 -0.024608875945186758 -0.03278711783468029 -4.460116109595705e-05 3.7528057494783184e-08 6.307309534020635e-11 -3.4531058464246177e-13 -4.430572516706386e-15 -9.97031452001623e-17 -9.96139402574537e-18 -2.2957291658537014e-18 -7.798431975215597e-19 -3.161883605568081e-19 -1.3993143290332295e-19 -6.488438922116347e-20 -3.084525021514871e-20 -1.483597097936753e-20 -7.155489690325736e-21 -3.437544196614909e-21 -1.6360141344749706e-21 -7.675206471152502e-22 -3.5324615350691986e-22 -1.586714031088182e-22 -6.909274226712679e-23 -2.89248149830237e-23 -1.1482405621763014e-23 -4.2216587273166775e-24 -1.3656023155667369e-24 -3.3177972682490448e-25 -8.033283811352813e-27 6.339414705984349e-26 5.874547427355557e-26 3.9325150904503236e-26 2.2875654715641202e-26 1.2209845602029774e-26 6.132550614319158e-27 2.9323291957652196e-27 1.342536488186569e-27 5.919591216659716e-28 2.5173180662052894e-28 1.0331870332577207e-28 4.091209063249424e-29 1.5605092779068514e-29 5.715618668344506e-30 1.9993227800712494e-30 6.616878095276624e-31 2.0366280034562594e-31 5.62604090650173e-32 1.2674887697004354e-32 1.4625380765152406e-33 -6.638222495941088e-34 -6.6894628937927695e-34 -3.867859134449088e-34 -1.8546661998277541e-34 -8.017758280427232e-35 -3.227871009814857e-35 -1.2292161206761805e-35 -4.464372518562671e-36 -1.552990578397106e-36 -5.183139142030467e-37 -1.659045910409952e-37 -5.079515887067306e-38 -1.479190079570076e-38 -4.0531569284553073e-39 -1.0232442138155223e-39 -2.2700666339789284e-40 -3.83170547617847e-41 -1.2378007479471507e-42 2.942399456746958e-42 1.8916791759682853e-42 8.569024354029552e-43 3.3465329972163965e-43 1.1952481247202373e-43 4.0026009324340445e-44 1.272374831308753e-44 3.864070431787038e-45 1.1242744701833787e-45 3.1347371517181575e-46 8.356461635973248e-47 2.1178040150897345e-47 5.046652150343392e-48 1.104890162688739e-48 2.1144187566793785e-49 3.003992138380797e-50 2.1987978371084247e-52 -2.1128578542658266e-51 -1.135520784539477e-51 -4.44917514782476e-52 -1.5163059852960758e-52 -4.744228366190267e-53 -1.3947929187173015e-53 -3.8978606417925056e-54 -1.0414398191629737e-54 -2.6664478999679823e-55 -6.539209089066668e-56 -1.5308914551740605e-56 -3.395788410707652e-57 -7.031985262479823e-58 -1.317710277686425e-58 -2.063029803290063e-59 -1.9208753569045942e-60 3.249063303015873e-61 2.7093275418911516e-61 1.0990073250984661e-61 3.6218629818242782e-62 1.0704006284773176e-62 2.9420128288359246e-63 7.648127905025544e-64 1.896546174847572e-64 4.503794041215127e-65 1.0250466490430808e-65 2.2312199023806287e-66 4.6183257063909444e-67 8.9849046007637e-68 1.6043776298068967e-68 2.4864443737177484e-69 2.7737737207934463e-70 -4.456792095493721e-72 -1.6040136843405974e-71 -6.818323027499576e-72 -2.1808748414842563e-72 -6.118180831892541e-73 -1.583221980596576e-73 -3.8595482625242195e-74 -8.957501503538862e-75 -1.989457286002055e-75 -4.2353397324278505e-76 -8.63072707745821e-77 -1.6753205068461557e-77 -3.0661736373273485e-78 -5.182502572135867e-79 -7.717389242503697e-80 -8.767668309541565e-81 -1.8992299850450459e-82 3.0831256536521755e-82 1.3452707940226696e-82 4.1486014219323244e-83 1.1062091584269812e-83 2.7044563972768187e-84 6.213428097529512e-85 1.3576636681710772e-85 2.837868050698159e-86 5.686074036951472e-87 1.0909106195193626e-87 1.995033274895161e-88 3.443927553997674e-89 5.501616263383548e-90 7.778114262031852e-91 8.520361948384889e-92 2.4952548142873068e-93 -2.3623035090982306e-93 -1.007829662960934e-93 -2.9634146013926447e-94 -7.494639550150714e-95 -1.7347833678855365e-95 -3.770988707234191e-96 -7.794289165315163e-97 -1.541188595339048e-97 -2.919671727716217e-98 -5.2991044016642e-99 -9.16810854909647e-100 -1.4968846919848342e-100 -2.259996555566856e-101 -3.01332204088879e-102 -3.0866120590566755e-103 -7.048848590931118e-105 8.271874872174482e-105 3.2759903765629692e-105 9.08602406961522e-106 2.1755997645384127e-106 4.775082368147486e-107 9.850309305082956e-108 1.9330797687577286e-108 3.63029820643851e-109 6.532732695016611e-110 1.1260741344241804e-110 1.8494651800122757e-111 2.862927197878354e-112 4.0860300991167873e-113 5.110307836307277e-114 4.7644743237605625e-115 2.614904477398274e-117 -1.4391003834821953e-116 -5.121966655579229e-117 -1.3309837227516897e-117 -3.0156057255593823e-118 -6.286398651555265e-119 -1.2343887699636606e-119 -2.3070203759128788e-120 -4.129353983100794e-121 -7.087027635081525e-122 -1.1640529090497534e-122 -1.8193736012994044e-123 -2.673779054096525e-124 -3.6036737276204307e-125 -4.184733700454587e-126 -3.3479136714528167e-127 
-0.10224848148705129 -0.07006211299249065 -0.06285999669354154 -0.05688704475330266 -0.0517089712852832 -0.03548047478107077 2.6535507730118375e-05 -3.93040988733478e-08 -4.667378278433106e-10 -2.5394489591517654e-12 -1.0952880083644355e-14 -1.4089809757140353e-16 -9.517290703237264e-18 -1.597600320943969e-18 -4.042744194109988e-19 -1.1979870685276795e-19 -3.620551332170027e-20 -9.662584772661868e-21 -1.3619261897646543e-21 8.791345046498602e-22 1.1764008964964154e-21 9.43051349247717e-22 6.42153856581084e-22 4.01671629262911e-22 2.377059522026253e-22 1.3494549466160218e-22 7.399401476216062e-23 3.935882493213144e-23 2.0346792438737787e-23 1.0237279694702717e-23 5.015042755047999e-24 2.3912787550522502e-24 1.1094986924868782e-24 5.007975970469084e-25 2.193267873426498e-25 9.300322661720947e-26 3.809461535870253e-26 1.4977520933535998e-26 5.615386742946061e-27 1.9790917870087538e-27 6.380849311109337e-28 1.777268381668575e-28 3.4874156106542923e-29 -1.8884779098813322e-30 -7.278110897114423e-30 -5.4427835832629156e-30 -3.0987282479176153e-30 -1.5503822256290318e-30 -7.147050100639699e-31 -3.1007051307885245e-31 -1.280134370181949e-31 -5.055281121195457e-32 -1.9180555203739414e-32 -6.995882719057186e-33 -2.4514643292319116e-33 -8.233185539452093e-34 -2.637081168199661e-34 -7.982655589321764e-35 -2.2449831559299777e-35 -5.65813410993396e-36 -1.1605172597362339e-36 -1.1909710678664903e-37 5.300924243934919e-38 4.788830652998814e-38 2.5211037491642973e-38 1.1035470850242697e-38 4.359238219550656e-39 1.6044411258029167e-39 5.587177233374282e-40 1.855315547826299e-40 5.900107365188686e-41 1.7989331829866374e-41 5.253548974923914e-42 1.46417674096578e-42 3.86403363729624e-43 9.517068497160566e-44 2.1221614941022943e-44 3.96739393094699e-45 4.52966351821609e-46 -7.788843795170676e-47 -8.182047441554417e-47 -3.9518443472196326e-47 -1.539056516908362e-47 -5.35885726077865e-48 -1.7307864971938743e-48 -5.282784023934118e-49 -1.5367291861673899e-49 -4.278597565828165e-50 -1.1416974319454775e-50 -2.91601727097057e-51 -7.09806263596627e-52 -1.6319836568512552e-52 -3.4820655920778843e-53 -6.63450266485783e-54 -1.0145311630546259e-54 -6.787490933841368e-56 3.341025962101806e-56 2.127617222935366e-56 8.455916941295859e-57 2.83079572174965e-57 8.599378429263454e-58 2.441782749335102e-58 6.573610561159143e-59 1.6899789404425505e-59 4.1621614222971036e-60 9.822448418205015e-61 2.2153010407784106e-61 4.7440869475806766e-62 9.522831521989234e-63 1.7445828898230083e-63 2.7337558723440567e-64 2.8894212164999665e-65 -1.8497020924884464e-66 -2.4370556418174134e-66 -1.0122862272027674e-66 -3.286983765265264e-67 -9.463087164831104e-68 -2.5218904696046103e-68 -6.342926401001487e-69 -1.5202614709210728e-69 -3.488357811532838e-70 -7.670849174079853e-71 -1.6144807660009341e-71 -3.234839966174417e-72 -6.09971987647403e-73 -1.0602709601919054e-73 -1.614463426503878e-74 -1.8359437760234186e-75 -1.5978048753921327e-77 7.978735049737567e-77 3.4526065091662463e-77 1.0856218006596557e-77 2.9702528779683146e-78 7.468117654456427e-79 1.766306610960981e-79 3.974832981513767e-80 8.558107362187165e-81 1.7662521140106057e-81 3.490033672169039e-82 6.571892442137715e-83 1.1677086645244477e-83 1.9188552840316696e-84 2.787028746919726e-85 3.123461048643679e-86 8.665319965817887e-88 -9.477261907019356e-88 -4.1176503528145857e-88 -1.2417875638596094e-88 -3.2255739939053704e-89 -7.671628156140529e-90 -1.7137130198597421e-90 -3.640019659606942e-91 -7.395759394897778e-92 -1.4404276615594784e-92 -2.686472284519668e-93 -4.77624718493044e-94 -8.015891611540041e-95 -1.2448800276035345e-95 -1.710429217659703e-96 -1.8179200663787093e-97 -4.993476900647441e-99 4.844918267026961e-99 2.0024961620557104e-99 5.725344729956352e-100 1.4091522521896372e-100 3.175534796494276e-101 6.72199658049714e-102 1.3532194898405595e-102 2.6062646526916915e-103 4.812117238517542e-104 8.507792876359083e-105 1.4334656249244801e-105 2.278181517270945e-106 3.344072694989822e-107 4.3210968999601804e-108 4.2376730093233925e-109 6.593288742876049e-111 -1.1856922459870837e-110 -4.462084348514309e-111 -1.1986328662199071e-111 -2.7919795166056443e-112 -5.971548335698302e-113 -1.2014504201146819e-113 -2.3006747960476223e-114 -4.216576500413329e-115 -7.409171141747232e-116 -1.2462995175885995e-116 -1.996227556583433e-117 -3.010575126961484e-118 -4.1758852987754845e-119 -5.046399360071664e-120 -4.431396662346789e-121 3.5348089111028385e-123 1.4878060449794378e-122 4.994963514313958e-123 1.2548523768239136e-123 2.765649564473955e-124 5.624027356689717e-125 1.08357871589738e-125 2.313354672742612e-126 
1900 1 8 0 0 0
14.825161497440773 14.825140791241303 14.825116716798187 14.825087777520622 14.825050293573295 14.824270551056294 13.798449534521 13.250079290782226 12.749995905314499 12.250729719964474 12.000904117789599 12.000012464420568 12.000000970410206 12.000000207695326 12.00000007560671 12.000000035666181 12.00000001925174 12.000000011242877 12.000000006902477 12.000000004380526 12.00000000284245 12.00000000187139 12.000000001243144 12.000000000829788 12.000000000554587 12.000000000370237 12.000000000246303 12.000000000163032 12.000000000107214 12.000000000069981 12.000000000045288 12.000000000029038 12.000000000018463 12.000000000011612 12.000000000007235 12.000000000004473 12.000000000002732 12.000000000001657 12.000000000000997 12.0000000000006 12.000000000000368 12.000000000000234 12.000000000000167 12.000000000000135 12.000000000000119 12.000000000000114 12.000000000000112 12.000000000000114 12.00000000000012 12.000000000000128 12.000000000000139 12.000000000000146 12.000000000000155 12.000000000000163 12.000000000000172 12.000000000000176 12.000000000000176 12.000000000000178 12.000000000000176 12.00000000000018 12.000000000000178 12.000000000000174 12.00000000000017 12.000000000000169 12.000000000000163 12.000000000000163 12.000000000000158 12.000000000000151 12.000000000000144 12.000000000000139 12.000000000000135 12.000000000000133 12.00000000000013 12.00000000000012 12.000000000000124 12.000000000000133 12.000000000000137 12.000000000000142 12.000000000000142 12.000000000000142 12.000000000000142 12.00000000000014 12.000000000000146 12.00000000000015 12.000000000000153 12.000000000000158 12.000000000000163 12.000000000000162 12.000000000000163 12.000000000000163 12.000000000000165 12.00000000000017 12.000000000000172 12.000000000000174 12.000000000000172 12.00000000000017 12.000000000000163 12.000000000000158 12.000000000000158 12.000000000000158 12.00000000000016 12.000000000000162 12.000000000000165 12.00000000000017 12.00000000000017 12.000000000000169 12.000000000000165 12.000000000000165 12.000000000000163 12.000000000000163 12.000000000000163 12.000000000000163 12.00000000000016 12.000000000000162 12.000000000000163 12.000000000000162 12.000000000000156 12.000000000000156 12.000000000000151 12.00000000000015 12.000000000000153 12.000000000000155 12.000000000000156 12.00000000000016 12.000000000000162 12.000000000000162 12.000000000000163 12.000000000000169 12.000000000000163 12.000000000000162 12.000000000000162 12.000000000000163 12.000000000000163 12.000000000000167 12.000000000000167 12.000000000000169 12.000000000000174 12.000000000000178 12.000000000000178 12.000000000000176 12.000000000000178 12.000000000000172 12.000000000000172 12.000000000000176 12.000000000000176 12.000000000000176 12.000000000000178 12.000000000000172 12.000000000000172 12.00000000000017 12.000000000000163 12.000000000000158 12.000000000000158 12.000000000000156 12.000000000000153 12.00000000000015 12.000000000000146 12.000000000000147 12.000000000000151 12.000000000000151 12.000000000000147 12.00000000000015 12.000000000000153 12.000000000000158 12.000000000000162 12.00000000000017 12.000000000000174 12.000000000000172 12.000000000000172 12.00000000000017 12.000000000000167 12.000000000000162 12.000000000000158 12.000000000000158 12.000000000000158 12.000000000000158 12.000000000000158 12.000000000000158 12.000000000000162 12.000000000000158 12.000000000000156 12.000000000000156 12.000000000000156 12.000000000000151 12.000000000000151 12.000000000000146 12.000000000000146 12.000000000000146 12.000000000000142 12.000000000000139 12.000000000000137 12.000000000000139 12.000000000000142 12.000000000000146 12.00000000000015 12.000000000000155 12.000000000000163 12.000000000000176 12.000000000000185 12.000000000000188 
34.99999999999981 34.9999999999998 34.9999999999998 34.9999999999998 34.9999999999998 34.9999999999998 34.99999999999994 34.99999999999998 34.99999999999999 35.00000000000007 35.00000000000003 35.00000000000013 35.00000000000012 35.000000000000014 34.99999999999996 34.99999999999995 34.99999999999995 34.99999999999994 34.999999999999964 34.99999999999999 34.999999999999986 34.999999999999964 34.999999999999964 34.99999999999998 34.99999999999999 34.99999999999999 35.00000000000001 35.0 35.00000000000001 35.00000000000001 34.99999999999999 35.0 35.00000000000001 35.00000000000003 35.000000000000064 35.00000000000007 35.00000000000007 35.000000000000064 35.000000000000064 35.000000000000064 35.0000000000001 35.000000000000135 35.00000000000019 35.00000000000023 35.000000000000256 35.000000000000306 35.00000000000033 35.000000000000334 35.00000000000035 35.00000000000039 35.00000000000041 35.00000000000042 35.00000000000044 35.00000000000047 35.00000000000048 35.00000000000049 35.00000000000049 35.000000000000504 35.00000000000049 35.00000000000049 35.00000000000048 35.00000000000046 35.00000000000046 35.00000000000046 35.00000000000044 35.00000000000043 35.00000000000043 35.00000000000041 35.00000000000039 35.00000000000038 35.00000000000036 35.000000000000355 35.00000000000034 35.00000000000031 35.00000000000032 35.000000000000334 35.00000000000035 35.00000000000036 35.00000000000037 35.000000000000384 35.00000000000037 35.00000000000038 35.000000000000384 35.000000000000405 35.00000000000042 35.00000000000044 35.00000000000045 35.00000000000046 35.000000000000476 35.000000000000476 35.000000000000476 35.00000000000049 35.00000000000049 35.00000000000049 35.00000000000049 35.00000000000049 35.000000000000476 35.00000000000046 35.00000000000046 35.00000000000046 35.00000000000046 35.00000000000046 35.00000000000046 35.00000000000048 35.00000000000048 35.00000000000047 35.00000000000046 35.00000000000046 35.00000000000046 35.00000000000046 35.00000000000046 35.00000000000047 35.00000000000046 35.00000000000046 35.00000000000046 35.00000000000046 35.00000000000044 35.000000000000426 35.00000000000041 35.000000000000426 35.00000000000042 35.00000000000042 35.000000000000426 35.000000000000426 35.00000000000043 35.00000000000043 35.00000000000044 35.00000000000046 35.00000000000046 35.00000000000046 35.00000000000046 35.00000000000047 35.00000000000047 35.00000000000048 35.00000000000049 35.0000000000005 35.000000000000504 35.00000000000051 35.000000000000526 35.00000000000052 35.00000000000052 35.000000000000504 35.00000000000048 35.00000000000049 35.00000000000048 35.000000000000476 35.00000000000049 35.0000000000005 35.00000000000049 35.00000000000049 35.00000000000049 35.000000000000476 35.00000000000047 35.00000000000047 35.000000000000455 35.00000000000043 35.000000000000426 35.00000000000041 35.00000000000043 35.000000000000426 35.00000000000042 35.00000000000042 35.00000000000043 35.00000000000044 35.00000000000046 35.00000000000049 35.00000000000048 35.00000000000048 35.000000000000476 35.000000000000476 35.00000000000047 35.000000000000476 35.00000000000046 35.00000000000047 35.000000000000455 35.000000000000455 35.000000000000455 35.000000000000455 35.00000000000047 35.00000000000047 35.00000000000046 35.00000000000046 35.00000000000044 35.00000000000043 35.00000000000043 35.00000000000042 35.00000000000042 35.00000000000043 35.00000000000042 35.00000000000041 35.000000000000405 35.00000000000042 35.00000000000045 35.00000000000046 35.00000000000047 35.00000000000049 35.000000000000526 35.00000000000055 35.00000000000057 35.00000000000056 
0.09978492551991182 -0.006219557036045522 -0.015161962908873476 -0.020941225549034506 -0.024733532434550193 -0.03288813458546198 -5.0827545566765104e-05 -1.1096086129929846e-08 -1.7711455064409982e-10 -8.915348785586171e-13 -2.808344097643863e-15 -1.2966064458071948e-17 1.1651493410715557e-18 6.072655140721073e-19 2.9026216995996635e-19 1.4719408274684418e-19 7.768396108920346e-20 4.1951625425271197e-20 2.2933444737162575e-20 1.2601170052876334e-20 6.924704690693248e-21 3.791451969484835e-21 2.0621898794615324e-21 1.1115114819392041e-21 5.923778071484966e-22 3.1158241148182104e-22 1.6144223962798495e-22 8.225474437305345e-23 4.113498871557268e-23 2.0151911419749073e-23 9.648049083638589e-24 4.500999653547408e-24 2.0399878267489807e-24 8.928319927648873e-25 3.748621039290507e-25 1.4924372406391963e-25 5.505573688298295e-26 1.7962674711447278e-26 4.510577220246173e-27 2.5428369872114047e-28 -7.212990004483252e-28 -6.986409806448897e-28 -4.732111032427485e-28 -2.764494656089321e-28 -1.4795124549655693e-28 -7.442208696714629e-29 -3.564849049896833e-29 -1.6380042351361638e-29 -7.250863152765378e-30 -3.096484881262274e-30 -1.2786163002866472e-30 -5.100915784408973e-31 -1.9630013504901232e-31 -7.265128337342658e-32 -2.572283182120483e-32 -8.633235305519906e-33 -2.7011097897411725e-33 -7.610638090938175e-34 -1.76449381811794e-34 -2.20158900602536e-35 8.628874088396153e-36 9.338566139325357e-36 5.5794710124612555e-36 2.7517544047029826e-36 1.2227699194376532e-36 5.062613691527586e-37 1.9846170552169007e-37 7.429088100007654e-38 2.6674793111670744e-38 9.203154391990259e-39 3.0512358457179986e-39 9.699951306862433e-40 2.9417067117586405e-40 8.433170925322765e-41 2.2448822933443e-41 5.3404355518472616e-42 1.0224364569882557e-42 8.799102130465799e-44 -5.046023526085119e-44 -4.056775298225623e-44 -2.0133819732874662e-44 -8.398481315750969e-45 -3.176133451775853e-45 -1.1222551407274922e-45 -3.759201855401114e-46 -1.2027979716004067e-46 -3.6895973224919514e-47 -1.0861316103264934e-47 -3.063946028001248e-48 -8.247208659993534e-49 -2.099879381796744e-49 -4.972824056256927e-50 -1.056398977520954e-50 -1.8257844950016826e-51 -1.5554313445908248e-52 6.1810418138498265e-53 4.686077114734279e-53 2.0963392582433635e-53 7.825867699054133e-54 2.642945134834512e-54 8.333249418758603e-55 2.4902506505588155e-55 7.1073966861774645e-56 1.9443502221626457e-56 5.102027763923476e-57 1.2816352088902904e-57 3.0658324397116448e-58 6.910271484821652e-59 1.4367961990960225e-59 2.6262748495003604e-60 3.6383434983258665e-61 8.020983921549092e-63 -2.019675993194602e-62 -1.0687973314791245e-62 -4.029707361117935e-63 -1.315518027820754e-63 -3.938479375776791e-64 -1.108018593043722e-64 -2.964503582383295e-65 -7.58826443552252e-66 -1.8626963335457204e-66 -4.3826562494274275e-67 -9.849274530806006e-68 -2.097803664786474e-68 -4.169694106172896e-69 -7.484559352966152e-70 -1.1135741178577402e-70 -9.315029650749032e-72 1.9767909633285785e-72 1.442769578877679e-72 5.5709871299633676e-73 1.7678244898268888e-73 5.052234488415302e-74 1.3459504860187278e-74 3.3963075661083417e-75 8.185953507008078e-76 1.8907321532492323e-76 4.187702584095867e-77 8.872030025603554e-78 1.7865588671122599e-78 3.3759535963789724e-79 5.829865601020349e-80 8.626826958465712e-81 8.651322633923954e-82 -5.0090793194755046e-83 -6.4239833952557646e-83 -2.5335247462992863e-83 -7.805520955046791e-84 -2.1331825098578194e-84 -5.400342033776836e-85 -1.291248095151305e-85 -2.944235031089521e-86 -6.430880051366792e-87 -1.3470572299504798e-87 -2.7007451297731425e-88 -5.153678863181846e-89 -9.25224591073216e-90 -1.5259324877917113e-90 -2.185796267958031e-91 -2.2527953997781547e-92 3.5670728539155536e-94 1.1292694132636418e-93 4.450401499268929e-94 1.3224410095879065e-94 3.453063578232958e-95 8.32148016368458e-96 1.8908948158413315e-96 4.094252710068575e-97 8.489649512149525e-98 1.6881983166399026e-98 3.2139384944529803e-99 5.826203099659948e-100 9.944222020266674e-101 1.5615176037543476e-101 2.1369170675125475e-102 2.1325714572068776e-103 -1.5055023939577545e-105 -8.979013522285223e-105 -3.419610848292076e-105 -9.71614020110108e-106 -2.4196651092832854e-106 -5.556520234302146e-107 -1.2027642633994788e-107 -2.4805894514501663e-108 -4.899277036728562e-109 -9.279586959991295e-110 -1.6826165315816792e-110 -2.9046553120330933e-111 -4.7188227624559395e-112 -7.042677180851709e-113 -9.129637695253668e-114 -8.497589903300676e-115 1.3491947926670352e-116 3.554486455908057e-116 1.2679189277533326e-116 3.418628157089296e-117 8.105860187040018e-118 1.775622598749247e-118 3.6921205045470694e-119 8.58459804986923e-120 
-0.10217663149591892 -0.0699940850705603 -0.06279402394570041 -0.0568224347791572 -0.0516495498565825 -0.03551797931241672 3.204648207062255e-05 3.439571160029685e-08 1.686978401945724e-10 1.3963616339193052e-12 8.526795882102465e-15 1.4353940107839341e-16 1.1892317602792321e-17 2.4065055149342342e-18 7.457016565962771e-19 2.8210913598173117e-19 1.178225420749615e-19 5.1796920828002975e-20 2.3344605563224284e-20 1.0600329537316584e-20 4.7828160611620076e-21 2.115362510566542e-21 9.019460334874665e-22 3.6131831484092193e-22 1.2911648536608376e-22 3.537242416482237e-23 1.5218445329833365e-24 -7.952544242374069e-24 -8.52909923475692e-24 -6.563519185124629e-24 -4.3978776723221805e-24 -2.7162368754378463e-24 -1.585354710031972e-24 -8.847101612473358e-25 -4.757305885851411e-25 -2.476285860998436e-25 -1.249563014457548e-25 -6.126169086434702e-26 -2.921360809738569e-26 -1.3533762484263102e-26 -6.0956826639823924e-27 -2.662220953594254e-27 -1.1269971001759675e-27 -4.606622040196918e-28 -1.809157563786246e-28 -6.772958333821385e-29 -2.3843506874827476e-29 -7.688244564736268e-30 -2.1355774172650388e-30 -4.118679097462074e-31 3.006721292260759e-32 9.325658663208978e-32 6.93613071028404e-32 3.968202503458472e-32 2.0028584886181808e-32 9.337225954470402e-33 4.10485200374934e-33 1.7201781390069647e-33 6.912266305113404e-34 2.67172564830761e-34 9.944841514049353e-35 3.563141540533037e-35 1.2261009036564948e-35 4.033524780728678e-36 1.2579843310882713e-36 3.6622581406060657e-37 9.638898054037958e-38 2.1141387152624022e-38 2.7209061909515933e-39 -6.88154215907261e-40 -7.841878468511606e-40 -4.438123433067683e-40 -2.044002336146842e-40 -8.442539474996681e-41 -3.242230295195155e-41 -1.177371011472329e-41 -4.079343735276482e-42 -1.3547894516701197e-42 -4.317907793292298e-43 -1.321113491597081e-43 -3.8678619322207953e-44 -1.0769024745188532e-44 -2.8176911710257184e-45 -6.765564079447322e-46 -1.4107062882713537e-46 -2.1285247638349765e-47 3.3322663159327297e-49 2.1286146889334e-48 1.2178458652522357e-48 5.209987628359243e-49 1.951537145923591e-49 6.730241886860436e-50 2.1845355016022284e-50 6.747760278802476e-51 1.9946918826999236e-51 5.656022166721683e-52 1.537954448953762e-52 3.998362186392701e-53 9.872689605648824e-54 2.285299704543858e-54 4.8285750697469096e-55 8.729431002146975e-56 1.0665903099718114e-56 -7.673453107091342e-58 -1.1840565218675633e-57 -5.674637902276136e-58 -2.1236046774262295e-58 -7.0433582094605e-59 -2.162054270059143e-59 -6.263349488005919e-60 -1.7292645877937165e-60 -4.572160221921752e-61 -1.1595063475490061e-61 -2.8171889834543336e-62 -6.529744482496135e-63 -1.4309713252850883e-63 -2.9127880060593405e-64 -5.298173704893318e-65 -7.731461802511252e-66 -4.8680956178356726e-67 2.3808572508379512e-67 1.444879153422438e-67 5.50833442539011e-68 1.7724399668211095e-68 5.182339282006923e-69 1.4179368206934324e-69 3.6820111154520455e-70 9.138688314804602e-71 2.174571385394475e-71 4.961088798010517e-72 1.0819849720928107e-72 2.24022501135263e-73 4.34265687911145e-74 7.656292267911316e-75 1.1415805973319095e-75 1.0804090873306437e-76 -1.1723449864259366e-77 -1.0924365128848133e-77 -4.2697111463810656e-78 -1.335736872904583e-78 -3.732871950833552e-79 -9.691147988856735e-80 -2.3794979021010653e-80 -5.57502807078116e-81 -1.2515581704399507e-81 -2.6944127484401904e-82 -5.5507097365609354e-83 -1.087765238725042e-83 -2.0034593049578515e-84 -3.3829997928205616e-85 -4.9361216557729145e-86 -5.070496091461407e-87 1.5520556239734106e-88 2.996569108988339e-88 1.1858283525718729e-88 3.591700497102586e-89 9.59651527801165e-90 2.369956444433976e-90 5.522370528339542e-91 1.2265395068951992e-91 2.6091240066358984e-92 5.3226536194198755e-93 1.0394683323743005e-93 1.9327232182143247e-94 3.382777490548312e-95 5.445240820899077e-96 7.633302032671711e-97 7.78319204752191e-98 -6.818689308223704e-100 -3.4923211108023482e-99 -1.3588828144126844e-99 -3.952677715936659e-100 -1.0081577323020431e-100 -2.3713527420250444e-101 -5.257695422863699e-102 -1.1106567222100184e-102 -2.2467569267799935e-103 -4.3586522774448816e-104 -8.095299879642477e-105 -1.431660684127532e-105 -2.3836443660311956e-106 -3.6500479661885826e-107 -4.866286225474828e-108 -4.710381437020838e-109 4.508501237078649e-111 1.9401990194094447e-110 7.175103486763766e-111 1.9875838286693806e-111 4.831210596797405e-112 1.0831863213009257e-112 2.2901944823547023e-113 4.6143441999147514e-114 8.904026374860574e-115 1.6477035722278031e-115 2.9185488739136306e-116 4.920027062407982e-117 7.79831950738327e-118 1.1340538735424325e-118 1.421164159339856e-119 1.232062913325624e-120 
1900 1 9 0 0 0
14.823914385940173 14.823893608556755 14.823869452395364 14.823840417089007 14.82380284012117 14.823043191773335 13.805652557115549 13.250105276065907 12.749995523304326 12.25083380033296 12.001032022419755 12.000015243781698 12.000001214867995 12.00000026044405 12.000000094815988 12.00000004500128 12.000000024543633 12.000000014520356 12.000000009048884 12.000000005839754 12.000000003860395 12.000000002594266 12.000000001762464 12.000000001205594 12.000000000827432 12.000000000568386 12.000000000389969 12.000000000266747 12.000000000181654 12.000000000123022 12.000000000082785 12.0000000000553 12.000000000036666 12.000000000024096 12.000000000015714 12.000000000010148 12.000000000006501 12.000000000004142 12.000000000002618 12.000000000001647 12.000000000001036 12.000000000000655 12.000000000000425 12.000000000000291 12.000000000000215 12.000000000000172 12.000000000000151 12.000000000000144 12.000000000000144 12.000000000000151 12.000000000000155 12.000000000000165 12.000000000000178 12.000000000000188 12.000000000000195 12.000000000000203 12.000000000000208 12.000000000000206 12.000000000000203 12.0000000000002 12.000000000000199 12.0000000000002 12.000000000000203 12.000000000000197 12.000000000000188 12.000000000000181 12.000000000000176 12.000000000000165 12.000000000000162 12.000000000000155 12.00000000000015 12.000000000000146 12.000000000000144 12.000000000000146 12.000000000000142 12.000000000000144 12.000000000000142 12.00000000000014 12.000000000000137 12.000000000000142 12.000000000000151 12.000000000000153 12.000000000000158 12.000000000000163 12.000000000000174 12.000000000000178 12.000000000000183 12.000000000000188 12.000000000000188 12.000000000000188 12.000000000000194 12.000000000000194 12.0000000000002 12.0000000000002 12.000000000000199 12.000000000000194 12.000000000000188 12.000000000000185 12.000000000000187 12.000000000000183 12.000000000000187 12.000000000000187 12.000000000000187 12.000000000000188 12.00000000000019 12.000000000000194 12.000000000000192 12.000000000000185 12.000000000000183 12.00000000000018 12.000000000000181 12.000000000000185 12.000000000000183 12.000000000000181 12.00000000000018 12.000000000000178 12.000000000000176 12.000000000000176 12.000000000000176 12.000000000000178 12.000000000000178 12.000000000000174 12.000000000000176 12.000000000000176 12.000000000000178 12.000000000000181 12.000000000000181 12.000000000000185 12.00000000000019 12.00000000000019 12.00000000000019 12.000000000000185 12.000000000000185 12.000000000000181 12.000000000000181 12.000000000000185 12.000000000000187 12.000000000000187 12.000000000000185 12.000000000000188 12.000000000000188 12.000000000000188 12.000000000000192 12.000000000000194 12.00000000000019 12.000000000000194 12.000000000000194 12.000000000000197 12.000000000000197 12.000000000000195 12.000000000000188 12.000000000000188 12.000000000000185 12.000000000000176 12.000000000000172 12.000000000000172 12.00000000000017 12.00000000000017 12.00000000000017 12.000000000000174 12.000000000000176 12.000000000000176 12.000000000000178 12.000000000000181 12.000000000000188 12.000000000000192 12.000000000000195 12.000000000000194 12.000000000000194 12.000000000000194 12.00000000000019 12.000000000000185 12.000000000000188 12.000000000000188 12.000000000000188 12.000000000000187 12.000000000000185 12.000000000000188 12.000000000000187 12.000000000000188 12.000000000000183 12.000000000000176 12.000000000000169 12.000000000000165 12.000000000000169 12.000000000000167 12.000000000000167 12.000000000000167 12.000000000000167 12.000000000000163 12.000000000000162 12.000000000000162 12.000000000000163 12.00000000000017 12.00000000000018 12.000000000000181 12.000000000000187 12.000000000000194 12.000000000000197 12.000000000000194 
34.99999999999982 34.99999999999982 34.99999999999983 34.99999999999982 34.99999999999983 34.99999999999984 34.99999999999989 34.99999999999999 35.00000000000001 35.00000000000007 35.00000000000001 35.00000000000009 35.000000000000135 35.000000000000036 34.99999999999996 34.99999999999995 34.99999999999997 34.999999999999964 34.99999999999993 34.99999999999992 34.99999999999997 34.999999999999986 35.00000000000001 35.0 35.0 34.999999999999986 34.99999999999997 34.99999999999997 34.99999999999997 34.999999999999986 35.00000000000001 35.00000000000002 35.00000000000004 35.00000000000006 35.00000000000005 35.00000000000005 35.00000000000007 35.000000000000085 35.00000000000011 35.00000000000012 35.00000000000013 35.00000000000014 35.00000000000019 35.000000000000234 35.00000000000027 35.0000000000003 35.000000000000334 35.00000000000037 35.00000000000039 35.000000000000426 35.000000000000455 35.00000000000047 35.00000000000049 35.00000000000053 35.00000000000054 35.000000000000554 35.00000000000056 35.00000000000057 35.00000000000056 35.00000000000056 35.00000000000056 35.00000000000055 35.00000000000055 35.00000000000053 35.00000000000051 35.0000000000005 35.00000000000049 35.000000000000476 35.00000000000046 35.00000000000045 35.00000000000042 35.0000000000004 35.00000000000039 35.000000000000384 35.00000000000037 35.00000000000038 35.000000000000384 35.00000000000038 35.000000000000355 35.00000000000038 35.00000000000041 35.00000000000041 35.00000000000042 35.00000000000043 35.00000000000047 35.0000000000005 35.00000000000052 35.00000000000053 35.00000000000054 35.00000000000054 35.00000000000055 35.00000000000057 35.00000000000058 35.000000000000576 35.00000000000057 35.00000000000055 35.00000000000053 35.00000000000053 35.00000000000053 35.00000000000053 35.00000000000053 35.00000000000053 35.00000000000052 35.00000000000052 35.000000000000526 35.00000000000053 35.00000000000053 35.00000000000052 35.00000000000052 35.00000000000051 35.000000000000526 35.00000000000052 35.000000000000526 35.00000000000053 35.00000000000052 35.00000000000051 35.000000000000504 35.00000000000049 35.00000000000048 35.00000000000048 35.00000000000049 35.00000000000049 35.0000000000005 35.0000000000005 35.0000000000005 35.00000000000051 35.000000000000504 35.0000000000005 35.000000000000526 35.00000000000053 35.00000000000053 35.00000000000052 35.000000000000526 35.000000000000526 35.00000000000052 35.000000000000526 35.00000000000053 35.00000000000053 35.00000000000055 35.000000000000554 35.00000000000056 35.00000000000056 35.000000000000554 35.000000000000554 35.000000000000554 35.00000000000055 35.00000000000055 35.00000000000055 35.00000000000054 35.00000000000055 35.00000000000055 35.00000000000055 35.00000000000053 35.000000000000526 35.00000000000052 35.00000000000051 35.0000000000005 35.00000000000048 35.00000000000049 35.00000000000049 35.00000000000049 35.00000000000049 35.000000000000504 35.00000000000051 35.00000000000053 35.00000000000055 35.000000000000554 35.00000000000055 35.000000000000554 35.00000000000055 35.00000000000053 35.00000000000053 35.00000000000055 35.00000000000053 35.00000000000053 35.00000000000053 35.00000000000052 35.00000000000052 35.00000000000053 35.00000000000055 35.00000000000053 35.00000000000051 35.00000000000049 35.00000000000047 35.00000000000048 35.000000000000476 35.000000000000476 35.00000000000048 35.000000000000476 35.00000000000047 35.00000000000047 35.00000000000048 35.0000000000005 35.00000000000053 35.00000000000055 35.00000000000055 35.00000000000057 35.00000000000058 35.00000000000059 35.00000000000058 
0.099817051512692 -0.006180031655596512 -0.015121285017491127 -0.020901812001785147 -0.024693065791193628 -0.03282329129912305 -4.836634234664968e-05 2.8185727246711843e-08 1.4115964381244324e-10 9.342225362794963e-13 5.18846516375886e-15 7.570871213374045e-17 5.202756597480575e-18 8.5948291995403555e-19 2.1292120283088492e-19 6.085735016723093e-20 1.657831741993137e-20 2.8046218881659596e-21 -1.1948726044237016e-21 -1.9651587325366795e-21 -1.743336513966237e-21 -1.3045756098960039e-21 -8.996850388785886e-22 -5.903396794198959e-22 -3.738572795180552e-22 -2.3023477715261637e-22 -1.384342214490536e-22 -8.145249151371558e-23 -4.695760762961114e-23 -2.654196079377446e-23 -1.471444510317326e-23 -7.998776794376813e-24 -4.263718183254018e-24 -2.226617855683541e-24 -1.139255584980979e-24 -5.699824958703124e-25 -2.7874476348308974e-25 -1.3309606639047473e-25 -6.182285097473802e-26 -2.786587997835291e-26 -1.2136496875219377e-26 -5.072611129758967e-27 -2.0112828572675573e-27 -7.409919090325039e-28 -2.4276328743929794e-28 -6.247836116282903e-29 -5.216642428309724e-30 8.326698407584528e-30 8.480336328189504e-30 5.812839065624397e-30 3.410673659875951e-30 1.8292682757688993e-30 9.216571460473042e-31 4.4228001900344695e-31 2.0369870674927045e-31 9.043949023871696e-32 3.880235104858424e-32 1.610366095489977e-32 6.463605061373563e-33 2.5054886913556173e-33 9.35189496807933e-34 3.3438686315763607e-34 1.1351559622466395e-34 3.59945290343654e-35 1.0310049325620397e-35 2.4471416625208934e-36 3.2606707988331973e-37 -1.1081836004115586e-37 -1.2862343776414612e-37 -7.903252742435043e-38 -3.988795087291432e-38 -1.8122028890573208e-38 -7.673071731734412e-39 -3.078263554662223e-39 -1.1803484396626987e-39 -4.3461462783781326e-40 -1.5397835663774747e-40 -5.249471567559386e-41 -1.7191706821765218e-41 -5.385430517839786e-42 -1.6001307333769753e-42 -4.440877577619362e-43 -1.1149504997133926e-43 -2.3331577779182867e-44 -2.8538677040393786e-45 7.069934866734659e-46 7.65051735886279e-46 4.146711114720928e-46 1.83278032578216e-46 7.2742036757582285e-47 2.687309988900732e-47 9.397921297343038e-48 3.1384658853942614e-48 1.0052921113500159e-48 3.0935278651710304e-49 9.13871829946436e-50 2.583191639561873e-50 6.938430079816374e-51 1.7474827867447543e-51 4.016226103441081e-52 7.88553892945689e-53 1.0367853929824267e-53 -9.068969720639176e-55 -1.4243255576402598e-54 -7.399749717045182e-55 -3.0155716777854104e-55 -1.0908390370106878e-55 -3.655245392298127e-56 -1.156473827565242e-56 -3.490414659151719e-57 -1.0094052807041566e-57 -2.802390817176419e-58 -7.462922015780751e-59 -1.8993730180105555e-59 -4.5840131371401326e-60 -1.0331921545864933e-60 -2.1059882797715892e-61 -3.572696856819802e-62 -3.5001057753358923e-63 7.49255587455125e-64 6.459987530921614e-64 2.8454092418401335e-64 1.0252055027646033e-64 3.3217265603541204e-65 1.002652124944056e-65 2.8664189629595894e-66 7.82642101655157e-67 2.0489481881702073e-67 5.1479545141243465e-68 1.238994181679937e-68 2.841613555956474e-69 6.144992096022009e-70 1.2265753036155838e-70 2.1530313556976443e-71 2.8609260460273175e-72 5.649867364071539e-74 -1.4944112485737447e-73 -7.597240362717802e-74 -2.7619624874111323e-74 -8.705105952451817e-75 -2.518662570522533e-75 -6.853537930840957e-76 -1.7748520465547747e-76 -4.400145157932467e-77 -1.0466482139427789e-77 -2.3871323668767685e-78 -5.2005743179291104e-79 -1.0733226263144167e-79 -2.064145703379428e-80 -3.5697725470956927e-81 -5.044655700520436e-82 -3.596474767785269e-83 1.0945114145911295e-83 6.90869447598918e-84 2.54308725763739e-84 7.807742940552189e-85 2.1703745796679633e-85 5.6388996150129186e-86 1.3900376673946277e-86 3.2755725487397753e-87 7.402588124320197e-88 1.6046220501259333e-88 3.326425094896955e-89 6.548379806304044e-90 1.2069079473346625e-90 2.0213489474654032e-91 2.852870089802235e-92 2.495058676558248e-93 -3.0363254873050777e-94 -2.4995961940277263e-94 -9.241895983422511e-95 -2.7557211579366586e-95 -7.360353880801947e-96 -1.8290547655211488e-96 -4.3030054160127885e-97 -9.666885504212209e-98 -2.0819287115148324e-98 -4.3010374077969865e-99 -8.50211796473745e-100 -1.5977834942200814e-100 -2.8172699414651598e-101 -4.534719834875093e-102 -6.227997982585163e-103 -5.661520896645203e-104 3.994547022840791e-105 4.082758880590997e-105 1.4877193514184472e-105 4.282839413342709e-106 1.0977021088166062e-106 2.61108890642794e-107 5.873192915252196e-108 1.2608429773732008e-108 2.594295905282139e-109 5.120355201162627e-110 9.671308778032875e-111 1.736714985040432e-111 2.9279859705736318e-112 4.509335756042207e-113 5.909098077159814e-114 4.917413401140008e-115 
-0.10213116964147304 -0.06995439976507564 -0.06275781814513992 -0.05678893125386246 -0.05162469166836614 -0.03561514804649346 3.2025274213222874e-05 2.272947172267486e-08 -1.4592115568084572e-11 -3.0144703624098345e-13 -3.201992722658352e-15 -7.463038533141072e-17 -7.473984590485661e-18 -1.7245749981007832e-18 -5.970962320720876e-19 -2.5127360697118335e-19 -1.168750999532551e-19 -5.747604370900373e-20 -2.91944296495556e-20 -1.5105258933005827e-20 -7.888494842006385e-21 -4.130799493185812e-21 -2.1577676904132548e-21 -1.1195906845729035e-21 -5.746583588357128e-22 -2.906798538613374e-22 -1.442820946168267e-22 -6.992125338174235e-23 -3.286581649959323e-23 -1.484264371343537e-23 -6.342532906128559e-24 -2.4905149772968825e-24 -8.399391961669483e-25 -1.8951758386527727e-25 3.0703528484325836e-26 8.096588431845003e-26 7.339540463785469e-26 5.254967586604053e-26 3.352343108271453e-26 1.9891431200647712e-26 1.1196415932092955e-26 6.0429785362497804e-27 3.145607006225969e-27 1.5850584413014218e-27 7.746756389152942e-28 3.680639008889726e-28 1.6999139461972631e-28 7.624229864160807e-29 3.320824877114397e-29 1.4019213587713848e-29 5.7176907326308255e-30 2.242054216333069e-30 8.386484876841492e-31 2.9517330839317766e-31 9.519445708628512e-32 2.643110851547058e-32 5.07445690040086e-33 -4.133497312822572e-34 -1.1943741505730825e-33 -8.893776051352275e-34 -5.117920713854976e-34 -2.6037701783511797e-34 -1.22546735048723e-34 -5.446422675274744e-35 -2.3103979406868215e-35 -9.410167669936217e-36 -3.691542200621992e-36 -1.396522902030322e-36 -5.092243616069054e-37 -1.7864378955809653e-37 -6.002893117421808e-38 -1.917096405604945e-38 -5.7360648330023534e-39 -1.5620926947953998e-39 -3.6063967614358526e-40 -5.362622926023905e-41 7.96476258638202e-42 1.2112758109740625e-41 7.318667431997477e-42 3.518843211991774e-42 1.5075870167311282e-42 5.992550601045651e-43 2.2513683095476115e-43 8.071570233824931e-44 2.775419682638476e-44 9.172859356716908e-45 2.9138768456299515e-45 8.876533600927497e-46 2.5797131441560722e-46 7.081868263071025e-47 1.80137113362973e-47 4.0699702437512514e-48 7.232158017669581e-49 4.418980173490985e-50 -4.326721324178279e-50 -3.0505990295577284e-50 -1.430427747614549e-50 -5.721322289259584e-51 -2.0869040015636867e-51 -7.135014711929024e-52 -2.3174039962056163e-52 -7.200040308113523e-53 -2.1468270399064594e-53 -6.146633944875433e-54 -1.6866396644978053e-54 -4.413382436173616e-55 -1.0903428282665105e-55 -2.493889469368911e-56 -5.0548146099837957e-57 -7.99604007742837e-58 -3.84878033938535e-59 4.212055402998657e-59 2.6120930808609105e-59 1.0985767624952756e-59 3.9581733359754166e-60 1.3028924327755278e-60 4.0236044818854536e-61 1.1810116066593891e-61 3.316595725710665e-62 8.936729081031577e-63 2.3107572794079463e-63 5.7182685838060293e-64 1.3457632500889922e-64 2.9746974451208052e-65 6.020231798499414e-66 1.0495094621678051e-66 1.2716430763412095e-67 -5.939891085278975e-69 -1.1467636108887518e-68 -5.378070707984454e-69 -1.944092383624838e-69 -6.209648494943086e-70 -1.834276819430856e-70 -5.113545852353698e-71 -1.3590061123728523e-71 -3.4599747761151835e-72 -8.454750662198749e-73 -1.980183184757834e-73 -4.426422563695438e-74 -9.35352517973204e-75 -1.8345540240969268e-75 -3.206778372398745e-76 -4.449656132937269e-77 -2.3577041385030035e-78 1.4610034372969233e-78 8.203918432684168e-79 3.0016567728854006e-79 9.338433354292626e-80 2.647998641910623e-80 7.038663174017005e-81 1.7777108413598263e-81 4.294959313304261e-82 9.953866529218882e-83 2.2123979065793654e-83 4.7004383300789035e-84 9.473927526110557e-85 1.7842605832269396e-85 3.040648876656366e-86 4.313720779391e-87 3.524627745400941e-88 -6.427793095614636e-89 -4.622974450194234e-89 -1.7085277787415514e-89 -5.172550009107434e-90 -1.4095668823280179e-90 -3.5811210087452256e-91 -8.62170881383485e-92 -1.9830822034580877e-92 -4.373515945839555e-93 -9.252080375040784e-94 -1.872430180753794e-94 -3.6009727683932406e-95 -6.4922191413302224e-96 -1.0666512603832392e-96 -1.488431055208147e-97 -1.3427425245200347e-98 1.1891896751558688e-99 1.1083398789264733e-99 4.0799817397442524e-100 1.1963560246927604e-100 3.130803538012687e-101 7.611349741478554e-102 1.750479309993888e-102 3.843056654255984e-103 8.087815887556417e-104 1.6327183124274545e-104 3.1536940802277923e-105 5.793454482498634e-106 9.989624895515891e-107 1.5737259492113093e-107 2.1200723071975894e-108 1.9103222122722944e-109 -1.187478721605587e-110 -1.2633976468708436e-110 -4.531077691873029e-111 -1.2780897984443103e-111 -3.2066004322472184e-112 -7.46557829617005e-113 -1.6556543528456806e-113 -4.14289382363153e-114 
1900 1 10 0 0 0
14.822662304372189 14.822641454923927 14.822617215781719 14.82258808262272 14.82255040780991 14.82181042432467 13.812882139647476 13.250134960565477 12.749995199127405 12.25093784845176 12.0011596978238 12.000018209579945 12.000001482063986 12.000000318328162 12.00000011578705 12.000000055169439 12.000000030322616 12.000000018120206 12.00000001142485 12.000000007470355 12.00000000501052 12.000000003421356 12.000000002365438 12.000000001648994 12.000000001155389 12.000000000811587 12.000000000570294 12.000000000400197 12.000000000280073 12.000000000195227 12.000000000135424 12.000000000093419 12.000000000064022 12.000000000043585 12.00000000002945 12.000000000019762 12.000000000013147 12.000000000008683 12.000000000005707 12.000000000003729 12.000000000002418 12.000000000001572 12.000000000001027 12.000000000000684 12.00000000000047 12.000000000000341 12.000000000000263 12.000000000000215 12.00000000000019 12.000000000000181 12.000000000000181 12.000000000000192 12.000000000000203 12.000000000000211 12.000000000000217 12.000000000000218 12.000000000000222 12.000000000000226 12.000000000000222 12.000000000000224 12.000000000000222 12.000000000000218 12.000000000000218 12.000000000000218 12.000000000000217 12.000000000000211 12.000000000000199 12.000000000000188 12.000000000000183 12.000000000000174 12.00000000000017 12.000000000000163 12.00000000000016 12.000000000000155 12.000000000000155 12.000000000000151 12.000000000000155 12.000000000000156 12.00000000000016 12.000000000000163 12.000000000000167 12.000000000000176 12.000000000000183 12.000000000000188 12.000000000000197 12.0000000000002 12.000000000000203 12.000000000000208 12.000000000000213 12.000000000000215 12.000000000000218 12.000000000000226 12.000000000000227 12.000000000000226 12.000000000000222 12.000000000000215 12.000000000000208 12.000000000000208 12.000000000000206 12.000000000000206 12.000000000000208 12.000000000000211 12.000000000000211 12.000000000000211 12.00000000000021 12.000000000000206 12.000000000000206 12.00000000000021 12.000000000000211 12.000000000000211 12.000000000000213 12.000000000000211 12.000000000000206 12.000000000000203 12.0000000000002 12.000000000000203 12.000000000000199 12.000000000000199 12.000000000000197 12.000000000000194 12.000000000000194 12.000000000000199 12.000000000000199 12.000000000000204 12.00000000000021 12.00000000000021 12.000000000000211 12.000000000000211 12.000000000000215 12.000000000000217 12.000000000000211 12.000000000000211 12.000000000000211 12.000000000000208 12.000000000000208 12.000000000000213 12.000000000000213 12.000000000000211 12.000000000000211 12.00000000000021 12.000000000000206 12.000000000000203 12.000000000000206 12.000000000000206 12.00000000000021 12.000000000000211 12.000000000000215 12.00000000000022 12.000000000000218 12.000000000000215 12.00000000000021 12.000000000000208 12.000000000000204 12.0000000000002 12.0000000000002 12.0000000000002 12.000000000000199 12.000000000000194 12.000000000000188 12.000000000000185 12.000000000000185 12.000000000000188 12.000000000000194 12.000000000000203 12.000000000000211 12.000000000000218 12.000000000000222 12.000000000000222 12.000000000000222 12.000000000000224 12.000000000000222 12.000000000000222 12.000000000000218 12.000000000000218 12.000000000000215 12.000000000000211 12.000000000000213 12.000000000000211 12.000000000000211 12.000000000000211 12.000000000000206 12.0000000000002 12.000000000000197 12.000000000000194 12.000000000000188 12.000000000000188 12.000000000000187 12.000000000000185 12.000000000000183 12.000000000000185 12.00000000000019 12.000000000000194 12.000000000000194 12.000000000000195 12.000000000000203 12.000000000000211 12.000000000000218 12.000000000000222 12.000000000000222 12.000000000000217 
34.99999999999978 34.99999999999977 34.99999999999978 34.99999999999979 34.99999999999978 34.9999999999998 34.99999999999991 34.99999999999997 35.000000000000036 35.000000000000014 35.000000000000014 35.00000000000015 35.0000000000001 35.00000000000004 34.99999999999999 34.999999999999986 34.99999999999997 34.99999999999996 34.99999999999995 34.99999999999995 34.999999999999964 34.99999999999997 34.99999999999998 34.99999999999998 34.999999999999986 34.999999999999986 34.99999999999999 34.999999999999986 34.999999999999986 34.99999999999999 34.99999999999999 35.00000000000001 35.00000000000003 35.00000000000004 35.000000000000064 35.000000000000085 35.00000000000009 35.00000000000011 35.000000000000135 35.00000000000018 35.000000000000185 35.000000000000206 35.00000000000023 35.00000000000027 35.00000000000031 35.00000000000036 35.000000000000405 35.00000000000042 35.00000000000044 35.00000000000047 35.0000000000005 35.00000000000054 35.000000000000576 35.0000000000006 35.00000000000061 35.00000000000061 35.00000000000062 35.00000000000061 35.00000000000062 35.00000000000061 35.00000000000061 35.0000000000006 35.00000000000059 35.00000000000059 35.0000000000006 35.000000000000576 35.00000000000055 35.000000000000526 35.00000000000051 35.00000000000048 35.000000000000476 35.00000000000045 35.00000000000043 35.00000000000041 35.0000000000004 35.0000000000004 35.00000000000041 35.00000000000042 35.00000000000044 35.00000000000043 35.00000000000044 35.00000000000046 35.00000000000051 35.00000000000051 35.00000000000053 35.00000000000056 35.00000000000057 35.00000000000058 35.00000000000059 35.00000000000059 35.00000000000062 35.00000000000063 35.00000000000064 35.00000000000063 35.000000000000625 35.000000000000604 35.00000000000059 35.00000000000058 35.00000000000059 35.00000000000058 35.00000000000058 35.00000000000059 35.00000000000058 35.00000000000058 35.00000000000059 35.0000000000006 35.0000000000006 35.0000000000006 35.000000000000604 35.00000000000061 35.00000000000061 35.00000000000061 35.000000000000604 35.00000000000058 35.000000000000576 35.000000000000576 35.00000000000056 35.000000000000554 35.00000000000055 35.00000000000054 35.000000000000554 35.00000000000056 35.00000000000056 35.000000000000576 35.00000000000058 35.00000000000058 35.00000000000058 35.00000000000058 35.00000000000059 35.0000000000006 35.000000000000604 35.00000000000059 35.00000000000058 35.00000000000058 35.00000000000058 35.0000000000006 35.000000000000604 35.00000000000061 35.00000000000061 35.0000000000006 35.00000000000058 35.00000000000058 35.0000000000006 35.000000000000604 35.00000000000061 35.000000000000604 35.00000000000061 35.00000000000062 35.00000000000061 35.00000000000061 35.0000000000006 35.0000000000006 35.00000000000059 35.00000000000059 35.00000000000058 35.000000000000576 35.00000000000057 35.00000000000053 35.000000000000526 35.00000000000053 35.000000000000526 35.00000000000054 35.00000000000054 35.00000000000056 35.00000000000058 35.00000000000062 35.00000000000064 35.00000000000064 35.00000000000063 35.00000000000062 35.00000000000062 35.00000000000062 35.000000000000625 35.00000000000063 35.00000000000063 35.00000000000061 35.000000000000604 35.000000000000604 35.000000000000604 35.00000000000059 35.00000000000058 35.00000000000056 35.00000000000055 35.00000000000053 35.000000000000526 35.00000000000053 35.000000000000526 35.000000000000526 35.00000000000051 35.00000000000053 35.00000000000055 35.00000000000057 35.000000000000576 35.00000000000059 35.00000000000062 35.00000000000063 35.00000000000065 35.00000000000064 35.00000000000064 35.00000000000063 
0.09979899475725604 -0.0061910021158532655 -0.015131111790549349 -0.02091276992005108 -0.024703013593123765 -0.03281235593145883 -4.998580747335773e-05 1.1423686416766924e-08 -4.2863012939820984e-11 -5.070396156992449e-13 -3.77220963348454e-15 -7.118981875531701e-17 -6.082647837963772e-18 -1.2443336685003138e-18 -3.925433650616712e-19 -1.5308122020074299e-19 -6.651715507530298e-20 -3.062240589227554e-20 -1.4526955136858352e-20 -6.974070482490197e-21 -3.3406947370035395e-21 -1.5750528076996977e-21 -7.1889840444659485e-22 -3.0966319720622947e-22 -1.1965931794372826e-22 -3.581619231180052e-23 -2.0674571882785307e-24 9.083934775663732e-24 1.0809829032585202e-23 9.176926046768044e-24 6.795473351988596e-24 4.65359353362264e-24 3.021045450870633e-24 1.8833915701776624e-24 1.1356476777727625e-24 6.654124272607175e-25 3.797877257021295e-25 2.115603104925087e-25 1.151936557730791e-25 6.133191876691164e-26 3.192151968847241e-26 1.6254311519012737e-26 8.084233420743252e-27 3.928930161580522e-27 1.8608259081011158e-27 8.583857836612576e-28 3.840517669251385e-28 1.6615631869842411e-28 6.90245962674638e-29 2.7241277088243214e-29 1.0018317986259832e-29 3.2959801489875545e-30 8.659550557326375e-31 9.11461202319123e-32 -9.673183979740569e-32 -1.0420979592835615e-31 -7.235104343792636e-32 -4.266117634023028e-32 -2.293971481160244e-32 -1.1580131176689889e-32 -5.5679237533735816e-33 -2.5704161292792557e-33 -1.1445699941578508e-33 -4.9284799554009944e-34 -2.054445873177126e-34 -8.288693173640762e-35 -3.2331461762353893e-35 -1.215402464947498e-35 -4.3816668201003106e-36 -1.5019917419398725e-36 -4.816692900131266e-37 -1.3993292500663368e-37 -3.3910111954113117e-38 -4.790287138660169e-39 1.4037810980173362e-39 1.754132708457126e-39 1.1054645555924395e-39 5.690628289184881e-40 2.6338424973135526e-40 1.136087440286987e-40 4.645216243631511e-41 1.8166514478589683e-41 6.828163857863624e-42 2.472180757906457e-42 8.624435771887143e-43 2.894488700744877e-43 9.309421558198437e-44 2.848320786926571e-44 8.177533928668346e-45 2.143075762781856e-45 4.794912548448117e-46 7.143272815910551e-47 -7.622732570178112e-48 -1.315237684818951e-47 -7.785539556775414e-48 -3.6258905921556066e-48 -1.500680722512224e-48 -5.7579528718195435e-49 -2.0879651143206435e-49 -7.226891436040347e-50 -2.399832667579126e-50 -7.6622107196163e-51 -2.3518474624401855e-51 -6.922449651220253e-52 -1.942943998943753e-52 -5.14410220872424e-53 -1.2575971304868768e-53 -2.7055461430825063e-54 -4.4185475894939824e-55 -1.1847530260210313e-56 3.382258142524332e-56 2.11460732760818e-56 9.412116477773748e-57 3.6283758801783554e-57 1.283440865095444e-57 4.269004838260347e-58 1.3515872942625364e-58 4.098627138731608e-59 1.193716274860966e-59 3.3395450710122347e-60 8.952187659084924e-61 2.28607533986294e-61 5.497887410540168e-62 1.216925143463705e-62 2.3507252607393186e-63 3.335243357627011e-64 -1.1114330872345524e-66 -2.6465084224587462e-65 -1.4289318534479989e-65 -5.71136702884206e-66 -1.9961452049565816e-66 -6.426044662319784e-67 -1.9489017307851682e-67 -5.631224245897259e-68 -1.5589373544825491e-68 -4.144036311626972e-69 -1.0572141998554996e-69 -2.5797011874853618e-70 -5.975868284295299e-71 -1.2949974771205917e-71 -2.545566853237329e-72 -4.1959931144810087e-73 -4.169325734317723e-74 6.978753790735956e-75 6.299151070268158e-75 2.7097904828556e-75 9.460734041500082e-76 2.9641758221161177e-76 8.647169121307971e-77 2.3891520133030955e-77 6.305881198602432e-78 1.5963594457817356e-78 3.8796763065232685e-79 9.03461544908867e-80 2.0051023953968628e-80 4.1949657429087746e-81 8.092684724523479e-82 1.3682405094793856e-82 1.725716758482753e-83 1.398001857850978e-85 -9.446897672675716e-85 -4.545282561679565e-85 -1.5945812467813247e-85 -4.8751554392561954e-86 -1.3713671028601372e-86 -3.632774770719707e-87 -9.166536228061516e-88 -2.2156024553750363e-88 -5.140086373302925e-89 -1.1435117606925868e-89 -2.4293748291267463e-90 -4.8848087150009904e-91 -9.130976062526673e-92 -1.5256364452747534e-92 -2.040696747303105e-93 -1.1379801688640196e-94 5.5843489237058885e-95 3.0877881905361926e-95 1.0868435220827117e-95 3.2400752395092676e-96 8.794670922161264e-97 2.2372982366056273e-97 5.408479152525805e-98 1.250992296447482e-98 2.7763847261270125e-99 5.910585982565024e-100 1.202847337449365e-100 2.3215893879061316e-101 4.1826150415390145e-102 6.800524513661318e-103 9.119989517408382e-104 6.595494236897218e-105 -1.5087716489420435e-105 -9.523718018711358e-106 -3.330948215742447e-106 -9.648138915494838e-107 -2.52512749126563e-107 -6.175600361643444e-108 -1.4454396661012288e-108 -3.8496988286194026e-109 
-0.10211518979860836 -0.06994401666719026 -0.06275083762868446 -0.056784616021130725 -0.05162852594428234 -0.035727102755562457 3.149684299837507e-05 1.591714594699228e-08 -4.557918191608194e-11 -2.1139106097753617e-13 -5.511205102644069e-16 5.559618564025823e-18 1.6167704628302592e-18 5.300491315854013e-19 2.2437618943391683e-19 1.0939806395258233e-19 5.752868834965043e-20 3.157562314719527e-20 1.7773714633692286e-20 1.0153529649396625e-20 5.846650715582239e-21 3.3772883179885357e-21 1.950017997598621e-21 1.1222648204434622e-21 6.422820990049464e-22 3.6481725524888632e-22 2.0528807107840666e-22 1.1425294743290657e-22 6.279278495369168e-23 3.4023264749574354e-23 1.8144661349429313e-23 9.507242989364829e-24 4.882515484645008e-24 2.4518419952183565e-24 1.1995055965906476e-24 5.692198508394028e-25 2.600505972166751e-25 1.1312772404169306e-25 4.596748397161237e-26 1.6721220975910714e-26 4.844199742943841e-27 5.362847816456599e-28 -7.028454249028794e-28 -8.305631897236626e-28 -6.416213598482853e-28 -4.227440656049855e-28 -2.5447625420196857e-28 -1.4415115314537899e-28 -7.792411290482871e-29 -4.0526308543880556e-29 -2.0376783376719668e-29 -9.93450338295355e-30 -4.704337350574429e-30 -2.165310906475892e-30 -9.687198564477194e-31 -4.20900801081717e-31 -1.7730401785805945e-31 -7.220089986125426e-32 -2.828705972629806e-32 -1.0579288753767375e-32 -3.725832891461999e-33 -1.2033186024730182e-33 -3.3487658930918973e-34 -6.451139470137189e-35 5.252495563621957e-36 1.5295366110804758e-35 1.1456917520316958e-35 6.635972474037598e-36 3.401055116564263e-36 1.6142285809995134e-36 7.240522844370549e-37 3.1029591412740744e-37 1.2780825030882042e-37 5.075098945686793e-38 1.9456280521524412e-38 7.198814302581008e-39 2.5656578334845418e-39 8.77247470130729e-40 2.8565814049434937e-40 8.741027164640077e-41 2.4475606590975244e-41 5.886852371826472e-42 9.701511411406782e-43 -7.851765160967097e-44 -1.7955648234964045e-43 -1.1540162498669193e-43 -5.760048108967705e-44 -2.54563559621071e-44 -1.0414559795270402e-44 -4.024369151128152e-45 -1.4841063013000132e-45 -5.251984905465953e-46 -1.7880315518950546e-46 -5.858234737286189e-47 -1.8438612185740303e-47 -5.55074785192398e-48 -1.584746938572957e-48 -4.222247544172547e-49 -1.0148366167187624e-49 -2.0136685146052133e-50 -2.1827935227807457e-51 6.967210976410339e-52 6.569897412522137e-52 3.382101313100893e-52 1.437077498701217e-52 5.507733239364288e-53 1.9694464005466818e-53 6.676577727859937e-54 2.1637122628067817e-54 6.730777050335524e-55 2.0124503268671383e-55 5.777145894882665e-56 1.5862832025850998e-56 4.1337089013986344e-57 1.0070108320072395e-57 2.222149197075761e-58 4.09747195541661e-59 4.466422071901501e-60 -9.267655814987373e-61 -9.017140677108064e-61 -4.3262923963183864e-61 -1.6908269305669128e-61 -5.9357740220045835e-62 -1.9407195907178072e-62 -6.010163237319918e-63 -1.7782207985906813e-63 -5.047472604696552e-64 -1.376174306312127e-64 -3.5989537397472614e-65 -8.987723775789849e-66 -2.1239350354613493e-66 -4.665035149582544e-67 -9.158491249605678e-68 -1.4409708836654615e-68 -9.610133292991786e-70 5.313824129697327e-70 3.465789621009553e-70 1.4300741006960996e-70 4.989897908586593e-71 1.5838905272184299e-71 4.709229123786549e-72 1.330051504054127e-72 3.5939289257802664e-73 9.320040758378176e-74 2.320173690307916e-74 5.530419622849852e-75 1.254311137489815e-75 2.673207102241768e-76 5.218231290776695e-77 8.774478152816396e-78 1.0232147171544618e-78 -4.8488042145264535e-80 -8.745262211744603e-80 -3.960742275883602e-80 -1.3857346319653897e-80 -4.288381739815906e-81 -1.2282310317127782e-81 -3.321958581022213e-82 -8.570337218764866e-83 -2.119340504077987e-83 -5.030995112723514e-84 -1.1448891960641612e-84 -2.4859434177143544e-85 -5.100193510847546e-86 -9.69430704155014e-87 -1.6338359823123302e-87 -2.1448142082264775e-88 -8.19210050160043e-90 8.085513184263724e-90 4.1624539765662945e-90 1.4637134924222483e-90 4.420224450030318e-91 1.2214140138428809e-91 3.170258254780954e-92 7.828089244412218e-93 1.8504446593693086e-93 4.1977488528645597e-94 9.1334140672177e-95 1.8988679516900527e-95 3.740981989043173e-96 6.868406175295048e-97 1.1335382056495599e-97 1.5248663115610884e-98 1.0102406176955983e-99 -3.171013404522515e-100 -1.8809243389897668e-100 -6.610991247149264e-101 -1.9438472733089523e-101 -5.1814709723393894e-102 -1.2921333380270113e-102 -3.059145182717784e-103 -6.926764527806633e-104 -1.5046698518976488e-104 -3.1355540748057177e-105 -6.246489061079497e-106 -1.181048808559452e-106 -2.0869215511419804e-107 -3.3347692453244882e-108 -4.39156369792462e-109 -2.729198410296266e-110 
1900 1 11 0 0 0
14.821335285790294 14.821311944977262 14.821284812486503 14.821252219346194 14.821209934284814 14.820423870659555 13.820665720705255 13.250168445699298 12.749994934702219 12.25104186427653 12.00128715464851 12.000021352112759 12.000001771340939 12.00000038126679 12.000000138489666 12.000000066144786 12.000000036567751 12.000000022026292 12.000000014018072 12.000000009263122 12.000000006285765 12.000000004347337 12.000000003047978 12.00000000215736 12.00000000153672 12.00000000109878 12.00000000078695 12.000000000563666 12.000000000403139 12.000000000287598 12.000000000204432 12.00000000014467 12.000000000101872 12.00000000007132 12.000000000049628 12.00000000003432 12.000000000023565 12.00000000001608 12.000000000010886 12.000000000007324 12.000000000004913 12.000000000003281 12.000000000002192 12.000000000001469 12.000000000000998 12.000000000000691 12.000000000000494 12.000000000000375 12.000000000000306 12.000000000000265 12.000000000000245 12.00000000000024 12.00000000000024 12.000000000000242 12.000000000000242 12.000000000000245 12.00000000000025 12.000000000000247 12.000000000000249 12.000000000000249 12.000000000000247 12.000000000000242 12.000000000000238 12.000000000000236 12.000000000000236 12.000000000000226 12.000000000000215 12.000000000000206 12.000000000000195 12.000000000000188 12.000000000000183 12.000000000000181 12.000000000000176 12.000000000000174 12.000000000000176 12.000000000000176 12.000000000000174 12.000000000000176 12.000000000000178 12.000000000000183 12.000000000000192 12.000000000000195 12.000000000000199 12.00000000000021 12.000000000000213 12.00000000000022 12.000000000000224 12.000000000000233 12.000000000000242 12.000000000000242 12.000000000000242 12.000000000000247 12.000000000000249 12.00000000000025 12.000000000000249 12.000000000000245 12.000000000000242 12.000000000000238 12.000000000000236 12.000000000000233 12.000000000000231 12.000000000000234 12.000000000000234 12.000000000000233 12.000000000000231 12.000000000000224 12.000000000000224 12.000000000000226 12.000000000000226 12.000000000000224 12.000000000000224 12.000000000000224 12.000000000000222 12.000000000000224 12.000000000000224 12.000000000000224 12.000000000000224 12.00000000000022 12.000000000000211 12.000000000000213 12.000000000000217 12.000000000000222 12.00000000000023 12.000000000000234 12.00000000000024 12.000000000000242 12.000000000000243 12.00000000000024 12.000000000000234 12.000000000000236 12.000000000000236 12.000000000000231 12.000000000000231 12.000000000000222 12.000000000000227 12.000000000000231 12.000000000000227 12.000000000000222 12.000000000000226 12.000000000000226 12.000000000000222 12.000000000000218 12.000000000000218 12.00000000000022 12.000000000000224 12.000000000000226 12.000000000000222 12.000000000000226 12.000000000000231 12.000000000000233 12.000000000000236 12.00000000000023 12.000000000000224 12.000000000000222 12.000000000000218 12.000000000000215 12.000000000000213 12.000000000000213 12.000000000000215 12.000000000000217 12.00000000000022 12.000000000000226 12.000000000000231 12.000000000000233 12.000000000000236 12.000000000000238 12.00000000000024 12.000000000000242 12.000000000000245 12.000000000000247 12.000000000000247 12.000000000000243 12.000000000000247 12.000000000000242 12.000000000000242 12.000000000000236 12.000000000000234 12.000000000000236 12.00000000000024 12.00000000000024 12.000000000000236 12.000000000000231 12.000000000000224 12.000000000000218 12.000000000000211 12.000000000000211 12.00000000000021 12.000000000000206 12.000000000000203 12.0000000000002 12.000000000000203 12.000000000000208 12.00000000000021 12.000000000000215 12.00000000000022 12.000000000000226 12.000000000000231 12.000000000000234 12.000000000000238 12.000000000000233 
34.999999999999794 34.99999999999981 34.9999999999998 34.9999999999998 34.99999999999979 34.99999999999979 34.99999999999993 34.99999999999994 35.00000000000003 35.00000000000001 35.00000000000001 35.000000000000114 35.00000000000009 35.000000000000036 34.99999999999995 34.99999999999996 34.99999999999995 34.999999999999915 34.99999999999995 34.999999999999964 34.99999999999996 34.99999999999995 34.99999999999995 34.99999999999997 34.999999999999986 35.00000000000001 35.00000000000001 34.99999999999999 35.00000000000001 35.000000000000014 35.0 35.00000000000002 35.00000000000005 35.00000000000006 35.000000000000064 35.000000000000085 35.000000000000085 35.000000000000114 35.00000000000013 35.00000000000014 35.00000000000018 35.00000000000021 35.00000000000026 35.0000000000003 35.00000000000034 35.000000000000384 35.00000000000041 35.00000000000045 35.00000000000049 35.00000000000054 35.00000000000058 35.000000000000625 35.00000000000065 35.00000000000066 35.00000000000068 35.00000000000069 35.000000000000696 35.00000000000068 35.00000000000068 35.00000000000068 35.00000000000068 35.00000000000067 35.00000000000067 35.000000000000654 35.000000000000654 35.00000000000063 35.00000000000059 35.000000000000576 35.00000000000054 35.000000000000526 35.00000000000051 35.0000000000005 35.00000000000048 35.000000000000476 35.000000000000476 35.00000000000047 35.00000000000047 35.00000000000046 35.00000000000047 35.0000000000005 35.00000000000052 35.00000000000052 35.00000000000054 35.00000000000057 35.00000000000059 35.0000000000006 35.00000000000062 35.00000000000063 35.000000000000654 35.00000000000067 35.00000000000068 35.00000000000069 35.000000000000696 35.0000000000007 35.0000000000007 35.0000000000007 35.00000000000069 35.00000000000067 35.00000000000067 35.00000000000067 35.000000000000654 35.000000000000654 35.00000000000065 35.00000000000065 35.00000000000065 35.00000000000064 35.00000000000065 35.000000000000654 35.000000000000654 35.00000000000065 35.000000000000654 35.000000000000654 35.00000000000063 35.00000000000063 35.000000000000625 35.00000000000063 35.00000000000063 35.00000000000061 35.00000000000059 35.00000000000059 35.00000000000061 35.00000000000062 35.00000000000064 35.00000000000065 35.000000000000654 35.00000000000067 35.000000000000675 35.000000000000654 35.000000000000654 35.000000000000654 35.000000000000654 35.00000000000063 35.00000000000063 35.00000000000063 35.00000000000064 35.000000000000654 35.000000000000654 35.00000000000063 35.00000000000063 35.000000000000654 35.00000000000065 35.00000000000063 35.00000000000063 35.00000000000064 35.00000000000065 35.000000000000654 35.000000000000654 35.000000000000654 35.000000000000654 35.000000000000675 35.00000000000068 35.00000000000066 35.000000000000654 35.00000000000063 35.00000000000061 35.00000000000061 35.00000000000061 35.00000000000061 35.00000000000061 35.00000000000061 35.00000000000065 35.000000000000654 35.000000000000654 35.000000000000675 35.00000000000069 35.00000000000068 35.0000000000007 35.0000000000007 35.00000000000069 35.0000000000007 35.00000000000068 35.00000000000068 35.000000000000696 35.00000000000069 35.00000000000069 35.000000000000675 35.00000000000066 35.00000000000066 35.00000000000068 35.00000000000068 35.00000000000066 35.00000000000065 35.00000000000062 35.000000000000604 35.00000000000058 35.00000000000058 35.00000000000059 35.00000000000058 35.00000000000057 35.000000000000576 35.0000000000006 35.000000000000625 35.00000000000064 35.00000000000066 35.00000000000068 35.00000000000069 35.000000000000696 35.000000000000696 35.00000000000068 35.000000000000675 
0.09972113984041682 -0.006204142867151979 -0.015125685914155019 -0.020907435533730995 -0.024705752913787418 -0.032726762906416754 -5.652192789135537e-05 1.6670775249517856e-08 1.8098191825860378e-11 1.2884299783694928e-13 1.4777907096106486e-15 3.624430163493589e-17 3.643907428533848e-18 8.382044014598564e-19 2.920433193065556e-19 1.2522557512672338e-19 5.990152979274882e-20 3.049343418201919e-20 1.6114563667571193e-20 8.712493704099924e-21 4.7736678769324666e-21 2.632918378866866e-21 1.4543657749317808e-21 8.0118581723686465e-22 4.385393984169505e-22 2.3766181394675916e-22 1.2705054178533668e-22 6.672645022445281e-23 3.425045280272214e-23 1.7066867806149038e-23 8.170836675827587e-24 3.694868843793617e-24 1.526359901404675e-24 5.29901013157615e-25 1.0793235484905293e-25 -4.6029168142899896e-26 -8.395543522298463e-26 -7.774386933096493e-26 -5.912347444665098e-26 -4.066834462955224e-26 -2.62322668586313e-26 -1.613766349412484e-26 -9.560059845858427e-27 -5.485093085859683e-27 -3.06048940094569e-27 -1.6628507428866914e-27 -8.819880549859401e-28 -4.568713484768756e-28 -2.311855435623603e-28 -1.141932223942447e-28 -5.509809518851427e-29 -2.592648068618029e-29 -1.1876562312058204e-29 -5.2829690989672196e-30 -2.271609692547423e-30 -9.393046736338687e-31 -3.694996244012018e-31 -1.3572973735862834e-31 -4.4824200427026596e-32 -1.1998355967537787e-32 -1.4844396911900117e-33 1.1248033235969503e-33 1.2914106698096346e-33 9.092628491083108e-34 5.3914336697108025e-34 2.9078631497822406e-34 1.4710255701827097e-34 7.087836682472519e-35 3.2796481285844613e-35 1.4644921255453372e-35 6.326566769607484e-36 2.647477941897796e-36 1.0731422924840846e-36 4.2081327834219585e-37 1.5917936251213267e-37 5.780829649475524e-38 1.998031418870282e-38 6.471380048621158e-39 1.903742050505452e-39 4.701926255632402e-40 7.00990187053186e-41 -1.7499246971857577e-41 -2.3737254510409275e-41 -1.5320830996608673e-41 -8.026123260596253e-42 -3.774739764709396e-42 -1.6540950950618265e-42 -6.872659642350363e-43 -2.732723762339286e-43 -1.0451588713761658e-43 -3.8518587144633146e-44 -1.3701102948284054e-44 -4.691858350652755e-45 -1.5427878822233954e-45 -4.837357948617947e-46 -1.428509684465024e-46 -3.8777867961599274e-47 -9.145197922609807e-48 -1.5519775862173586e-48 4.0299864456722335e-50 2.1064991735920667e-49 1.3660355539256072e-49 6.677736616022683e-50 2.868289750317417e-50 1.1372801665229059e-50 4.254273006989768e-51 1.5181133382311123e-51 5.1979206376622735e-52 1.7122535582239773e-52 5.4281366861186225e-53 1.65318629723206e-53 4.8142400279112576e-54 1.328493707688648e-54 3.414206932557081e-55 7.874460670082309e-56 1.4735188862499264e-56 1.3104303245136143e-57 -6.3529780697785235e-58 -5.139040521644482e-58 -2.5093610547785767e-58 -1.0277395737943537e-58 -3.818745942117321e-59 -1.3276805698731886e-59 -4.383789758376614e-60 -1.3852233396714577e-60 -4.204463197151743e-61 -1.2269895319271179e-61 -3.437683932958509e-62 -9.206145941929895e-63 -2.3358119404002445e-63 -5.5189178347950344e-64 -1.1701146265278336e-64 -2.0121306814426698e-65 -1.6382087457663433e-66 7.384442074194644e-67 5.4820912190056495e-67 2.4617489940692125e-67 9.276977753743227e-68 3.1723948507349774e-68 1.0153514278888195e-68 3.085814441140739e-69 8.973655542006961e-70 2.5057138215148706e-70 6.722633023584857e-71 1.7295158122328393e-71 4.244080052906738e-72 9.829057718907584e-73 2.1033515512745975e-73 3.964270275828276e-74 5.673886653207339e-75 1.3378396499203518e-76 -3.344109386246704e-76 -1.83817075817642e-76 -7.198388063844188e-77 -2.4433159165977822e-77 -7.614995419431828e-78 -2.2331322787369983e-78 -6.236372578731076e-79 -1.6685513196515568e-79 -4.287318694205327e-80 -1.0575447636248153e-80 -2.495908911685951e-81 -5.594270058579787e-82 -1.1734741119035411e-82 -2.2320078924937127e-83 -3.5605943806717383e-84 -3.409185418360443e-85 5.679564443961164e-86 4.921151309846913e-86 2.0520794969963217e-86 6.955613466486737e-87 2.1174798543074772e-87 6.005556508152177e-88 1.6139868936511438e-88 4.145302391021343e-89 1.0214917520230158e-89 2.4170358906581047e-90 5.480179994573619e-91 1.1838987305736222e-91 2.4084812081017764e-92 4.5090582170098e-93 7.352076772535007e-94 8.708308600022381e-95 -9.956834545626644e-97 -5.356260094303789e-96 -2.4248483821560467e-96 -8.221338681279678e-97 -2.4459900291524787e-97 -6.716431484312977e-98 -1.739500246034451e-98 -4.2953843117577214e-99 -1.0165899349293074e-99 -2.3099333011612965e-100 -5.033419359631787e-101 -1.046024801650351e-101 -2.0558323217828845e-102 -3.7445906225538644e-103 -6.044588605194422e-104 -7.476248295105271e-105 -8.009761553009273e-108 
-0.10199913656927538 -0.06986424151574996 -0.06268837457239582 -0.056730347492651226 -0.051583466590649114 -0.036054569390575254 3.316736788350725e-05 2.376490531634075e-08 1.9068496987058168e-11 2.450096257187164e-13 1.6633656593365942e-15 2.5944992586275055e-17 1.7210527876540516e-18 2.598421196092419e-19 5.512796785643133e-20 1.1086786931846082e-20 -5.753604420576899e-23 -2.598080073927878e-21 -2.69922050136296e-21 -2.1800276199452993e-21 -1.6007417327719581e-21 -1.1183407572719563e-21 -7.571401612038691e-22 -5.010516883281349e-22 -3.25561429581762e-22 -2.081882098629528e-22 -1.3118519010618557e-22 -8.151275527131046e-23 -4.995051720022569e-23 -3.019070431879813e-23 -1.7992829067225193e-23 -1.0571063750582404e-23 -6.120249892759728e-24 -3.4899431687636485e-24 -1.9588843803028182e-24 -1.0816598215938673e-24 -5.870601397131447e-25 -3.1290178071672573e-25 -1.634813355742402e-25 -8.366754256453545e-26 -4.1863433404085325e-26 -2.040727562596552e-26 -9.657007732059097e-27 -4.410548537600313e-27 -1.9280921531906084e-27 -7.933039405659861e-28 -2.9848441294754276e-28 -9.530964904766335e-29 -1.926877238676485e-29 4.707795579392686e-30 9.300581436440541e-30 7.877480887607859e-30 5.36704960699099e-30 3.279594473938726e-30 1.868592472503375e-30 1.0121704854788872e-30 5.26278777564066e-31 2.641778098649425e-31 1.2850982812703214e-31 6.07072256071021e-32 2.7875937658359253e-32 1.2443993675394925e-32 5.3967938701277836e-33 2.2701702172393513e-33 9.236286123533973e-34 3.6176117663804705e-34 1.3534042553413489e-34 4.7725281870246174e-35 1.5449559637911618e-35 4.317872794291791e-36 8.402642743752888e-37 -6.282564003107879e-38 -1.959031437118938e-37 -1.4811926837034087e-37 -8.640936074911928e-38 -4.460680226419705e-38 -2.132895781311329e-38 -9.644523826015463e-39 -4.169386769436221e-39 -1.73392592947102e-39 -6.957153478620524e-40 -2.6972210281766326e-40 -1.0101792842137818e-40 -3.6483765478640034e-41 -1.2657879420075636e-41 -4.189565282537464e-42 -1.3063645075070298e-42 -3.744128242526043e-43 -9.315153861711658e-44 -1.6606377402763079e-44 5.406111575215921e-46 2.5807694714229174e-45 1.7605204913174112e-45 9.086911922181891e-46 4.125590254375348e-46 1.729950329452534e-46 6.846508543380798e-47 2.585856521728709e-47 9.375660576750329e-48 3.272654651998697e-48 1.1004840810210279e-48 3.5600812989051124e-49 1.1038074195500861e-49 3.2560580635894473e-50 9.012535638567416e-51 2.2759484894634628e-51 4.8959029193463175e-52 6.918869469370736e-53 -8.167399596654701e-54 -1.2595752411357625e-53 -7.159439141467549e-54 -3.2212545687159186e-54 -1.2908295773684592e-54 -4.801293276802893e-55 -1.6892800629085114e-55 -5.676844857360005e-56 -1.8311825459697785e-56 -5.681244524927571e-57 -1.6946611897819883e-57 -4.8463407426643474e-58 -1.3204829688345119e-58 -3.3871409412676527e-59 -7.985176588643904e-60 -1.6357647119147037e-60 -2.4144364470515595e-61 5.144905763082453e-63 2.452277841653547e-62 1.3830590764367647e-62 5.874471529659556e-63 2.1919471330601178e-63 7.54889408473206e-64 2.4522142630761442e-64 7.596042280004078e-65 2.2561706925804135e-65 6.43995689216449e-66 1.7659323637453303e-66 4.6373663054815395e-67 1.1584926034527571e-67 2.7169483336459048e-68 5.822837837481768e-69 1.0672800684267243e-69 1.3114698694335715e-70 -1.0758700498497018e-71 -1.5818430893204188e-71 -7.7119021631106e-72 -2.953222726332703e-72 -1.0051271266170943e-72 -3.1726940448114907e-73 -9.468883310336339e-74 -2.6966941486701934e-74 -7.367608099845357e-75 -1.9344103337640713e-75 -4.873736114580096e-76 -1.1733557908593107e-76 -2.6757290483426014e-77 -5.680209933818507e-78 -1.0811455688495479e-78 -1.6639728298157176e-79 -1.178024524439248e-80 5.165058400024308e-81 3.392205557589121e-81 1.3668004665130482e-81 4.6335992205098125e-82 1.4270496377120487e-82 4.1128846489448056e-83 1.1264769489943485e-83 2.952278945242227e-84 7.427216808704502e-85 1.7940700111505486e-85 4.150041328241941e-86 9.134165796174955e-87 1.8884117971354074e-87 3.571203230538031e-88 5.792509355254899e-89 6.374414698074395e-90 -4.0384833708826123e-91 -5.70279006601653e-91 -2.473560352841698e-91 -8.387231355378034e-92 -2.5241457178330656e-92 -7.044078406192093e-93 -1.8582271657955698e-93 -4.6789108494319264e-94 -1.1297306464167064e-94 -2.6191016422820904e-95 -5.8207412945409066e-96 -1.2337113894881643e-96 -2.467706712089666e-97 -4.5612759076642715e-98 -7.42125091668562e-99 -9.148383953656712e-100 -1.6634566207705378e-101 4.136679071530572e-101 1.9572249585416412e-101 6.625396843302982e-102 1.9477344626629507e-102 5.261934324006268e-103 1.3387940200800125e-103 3.276779554337278e-104 9.19563699235224e-105 
1900 1 12 0 0 0
14.819829754292947 14.819803600571275 14.819773212921366 14.819736745888845 14.81968930316969 14.81886510043332 13.829513541152657 13.250206200222527 12.749994732097829 12.251145847768337 12.00141440192362 12.00002466316999 12.000002082129175 12.000000449188597 12.000000162900937 12.000000077907766 12.000000043262133 12.000000026225377 12.000000016818548 12.000000011210126 12.00000000767996 12.000000005367722 12.000000003806543 12.000000002728042 12.00000000196947 12.000000001428681 12.000000001039389 12.000000000756915 12.00000000055111 12.00000000040064 12.000000000290527 12.000000000209976 12.00000000015114 12.000000000108308 12.0000000000772 12.000000000054731 12.00000000003858 12.000000000027018 12.000000000018824 12.000000000013026 12.000000000008963 12.000000000006143 12.0000000000042 12.000000000002863 12.000000000001963 12.000000000001352 12.000000000000949 12.000000000000686 12.000000000000515 12.000000000000409 12.000000000000345 12.000000000000302 12.00000000000028 12.000000000000274 12.000000000000275 12.000000000000279 12.000000000000275 12.000000000000275 12.000000000000277 12.000000000000277 12.000000000000275 12.00000000000027 12.000000000000265 12.000000000000254 12.00000000000025 12.00000000000024 12.000000000000224 12.000000000000217 12.00000000000021 12.000000000000203 12.000000000000199 12.000000000000195 12.000000000000195 12.00000000000019 12.000000000000194 12.00000000000019 12.000000000000194 12.0000000000002 12.000000000000206 12.00000000000021 12.000000000000211 12.000000000000217 12.000000000000218 12.000000000000226 12.000000000000234 12.000000000000238 12.000000000000243 12.000000000000252 12.000000000000261 12.000000000000261 12.000000000000266 12.00000000000027 12.00000000000027 12.000000000000272 12.000000000000266 12.000000000000263 12.000000000000265 12.000000000000263 12.000000000000261 12.000000000000258 12.000000000000256 12.000000000000256 12.000000000000254 12.000000000000254 12.00000000000025 12.000000000000249 12.000000000000243 12.000000000000242 12.000000000000236 12.000000000000236 12.000000000000236 12.000000000000242 12.000000000000242 12.000000000000242 12.000000000000236 12.000000000000236 12.000000000000236 12.000000000000231 12.000000000000233 12.000000000000234 12.000000000000233 12.000000000000236 12.00000000000024 12.000000000000242 12.000000000000249 12.000000000000245 12.000000000000247 12.000000000000247 12.000000000000247 12.000000000000249 12.000000000000252 12.000000000000252 12.000000000000252 12.000000000000252 12.000000000000252 12.000000000000252 12.000000000000243 12.000000000000242 12.000000000000238 12.000000000000236 12.000000000000236 12.000000000000234 12.000000000000236 12.000000000000238 12.00000000000024 12.000000000000242 12.000000000000242 12.000000000000242 12.000000000000243 12.000000000000247 12.000000000000249 12.000000000000247 12.000000000000245 12.000000000000245 12.000000000000242 12.000000000000236 12.000000000000234 12.000000000000234 12.000000000000238 12.000000000000242 12.000000000000249 12.000000000000252 12.000000000000261 12.000000000000265 12.000000000000265 12.000000000000265 12.000000000000265 12.000000000000263 12.000000000000265 12.00000000000027 12.000000000000272 12.000000000000268 12.00000000000027 12.000000000000263 12.00000000000026 12.000000000000263 12.000000000000261 12.000000000000258 12.000000000000254 12.000000000000249 12.000000000000245 12.000000000000243 12.00000000000024 12.000000000000236 12.000000000000233 12.000000000000227 12.000000000000215 12.000000000000213 12.000000000000218 12.000000000000224 12.000000000000224 12.000000000000226 12.000000000000231 12.000000000000233 12.000000000000236 12.000000000000243 12.00000000000025 12.000000000000252 12.000000000000252 12.000000000000249 
34.999999999999766 34.999999999999766 34.999999999999766 34.999999999999766 34.99999999999976 34.99999999999977 34.999999999999915 34.99999999999995 35.00000000000004 35.000000000000064 35.00000000000001 35.000000000000064 35.000000000000064 34.99999999999999 34.99999999999995 34.999999999999964 34.99999999999994 34.99999999999992 34.99999999999994 34.99999999999995 34.99999999999994 34.999999999999964 34.999999999999964 34.99999999999997 34.999999999999986 35.0 35.000000000000014 35.000000000000036 35.000000000000036 35.00000000000004 35.00000000000005 35.00000000000006 35.000000000000064 35.00000000000005 35.000000000000064 35.00000000000009 35.000000000000114 35.00000000000012 35.00000000000014 35.00000000000017 35.000000000000206 35.000000000000234 35.00000000000028 35.00000000000033 35.00000000000038 35.00000000000041 35.00000000000044 35.00000000000049 35.00000000000054 35.00000000000059 35.000000000000625 35.00000000000064 35.00000000000067 35.00000000000069 35.00000000000073 35.000000000000746 35.00000000000075 35.000000000000746 35.00000000000075 35.00000000000075 35.00000000000075 35.000000000000746 35.000000000000746 35.00000000000073 35.0000000000007 35.00000000000066 35.00000000000061 35.0000000000006 35.00000000000058 35.00000000000056 35.00000000000055 35.00000000000052 35.00000000000053 35.00000000000051 35.00000000000052 35.00000000000052 35.000000000000526 35.000000000000554 35.00000000000056 35.00000000000057 35.00000000000057 35.00000000000058 35.000000000000604 35.00000000000062 35.00000000000064 35.000000000000654 35.000000000000675 35.00000000000068 35.00000000000069 35.00000000000071 35.00000000000073 35.00000000000074 35.00000000000075 35.00000000000077 35.00000000000075 35.00000000000075 35.00000000000075 35.000000000000746 35.00000000000074 35.000000000000725 35.000000000000725 35.000000000000725 35.00000000000071 35.00000000000071 35.000000000000696 35.0000000000007 35.0000000000007 35.0000000000007 35.000000000000696 35.00000000000068 35.00000000000069 35.00000000000069 35.00000000000069 35.00000000000068 35.00000000000068 35.000000000000675 35.00000000000066 35.000000000000654 35.00000000000065 35.00000000000064 35.00000000000063 35.00000000000065 35.00000000000066 35.00000000000068 35.000000000000696 35.00000000000069 35.000000000000696 35.0000000000007 35.0000000000007 35.000000000000696 35.000000000000696 35.00000000000069 35.000000000000696 35.0000000000007 35.0000000000007 35.0000000000007 35.000000000000696 35.0000000000007 35.00000000000069 35.00000000000069 35.00000000000069 35.00000000000069 35.00000000000068 35.00000000000069 35.0000000000007 35.0000000000007 35.0000000000007 35.00000000000071 35.0000000000007 35.00000000000071 35.00000000000072 35.0000000000007 35.00000000000068 35.00000000000068 35.00000000000068 35.000000000000654 35.00000000000067 35.000000000000675 35.00000000000068 35.00000000000069 35.00000000000071 35.000000000000725 35.000000000000746 35.000000000000746 35.00000000000074 35.00000000000074 35.00000000000074 35.00000000000073 35.00000000000073 35.00000000000075 35.00000000000075 35.00000000000076 35.000000000000774 35.00000000000076 35.00000000000075 35.00000000000075 35.000000000000746 35.00000000000073 35.00000000000072 35.0000000000007 35.00000000000069 35.00000000000069 35.00000000000068 35.00000000000068 35.000000000000675 35.000000000000654 35.00000000000063 35.00000000000063 35.000000000000654 35.00000000000067 35.00000000000066 35.000000000000675 35.000000000000675 35.000000000000675 35.000000000000696 35.000000000000725 35.000000000000746 35.000000000000746 35.00000000000074 35.00000000000073 
0.09962771811008365 -0.0062166396382156135 -0.015114988658386296 -0.020896435932312524 -0.024704096098514185 -0.03262842495485573 -6.428625511307434e-05 1.622740689750881e-08 1.3778846304603245e-11 1.9471426607403794e-14 -4.7732049571190134e-17 -6.520977406937188e-18 -1.0101465657346388e-18 -2.8773711884840955e-19 -1.151374190410369e-19 -5.49804093203056e-20 -2.886569463896329e-20 -1.6004622437074893e-20 -9.17416363062012e-21 -5.3699400950582626e-21 -3.184280211625226e-21 -1.9025903838119126e-21 -1.1408407603964187e-21 -6.844607741172164e-22 -4.0985644395069677e-22 -2.4444805041732196e-22 -1.4496368310311311e-22 -8.533294575644037e-23 -4.9790667506823416e-23 -2.875298743370433e-23 -1.640952251265794e-23 -9.240810104249256e-24 -5.125688104480403e-24 -2.7954832937441872e-24 -1.495094413143769e-24 -7.817820821963429e-25 -3.980496863623256e-25 -1.961043996719084e-25 -9.268092633732237e-26 -4.132645897066777e-26 -1.6851670161908578e-26 -5.826286516360159e-27 -1.2538274241568577e-27 3.809540447494362e-28 7.761467111091256e-28 7.157805092250628e-28 5.351127088249285e-28 3.5997782518630163e-28 2.266233432548643e-28 1.3583676552489387e-28 7.837797417527449e-29 4.3780959977514607e-29 2.376311161160024e-29 1.255991452762522e-29 6.47571532618794e-30 3.2597268387181064e-30 1.6016505194675627e-30 7.684128823434721e-31 3.595178787697305e-31 1.6378632566612156e-31 7.244562092985688e-32 3.102032673284397e-32 1.2779561992968188e-32 5.014981392663065e-33 1.842077104366977e-33 6.109411241913051e-34 1.6632591446460709e-34 2.324802162742674e-35 -1.3024393905547513e-35 -1.6101817815251107e-35 -1.1512399194471165e-35 -6.869208571071235e-36 -3.717555405022179e-36 -1.8854023937367787e-36 -9.104370492431072e-37 -4.22233164566218e-37 -1.89025846726883e-37 -8.190986005102043e-38 -3.4399308233794386e-38 -1.400137288394404e-38 -5.516603582468558e-39 -2.0983778980458305e-39 -7.668617767157741e-40 -2.670276818525218e-40 -8.727030274857061e-41 -2.597083588876963e-41 -6.527530570359366e-42 -1.0232992640682227e-42 2.141408894046867e-43 3.1914044456025063e-43 2.108189262686101e-43 1.1222039494393311e-43 5.353015487094236e-44 2.378108392675642e-44 1.0018557778445385e-44 4.040643071678028e-45 1.5682492137004967e-45 5.872277903013741e-46 2.1227496933408566e-46 7.399493417871132e-47 2.479356986622346e-47 7.936937109023025e-48 2.4003348244742998e-48 6.710518933341755e-49 1.6516142275537274e-49 3.079322165105942e-50 8.45097198287093e-52 -3.184621122840951e-51 -2.2766821839771077e-51 -1.165075615311179e-51 -5.174580743536561e-52 -2.111985571537437e-52 -8.117319949733844e-53 -2.9741629006528047e-53 -1.045594363459378e-53 -3.5381588214589305e-54 -1.1533218804381594e-54 -3.616577914390894e-55 -1.086778344679538e-55 -3.105776115088925e-56 -8.319572275247017e-57 -2.0278242327501292e-57 -4.1759023806512346e-58 -5.398263601496029e-59 8.815145504555017e-60 1.0957560561017885e-59 5.922365479601771e-60 2.5731518447745227e-60 1.0006830023935853e-60 3.6208039236240046e-61 1.240986875691405e-61 4.0660513799187245e-62 1.2794917177504697e-62 3.8735504541360274e-63 1.127445305480462e-63 3.144668051198411e-64 8.346981797597605e-65 2.080332812629123e-65 4.736721002861387e-66 9.21652175175035e-67 1.1948661542919524e-67 -1.114384176163199e-68 -1.6751228375022589e-68 -8.662643311053111e-69 -3.528766306240054e-69 -1.2788734213252868e-69 -4.301236515826598e-70 -1.3684467634589227e-70 -4.158494793991679e-71 -1.2128541703839413e-71 -3.400861950638873e-72 -9.160227459309001e-73 -2.3613039325285633e-73 -5.7799544210490464e-74 -1.3230278047770224e-74 -2.7421360885808654e-75 -4.73482659875604e-76 -4.7174849756625075e-77 1.0411362580316233e-77 9.14104213778789e-78 4.1186723253410374e-78 1.5205198007066755e-78 5.054937191433628e-79 1.5676208493522706e-79 4.6102342536914936e-80 1.2965494408544369e-80 3.5007010190037985e-81 9.083001491040978e-82 2.2606920460799483e-82 5.370177274169795e-83 1.2050617551432013e-83 2.5025588267482432e-84 4.59227653543329e-85 6.475664340586482e-86 2.023973192648841e-87 -3.303250668297969e-87 -1.8029606138674965e-87 -6.897957321154374e-88 -2.2798016779348526e-88 -6.91153328803077e-89 -1.9709599620523215e-89 -5.35242158717806e-90 -1.3927085839835227e-90 -3.4807617947510203e-91 -8.35247389696241e-92 -1.9177534101931743e-92 -4.180504098386975e-93 -8.524525362703243e-94 -1.5745247293344932e-94 -2.422966890295969e-95 -2.1589513464011627e-96 4.1980319406379456e-97 3.30332516949881e-97 1.3283206716341317e-97 4.3763041738401424e-98 1.2986725417857073e-98 3.5952131627542764e-99 9.443955102404045e-100 2.398208135308581e-100 7.027053886314976e-101 
-0.10186003104775297 -0.06977253429733848 -0.06262047603674759 -0.05667530639856961 -0.05154377419262946 -0.03645844127045063 3.604373306238978e-05 2.606989616856535e-08 -1.6368898148731647e-11 -1.3451156626348096e-13 -1.2085607469000562e-15 -2.528014768532612e-17 -2.203323267813952e-18 -4.503269547031343e-19 -1.4222424667746427e-19 -5.597695043964378e-20 -2.4701829299166308e-20 -1.1590140371327288e-20 -5.612300033119857e-21 -2.7495223877072877e-21 -1.3406239528827178e-21 -6.393867202059161e-22 -2.9118697977011454e-22 -1.2118915424614808e-22 -4.1097267053232473e-23 -5.81325606852371e-24 7.752236066175691e-24 1.1314656689774503e-23 1.0692957346475175e-23 8.664662239325603e-24 6.466036892572456e-24 4.573992325997189e-24 3.111247056920911e-24 2.051804439984816e-24 1.3180310784287665e-24 8.273580642524641e-25 5.085378316516515e-25 3.0641669741762327e-25 1.8124222901388558e-25 1.0523725997159283e-25 5.999473072529585e-26 3.3600661848312084e-26 1.8489169233774179e-26 9.97795184549454e-27 5.2853046868816244e-27 2.7420890348941664e-27 1.3938213505801331e-27 6.9211518951179515e-28 3.353097571347148e-28 1.5773957420873079e-28 7.180068095779105e-29 3.136791294988736e-29 1.298531109488569e-29 4.970370294510269e-30 1.6669388553773805e-30 4.112517619353138e-31 -4.0613662870993685e-33 -1.020800118281119e-31 -9.684799650646159e-32 -6.841887207138704e-32 -4.2424474767294943e-32 -2.4334677105438737e-32 -1.321239328174574e-32 -6.870957002890247e-33 -3.446161004890738e-33 -1.6739496447435965e-33 -7.892812056508378e-34 -3.6177853924599063e-34 -1.6124739211409966e-34 -6.983867891183705e-35 -2.9352013325385747e-35 -1.193807678042306e-35 -4.6765361200570806e-36 -1.7512330502005013e-36 -6.18596225624753e-37 -2.0084994044836487e-37 -5.644483598180241e-38 -1.1153503440042545e-38 7.052472150542395e-40 2.5087969927586717e-39 1.9207334895854266e-39 1.1292745891575611e-39 5.869416051981871e-40 2.8258993030715196e-40 1.2871687819190524e-40 5.607976540825296e-41 2.3514517532940576e-41 9.519650254175371e-42 3.7251323299595543e-42 1.409801461120975e-42 5.150080291902633e-43 1.8093112599831292e-43 6.072876923152005e-44 1.9244324390791977e-44 5.626650888730688e-45 1.440594009420697e-45 2.7343454736472994e-46 1.2760901175887158e-48 -3.618762606298061e-47 -2.6211233823893203e-47 -1.3952290367915142e-47 -6.487285391795135e-48 -2.7791857819389155e-48 -1.1227792288449526e-48 -4.32819892613726e-49 -1.6020729628078928e-49 -5.71247070657232e-50 -1.963925746187851e-50 -6.503388686777024e-51 -2.067562346777091e-51 -6.270068949383625e-52 -1.79196981539797e-52 -4.712559113604171e-53 -1.0789614825728003e-53 -1.7911662493148787e-54 3.202763785709661e-56 2.1954982815847487e-55 1.3924063619057763e-55 6.622056751108549e-56 2.7644217107764527e-56 1.0651245214655435e-56 3.8722458872748606e-57 1.3432053415991114e-57 4.472000866390854e-58 1.431664175887316e-58 4.413563838780906e-59 1.3069271322484207e-59 3.698473004543256e-60 9.905267448864222e-61 2.463348778761032e-61 5.456712332378222e-62 9.557963276432844e-63 6.050067426177485e-64 -5.3248846124597143e-64 -3.745023557517696e-64 -1.7384768785156526e-64 -6.882705228916341e-65 -2.4874426232841114e-65 -8.43735802289926e-66 -2.722733993003377e-66 -8.416514217813007e-67 -2.500631638305681e-67 -7.145387906161988e-68 -1.959786530097751e-68 -5.132421518035394e-69 -1.2706657273379654e-69 -2.915594467322019e-70 -5.932402294269579e-71 -9.397219268786239e-72 -4.278065816457573e-73 5.2057984802961005e-73 3.232148110264666e-73 1.373017641199154e-73 5.011487874889441e-74 1.674392038871163e-74 5.257173481708403e-75 1.5712063549653874e-75 4.499583656301342e-76 1.2374936329957653e-76 3.27174543001184e-77 8.290064915069247e-78 2.0005977124458907e-78 4.5418254393896e-79 9.459263091210286e-80 1.7024406041388357e-80 2.1512980409741485e-81 -8.75872344109293e-83 -1.979517512031604e-82 -9.672064955983504e-83 -3.627462118216977e-83 -1.201723078092325e-83 -3.683706223130469e-84 -1.066568568561583e-84 -2.9470250118051884e-85 -7.810271908421193e-86 -1.9887731931805217e-86 -4.860575734811972e-87 -1.135453366091479e-87 -2.5131747832993116e-88 -5.1795386243891364e-89 -9.57159199762262e-90 -1.4293070738059974e-90 -9.724673014781738e-92 4.2544908416362655e-92 2.703755110091332e-92 1.0591546574334997e-92 3.4943758013534105e-93 1.0480587712299284e-93 2.9447361081675255e-94 7.858377326034947e-95 2.0083083101187177e-95 4.927371729049678e-96 1.1611042104473955e-96 2.618393757520299e-97 5.617537795381593e-98 1.1310725418300482e-98 2.077460542229134e-99 3.242922210146969e-100 3.169460458960201e-101 -6.4163338485569e-102 
1900 1 13 0 0 0
14.818145619570362 14.818116659367599 14.818083025165844 14.818042697561546 14.817990082983822 14.817140481384918 13.839415325888478 13.250248769849119 12.74999459365992 12.25124979889311 12.00154144743879 12.000028135684161 12.000002413928815 12.000000522030147 12.000000189002888 12.000000090443129 12.00000005039256 12.000000030706524 12.000000019817668 12.000000013304644 12.00000000918817 12.000000006478185 12.000000004638085 12.000000003358435 12.000000002451864 12.00000000180015 12.00000000132662 12.000000000979604 12.000000000723784 12.000000000534497 12.000000000394067 12.000000000289877 12.00000000021251 12.00000000015523 12.000000000112927 12.000000000081744 12.000000000058892 12.000000000042194 12.000000000030065 12.000000000021316 12.000000000015019 12.000000000010541 12.000000000007361 12.00000000000513 12.000000000003569 12.000000000002489 12.000000000001743 12.000000000001242 12.000000000000906 12.000000000000679 12.000000000000533 12.000000000000433 12.00000000000037 12.000000000000334 12.000000000000318 12.000000000000307 12.000000000000304 12.000000000000302 12.0000000000003 12.000000000000298 12.000000000000298 12.000000000000297 12.000000000000286 12.000000000000282 12.000000000000279 12.00000000000027 12.00000000000026 12.000000000000249 12.000000000000236 12.000000000000227 12.00000000000022 12.000000000000213 12.000000000000215 12.000000000000213 12.000000000000211 12.000000000000213 12.000000000000218 12.000000000000222 12.000000000000226 12.000000000000233 12.000000000000236 12.000000000000242 12.000000000000249 12.000000000000254 12.000000000000261 12.000000000000266 12.000000000000275 12.000000000000282 12.000000000000279 12.000000000000284 12.000000000000288 12.000000000000288 12.000000000000291 12.000000000000291 12.00000000000029 12.000000000000291 12.000000000000293 12.000000000000291 12.00000000000029 12.000000000000284 12.000000000000284 12.000000000000277 12.000000000000272 12.000000000000266 12.000000000000265 12.000000000000261 12.000000000000254 12.000000000000252 12.000000000000249 12.000000000000243 12.000000000000233 12.00000000000024 12.000000000000245 12.000000000000245 12.000000000000247 12.000000000000249 12.000000000000252 12.000000000000254 12.000000000000258 12.00000000000026 12.000000000000258 12.00000000000026 12.000000000000258 12.00000000000026 12.000000000000265 12.000000000000268 12.000000000000272 12.000000000000274 12.000000000000277 12.000000000000279 12.000000000000279 12.00000000000028 12.000000000000275 12.000000000000272 12.00000000000027 12.000000000000272 12.000000000000266 12.000000000000266 12.000000000000266 12.000000000000268 12.00000000000027 12.000000000000268 12.000000000000266 12.000000000000263 12.000000000000263 12.000000000000263 12.000000000000263 12.000000000000261 12.000000000000261 12.000000000000266 12.00000000000027 12.000000000000266 12.000000000000263 12.000000000000261 12.000000000000263 12.000000000000261 12.000000000000261 12.000000000000263 12.00000000000027 12.00000000000027 12.000000000000272 12.000000000000275 12.00000000000028 12.000000000000284 12.000000000000286 12.000000000000293 12.00000000000029 12.000000000000291 12.000000000000293 12.000000000000293 12.000000000000293 12.000000000000293 12.000000000000293 12.000000000000293 12.000000000000291 12.000000000000291 12.000000000000284 12.000000000000277 12.000000000000266 12.00000000000026 12.00000000000026 12.000000000000256 12.000000000000252 12.000000000000247 12.000000000000245 12.000000000000243 12.000000000000243 12.00000000000024 12.000000000000236 12.000000000000236 12.000000000000234 12.000000000000236 12.00000000000024 12.000000000000245 12.000000000000254 12.000000000000263 12.000000000000268 12.000000000000266 12.000000000000266 12.000000000000265 
34.99999999999991 34.99999999999991 34.9999999999999 34.9999999999999 34.99999999999989 34.999999999999915 35.0 34.999999999999936 35.000000000000064 35.00000000000007 35.00000000000005 35.00000000000004 35.00000000000003 34.99999999999994 34.99999999999995 34.99999999999998 34.99999999999993 34.99999999999992 34.99999999999991 34.99999999999993 34.999999999999936 34.99999999999995 34.99999999999996 34.99999999999994 34.99999999999997 34.999999999999986 35.0 35.00000000000001 35.000000000000014 35.000000000000014 35.00000000000001 35.00000000000005 35.000000000000064 35.000000000000064 35.00000000000008 35.00000000000009 35.00000000000012 35.00000000000014 35.00000000000017 35.000000000000185 35.00000000000021 35.00000000000027 35.000000000000306 35.000000000000334 35.000000000000384 35.000000000000426 35.00000000000047 35.00000000000053 35.00000000000058 35.00000000000062 35.00000000000063 35.00000000000066 35.000000000000675 35.000000000000696 35.00000000000073 35.00000000000077 35.000000000000796 35.0000000000008 35.0000000000008 35.0000000000008 35.0000000000008 35.0000000000008 35.000000000000796 35.000000000000774 35.00000000000077 35.000000000000746 35.000000000000725 35.000000000000696 35.00000000000066 35.00000000000064 35.0000000000006 35.000000000000576 35.00000000000058 35.00000000000059 35.00000000000059 35.0000000000006 35.000000000000604 35.00000000000061 35.00000000000063 35.000000000000654 35.000000000000654 35.000000000000654 35.00000000000067 35.000000000000696 35.00000000000071 35.000000000000725 35.00000000000075 35.00000000000075 35.00000000000076 35.000000000000774 35.00000000000079 35.0000000000008 35.0000000000008 35.0000000000008 35.0000000000008 35.0000000000008 35.0000000000008 35.0000000000008 35.00000000000081 35.00000000000081 35.0000000000008 35.000000000000774 35.00000000000075 35.00000000000074 35.000000000000725 35.000000000000725 35.00000000000072 35.00000000000072 35.00000000000071 35.00000000000071 35.000000000000696 35.000000000000725 35.00000000000073 35.00000000000073 35.000000000000725 35.00000000000072 35.000000000000725 35.000000000000725 35.000000000000725 35.000000000000725 35.00000000000072 35.00000000000073 35.00000000000073 35.00000000000073 35.00000000000074 35.00000000000075 35.00000000000076 35.00000000000077 35.000000000000774 35.000000000000774 35.000000000000774 35.00000000000079 35.00000000000078 35.000000000000774 35.00000000000077 35.00000000000077 35.00000000000075 35.00000000000077 35.00000000000077 35.000000000000774 35.00000000000078 35.00000000000078 35.000000000000774 35.00000000000076 35.00000000000076 35.000000000000774 35.000000000000774 35.00000000000077 35.00000000000075 35.00000000000075 35.00000000000075 35.00000000000076 35.000000000000746 35.00000000000074 35.00000000000073 35.00000000000073 35.00000000000073 35.00000000000073 35.00000000000076 35.00000000000076 35.000000000000774 35.00000000000079 35.000000000000796 35.0000000000008 35.0000000000008 35.0000000000008 35.00000000000081 35.00000000000082 35.00000000000083 35.00000000000082 35.00000000000083 35.000000000000846 35.00000000000087 35.00000000000085 35.000000000000824 35.000000000000824 35.00000000000082 35.00000000000079 35.00000000000076 35.00000000000075 35.000000000000746 35.000000000000725 35.00000000000072 35.00000000000071 35.00000000000071 35.000000000000696 35.0000000000007 35.00000000000071 35.000000000000696 35.0000000000007 35.000000000000696 35.0000000000007 35.00000000000071 35.00000000000074 35.00000000000077 35.00000000000079 35.0000000000008 35.00000000000081 35.000000000000796 35.0000000000008 
0.09954010685245639 -0.006230986010762576 -0.015108313260387867 -0.020889505007845942 -0.02470723729935794 -0.0325333598870586 -7.162995912123382e-05 1.8467373532482262e-08 1.1981326777545099e-11 -4.2633083890702366e-14 -3.6538217194715645e-16 -6.100238147338064e-18 -3.638443991726621e-19 -4.037742946362182e-20 -2.2915914418987143e-21 3.3450337545073454e-21 3.544963441296959e-21 2.7973580004957128e-21 2.0279242464181072e-21 1.4176158327669418e-21 9.716601066557506e-22 6.574460993063947e-22 4.404471832925618e-22 2.9253192536587515e-22 1.9270535204508272e-22 1.259102039961222e-22 8.158464457795656e-23 5.2405715247748404e-23 3.3357598055027427e-23 2.1032196344776997e-23 1.3128132360834026e-23 8.109348492380287e-24 4.953434634776747e-24 2.9910717980605475e-24 1.7843679948625317e-24 1.050761209253091e-24 6.105267548583294e-25 3.4963543087221115e-25 1.9720261172325173e-25 1.0944489256414054e-25 5.965617678888897e-26 3.1894535160059015e-26 1.668694243190405e-26 8.52283596709741e-27 4.2274933082779754e-27 2.0251132714273795e-27 9.270766623965646e-28 3.9835793105952576e-28 1.5508560564306664e-28 4.9637237497293647e-29 8.149365536123205e-30 -5.476099657416655e-30 -8.003738226049428e-30 -6.802782483728872e-30 -4.839740663797908e-30 -3.1321608635046005e-30 -1.905154069487457e-30 -1.1067910182732852e-30 -6.196653839383894e-31 -3.3616926039645883e-31 -1.7731157026764745e-31 -9.111837002973967e-32 -4.567616536364049e-32 -2.234761420791029e-32 -1.0664903461876031e-32 -4.965387411652999e-33 -2.2520366233527684e-33 -9.924949891667727e-34 -4.234921401159101e-34 -1.7396243844765405e-34 -6.815353253924945e-35 -2.5043023048370135e-35 -8.342338797635693e-36 -2.3080602492742742e-36 -3.556284952255821e-37 1.4935751045078999e-37 2.0164933325317933e-37 1.4663846367641361e-37 8.809084884890993e-38 4.785540934505212e-38 2.433571066522912e-38 1.1779025120638935e-38 5.4762615055399575e-39 2.4565322245866188e-39 1.0675449984440881e-39 4.498285549148559e-40 1.8378866192388756e-40 7.272886641289499e-41 2.78024392343102e-41 1.0219121412388069e-41 3.5824147645535787e-42 1.1803761021437522e-42 3.550101697105558e-43 9.071857956363613e-44 1.4906808599053867e-44 -2.5566922658820308e-45 -4.268279546651411e-45 -2.885913869947938e-45 -1.5593103279984918e-45 -7.533784737031757e-46 -3.3879890265781414e-46 -1.4448493463859342e-46 -5.896812619908748e-47 -2.3183280125194163e-47 -8.798023191430983e-48 -3.226163942867816e-48 -1.1417978785897e-48 -3.8890093917088035e-49 -1.267614221103097e-49 -3.9134123777061847e-50 -1.121975891583269e-50 -2.8623253145985575e-51 -5.737951701996129e-52 -3.7959189277872277e-53 4.576789463697984e-53 3.645950594974493e-53 1.9503300296820222e-53 8.932691039392542e-54 3.74171171742907e-54 1.4729937539127716e-54 5.523601752848195e-55 1.9871612247548097e-55 6.88327370168205e-56 2.29838313685245e-56 7.391385224211651e-57 2.2819440651900735e-57 6.719244624273318e-58 1.8638986825226476e-58 4.752848992479031e-59 1.051891816628573e-59 1.6642710145453577e-60 -5.2973578598712e-62 -2.0901340280515166e-61 -1.2697545770731553e-61 -5.850711904524868e-62 -2.3750465401301953e-62 -8.910593751495122e-63 -3.158282062387523e-63 -1.0687727767983648e-63 -3.472290541301835e-64 -1.0856921143830835e-64 -3.26719683115355e-65 -9.440403152834773e-66 -2.6046591577748853e-66 -6.788972347792911e-67 -1.6366874541080368e-67 -3.4797566500348043e-68 -5.64094351438745e-69 -1.6505465102063655e-70 4.139267815883918e-70 2.5835086895662027e-70 1.1444462238736901e-70 4.392205634185464e-71 1.548134731664627e-71 5.136935722995996e-72 1.6243484674723686e-72 4.925565017966962e-73 1.4362478365687693e-73 4.027657201356546e-74 1.0835578058986081e-74 2.7802424157475727e-75 6.725952212657118e-76 1.4991891951339644e-76 2.918948481203869e-77 4.1748582969033117e-78 -1.7717850805235055e-80 -3.408832299830476e-79 -1.8618777370911317e-79 -7.544078748534446e-80 -2.6768076073587037e-80 -8.75471033159823e-81 -2.7019756051937326e-81 -7.953308693710475e-82 -2.2453965186230565e-82 -6.094165033391337e-83 -1.5893231023223983e-83 -3.9695315306468965e-84 -9.425133183780573e-85 -2.0958810210351113e-85 -4.2398514158585754e-86 -7.232859821607642e-87 -7.636021159257701e-88 1.137872471914115e-88 1.129083098325725e-88 5.057012703145439e-89 1.8289942661053322e-89 5.93059114028382e-90 1.7906663400489685e-90 5.123361002504157e-91 1.4013689712512632e-91 3.6798572532075065e-92 9.286619050743189e-93 2.2485517327507664e-93 5.196141042998706e-94 1.1346601067448302e-94 2.2931498155782674e-95 4.09403355500081e-96 5.593070707928457e-97 1.0951453714609163e-98 -4.214200961849729e-98 
-0.1017306589495089 -0.06968614556484026 -0.06255574882475594 -0.056622281428610165 -0.05150310551637668 -0.03683477548378725 3.843161045984117e-05 2.9208127496154638e-08 -5.914631297850542e-12 3.2501634018828945e-14 4.921552821816489e-16 1.3020543197201295e-17 1.3296051775424069e-18 3.0563749547426095e-19 1.0666705970982321e-19 4.617749059955061e-20 2.245376442905549e-20 1.1676073400999312e-20 6.326247705828645e-21 3.517269943899939e-21 1.9870694607188503e-21 1.1328041156544063e-21 6.482940424888297e-22 3.7087057966095386e-22 2.112936185937659e-22 1.1946109551015703e-22 6.678724236795962e-23 3.6771101954901536e-23 1.9838823650053125e-23 1.0419581637599746e-23 5.274717993379521e-24 2.53245873794846e-24 1.1171993885952334e-24 4.197160570667588e-25 9.897332215424905e-26 -3.1807287181847896e-26 -7.21259870358414e-26 -7.328899842827937e-26 -6.043727487939314e-26 -4.496754428286069e-26 -3.1366787506121666e-26 -2.0898317271500515e-26 -1.343213795073146e-26 -8.383222799820371e-27 -5.09657432313753e-27 -3.0271896842263066e-27 -1.7592908787700654e-27 -1.0013632061900604e-27 -5.5893981818186745e-28 -3.057655016141289e-28 -1.640993215474717e-28 -8.633904434688433e-29 -4.4507341235895513e-29 -2.245841405209811e-29 -1.1077686843945605e-29 -5.330522474970533e-30 -2.4950283053228056e-30 -1.1310655914706465e-30 -4.932861589596836e-31 -2.046933888182517e-31 -7.920268076974121e-32 -2.737189675714358e-32 -7.471306040866261e-33 -6.944043225115877e-34 1.085631100995587e-33 1.1899210274118948e-33 8.74165832283237e-34 5.5076656242246505e-34 3.181219268157779e-34 1.7318528364209376e-34 9.011793687922176e-35 4.517766067141378e-35 2.192202781852915e-35 1.0324798830296843e-35 4.726764835130648e-36 2.1044112482893512e-36 9.10729069275792e-37 3.825795385455131e-37 1.5558592563920837e-37 6.098025284926746e-38 2.2862983211010829e-38 8.09331877444959e-39 2.63764413099571e-39 7.456638943036834e-40 1.501173303575799e-40 -7.28844324595897e-42 -3.2115051790608146e-41 -2.496404814373346e-41 -1.4798912297723227e-41 -7.743823714107811e-42 -3.752471903652881e-42 -1.7204846431350158e-42 -7.547693980152133e-43 -3.1879161684288886e-43 -1.3007674147999323e-43 -5.135027967048099e-44 -1.961214609641034e-44 -7.235593118352756e-45 -2.5697860363863813e-45 -8.7311339546512e-46 -2.806130585450303e-46 -8.349069667894595e-47 -2.1897486270356403e-47 -4.378117347856747e-48 -1.5105375697840226e-49 4.969883651003162e-49 3.8270203665463226e-49 2.096854247435385e-49 9.962368852016123e-50 4.350087135911048e-50 1.7895267486352118e-50 7.024011525449754e-51 2.647481320630736e-51 9.616691426872171e-52 3.3704141353929534e-52 1.1389205405973748e-52 3.7002286396991354e-53 1.1491854263412713e-53 3.375444715462914e-54 9.184308258231345e-55 2.210692632832584e-55 4.1007942765358845e-56 1.7870209212924834e-57 -3.5194104451950325e-57 -2.5332891132948145e-57 -1.2727306408010523e-57 -5.519366989397064e-58 -2.1954497440068337e-58 -8.217553454797351e-59 -2.931343857474403e-59 -1.0032212853651536e-59 -3.30470475021502e-60 -1.0485962647210717e-60 -3.1999496900714946e-61 -9.351839800744182e-62 -2.598187261840392e-62 -6.752147851270424e-63 -1.5902260501859842e-63 -3.1219022448039324e-64 -3.5430626363250492e-65 8.820523821554365e-66 8.833363659866184e-66 4.5284730531184846e-66 1.9019257895553984e-66 7.194196046471143e-67 2.539177631635938e-67 8.502536444823325e-68 2.7243606084895042e-68 8.388510146786846e-69 2.4855011438617704e-69 7.07946774542243e-70 1.9310778268269655e-70 5.0051606706623585e-71 1.214164441492568e-71 2.6707278476502074e-72 4.911652688825289e-73 5.323062671762369e-74 -1.129801989995477e-74 -1.0922723803500588e-74 -5.251698624463171e-75 -2.0612061676708214e-75 -7.277562521044252e-76 -2.3962453651493702e-76 -7.482692801408245e-77 -2.2350585924545275e-77 -6.412537437624287e-78 -1.7692972287826272e-78 -4.6880883908145214e-79 -1.1876594840394787e-79 -2.850960845689432e-80 -6.366249636841818e-81 -1.2736469660721698e-81 -2.048501217650172e-82 -1.428860620884778e-83 7.664559506199436e-84 5.159393024356781e-84 2.1830624954951653e-84 7.808241499391834e-85 2.5407428093905436e-85 7.752451087052701e-86 2.249675954320011e-86 6.251265046166399e-87 1.6685798255055386e-87 4.281805366255835e-88 1.05309659784473e-88 2.4686477539564682e-89 5.448763906186931e-90 1.1050193295141222e-90 1.9436981216762428e-91 2.4373751702385753e-92 -6.733911302201403e-94 -1.9687283301224404e-93 -9.496449646230208e-94 -3.4823523109916573e-94 -1.1254936294342592e-94 -3.3631433277251266e-95 -9.49025302750961e-96 -2.557300025954319e-96 -6.689238029971992e-97 -2.0284315482190733e-97 
1900 1 14 0 0 0
14.816283464664314 14.816251722364509 14.816214871557376 14.816170722801198 14.816112976825114 14.815252278388389 13.850365104464672 13.250296699567173 12.749994522018321 12.25135371762134 12.001668298007575 12.000031763485747 12.000002766295937 12.000000599733998 12.000000216780908 12.00000010373889 12.000000057947947 12.000000035460824 12.000000023008193 12.00000001554125 12.000000010805582 12.000000007675295 12.000000005539693 12.000000004046452 12.000000002982063 12.000000002211925 12.000000001647823 12.000000001231038 12.00000000092095 12.000000000689102 12.000000000515234 12.000000000384611 12.000000000286427 12.00000000021266 12.000000000157339 12.000000000115966 12.00000000008509 12.000000000062153 12.000000000045176 12.000000000032678 12.000000000023524 12.000000000016847 12.00000000001201 12.000000000008523 12.000000000006047 12.00000000000428 12.000000000003027 12.000000000002158 12.000000000001558 12.000000000001133 12.00000000000085 12.000000000000659 12.00000000000053 12.000000000000451 12.000000000000396 12.000000000000364 12.00000000000035 12.000000000000336 12.000000000000334 12.000000000000329 12.000000000000322 12.000000000000316 12.000000000000318 12.000000000000313 12.000000000000304 12.00000000000029 12.000000000000275 12.000000000000266 12.000000000000258 12.00000000000025 12.000000000000247 12.000000000000245 12.00000000000024 12.00000000000024 12.00000000000024 12.000000000000242 12.000000000000247 12.000000000000254 12.000000000000254 12.000000000000261 12.000000000000268 12.000000000000272 12.000000000000275 12.000000000000279 12.000000000000282 12.000000000000286 12.000000000000293 12.000000000000297 12.0000000000003 12.000000000000309 12.000000000000313 12.000000000000314 12.000000000000314 12.000000000000313 12.000000000000309 12.000000000000307 12.000000000000307 12.000000000000309 12.00000000000031 12.000000000000313 12.000000000000309 12.000000000000309 12.000000000000304 12.000000000000297 12.00000000000029 12.000000000000284 12.000000000000279 12.00000000000027 12.000000000000263 12.000000000000256 12.000000000000258 12.000000000000261 12.000000000000265 12.000000000000266 12.000000000000268 12.000000000000266 12.00000000000027 12.000000000000274 12.000000000000284 12.000000000000288 12.000000000000288 12.000000000000286 12.000000000000284 12.000000000000282 12.000000000000288 12.000000000000291 12.000000000000293 12.000000000000298 12.000000000000302 12.000000000000307 12.0000000000003 12.000000000000298 12.000000000000295 12.000000000000297 12.0000000000003 12.000000000000297 12.000000000000293 12.000000000000288 12.000000000000284 12.000000000000288 12.000000000000286 12.000000000000288 12.000000000000288 12.000000000000286 12.00000000000029 12.000000000000288 12.000000000000288 12.000000000000291 12.000000000000291 12.000000000000291 12.000000000000288 12.000000000000288 12.000000000000286 12.000000000000286 12.000000000000282 12.00000000000028 12.000000000000282 12.000000000000284 12.000000000000286 12.000000000000291 12.000000000000298 12.000000000000306 12.000000000000306 12.000000000000306 12.000000000000307 12.000000000000306 12.000000000000306 12.000000000000306 12.000000000000307 12.000000000000309 12.00000000000031 12.000000000000309 12.000000000000307 12.000000000000309 12.000000000000307 12.000000000000304 12.000000000000297 12.000000000000293 12.000000000000282 12.000000000000275 12.00000000000027 12.000000000000268 12.000000000000261 12.00000000000026 12.00000000000026 12.00000000000026 12.000000000000258 12.000000000000258 12.000000000000254 12.000000000000254 12.000000000000254 12.00000000000026 12.000000000000263 12.00000000000027 12.000000000000279 12.000000000000284 12.00000000000029 12.00000000000029 12.00000000000029 12.000000000000286 
34.99999999999985 34.999999999999844 34.999999999999844 34.99999999999984 34.999999999999844 34.99999999999984 35.00000000000004 34.99999999999999 35.00000000000001 35.00000000000007 35.0000000000001 35.00000000000005 35.00000000000005 34.99999999999993 34.999999999999915 34.99999999999994 34.99999999999997 34.99999999999992 34.99999999999991 34.99999999999991 34.99999999999994 34.99999999999994 34.99999999999996 34.999999999999964 34.999999999999986 34.99999999999999 35.00000000000001 35.00000000000001 35.00000000000002 35.000000000000014 35.00000000000002 35.00000000000005 35.00000000000005 35.00000000000007 35.00000000000009 35.00000000000012 35.00000000000012 35.000000000000156 35.0000000000002 35.00000000000023 35.00000000000025 35.00000000000028 35.00000000000032 35.000000000000355 35.0000000000004 35.00000000000044 35.00000000000048 35.00000000000053 35.00000000000059 35.000000000000625 35.00000000000066 35.000000000000696 35.00000000000073 35.00000000000075 35.00000000000077 35.0000000000008 35.000000000000846 35.00000000000086 35.000000000000874 35.000000000000874 35.000000000000874 35.00000000000087 35.00000000000086 35.00000000000085 35.00000000000083 35.0000000000008 35.00000000000077 35.00000000000075 35.00000000000073 35.00000000000072 35.00000000000069 35.00000000000069 35.00000000000067 35.00000000000067 35.00000000000067 35.00000000000068 35.00000000000069 35.0000000000007 35.00000000000071 35.000000000000725 35.00000000000073 35.00000000000074 35.00000000000074 35.000000000000746 35.00000000000075 35.00000000000076 35.00000000000079 35.00000000000081 35.000000000000824 35.000000000000846 35.00000000000086 35.00000000000087 35.00000000000085 35.00000000000086 35.00000000000087 35.000000000000846 35.000000000000846 35.00000000000085 35.00000000000086 35.00000000000087 35.00000000000087 35.00000000000085 35.000000000000846 35.00000000000083 35.000000000000824 35.0000000000008 35.000000000000796 35.000000000000774 35.00000000000077 35.000000000000774 35.000000000000774 35.00000000000077 35.00000000000078 35.000000000000796 35.00000000000079 35.00000000000078 35.000000000000774 35.00000000000079 35.00000000000079 35.0000000000008 35.0000000000008 35.0000000000008 35.0000000000008 35.00000000000079 35.0000000000008 35.00000000000081 35.00000000000081 35.00000000000083 35.00000000000083 35.00000000000084 35.00000000000083 35.00000000000085 35.000000000000846 35.00000000000087 35.00000000000086 35.00000000000085 35.00000000000083 35.000000000000824 35.000000000000824 35.00000000000083 35.00000000000083 35.00000000000084 35.00000000000084 35.00000000000084 35.00000000000084 35.00000000000084 35.000000000000824 35.00000000000083 35.00000000000084 35.000000000000824 35.00000000000081 35.0000000000008 35.00000000000079 35.000000000000796 35.00000000000078 35.0000000000008 35.0000000000008 35.00000000000082 35.000000000000824 35.00000000000084 35.00000000000085 35.00000000000087 35.00000000000087 35.00000000000085 35.00000000000085 35.00000000000084 35.000000000000846 35.00000000000085 35.00000000000086 35.000000000000874 35.00000000000089 35.00000000000088 35.00000000000088 35.00000000000089 35.000000000000895 35.000000000000874 35.00000000000086 35.00000000000084 35.0000000000008 35.00000000000078 35.00000000000078 35.00000000000077 35.00000000000075 35.00000000000075 35.00000000000075 35.00000000000075 35.000000000000746 35.00000000000075 35.000000000000746 35.000000000000746 35.00000000000076 35.00000000000078 35.0000000000008 35.000000000000824 35.000000000000846 35.00000000000086 35.00000000000088 35.00000000000088 35.00000000000088 35.00000000000085 
0.09945727021729507 -0.0062451486192366765 -0.01510268061761975 -0.020883456376317132 -0.02471051947317969 -0.03243585811196477 -7.948493910397472e-05 1.9351657062150096e-08 1.5250966244724254e-11 1.697076154811413e-14 2.7200286123230837e-16 6.707041535309035e-18 6.087713451405278e-19 1.247608423945134e-19 3.916450938020743e-20 1.5336986081668754e-20 6.743321198216184e-21 3.1492152920753606e-21 1.5114758415497182e-21 7.275850110276788e-22 3.4283990996029227e-22 1.5282351943562141e-22 6.012792722854724e-23 1.6511830993915444e-23 -2.4940031221745387e-24 -9.442290701442238e-24 -1.0769243269613617e-23 -9.728442185269347e-24 -7.911758128559664e-24 -6.0496709985270315e-24 -4.4361984596796156e-24 -3.152608072983674e-24 -2.1846068944923537e-24 -1.4816811291747889e-24 -9.860357488260468e-25 -6.449483954444214e-25 -4.150412271548188e-25 -2.629829217507105e-25 -1.6413629270533298e-25 -1.0093727891123016e-25 -6.117565503492747e-26 -3.653011615712703e-26 -2.1489287174220275e-26 -1.2450969069107103e-26 -7.107134501509418e-27 -3.9895622502415345e-27 -2.202369534381401e-27 -1.1942981621824396e-27 -6.353369933974199e-28 -3.3093646010211356e-28 -1.6853450732051188e-28 -8.355365510344096e-29 -4.016710120867298e-29 -1.8577289888708864e-29 -8.165574823494111e-30 -3.3345618152053086e-30 -1.2018668946463491e-30 -3.275181065263771e-31 -9.567717704464506e-33 7.889961162444987e-32 8.327371666532798e-32 6.379747040560692e-32 4.2705751404756306e-32 2.641790439882476e-32 1.5475500401610613e-32 8.694440320865206e-33 4.718702663404653e-33 2.4844011682644365e-33 1.2735811878801408e-33 6.3636513773322054e-34 3.1024817458397917e-34 1.4757566287333778e-34 6.846222988053131e-35 3.093752031189196e-35 1.3590261406167728e-35 5.7805066999900155e-36 2.3695977948802595e-36 9.273776067757121e-37 3.4105272760702746e-37 1.1413225579437914e-37 3.2051589747252457e-38 5.3502814805301716e-39 -1.686219894235604e-39 -2.5328553306616777e-39 -1.8763143787422904e-39 -1.135587029271498e-39 -6.194630498419922e-40 -3.1594218508861092e-40 -1.5325986783693192e-40 -7.139852926621802e-41 -3.212210191331691e-41 -1.3996829062751282e-41 -5.915565670388642e-42 -2.425343354649662e-42 -9.635920384281859e-43 -3.700464479498242e-43 -1.3673443569800762e-43 -4.823140606410469e-44 -1.6012302123840039e-44 -4.864076898953183e-45 -1.2628037780636122e-45 -2.1693030796185454e-46 2.957801666038575e-47 5.680664135002597e-47 3.933233114004316e-47 2.1558099986452012e-47 1.0539908588674695e-47 4.789455138571119e-48 2.0644563572970288e-48 8.523330079229344e-49 3.3892123790262455e-49 1.3016739397576225e-49 4.832838421553117e-50 1.7332256730557264e-50 5.988366078650132e-51 1.9828399612108153e-51 6.2323642746477996e-52 1.8263820152063394e-52 4.802534656221923e-53 1.0201576121766088e-53 9.777441344226053e-55 -6.2661616292740034e-55 -5.652288575928304e-55 -3.1582824833582324e-55 -1.4885480619654325e-55 -6.3839449250651605e-56 -2.567697395554433e-56 -9.826425393900002e-57 -3.6086428963963385e-57 -1.275717799488088e-57 -4.351417173920315e-58 -1.4308101898664299e-58 -4.523201117505286e-59 -1.367007590457932e-59 -3.907810209463711e-60 -1.0349694496271559e-60 -2.424898265714071e-61 -4.375603326053693e-62 -1.8183017899551309e-63 3.5926599953257626e-63 2.515688395728048e-63 1.2318448416097506e-63 5.2096858082347045e-64 2.0218207072569548e-64 7.386228370619141e-65 2.572407022139634e-65 8.597212754853419e-66 2.76588450283565e-66 8.5713756782255e-67 2.5544280873341947e-67 7.288541715042464e-68 1.9737947658327478e-68 4.988365436910142e-69 1.1351018107113684e-69 2.112109195658049e-70 1.9769844216873933e-71 -8.043678027331513e-72 -6.68997746465126e-72 -3.2569418487486934e-72 -1.3237761477594744e-72 -4.8802373004688806e-73 -1.684083287604432e-73 -5.5229381915628084e-74 -1.7348762745105535e-74 -5.239672602607891e-75 -1.523050217071513e-75 -4.254638786510395e-76 -1.1372269715998076e-76 -2.882935775687858e-77 -6.813101141798675e-78 -1.4464589898790276e-78 -2.494120448220228e-79 -2.0444934746913887e-80 9.177551341460838e-81 6.862233886234362e-81 3.1022571097849216e-81 1.1777653812073068e-81 4.061216978679012e-82 1.3116479825729358e-82 4.027167799934497e-83 1.1837607345392637e-83 3.3455991856324195e-84 9.095059348467067e-85 2.3733101188274983e-85 5.913028215398139e-86 1.3923515671789738e-86 3.0342297576043847e-87 5.838397218206129e-88 8.597748728131738e-89 2.511359255784639e-90 -5.029173674846092e-90 -2.8610296165142734e-90 -1.1494887483265953e-90 -3.998395653406765e-91 -1.2771075186114366e-91 -3.839930155318226e-92 -1.1002769587652724e-92 -3.025066599224432e-93 -8.095801578918242e-94 -2.5179972000295405e-94 
-0.10160573206652625 -0.06960193701945384 -0.06249239079852264 -0.05657053934278509 -0.05146403438215944 -0.03719974920004285 4.085883532985037e-05 3.192585245149846e-08 -9.565406001092975e-12 -1.0718589845988924e-14 -7.678988531435474e-17 -3.2399732032093048e-18 -4.26715637405785e-19 -1.144332545211171e-19 -4.451392866340342e-20 -2.1034067043235453e-20 -1.105057507261772e-20 -6.175882458538747e-21 -3.586793416611805e-21 -2.1356101051318613e-21 -1.292484303732657e-21 -7.904685359402511e-22 -4.864847636684742e-22 -3.0032118925683617e-22 -1.854950245099244e-22 -1.1439469305174698e-22 -7.030816179403696e-23 -4.29988155965497e-23 -2.6129149875630343e-23 -1.575368560659109e-23 -9.410967792203863e-24 -5.5624105707024395e-24 -3.2478807420404613e-24 -1.8700897695634793e-24 -1.0596751733305808e-24 -5.894827100134538e-25 -3.208206533209272e-25 -1.7006585823562736e-25 -8.721461429906355e-26 -4.28147330344713e-26 -1.975230346654176e-26 -8.238122073503892e-27 -2.801502330496675e-27 -4.459412315383389e-28 4.239658820699718e-28 6.3031449519989985e-28 5.751436600386051e-28 4.438175239159024e-28 3.130341470488015e-28 2.0813425533108713e-28 1.3258661353902529e-28 8.156684132981776e-29 4.8755902939878716e-29 2.84033646878349e-29 1.616369191394071e-29 8.999612817347739e-30 4.90399471096377e-30 2.6189722128526663e-30 1.3702211594767568e-30 7.02110669836431e-31 3.5212630567112415e-31 1.7265574042037407e-31 8.262158906851771e-32 3.84861018037687e-32 1.7382927863906234e-32 7.567339097541343e-33 3.14329840912441e-33 1.2239981693046584e-33 4.315299888317547e-34 1.2525689651134439e-34 1.8878863133887858e-35 -1.0942896045974786e-35 -1.4592379525310504e-35 -1.119407182548969e-35 -7.170593323203628e-36 -4.1705608930202875e-36 -2.2775696868860553e-36 -1.1863543049785122e-36 -5.947094517663435e-37 -2.8840592874670417e-37 -1.3572090634326973e-37 -6.208163088189797e-38 -2.761988643723612e-38 -1.1947543039286478e-38 -5.0182595547877444e-39 -2.0413768255073748e-39 -8.007336001059552e-40 -3.0067460479699876e-40 -1.0666665988261948e-40 -3.4888719755584465e-41 -9.942835753094369e-42 -2.0438935216034283e-42 6.504670272004322e-44 4.108250026088391e-43 3.2509322010964085e-43 1.944173282125682e-43 1.0241711563579081e-43 4.993410482912184e-44 2.303425428262098e-44 1.0168749995358779e-44 4.323494948327145e-45 1.7765904280352438e-45 7.066582794512966e-46 2.72099142029568e-46 1.0127732745014939e-46 3.6318759402213265e-47 1.2474267949853899e-47 4.05651499338086e-48 1.2254883057272498e-48 3.287626661239956e-49 6.871236481679559e-50 4.087248805579607e-51 -6.700789000594529e-51 -5.503331668320755e-51 -3.099626491981003e-51 -1.5020862647436248e-51 -6.672211201196101e-52 -2.7894941110700047e-52 -1.112238751027084e-52 -4.259599016067214e-53 -1.572691840072394e-53 -5.60585441923235e-54 -1.9282289225907927e-54 -6.384424888636158e-55 -2.024400710847354e-55 -6.088828099932331e-56 -1.7055881139494856e-56 -4.277008147828903e-57 -8.617271120253979e-58 -7.395304364266065e-59 5.199239913808085e-59 4.364852730819304e-59 2.318167815227328e-59 1.0423035685859084e-59 4.26935777684252e-60 1.6407429522396847e-60 6.001494439128381e-61 2.1052083446648018e-61 7.109301624982162e-62 2.3128788312355665e-62 7.249730638602343e-63 2.180615038680241e-63 6.252100222344708e-64 1.6869758710555417e-64 4.174064345072924e-65 8.90154712037092e-66 1.3140088134583197e-66 -8.313276125117142e-68 -1.8448331530968125e-67 -1.0625079850999085e-67 -4.739714951827134e-68 -1.8730325657884904e-68 -6.859796587673702e-69 -2.3759832483103263e-69 -7.863338970836332e-70 -2.499705840700107e-70 -7.649435308016742e-71 -2.2527840475863597e-71 -6.368012238493202e-72 -1.7159432964649873e-72 -4.3607316155005194e-73 -1.0200299771574251e-73 -2.0773476793319763e-74 -3.0630125385304775e-75 5.464511701426638e-77 3.020604830363657e-76 1.705843633162171e-76 7.241425528859603e-77 2.701268798126023e-77 9.307328752840526e-78 3.0275491676575576e-78 9.399959063571356e-79 2.80120219181348e-79 8.03016853411493e-80 2.213699637662164e-80 5.850684089151452e-81 1.4725151851348072e-81 3.483102653994371e-82 7.536796698619498e-83 1.3974785136733349e-83 1.7445931327925615e-84 -1.3880183722475685e-85 -2.12358753455127e-85 -1.0525470949161932e-85 -4.094208723736015e-86 -1.4162485145633382e-86 -4.546751521080197e-87 -1.38120054022597e-87 -4.0090253467616e-88 -1.1172008712224877e-88 -2.9938772849428502e-89 -7.707188991142951e-90 -1.8978110043245173e-90 -4.4334833429774197e-91 -9.660117105617931e-92 -1.8934356072097145e-92 -3.0266272582761164e-93 -2.358324136550643e-94 9.816785486640065e-95 8.917448495130433e-95 
1900 1 15 0 0 0
14.814217500615595 14.814181807091932 14.814140385244102 14.814090803017791 14.814025597403704 14.813143920290495 13.862562419234072 13.250350559378786 12.74999452008815 12.251457603927912 12.001794959658888 12.000035541125985 12.000003138832861 12.000000682247308 12.00000024622256 12.000000117785786 12.000000065919522 12.000000040480376 12.000000026384049 12.000000017914907 12.000000012528647 12.0000000089558 12.000000006508886 12.000000004789984 12.000000003558688 12.000000002662519 12.000000002002084 12.000000001510609 12.000000001142144 12.0000000008643 12.000000000653989 12.000000000494357 12.000000000373102 12.000000000280934 12.000000000210914 12.00000000015781 12.000000000117662 12.00000000008737 12.000000000064595 12.000000000047553 12.000000000034845 12.000000000025413 12.00000000001846 12.000000000013348 12.000000000009624 12.00000000000692 12.000000000004968 12.00000000000357 12.000000000002576 12.00000000000187 12.000000000001378 12.000000000001034 12.000000000000796 12.000000000000636 12.000000000000531 12.00000000000046 12.000000000000416 12.000000000000393 12.000000000000375 12.000000000000359 12.000000000000352 12.000000000000345 12.00000000000034 12.000000000000334 12.000000000000322 12.000000000000314 12.000000000000304 12.000000000000293 12.000000000000282 12.000000000000277 12.000000000000275 12.000000000000268 12.000000000000261 12.00000000000026 12.000000000000261 12.000000000000266 12.000000000000265 12.000000000000272 12.000000000000279 12.000000000000286 12.000000000000291 12.000000000000297 12.000000000000304 12.000000000000304 12.000000000000304 12.000000000000307 12.000000000000309 12.000000000000314 12.000000000000323 12.000000000000329 12.000000000000336 12.00000000000034 12.00000000000034 12.000000000000338 12.000000000000338 12.000000000000334 12.00000000000033 12.000000000000327 12.000000000000325 12.000000000000327 12.000000000000323 12.000000000000322 12.00000000000032 12.000000000000313 12.000000000000309 12.000000000000306 12.000000000000302 12.000000000000297 12.000000000000291 12.000000000000286 12.000000000000288 12.000000000000288 12.00000000000029 12.00000000000029 12.00000000000029 12.000000000000291 12.000000000000297 12.000000000000297 12.000000000000298 12.000000000000302 12.000000000000309 12.000000000000314 12.000000000000313 12.00000000000031 12.000000000000314 12.000000000000316 12.000000000000322 12.000000000000323 12.000000000000323 12.000000000000322 12.000000000000318 12.00000000000032 12.000000000000318 12.000000000000318 12.000000000000316 12.00000000000032 12.000000000000325 12.000000000000327 12.000000000000322 12.000000000000318 12.000000000000316 12.000000000000314 12.000000000000318 12.000000000000318 12.000000000000316 12.000000000000318 12.000000000000316 12.000000000000316 12.000000000000313 12.000000000000309 12.000000000000309 12.000000000000309 12.000000000000309 12.000000000000306 12.000000000000304 12.000000000000304 12.000000000000307 12.000000000000309 12.00000000000031 12.000000000000314 12.00000000000032 12.000000000000322 12.000000000000322 12.000000000000327 12.000000000000332 12.000000000000334 12.000000000000332 12.000000000000329 12.000000000000329 12.000000000000332 12.00000000000033 12.00000000000033 12.000000000000329 12.000000000000323 12.00000000000032 12.000000000000316 12.000000000000314 12.000000000000309 12.000000000000306 12.000000000000302 12.000000000000295 12.00000000000029 12.000000000000284 12.000000000000279 12.000000000000274 12.000000000000274 12.00000000000027 12.000000000000268 12.000000000000266 12.00000000000027 12.000000000000272 12.000000000000275 12.00000000000028 12.000000000000293 12.0000000000003 12.000000000000302 12.000000000000306 12.000000000000307 12.000000000000307 12.000000000000307 
34.999999999999794 34.999999999999794 34.999999999999794 34.99999999999981 34.9999999999998 34.99999999999979 35.00000000000003 35.00000000000008 34.99999999999997 35.000000000000036 35.00000000000009 35.000000000000014 35.00000000000006 34.999999999999915 34.99999999999989 34.99999999999992 34.99999999999994 34.99999999999993 34.999999999999915 34.999999999999936 34.99999999999995 34.99999999999996 34.99999999999997 34.999999999999986 34.99999999999997 34.99999999999998 34.999999999999986 35.000000000000014 35.000000000000036 35.00000000000004 35.00000000000006 35.00000000000007 35.000000000000085 35.00000000000009 35.00000000000012 35.00000000000013 35.00000000000015 35.00000000000017 35.000000000000206 35.00000000000021 35.00000000000025 35.00000000000029 35.00000000000033 35.00000000000038 35.00000000000042 35.00000000000046 35.0000000000005 35.00000000000055 35.00000000000059 35.00000000000064 35.000000000000696 35.000000000000746 35.000000000000774 35.0000000000008 35.00000000000083 35.00000000000085 35.00000000000088 35.00000000000092 35.00000000000093 35.00000000000093 35.00000000000094 35.00000000000093 35.000000000000924 35.00000000000091 35.000000000000895 35.00000000000087 35.00000000000085 35.00000000000082 35.000000000000796 35.000000000000774 35.00000000000077 35.00000000000075 35.00000000000074 35.000000000000725 35.000000000000725 35.00000000000074 35.00000000000074 35.000000000000746 35.00000000000077 35.00000000000078 35.000000000000796 35.0000000000008 35.0000000000008 35.00000000000081 35.00000000000082 35.00000000000083 35.00000000000085 35.00000000000087 35.0000000000009 35.0000000000009 35.00000000000092 35.00000000000093 35.00000000000094 35.000000000000945 35.000000000000945 35.00000000000093 35.00000000000092 35.000000000000924 35.00000000000091 35.00000000000092 35.00000000000091 35.0000000000009 35.00000000000089 35.00000000000088 35.00000000000087 35.000000000000874 35.00000000000086 35.00000000000085 35.000000000000846 35.00000000000084 35.00000000000085 35.000000000000846 35.00000000000085 35.000000000000846 35.000000000000846 35.00000000000086 35.00000000000087 35.00000000000087 35.00000000000085 35.00000000000085 35.00000000000086 35.00000000000088 35.000000000000874 35.000000000000874 35.00000000000088 35.00000000000089 35.0000000000009 35.00000000000092 35.000000000000924 35.00000000000091 35.00000000000091 35.00000000000091 35.0000000000009 35.0000000000009 35.00000000000091 35.00000000000092 35.00000000000093 35.00000000000093 35.00000000000094 35.000000000000945 35.00000000000094 35.000000000000924 35.00000000000092 35.00000000000093 35.00000000000094 35.000000000000924 35.000000000000924 35.000000000000924 35.0000000000009 35.000000000000874 35.000000000000874 35.000000000000874 35.000000000000874 35.000000000000874 35.000000000000874 35.000000000000874 35.00000000000089 35.000000000000895 35.0000000000009 35.0000000000009 35.00000000000091 35.000000000000924 35.00000000000091 35.000000000000924 35.000000000000945 35.00000000000094 35.000000000000945 35.000000000000945 35.00000000000095 35.000000000000966 35.000000000000966 35.00000000000095 35.000000000000945 35.00000000000093 35.000000000000924 35.000000000000924 35.0000000000009 35.00000000000089 35.00000000000088 35.00000000000086 35.000000000000846 35.00000000000083 35.00000000000082 35.000000000000796 35.000000000000796 35.000000000000796 35.00000000000079 35.00000000000078 35.00000000000079 35.000000000000796 35.00000000000081 35.000000000000824 35.00000000000085 35.00000000000089 35.00000000000092 35.00000000000093 35.00000000000093 35.00000000000094 35.000000000000945 35.00000000000094 
0.09936283233155199 -0.006260517597100799 -0.01509461892267714 -0.020874399890850992 -0.024721171288685447 -0.03232092620198435 -9.118782424332021e-05 2.1366793206721874e-08 1.779863668421526e-11 -1.0042527467748561e-14 -1.2085669398741327e-16 -3.556600276841693e-18 -3.801089914866087e-19 -8.865052126985356e-20 -3.1161632712513073e-20 -1.3610187704610864e-20 -6.698357417915617e-21 -3.534835521191858e-21 -1.947558445406655e-21 -1.1029119895676925e-21 -6.355435092710666e-22 -3.7003193344621717e-22 -2.1652395650739762e-22 -1.2676959774035537e-22 -7.397797601846395e-23 -4.2866415884840465e-23 -2.456621919001159e-23 -1.3860261097404355e-23 -7.653792153961996e-24 -4.1025960164200414e-24 -2.1074124259387995e-24 -1.0137650036251908e-24 -4.346283342101969e-25 -1.430281005749888e-25 -7.578772977400089e-27 4.636149973857717e-26 6.025156349830951e-26 5.638603167399837e-26 4.6170379892502435e-26 3.505259505611158e-26 2.5295142101193097e-26 1.7576476340786346e-26 1.1852685845805999e-26 7.790098288813241e-27 5.007670162268793e-27 3.154510418713599e-27 1.950666030606013e-27 1.1848013763393263e-27 7.073435152615595e-28 4.152576570733077e-28 2.3982087169077696e-28 1.3618910023676763e-28 7.606523130999868e-29 4.175790739386954e-29 2.2519167312010464e-29 1.1911518238506238e-29 6.175221214260331e-30 3.1310739146991333e-30 1.5486375785410648e-30 7.442793420152581e-31 3.45545950063005e-31 1.535241864953457e-31 6.420845407145407e-32 2.4455995938710777e-32 7.800331967580437e-33 1.4425883858429736e-33 -5.9286701082500674e-34 -9.749854280983354e-34 -8.258422829972197e-34 -5.756629649413395e-34 -3.630524707054256e-34 -2.1459635913323082e-34 -1.2108547742522589e-34 -6.580726229243321e-35 -3.464454690465987e-35 -1.7728723893633537e-35 -8.837180178015473e-36 -4.295749262052723e-36 -2.0371219505575514e-36 -9.421250679959775e-37 -4.2447370275650895e-37 -1.8594448873865754e-37 -7.893920289623553e-38 -3.230791189011456e-38 -1.2638284382663212e-38 -4.6543325685428026e-39 -1.5641469054412613e-39 -4.455511141797368e-40 -7.959132262005263e-41 1.857213946039297e-41 3.187615996137125e-41 2.409829516473919e-41 1.4702292268643168e-41 8.055488317578278e-42 4.120681335252724e-42 2.0042840615825775e-42 9.361165323977592e-43 4.2219738142454e-43 1.8445496510123693e-43 7.818424781657948e-44 3.2159341253330513e-44 1.2823991524215757e-44 4.945528302284517e-45 1.8363319113095635e-45 6.514835479629951e-46 2.1781874104582984e-46 6.679266770730313e-47 1.76051050887569e-47 3.1533739548461167e-48 -3.270322954092403e-49 -7.526897826438175e-49 -5.34079156303256e-49 -2.9676422902792102e-49 -1.4667065101845315e-49 -6.735765728343875e-50 -2.9322829469364418e-50 -1.2227062368683674e-50 -4.9115168968955273e-51 -1.9062257544596517e-51 -7.155707803074772e-52 -2.59646911899339e-52 -9.084723057863502e-53 -3.050134700324814e-53 -9.739854469147123e-54 -2.909494104975192e-54 -7.854367418161321e-55 -1.749965703271546e-55 -2.092780776764217e-56 8.151213662020457e-57 8.53041139439262e-57 4.9789926189767046e-57 2.4110904743691497e-57 1.0566873758229355e-57 4.333566777307428e-58 1.6898811377199e-58 6.318929120998988e-59 2.275796605809433e-59 7.909329952490028e-60 2.652111753133754e-60 8.560847619512074e-61 2.647048521973768e-61 7.767326328213624e-62 2.1246712577565934e-62 5.214639041104306e-63 1.0338182815091584e-63 9.238649990797014e-65 -5.542696748667372e-65 -4.666077871663579e-65 -2.4346588168826167e-65 -1.0717479220618471e-65 -4.293345345392606e-66 -1.6130096756710562e-66 -5.767144873815036e-67 -1.9773656160602693e-67 -6.5263635588751875e-68 -2.0760843991302527e-68 -6.358684349199941e-69 -1.86852053676264e-69 -5.230035748187573e-70 -1.3753433658139054e-70 -3.3038702126661605e-71 -6.767933043596134e-72 -9.10458423579314e-73 1.0441149038094876e-73 1.5267285017936146e-73 8.309171880440573e-74 3.58739627817494e-74 1.3817261752636749e-74 4.947267580467054e-75 1.677942172727291e-75 5.442850033037639e-76 1.6967766210151174e-76 5.093025037492875e-77 1.471035472974713e-77 4.075418042707552e-78 1.0755616229151894e-78 2.6683064037188627e-79 6.055954567474699e-80 1.1771423276166956e-80 1.5360581883848113e-81 -1.3367811405680245e-82 -2.0940872946403854e-82 -1.0878059975495e-82 -4.442664599857795e-83 -1.6145193439069335e-83 -5.445068006728563e-84 -1.7392036973066222e-84 -5.310524285163873e-85 -1.5575720524404613e-85 -4.395827817763155e-86 -1.192797399782372e-86 -3.0999415317581932e-87 -7.658869209679612e-88 -1.7715264551456848e-88 -3.716076148429764e-89 -6.514126000582914e-90 -6.68671010154965e-91 1.4202511369562822e-91 1.3512620465418962e-91 8.064493635924336e-92 
-0.10147440647500544 -0.0695154053342767 -0.062427793828224644 -0.05651672362692252 -0.051409275928579634 -0.03759516060789206 4.4804581161078984e-05 3.816007218753013e-08 -8.004459137177956e-12 -9.752254464273763e-15 -4.296270694781567e-17 -7.96204363220562e-19 -2.851888704785213e-20 4.339756923255971e-21 4.7685600961234596e-21 3.3384468861046837e-21 2.2219393704243334e-21 1.4714035744727974e-21 9.77098127584778e-22 6.510592588599516e-22 4.348463409750272e-22 2.907416965319754e-22 1.9434687971117496e-22 1.2971951443794268e-22 8.636766106288272e-23 5.730382377332983e-23 3.785542214859085e-23 2.4879640044243637e-23 1.6256180616547332e-23 1.0552079195158655e-23 6.800356155662234e-24 4.3482890551405935e-24 2.7571256614658642e-24 1.7324758674417273e-24 1.0781089935116577e-24 6.639965240616905e-25 4.0452895761076517e-25 2.4357782923206803e-25 1.4483342472629194e-25 8.497807964035407e-26 4.913859434909133e-26 2.796650948283198e-26 1.5645171647790716e-26 8.579974527956699e-27 4.601996308644753e-27 2.4044818182152597e-27 1.216975448386686e-27 5.910309367436817e-28 2.7117969893907716e-28 1.1399741972133975e-28 4.0722867434597084e-29 9.136004216133172e-30 -2.7214800377045488e-30 -5.884675047617089e-30 -5.647215710730375e-30 -4.387306220953199e-30 -3.0717222466157005e-30 -2.0145008394101658e-30 -1.260709363484701e-30 -7.6058518710443175e-31 -4.4505554982423096e-31 -2.5356394349864985e-31 -1.4101008975219394e-31 -7.666461788584693e-32 -4.078826209128492e-32 -2.1245379744775482e-32 -1.0833862339599274e-32 -5.406315707587403e-33 -2.637235955576111e-33 -1.2558918628140532e-33 -5.825260656290108e-34 -2.620618264085025e-34 -1.1387932150614572e-34 -4.734243748536642e-35 -1.8539408995958838e-35 -6.631102258473971e-36 -2.0072473162441886e-36 -3.775004595446987e-37 1.0019254359306519e-37 1.7828216892330141e-37 1.4348212648031602e-37 9.350959630856196e-38 5.481800983728433e-38 3.003893836847578e-38 1.5669375112167284e-38 7.858592256201382e-39 3.808717790075993e-39 1.7916173732739238e-39 8.191392489130055e-40 3.642854108341317e-40 1.5754708347979535e-40 6.618001940300314e-41 2.6934523404240636e-41 1.0575558026696118e-41 3.9774070620826236e-42 1.4150493319592069e-42 4.6494865285852935e-43 1.335834715549212e-43 2.8086847385583373e-44 -3.890176889464152e-46 -5.2493966743699294e-45 -4.24065768260365e-45 -2.5598538303340155e-45 -1.3575814700873635e-45 -6.658109452703915e-46 -3.0888969994189323e-46 -1.3715352937385119e-46 -5.866571437566714e-47 -2.425987569647853e-47 -9.714845369316385e-48 -3.767710337372785e-48 -1.4132340899580196e-48 -5.1111237194062864e-49 -1.772265915726117e-49 -5.832203241083088e-50 -1.7867661216934863e-50 -4.8888041783401684e-51 -1.061979417058568e-51 -8.586301647343758e-53 8.876508990472842e-53 7.814323570498916e-53 4.52067937850083e-53 2.231416435493239e-53 1.0067549923331771e-53 4.270460072095737e-54 1.726981300385361e-54 6.708303042976156e-55 2.512853153219286e-55 9.092105398599035e-56 3.176921918140072e-56 1.0696938348598644e-56 3.454614191635481e-57 1.0608723150508e-57 3.0476651233591327e-58 7.916330140365698e-59 1.7007157007593207e-59 1.9938668395313867e-60 -7.016461719948136e-61 -7.1883123032065e-61 -4.0429589515612546e-61 -1.8820187654252244e-61 -7.921542106511708e-62 -3.118354509207598e-62 -1.1667054833443502e-62 -4.1838645353457496e-63 -1.4443225506464591e-63 -4.808004219279545e-64 -1.542736753474633e-64 -4.758542335535112e-65 -1.4028302941587424e-65 -3.9096619718453354e-66 -1.0082604174508412e-66 -2.2927923949794238e-67 -3.965094888974987e-68 -1.1196620017009445e-69 3.431971260386043e-69 2.2854517004028256e-69 1.0860038421856267e-69 4.4786589096478015e-70 1.698178885106414e-70 6.067363778480933e-71 2.0677974244037337e-71 6.765025494886604e-72 2.1308856755091303e-72 6.465066409760915e-73 1.885704575537086e-73 5.261954884547398e-74 1.3914013990066608e-74 3.4222790004761307e-75 7.518677478859137e-76 1.3156769623061751e-76 8.985799108328333e-78 -6.738042978052648e-78 -4.812137890015088e-78 -2.23140047135744e-78 -8.803104323544732e-79 -3.1693803594654694e-79 -1.071348127862898e-79 -3.4474564125198894e-80 -1.0635647739072782e-80 -3.1561804019805624e-81 -9.014775521831428e-82 -2.4735507253827098e-82 -6.486196582216135e-83 -1.609546302125436e-83 -3.7035944255782527e-84 -7.572417913468801e-85 -1.2090351054942399e-85 -5.753510266905909e-87 6.650154690659463e-87 4.183792013131339e-87 1.7942549647107648e-87 6.611702132808632e-88 2.2312334246053575e-88 7.080342481000293e-89 2.140203978060262e-89 6.20362652862588e-90 1.7302423947557035e-90 4.702017407620666e-91 1.48407328959998e-91 
1900 1 16 0 0 0
14.811881464649487 14.811841837960237 14.811795874181424 14.811740907910016 14.81166836678084 14.810792335467688 13.876346202990808 13.250411123455457 12.749994591130461 12.251561457791878 12.001921437779401 12.000039463745203 12.000003531180322 12.000000769521504 12.000000277317072 12.000000132576172 12.000000074299784 12.000000045759053 12.000000029939926 12.000000020421266 12.000000014353686 12.000000010317269 12.000000007543205 12.000000005587337 12.000000004180146 12.000000003150912 12.000000002388447 12.000000001817654 12.00000000138691 12.000000001059725 12.000000000810186 12.000000000619135 12.000000000472653 12.00000000036018 12.000000000273848 12.000000000207656 12.000000000156946 12.000000000118234 12.000000000088718 12.000000000066304 12.000000000049354 12.000000000036586 12.000000000026999 12.000000000019865 12.000000000014548 12.000000000010616 12.00000000000773 12.00000000000562 12.000000000004086 12.000000000002975 12.000000000002185 12.000000000001624 12.000000000001224 12.00000000000095 12.000000000000755 12.000000000000624 12.000000000000535 12.000000000000467 12.000000000000432 12.000000000000407 12.00000000000039 12.000000000000382 12.000000000000368 12.000000000000357 12.00000000000035 12.000000000000338 12.000000000000325 12.000000000000314 12.000000000000304 12.000000000000295 12.000000000000288 12.000000000000284 12.00000000000028 12.000000000000284 12.000000000000284 12.000000000000288 12.000000000000291 12.000000000000302 12.000000000000309 12.000000000000313 12.000000000000316 12.000000000000323 12.000000000000327 12.000000000000334 12.000000000000338 12.00000000000034 12.000000000000346 12.000000000000346 12.000000000000348 12.000000000000352 12.000000000000359 12.000000000000359 12.000000000000359 12.000000000000353 12.000000000000355 12.000000000000359 12.000000000000357 12.000000000000359 12.000000000000357 12.000000000000353 12.000000000000348 12.000000000000343 12.000000000000338 12.000000000000334 12.000000000000329 12.000000000000318 12.000000000000314 12.00000000000031 12.000000000000307 12.000000000000309 12.000000000000307 12.000000000000306 12.000000000000307 12.000000000000307 12.000000000000309 12.000000000000309 12.000000000000314 12.00000000000032 12.000000000000323 12.000000000000327 12.000000000000329 12.000000000000332 12.000000000000334 12.00000000000034 12.000000000000343 12.000000000000346 12.000000000000343 12.000000000000343 12.00000000000034 12.000000000000343 12.000000000000345 12.000000000000345 12.000000000000343 12.000000000000345 12.000000000000345 12.000000000000346 12.00000000000035 12.00000000000035 12.000000000000352 12.000000000000353 12.000000000000352 12.000000000000345 12.00000000000034 12.000000000000343 12.000000000000345 12.000000000000343 12.00000000000034 12.000000000000334 12.00000000000034 12.000000000000338 12.000000000000334 12.000000000000338 12.000000000000338 12.000000000000332 12.000000000000327 12.000000000000327 12.000000000000329 12.00000000000033 12.000000000000332 12.000000000000336 12.00000000000034 12.000000000000341 12.000000000000345 12.000000000000352 12.000000000000353 12.000000000000357 12.000000000000357 12.000000000000353 12.000000000000353 12.000000000000352 12.000000000000348 12.000000000000345 12.000000000000345 12.00000000000035 12.000000000000348 12.000000000000345 12.000000000000334 12.00000000000033 12.000000000000323 12.000000000000314 12.000000000000313 12.000000000000304 12.0000000000003 12.000000000000298 12.000000000000297 12.000000000000291 12.00000000000029 12.000000000000284 12.000000000000284 12.000000000000284 12.000000000000291 12.000000000000293 12.000000000000297 12.000000000000306 12.000000000000313 12.000000000000318 12.000000000000327 12.000000000000334 12.000000000000336 12.00000000000033 
34.99999999999977 34.99999999999977 34.999999999999766 34.99999999999975 34.99999999999976 34.999999999999766 35.0 35.000000000000085 35.0 35.00000000000003 35.00000000000005 35.00000000000005 35.00000000000007 34.99999999999998 34.9999999999999 34.99999999999987 34.999999999999915 34.999999999999936 34.999999999999936 34.999999999999936 34.99999999999995 34.99999999999997 34.99999999999998 34.999999999999964 34.99999999999998 34.99999999999998 34.999999999999986 35.0 35.00000000000002 35.00000000000003 35.00000000000006 35.00000000000008 35.000000000000085 35.000000000000114 35.000000000000114 35.000000000000135 35.00000000000015 35.00000000000016 35.00000000000019 35.00000000000021 35.00000000000026 35.00000000000031 35.000000000000355 35.0000000000004 35.00000000000043 35.000000000000476 35.00000000000052 35.00000000000056 35.00000000000061 35.000000000000654 35.000000000000696 35.000000000000746 35.00000000000077 35.00000000000081 35.00000000000085 35.00000000000088 35.00000000000091 35.00000000000093 35.00000000000095 35.000000000000966 35.00000000000099 35.000000000000995 35.00000000000098 35.00000000000097 35.00000000000095 35.00000000000093 35.0000000000009 35.000000000000874 35.00000000000085 35.00000000000082 35.00000000000081 35.000000000000796 35.00000000000078 35.00000000000079 35.00000000000079 35.0000000000008 35.00000000000081 35.000000000000824 35.000000000000846 35.00000000000085 35.00000000000086 35.000000000000874 35.000000000000895 35.00000000000091 35.000000000000924 35.00000000000093 35.000000000000945 35.00000000000095 35.00000000000096 35.00000000000097 35.000000000000995 35.000000000000995 35.00000000000099 35.00000000000099 35.000000000000995 35.00000000000101 35.000000000001 35.00000000000101 35.00000000000101 35.000000000000995 35.00000000000099 35.00000000000095 35.000000000000945 35.000000000000924 35.00000000000092 35.000000000000895 35.000000000000895 35.000000000000895 35.000000000000895 35.0000000000009 35.0000000000009 35.000000000000895 35.00000000000091 35.00000000000091 35.000000000000924 35.00000000000092 35.00000000000093 35.000000000000945 35.000000000000945 35.00000000000094 35.000000000000924 35.000000000000924 35.00000000000094 35.000000000000945 35.000000000000945 35.00000000000095 35.000000000000945 35.00000000000095 35.000000000000945 35.00000000000095 35.00000000000096 35.000000000000966 35.00000000000097 35.00000000000099 35.000000000000995 35.00000000000101 35.000000000001016 35.00000000000102 35.00000000000102 35.00000000000103 35.00000000000102 35.000000000001016 35.000000000000995 35.000000000000995 35.000000000001016 35.000000000001 35.00000000000099 35.00000000000095 35.000000000000945 35.000000000000945 35.000000000000945 35.00000000000095 35.00000000000096 35.00000000000095 35.000000000000945 35.000000000000945 35.00000000000095 35.00000000000096 35.00000000000096 35.000000000000966 35.00000000000096 35.000000000000966 35.00000000000099 35.00000000000101 35.000000000001016 35.00000000000102 35.000000000001016 35.00000000000101 35.000000000001016 35.00000000000102 35.000000000001016 35.00000000000101 35.00000000000103 35.000000000001044 35.000000000001044 35.00000000000102 35.00000000000099 35.00000000000097 35.00000000000095 35.000000000000924 35.00000000000092 35.00000000000089 35.00000000000087 35.00000000000086 35.00000000000085 35.000000000000846 35.00000000000084 35.00000000000084 35.00000000000085 35.00000000000086 35.000000000000874 35.0000000000009 35.000000000000924 35.00000000000095 35.00000000000096 35.00000000000097 35.000000000001 35.00000000000102 35.00000000000103 35.000000000001016 
0.09925952945532633 -0.00627997800680989 -0.015088970969002004 -0.02086677167346197 -0.024727054736554597 -0.03219417023708596 -0.00010264081265480065 2.340852446113067e-08 1.9939367622685898e-11 -3.5347882954507112e-15 1.910849948464361e-17 1.043983805510288e-18 1.3526003591548334e-19 3.5713244935592097e-20 1.3775181613023816e-20 6.502684066111303e-21 3.433025830134549e-21 1.9359133849178247e-21 1.1377618506263532e-21 6.87079866004815e-22 4.225553372497686e-22 2.6306424295438366e-22 1.650718518285419e-22 1.0406395663842104e-22 6.574159302936486e-23 4.1529070318238964e-23 2.618661304857658e-23 1.645624136076281e-23 1.0291299642253642e-23 6.395685340897477e-24 3.944749834308927e-24 2.4111565939178197e-24 1.458400538242377e-24 8.713924524636594e-25 5.133273361172224e-25 2.9742814215765137e-25 1.6895439609197663e-25 9.371066271618343e-26 5.0428184029019665e-26 2.6076698330889106e-26 1.2744245204745462e-26 5.6948798272496424e-27 2.1399314443558335e-27 4.71364876821534e-28 -2.2225108849711917e-28 -4.392268826121276e-28 -4.439995201825402e-28 -3.700291847326172e-28 -2.797831935519756e-28 -1.9888655635939835e-28 -1.3536137761753773e-28 -8.900180376989974e-29 -5.687742023295909e-29 -3.5488385650344184e-29 -2.1665206062931418e-29 -1.2955246211740466e-29 -7.604146039332321e-30 -4.3825864976850394e-30 -2.481171101230798e-30 -1.380024939778252e-30 -7.5398556759875614e-31 -4.0449127959146396e-31 -2.1292089443999296e-31 -1.098559682963303e-31 -5.546883532164743e-32 -2.7347892665220906e-32 -1.3123033600715348e-32 -6.099104080711271e-33 -2.7247247042612674e-33 -1.1550590935753003e-33 -4.535152931950544e-34 -1.5606742900290859e-34 -3.9357374262470815e-35 7.233928323006138e-37 1.0759131486645195e-35 1.0499844631088526e-35 7.682793510904022e-36 4.952663416221072e-36 2.9592014580377037e-36 1.6780810346651088e-36 9.137130637656242e-37 4.810179440275829e-37 2.4586276845795595e-37 1.2232405786995955e-37 5.932591686001043e-38 2.80640297264767e-38 1.2946831551665051e-38 5.81947512527025e-39 2.543950544840955e-39 1.0781776605179102e-39 4.408071424559088e-40 1.7241843529328466e-40 6.358611594462134e-41 2.148274345803579e-41 6.201879583828639e-42 1.1746875598262238e-42 -1.965876888421756e-43 -4.015792314770122e-43 -3.104952837505811e-43 -1.9108789814441808e-43 -1.0519885515878468e-43 -5.398137723725832e-44 -2.632456519749668e-44 -1.2324556999492261e-44 -5.572466973413922e-45 -2.4407646012612517e-45 -1.0374351241181282e-45 -4.280455664067865e-46 -1.7128320999092942e-46 -6.631621308365669e-47 -2.473641761743877e-47 -8.82319906446169e-48 -2.9696204816967954e-48 -9.187761513451769e-49 -2.457000153804193e-49 -4.576910304815493e-50 3.367474446416902e-51 9.930872822003317e-51 7.231003935479738e-51 4.073445597219222e-51 2.034604719942813e-51 9.432139032016398e-52 4.1432087490927004e-52 1.743177039250516e-52 7.066404145307998e-53 2.7686043775576097e-53 1.0496376923675707e-53 3.848843048455825e-54 1.361968490729528e-54 4.6298945543741855e-55 1.4994863215458508e-55 4.556332932563622e-56 1.2587518781109087e-56 2.9199331083223295e-57 4.0656114458805236e-58 -9.971847698413994e-59 -1.2585150776457117e-58 -7.679214325856405e-59 -3.81631391078387e-59 -1.706589850647897e-59 -7.12465836311942e-60 -2.8253584231712464e-60 -1.0740098206206785e-60 -3.932494917182875e-61 -1.389956312943738e-61 -4.743192097710769e-62 -1.5598161484007145e-62 -4.921715605265274e-63 -1.4777823365684726e-63 -4.157026760293276e-64 -1.0606964560505695e-64 -2.2592809952361813e-65 -2.791580373406974e-66 7.471974000400373e-67 8.17278210422532e-67 4.5654232302166515e-67 2.0905840406120944e-67 8.629839409879775e-68 3.3275375707666818e-68 1.2187300577967671e-68 4.2770549753445593e-69 1.4447147154002844e-69 4.705235215436745e-70 1.476869134614927e-70 4.454963611457517e-71 1.2837332631478221e-71 3.4934987128936956e-72 8.777330637496581e-73 1.9330941642773484e-73 3.162729157773315e-74 1.6358192720695734e-76 -3.0849271899363356e-75 -1.9320759883704138e-75 -8.890656166177635e-76 -3.575993345191757e-76 -1.326269208711285e-76 -4.641791128642499e-77 -1.5509279220849065e-77 -4.976833137172658e-78 -1.5379016398577424e-78 -4.5772548307841756e-79 -1.3089222639239245e-79 -3.5780612444108694e-80 -9.250716149599076e-81 -2.215582507426441e-81 -4.69231883779607e-82 -7.636346412801181e-83 -2.6962080063838397e-84 5.25584915932332e-84 3.3166781896339267e-84 1.4706356030213356e-84 5.639093994021682e-85 1.9858173495503536e-85 6.585385783106564e-86 2.0822133340571332e-86 6.317523756080132e-87 1.8441837500157008e-87 5.185595006126135e-88 1.4175576539659817e-88 4.475076750555386e-89 
-0.101325587218488 -0.06941644538966771 -0.0623548341477027 -0.05645861654153423 -0.05136296723287958 -0.038022820316816655 4.744566670304518e-05 3.993165165186121e-08 -1.459609181688515e-11 -1.5274921273064652e-14 3.271685105112686e-17 1.2800695478672195e-18 1.2739187938917473e-19 2.6594512919819803e-20 8.298982309307447e-21 3.198025760258181e-21 1.3716104238352582e-21 6.166373468365195e-22 2.784508231837004e-22 1.2070506566539053e-22 4.634604690184635e-23 1.1972987508317822e-23 -2.937856481719788e-24 -8.438210666489161e-24 -9.540779389461493e-24 -8.748981291989592e-24 -7.293437046688175e-24 -5.7519554212101774e-24 -4.3709928512481824e-24 -3.2318003589094314e-24 -2.3383722293849325e-24 -1.6614449442738228e-24 -1.1618815487122259e-24 -8.008972561669919e-25 -5.447073990582202e-25 -3.6579213794550433e-25 -2.426213356356364e-25 -1.590095569204533e-25 -1.0297060634675502e-25 -6.588957316751042e-26 -4.1662380989358293e-26 -2.6026676646523436e-26 -1.605683758058966e-26 -9.785686012983262e-27 -5.885122958257763e-27 -3.491821665221361e-27 -2.043396768853659e-27 -1.1783444457974269e-27 -6.690764056528221e-28 -3.7341452315427637e-28 -2.047598087074938e-28 -1.0997530154737146e-28 -5.771062815235626e-29 -2.9502543979440404e-29 -1.4600927586306918e-29 -6.926087668182812e-30 -3.1038756323442286e-30 -1.2731223055151292e-30 -4.425160638730296e-31 -9.522066343795344e-32 3.0239884076252314e-32 6.130620202414952e-32 5.711992151069362e-32 4.325560414420316e-32 2.954576673834047e-32 1.8913285528224597e-32 1.1555506684478835e-32 6.806486134391346e-33 3.8885692791454404e-33 2.1628606303873152e-33 1.1741351692305564e-33 6.229779987305883e-34 3.2334173392311805e-34 1.6421795334014612e-34 8.159646768559444e-35 3.96383524714415e-35 1.8801763510106962e-35 8.690648751773313e-36 3.899005570911664e-36 1.691354113101785e-36 7.033153765789984e-37 2.7644935901163457e-37 9.996763448720147e-38 3.1196109741764805e-38 6.684945932134005e-39 -7.379666163959743e-40 -2.1660792899873256e-39 -1.839898576239907e-39 -1.2214045802023973e-39 -7.218368533521038e-40 -3.970561738991059e-40 -2.074720557704331e-40 -1.041073446384548e-40 -5.048196229464969e-41 -2.3742566533540744e-41 -1.0853057727620306e-41 -4.8260552245087577e-42 -2.0873406855266776e-42 -8.77112952945835e-43 -3.5722436999084048e-43 -1.4042943208174597e-43 -5.290487780710135e-44 -1.8875039011192638e-44 -6.230104420349474e-45 -1.8053488746332302e-45 -3.884861423709785e-46 -1.7366597229981256e-48 6.69647023023938e-47 5.538145220782476e-47 3.3763784051769573e-47 1.8027561866618878e-47 8.89206125596006e-48 4.147538613832644e-48 1.8514920687664823e-48 7.963311929089113e-49 3.312139915842396e-49 1.3345216530208972e-49 5.210094119241566e-50 1.9685077149874996e-50 7.176336816369826e-51 2.5106391286967425e-51 8.347132430982428e-52 2.5896754874362056e-52 7.212438666607616e-53 1.620945786290055e-53 1.6126472071568794e-54 -1.1550283668303256e-54 -1.0977947331307825e-54 -6.5213387480999096e-55 -3.27548509228777e-55 -1.499253419752789e-55 -6.444186071711596e-56 -2.6395949658290777e-56 -1.0384920284431545e-56 -3.940876234770452e-57 -1.4451379290539698e-57 -5.120922051665084e-58 -1.7502388705744233e-58 -5.745411570690297e-59 -1.7971820048143917e-59 -5.278677082246856e-60 -1.412867040826241e-60 -3.19794170071102e-61 -4.5325171362355565e-62 8.381976989921787e-63 1.138357760883002e-62 6.801321269823596e-63 3.2749538543822106e-63 1.4141399874143212e-63 5.691504374241469e-64 2.1737582384581535e-64 7.95250390668658e-65 2.8005020438256115e-65 9.513397293484018e-66 3.1174423757822193e-66 9.832993268134403e-67 2.970664624604631e-67 8.515755968030598e-68 2.274865414534844e-68 5.447421655495148e-69 1.0500889515679217e-69 8.813421770005074e-71 -5.632341087221998e-71 -4.5594067774277484e-71 -2.3191413394985403e-71 -9.978180186704037e-72 -3.9109376780236963e-72 -1.438459982413015e-72 -5.0367780564040685e-73 -1.6916316975440067e-73 -5.4696598121410206e-74 -1.7044628352403819e-74 -5.11286285048902e-75 -1.4706809198016156e-75 -4.0251229102174334e-76 -1.0327001846815862e-76 -2.4081231971401687e-77 -4.718897756235725e-78 -5.596238251429777e-79 1.1029165866032597e-79 1.1948306253583213e-79 6.150458058280395e-80 2.572593517338228e-80 9.671216649316463e-81 3.390919016908482e-81 1.1281548896868158e-81 3.5931414052482246e-82 1.1003771715757889e-82 3.244977039891095e-83 9.205783575704115e-84 2.5031326415131617e-84 6.471933097375587e-85 1.5680126549341797e-85 3.449685291978631e-86 6.362507964685789e-87 7.004024848781673e-88 -1.4043283764170168e-88 -1.4007139539784913e-88 -7.043545198219783e-89 -3.5969632076538265e-89 
1900 1 17 0 0 0
14.809288618651468 14.809244964498053 14.809194351379881 14.80913387801072 14.809053934796328 14.808205173482671 13.891643090034066 13.250479189410532 12.749994738824885 12.251665279196494 12.002047737222146 12.000043526972533 12.000003943011606 12.000000861511586 12.000000310055 12.000000148103773 12.000000083082634 12.000000051291044 12.000000033671054 12.000000023056804 12.000000016277651 12.000000011756898 12.000000008641045 12.000000006436839 12.000000004844939 12.000000003676098 12.000000002806084 12.000000002151513 12.000000001654751 12.000000001275149 12.000000000983643 12.000000000758844 12.0000000005851 12.00000000045059 12.00000000034638 12.00000000026572 12.000000000203253 12.00000000015502 12.000000000117852 12.000000000089285 12.00000000006738 12.000000000050653 12.000000000037943 12.000000000028297 12.000000000021037 12.00000000001558 12.000000000011504 12.00000000000847 12.000000000006231 12.000000000004581 12.000000000003372 12.000000000002498 12.000000000001867 12.000000000001414 12.000000000001096 12.000000000000867 12.000000000000709 12.000000000000602 12.00000000000052 12.00000000000047 12.000000000000439 12.000000000000417 12.000000000000394 12.000000000000375 12.000000000000368 12.000000000000359 12.000000000000348 12.00000000000034 12.00000000000033 12.000000000000322 12.000000000000316 12.000000000000313 12.000000000000309 12.000000000000313 12.000000000000313 12.000000000000313 12.000000000000314 12.000000000000327 12.000000000000332 12.000000000000338 12.000000000000345 12.000000000000352 12.000000000000357 12.000000000000364 12.000000000000364 12.00000000000037 12.000000000000371 12.000000000000371 12.000000000000373 12.000000000000375 12.000000000000375 12.000000000000375 12.000000000000378 12.00000000000038 12.000000000000377 12.000000000000371 12.00000000000037 12.00000000000037 12.00000000000037 12.000000000000362 12.000000000000359 12.000000000000355 12.000000000000352 12.000000000000341 12.00000000000033 12.000000000000327 12.000000000000329 12.000000000000327 12.000000000000327 12.000000000000325 12.000000000000327 12.000000000000329 12.000000000000332 12.00000000000033 12.000000000000334 12.000000000000336 12.000000000000334 12.000000000000332 12.000000000000334 12.00000000000034 12.000000000000345 12.000000000000353 12.00000000000036 12.000000000000366 12.000000000000371 12.000000000000371 12.00000000000037 12.000000000000366 12.000000000000368 12.000000000000364 12.000000000000364 12.00000000000037 12.00000000000037 12.000000000000377 12.000000000000377 12.000000000000375 12.000000000000373 12.000000000000371 12.000000000000373 12.000000000000366 12.000000000000366 12.00000000000036 12.000000000000355 12.000000000000357 12.000000000000355 12.000000000000357 12.000000000000359 12.000000000000362 12.000000000000364 12.000000000000366 12.00000000000036 12.000000000000362 12.000000000000362 12.000000000000357 12.000000000000348 12.000000000000348 12.000000000000357 12.000000000000357 12.000000000000357 12.000000000000359 12.000000000000357 12.00000000000036 12.000000000000362 12.000000000000366 12.000000000000373 12.000000000000375 12.000000000000375 12.000000000000375 12.00000000000038 12.00000000000038 12.000000000000377 12.00000000000037 12.000000000000368 12.000000000000368 12.00000000000037 12.000000000000364 12.000000000000355 12.000000000000346 12.000000000000345 12.00000000000034 12.000000000000336 12.000000000000322 12.000000000000314 12.000000000000313 12.000000000000307 12.000000000000304 12.000000000000304 12.000000000000307 12.000000000000314 12.000000000000318 12.000000000000314 12.000000000000314 12.000000000000316 12.000000000000323 12.00000000000033 12.00000000000033 12.000000000000338 12.00000000000034 12.000000000000341 12.000000000000343 
34.9999999999998 34.9999999999998 34.9999999999998 34.9999999999998 34.9999999999998 34.999999999999794 35.000000000000036 35.00000000000014 35.000000000000036 35.00000000000008 35.00000000000008 35.0 35.00000000000005 34.99999999999998 34.999999999999915 34.99999999999989 34.99999999999993 34.99999999999993 34.99999999999996 34.99999999999997 34.99999999999998 34.99999999999999 34.999999999999986 34.99999999999997 34.99999999999995 34.999999999999964 34.99999999999999 35.00000000000001 35.000000000000036 35.000000000000064 35.00000000000007 35.00000000000008 35.0000000000001 35.000000000000114 35.000000000000135 35.000000000000156 35.000000000000156 35.000000000000185 35.00000000000021 35.00000000000026 35.0000000000003 35.000000000000334 35.00000000000037 35.000000000000405 35.00000000000045 35.00000000000049 35.00000000000054 35.00000000000058 35.000000000000625 35.00000000000067 35.0000000000007 35.00000000000075 35.00000000000081 35.00000000000084 35.00000000000088 35.0000000000009 35.00000000000092 35.00000000000095 35.00000000000096 35.00000000000097 35.000000000000995 35.000000000000995 35.00000000000099 35.00000000000097 35.00000000000098 35.000000000000966 35.000000000000945 35.000000000000924 35.00000000000092 35.000000000000895 35.00000000000087 35.00000000000087 35.000000000000874 35.00000000000088 35.000000000000874 35.00000000000087 35.00000000000086 35.00000000000089 35.00000000000091 35.000000000000924 35.000000000000945 35.00000000000096 35.00000000000097 35.000000000000995 35.00000000000101 35.00000000000103 35.000000000001044 35.000000000001044 35.000000000001044 35.00000000000106 35.00000000000106 35.00000000000106 35.000000000001066 35.000000000001066 35.000000000001066 35.00000000000106 35.00000000000106 35.000000000001044 35.00000000000105 35.00000000000104 35.00000000000102 35.00000000000102 35.00000000000101 35.00000000000098 35.00000000000095 35.000000000000945 35.00000000000095 35.000000000000945 35.000000000000945 35.000000000000945 35.00000000000096 35.00000000000096 35.000000000000966 35.000000000000966 35.00000000000099 35.00000000000099 35.00000000000098 35.00000000000097 35.00000000000095 35.00000000000095 35.00000000000096 35.00000000000098 35.000000000001 35.00000000000102 35.000000000001044 35.00000000000105 35.00000000000104 35.00000000000103 35.00000000000103 35.00000000000103 35.00000000000104 35.000000000001044 35.00000000000106 35.000000000001066 35.000000000001066 35.00000000000107 35.00000000000108 35.00000000000109 35.000000000001094 35.00000000000108 35.00000000000108 35.000000000001066 35.000000000001066 35.000000000001066 35.00000000000105 35.000000000001066 35.00000000000106 35.00000000000106 35.000000000001044 35.00000000000104 35.00000000000102 35.00000000000102 35.00000000000102 35.00000000000101 35.000000000000995 35.00000000000101 35.00000000000101 35.000000000001 35.000000000001016 35.00000000000102 35.00000000000103 35.00000000000102 35.00000000000104 35.00000000000106 35.000000000001066 35.00000000000107 35.000000000001066 35.00000000000107 35.00000000000107 35.00000000000107 35.00000000000108 35.000000000001066 35.000000000001066 35.00000000000107 35.000000000001094 35.00000000000109 35.00000000000106 35.00000000000102 35.000000000000995 35.000000000000995 35.00000000000098 35.000000000000945 35.000000000000924 35.00000000000092 35.00000000000089 35.000000000000874 35.00000000000088 35.00000000000088 35.000000000000924 35.000000000000945 35.00000000000093 35.000000000000924 35.000000000000945 35.00000000000098 35.000000000001 35.00000000000103 35.00000000000105 35.000000000001066 35.000000000001066 35.000000000001066 
0.09915135258857773 -0.006303890323623947 -0.015087285612466514 -0.020862309104540865 -0.024728060253868374 -0.03205385183017862 -0.00011596538364096227 2.3854986335061015e-08 1.8173696637699185e-11 -1.2902702762071315e-14 -1.6836339612995085e-17 -4.333670225461849e-20 -1.1650690967544456e-20 -5.138137666280911e-21 -2.602328653419201e-21 -1.46559173482051e-21 -8.823007175399004e-22 -5.53467475920915e-22 -3.564049828585005e-22 -2.3347619581859526e-22 -1.5469578691077453e-22 -1.0325750861166073e-22 -6.923642731708502e-23 -4.653404030105227e-23 -3.1295744641760787e-23 -2.1032615812722673e-23 -1.4108272278271297e-23 -9.436344931585919e-24 -6.28779964437913e-24 -4.170747189210118e-24 -2.7519612998758875e-24 -1.8049782188036586e-24 -1.176083830189242e-24 -7.607879216965455e-25 -4.88269782250202e-25 -3.1074112319635186e-25 -1.9593314749930484e-25 -1.223382459453376e-25 -7.55816123468537e-26 -4.616344936009792e-26 -2.784536662161031e-26 -1.6569220363645253e-26 -9.71426779217382e-27 -5.59953903369663e-27 -3.167885130788665e-27 -1.752766325466122e-27 -9.443931718800554e-28 -4.923929248586978e-28 -2.4600165672377917e-28 -1.1548500836838766e-28 -4.9033767263501354e-29 -1.7004705915992454e-29 -2.775967080147793e-30 2.6665069249643993e-30 4.056505750750363e-30 3.7874506002244345e-30 2.9920973826223152e-30 2.1634391253807463e-30 1.4767674450427976e-30 9.665406029157237e-31 6.1193709029429155e-31 3.768212582359698e-31 2.264834728046094e-31 1.3315888262587615e-31 7.671943699605168e-32 4.3353985164754795e-32 2.4041903918303705e-32 1.3086627034744496e-32 6.991355082105317e-33 3.6642335261103115e-33 1.8824583419322845e-33 9.46820840969974e-34 4.6530187632589605e-34 2.2281170955486014e-34 1.0353280949615244e-34 4.6383299619840273e-35 1.982405211235043e-35 7.929702201087829e-36 2.8515122919361547e-36 8.246770801999142e-37 9.913228441044297e-38 -1.0822696573042355e-37 -1.3097258044122764e-37 -1.0161678924002906e-37 -6.713429156834482e-38 -4.0605369275828276e-38 -2.3157987503613527e-38 -1.2639349972923215e-38 -6.656866510006622e-39 -3.40014049889639e-39 -1.689340864497469e-39 -8.178761770535713e-40 -3.861487557977843e-40 -1.7779435126903106e-40 -7.976859617309939e-41 -3.4813716798251403e-41 -1.473640045138011e-41 -6.020943813223538e-42 -2.355669666072099e-42 -8.703310601922388e-43 -2.954699634054641e-43 -8.63981235126107e-44 -1.7223124263853895e-44 1.948472134247818e-45 5.0595703025135937e-45 4.010080623785658e-45 2.491093416734395e-45 1.3783386939173527e-45 7.097633394737882e-46 3.4706258747762612e-46 1.6288155113750547e-46 7.381340449627398e-47 3.2410846484219024e-47 1.3812894845267195e-47 5.715979338173002e-48 2.2947958714845532e-48 8.918038844456687e-49 3.340836920818588e-49 1.1977247829412575e-49 4.0567180413933094e-50 1.265892245403509e-50 3.4327760115432555e-51 6.635071673729558e-52 -3.0336892842506376e-53 -1.304785279432266e-52 -9.764511812601386e-53 -5.575986346243611e-53 -2.813247114431908e-53 -1.3157093834425387e-53 -5.827866532470922e-54 -2.4722719269623137e-54 -1.0106109663766495e-54 -3.993823452513101e-55 -1.527834685397562e-55 -5.65592976718181e-56 -2.022068668103549e-56 -6.95048080647417e-57 -2.2801018357924014e-57 -7.035870974225869e-58 -1.9840334182475432e-58 -4.764911272381931e-59 -7.427673024787075e-60 1.1194952454863957e-60 1.8201045595473654e-60 1.1627921204670791e-60 5.925575779631944e-61 2.7004255885930037e-61 1.1460631529474834e-61 4.615207658048567e-62 1.7808312328388549e-62 6.618748224421239e-63 2.3753437745777182e-63 8.234939179488239e-64 2.75374085463419e-64 8.847954820413125e-65 2.7115397487427268e-65 7.817282257766799e-66 2.0619103719144169e-66 4.649907809454705e-67 6.955875447514196e-68 -8.044330411530243e-69 -1.359937913987241e-68 -8.189563010934289e-69 -3.9011010701859126e-69 -1.6572917743125065e-69 -6.547388328613631e-70 -2.4519124153084026e-70 -8.790108666513468e-71 -3.032338269856866e-71 -1.0088750588936795e-71 -3.2373313237847097e-72 -9.997149128136111e-73 -2.9560325527821975e-73 -8.288684900762102e-74 -2.1631115343583063e-74 -5.044594158704397e-75 -9.370330452745694e-76 -6.7526168708927196e-77 5.458731909105809e-77 4.139413585826259e-77 2.042574565384469e-77 8.581082620649228e-78 3.292610326915607e-78 1.1870105082584688e-78 4.076633255780012e-79 1.3434199973358511e-79 4.262807380261448e-80 1.3035747085498843e-80 3.8361795985919856e-81 1.0817974369153284e-81 2.898797634880995e-82 7.259828010925976e-83 1.6421336527103733e-83 3.060967529549068e-84 3.0314031283542383e-85 -1.0263865827471059e-85 -8.912907037102155e-86 -4.372699920921692e-86 -1.8382017379910415e-86 -8.715347308774297e-87 
-0.10116705303767856 -0.06930954093924296 -0.06227601037824948 -0.05639717800899935 -0.05132617516936816 -0.0384690149869853 5.1118799087396846e-05 4.6438687691718676e-08 -9.085445347612683e-12 -4.96291328274154e-16 1.2537691945450908e-17 -5.55093097309634e-19 -8.200926932928717e-20 -2.0565903020702723e-20 -7.422321640141416e-21 -3.2938174308139074e-21 -1.6437753254396848e-21 -8.793484478207384e-22 -4.911217463391221e-22 -2.819156638490271e-22 -1.6464755825026693e-22 -9.713553143382624e-23 -5.756984837233752e-23 -3.4117374641996416e-23 -2.0129986668519214e-23 -1.1773354193497305e-23 -6.791255662787623e-24 -3.839355354757296e-24 -2.1084317298272444e-24 -1.109060493222716e-24 -5.447025884703047e-25 -2.3592404143695972e-25 -7.481231672754332e-26 3.0339864003754808e-27 3.553090232987415e-26 4.4573100557147684e-26 4.248353188940758e-26 3.5954218056734546e-26 2.840112024036581e-26 2.1416533395686708e-26 1.5599510355785216e-26 1.1053289802111437e-26 7.653862729304447e-27 5.193074305070401e-27 3.4608290216034975e-27 2.2678081916992277e-27 1.4626490092419785e-27 9.293199710139486e-28 5.8217356075851305e-28 3.594168711462697e-28 2.1871787268049836e-28 1.3127729518859026e-28 7.766807519580527e-29 4.527333860124403e-29 2.600818833850263e-29 1.4708322557992474e-29 8.17792311103747e-30 4.470124499757875e-30 2.3972942388824917e-30 1.258764436846212e-30 6.452862622092163e-31 3.216304503225454e-31 1.5489970220010714e-31 7.134539450033588e-32 3.08741338833365e-32 1.2094723541512684e-32 3.886055140500314e-33 6.180458524200241e-34 -4.698475677336745e-34 -6.767037783771932e-34 -5.8098247290219146e-34 -4.197357894906337e-34 -2.7664004563857196e-34 -1.7174404243626862e-34 -1.0203911575703216e-34 -5.853805639018364e-35 -3.260151988542081e-35 -1.7686395675795425e-35 -9.36640361881881e-36 -4.8483489049517205e-36 -2.454549762978997e-36 -1.2154332792092903e-36 -5.883783908891647e-37 -2.781421233552122e-37 -1.281572303868519e-37 -5.738477604369188e-38 -2.485503695171152e-38 -1.0336195837104849e-38 -4.0747543036990415e-39 -1.486355862667366e-39 -4.748300381230953e-40 -1.1106175437338111e-40 1.924948392400472e-42 2.611473811071976e-41 2.3594007348740316e-41 1.5974709074861245e-41 9.522274359159268e-42 5.2596404069887126e-42 2.75391564254042e-42 1.383208472552563e-42 6.709701389288164e-43 3.1560865568225448e-43 1.442775890382684e-43 6.416308160138551e-44 2.775892539987461e-44 1.167059760683083e-44 4.757258104595087e-45 1.872588910138364e-45 7.069655730127218e-46 2.5297835650207775e-46 8.389362799498135e-47 2.4518099229814077e-47 5.4003328849309735e-48 1.223244785066977e-49 -8.524186054446265e-49 -7.238815754223647e-49 -4.459780385314183e-49 -2.3975770216797176e-49 -1.1892399960110211e-49 -5.5756467193696025e-50 -2.5016328307113625e-50 -1.081517026058885e-50 -4.5225111327311767e-51 -1.8325747727213376e-51 -7.198108197904208e-52 -2.737546302612252e-52 -1.0052285916138972e-52 -3.545272671335232e-53 -1.1897875691812045e-53 -3.7342730187422265e-54 -1.0570576063421896e-54 -2.4491085681341807e-55 -2.8405958331990635e-56 1.4743604062724323e-56 1.5279901464084575e-56 9.321462042877221e-57 4.760110073634819e-57 2.208436254400316e-57 9.609485875781419e-58 3.98231793254366e-58 1.5850028687323197e-58 6.0857767927549335e-59 2.258826083984821e-59 8.106106697807944e-60 2.8080275937778483e-60 9.353597334576952e-61 2.9744325577178564e-61 8.909942698613133e-62 2.4479017737028124e-62 5.786392271491664e-63 9.349164325741143e-64 -8.042830815263675e-65 -1.7409452114446402e-64 -1.1099662511012034e-64 -5.5260505756615726e-65 -2.4447941155050677e-65 -1.004441638133667e-65 -3.909619683277956e-66 -1.4566086705308443e-66 -5.223015192105061e-67 -1.8070659063082808e-67 -6.034792885107903e-68 -1.942000773877858e-68 -5.99642875513857e-69 -1.7621730916205217e-69 -4.8529052528851424e-70 -1.2128839540029444e-70 -2.53386412235808e-71 -3.094293527320038e-72 7.835752336562633e-73 8.506450241550467e-73 4.665310007779287e-73 2.0948719395443363e-73 8.477354993265877e-74 3.204263841419318e-74 1.1504598944245419e-74 3.958060543299169e-75 1.310677317292719e-75 4.184514472544492e-76 1.2873008257578467e-76 3.8045547797450255e-77 1.0731302858665325e-77 2.8547718872794947e-78 6.988718805515328e-79 1.4869520032147924e-79 2.267426523897291e-80 -6.61987181311267e-82 -2.62131309973599e-81 -1.5390228435341785e-81 -6.85475636851768e-82 -2.690918895760619e-82 -9.771977151504382e-83 -3.354930817740011e-83 -1.1006438551762964e-83 -3.4695514038317515e-84 -1.0533806342813767e-84 -3.07925859015338e-85 -8.650397505731405e-86 -2.3459817912183267e-86 -7.23081786822758e-87 
1900 1 18 0 0 0
14.806410989261083 14.806362712161336 14.806306764600684 14.806239978146753 14.806151666784219 14.805345068585744 13.908635478475261 13.25055559071901 12.74999496726682 12.251769068129148 12.002173862390947 12.000047726848056 12.00000437402791 12.000000958175708 12.00000034442777 12.000000164363291 12.00000009226288 12.00000005707171 12.000000037573308 12.000000025817926 12.000000018297941 12.000000013272626 12.000000009800246 12.00000000733688 12.00000000555223 12.000000004236979 12.000000003254161 12.000000002511554 12.000000001945146 12.000000001510156 12.000000001174078 12.000000000913328 12.000000000710422 12.000000000552161 12.000000000428605 12.000000000332095 12.000000000256751 12.000000000197993 12.00000000015224 12.000000000116717 12.000000000089164 12.000000000067873 12.000000000051493 12.000000000038918 12.000000000029306 12.000000000022006 12.000000000016458 12.00000000001228 12.000000000009136 12.000000000006795 12.000000000005047 12.000000000003755 12.000000000002808 12.00000000000212 12.00000000000161 12.000000000001245 12.000000000000982 12.000000000000798 12.000000000000668 12.000000000000579 12.000000000000517 12.000000000000474 12.000000000000448 12.000000000000425 12.000000000000401 12.000000000000385 12.00000000000037 12.000000000000362 12.000000000000355 12.00000000000035 12.000000000000341 12.000000000000336 12.00000000000033 12.000000000000327 12.000000000000325 12.000000000000327 12.00000000000033 12.000000000000334 12.00000000000034 12.000000000000348 12.000000000000357 12.000000000000366 12.000000000000375 12.000000000000378 12.000000000000389 12.000000000000387 12.000000000000389 12.000000000000396 12.000000000000394 12.000000000000393 12.00000000000039 12.000000000000396 12.0000000000004 12.000000000000403 12.000000000000401 12.0000000000004 12.000000000000396 12.000000000000394 12.00000000000039 12.000000000000387 12.000000000000385 12.000000000000382 12.000000000000375 12.00000000000037 12.000000000000364 12.000000000000357 12.000000000000352 12.000000000000348 12.000000000000346 12.000000000000345 12.000000000000346 12.000000000000343 12.000000000000343 12.000000000000345 12.000000000000348 12.000000000000348 12.00000000000035 12.000000000000352 12.000000000000355 12.00000000000036 12.000000000000364 12.000000000000373 12.000000000000378 12.000000000000384 12.000000000000387 12.00000000000039 12.000000000000393 12.000000000000394 12.000000000000394 12.000000000000394 12.000000000000398 12.000000000000396 12.000000000000394 12.000000000000394 12.000000000000394 12.000000000000398 12.000000000000394 12.00000000000039 12.000000000000387 12.000000000000387 12.000000000000385 12.00000000000038 12.000000000000377 12.000000000000373 12.000000000000377 12.000000000000382 12.000000000000387 12.00000000000039 12.000000000000393 12.000000000000393 12.000000000000394 12.000000000000387 12.000000000000384 12.000000000000378 12.000000000000375 12.000000000000375 12.00000000000038 12.000000000000384 12.000000000000382 12.000000000000384 12.000000000000382 12.000000000000382 12.000000000000384 12.000000000000389 12.000000000000394 12.000000000000394 12.000000000000394 12.000000000000396 12.000000000000396 12.000000000000393 12.000000000000394 12.000000000000393 12.000000000000396 12.000000000000396 12.000000000000389 12.000000000000385 12.000000000000378 12.000000000000373 12.00000000000036 12.000000000000352 12.000000000000345 12.000000000000341 12.000000000000338 12.000000000000334 12.000000000000336 12.00000000000033 12.000000000000329 12.000000000000327 12.000000000000329 12.00000000000033 12.000000000000329 12.000000000000329 12.000000000000334 12.000000000000338 12.000000000000338 12.000000000000343 12.000000000000348 12.000000000000353 12.000000000000357 12.000000000000352 
34.99999999999982 34.99999999999982 34.99999999999982 34.99999999999982 34.99999999999982 34.99999999999982 35.00000000000008 35.00000000000008 35.0 35.000000000000135 35.00000000000004 35.00000000000002 35.00000000000007 34.99999999999998 34.99999999999996 34.99999999999993 34.999999999999936 34.999999999999964 34.99999999999997 34.99999999999998 34.999999999999964 34.99999999999999 35.0 35.00000000000001 35.00000000000001 34.99999999999999 35.00000000000001 35.00000000000002 35.00000000000003 35.00000000000004 35.000000000000064 35.000000000000085 35.0000000000001 35.0000000000001 35.00000000000013 35.00000000000014 35.00000000000016 35.00000000000019 35.00000000000023 35.00000000000025 35.00000000000028 35.00000000000031 35.00000000000035 35.0000000000004 35.000000000000455 35.00000000000051 35.00000000000056 35.000000000000625 35.00000000000067 35.00000000000071 35.000000000000746 35.00000000000078 35.000000000000824 35.00000000000086 35.00000000000089 35.00000000000091 35.00000000000093 35.00000000000097 35.000000000000995 35.000000000001 35.00000000000101 35.00000000000103 35.00000000000104 35.00000000000104 35.00000000000104 35.00000000000103 35.000000000000995 35.00000000000097 35.000000000000966 35.00000000000095 35.00000000000094 35.00000000000093 35.000000000000924 35.000000000000924 35.00000000000092 35.000000000000924 35.000000000000924 35.000000000000924 35.00000000000094 35.00000000000096 35.00000000000099 35.00000000000101 35.00000000000102 35.00000000000104 35.000000000001066 35.00000000000107 35.00000000000109 35.00000000000111 35.00000000000111 35.00000000000111 35.00000000000111 35.00000000000113 35.00000000000114 35.000000000001144 35.00000000000113 35.000000000001116 35.0000000000011 35.000000000001094 35.000000000001094 35.000000000001094 35.000000000001094 35.00000000000108 35.000000000001066 35.00000000000105 35.00000000000105 35.000000000001044 35.00000000000102 35.00000000000102 35.00000000000102 35.00000000000102 35.00000000000101 35.000000000001 35.00000000000101 35.00000000000101 35.000000000001016 35.00000000000101 35.00000000000101 35.000000000001016 35.00000000000102 35.000000000001016 35.00000000000104 35.000000000001044 35.000000000001066 35.000000000001066 35.00000000000109 35.00000000000111 35.0000000000011 35.000000000001116 35.00000000000111 35.00000000000111 35.000000000001116 35.00000000000112 35.00000000000114 35.00000000000114 35.00000000000114 35.000000000001144 35.00000000000113 35.00000000000113 35.00000000000112 35.00000000000114 35.000000000001144 35.00000000000114 35.00000000000113 35.000000000001116 35.00000000000112 35.000000000001116 35.00000000000112 35.00000000000114 35.00000000000113 35.000000000001116 35.000000000001116 35.00000000000111 35.0000000000011 35.000000000001094 35.00000000000107 35.000000000001066 35.00000000000106 35.00000000000108 35.00000000000109 35.00000000000108 35.000000000001066 35.000000000001066 35.00000000000107 35.000000000001094 35.000000000001116 35.000000000001116 35.00000000000112 35.00000000000114 35.00000000000114 35.000000000001144 35.00000000000115 35.000000000001144 35.00000000000116 35.00000000000116 35.000000000001144 35.00000000000112 35.000000000001116 35.000000000001094 35.000000000001066 35.000000000001044 35.00000000000103 35.000000000001 35.00000000000099 35.000000000000966 35.00000000000098 35.00000000000096 35.00000000000096 35.00000000000096 35.00000000000097 35.00000000000098 35.000000000000995 35.000000000000995 35.00000000000102 35.00000000000103 35.00000000000104 35.00000000000106 35.00000000000108 35.00000000000108 35.00000000000108 35.00000000000106 
0.0990278459082707 -0.0063340586502581555 -0.015088600274804277 -0.020859618753902107 -0.024724138082286365 -0.03188952579819238 -0.0001319345425922906 2.6748749070496074e-08 2.6350210489323593e-11 5.6273624102147496e-15 2.7474443352407356e-17 6.196032419980914e-20 -1.391086957742178e-20 -3.872035122097796e-21 -1.2541968089900518e-21 -4.665793695338847e-22 -1.8366573075723987e-22 -7.019495046898478e-23 -2.2314977368372418e-23 -2.18149509577382e-24 5.6518991022715844e-24 7.975238259454433e-24 7.908305705231502e-24 6.910937983244784e-24 5.660369705519724e-24 4.455682583667964e-24 3.4131085924783354e-24 2.5617966724542935e-24 1.8917605251798005e-24 1.3779067856194507e-24 9.915593134345594e-25 7.057012930492604e-25 4.970985877273283e-25 3.4670166290921535e-25 2.39495751476571e-25 1.6387334901025266e-25 1.1107542407761775e-25 7.457897590579804e-26 4.9597289991555805e-26 3.266838083612106e-26 2.1305195843134042e-26 1.3754515274018093e-26 8.789519361887953e-27 5.556747159384251e-27 3.474296383084073e-27 2.147951372501518e-27 1.3118529901249493e-27 7.911842886837918e-28 4.7084971362016385e-28 2.7636017629775507e-28 1.5971085681034654e-28 9.073198287643068e-29 5.05865307171547e-29 2.7621862826721926e-29 1.4700870169804583e-29 7.59219429344816e-30 3.77003333836389e-30 1.7745822799242334e-30 7.698302396038003e-31 2.878664742060663e-31 7.256350762009929e-32 -1.2606953569594061e-32 -3.8153468084453044e-32 -3.903120991529317e-32 -3.161597667768135e-32 -2.293756359906797e-32 -1.5559726810483468e-32 -1.0068553657172632e-32 -6.28304687315196e-33 -3.805332515340153e-33 -2.246667712950687e-33 -1.296163863577144e-33 -7.320756982396887e-34 -4.052382011604823e-34 -2.1998711824601902e-34 -1.1714024832239153e-34 -6.117258451363652e-35 -3.13111368265283e-35 -1.5692283102070573e-35 -7.688153471359445e-36 -3.673339974827398e-36 -1.7054366736590525e-36 -7.651260832189694e-37 -3.287374963852319e-37 -1.3314807629414091e-37 -4.926390654438194e-38 -1.5394770953210578e-38 -2.9358427275716623e-39 9.067006119412762e-40 1.5988825981141814e-39 1.3329805129075731e-39 9.054606816492123e-40 5.5465396722798835e-40 3.183626531186506e-40 1.7426742568405085e-40 9.186920043989958e-41 4.691375191316323e-41 2.3287494795919123e-41 1.1259576848914603e-41 5.3080307151064874e-42 2.4401898458140847e-42 1.0932110636241334e-42 4.765223625260746e-43 2.0153106191404616e-43 8.231458331950038e-44 3.2221073031060197e-44 1.192891138490023e-44 4.069741113146454e-45 1.2046332560531482e-45 2.512357461491977e-46 -1.700662330021388e-47 -6.370137797391498e-47 -5.188849526483243e-47 -3.2557678677821247e-47 -1.8112741261784433e-47 -9.360219942088513e-48 -4.5896891609197477e-48 -2.1592780168771352e-48 -9.808374466365363e-49 -4.317219595953178e-49 -1.8446748790858647e-49 -7.655097208109897e-50 -3.082948466607656e-50 -1.2023511505881032e-50 -4.522641771626285e-51 -1.6292948862397336e-51 -5.551866655519512e-52 -1.7467396680477922e-52 -4.80068016254204e-53 -9.60656087593019e-54 1.9256548672170985e-55 1.7069797291023346e-54 1.3153339910021307e-54 7.614974085599723e-55 3.8784908195278756e-55 1.8290926462937386e-55 8.16607199581629e-56 3.4905519153555046e-56 1.4378982510913493e-56 5.728121332175313e-57 2.209333750267895e-57 8.250010100556323e-58 2.9770546103251433e-58 1.0339982456703286e-58 3.431416456506077e-59 1.0736225776673437e-59 3.083438653869991e-60 7.633073952246715e-61 1.2994403040280048e-61 -1.0837329304564276e-62 -2.5852021486017617e-62 -1.7331953279567122e-62 -9.052480321233718e-63 -4.200236895085034e-63 -1.8101467881803084e-63 -7.393614489326649e-64 -2.892311169473359e-64 -1.0897438621471476e-64 -3.965476351268448e-65 -1.3946256338356417e-65 -4.7346747144125293e-66 -1.5463687788771627e-66 -4.826670309000891e-67 -1.4221653297513501e-67 -3.8606166334827175e-68 -9.124149270207047e-69 -1.5539989367155e-69 4.2453150378864265e-71 2.1565463725240645e-70 1.41392941204796e-70 7.010384893240974e-71 3.062138474137419e-71 1.2377930024133645e-71 4.732198842915228e-72 1.7301410965678118e-72 6.084772177732324e-73 2.0641689170291727e-73 6.757604636744777e-74 2.131422441872515e-74 6.4495182654498125e-75 1.8568626916696864e-75 5.007083430842672e-76 1.2234791337965479e-76 2.4889116097491403e-77 2.8785055828321324e-78 -8.097368635635886e-79 -8.232223342113376e-79 -4.395125899619258e-79 -1.93110610265285e-79 -7.66019572234564e-80 -2.84007734381767e-80 -1.0008146477639178e-80 -3.380335763892942e-81 -1.0990550435998368e-81 -3.4450931770677866e-82 -1.0401055814763095e-82 -3.0153989777813428e-83 -8.33726244006441e-84 -2.1847939189601586e-84 -6.23439821371774e-85 
-0.10098710508667592 -0.06918789245598674 -0.06218696515413249 -0.05632926513656196 -0.05129595979637741 -0.03896176718286065 5.509042506259201e-05 5.251501493881371e-08 -1.1919000494934944e-11 -1.2395897626384974e-14 -8.794309076710386e-18 6.161730028165771e-20 2.5927766388601285e-20 8.31616820465635e-21 3.4051909857561024e-21 1.6507781350123575e-21 8.86877201654006e-22 5.076594380224725e-22 3.0270618673972997e-22 1.8550002759827018e-22 1.1582094680447368e-22 7.32467596603158e-23 4.6720423989381667e-23 2.9960181688784044e-23 1.9266641531325678e-23 1.2398853394451454e-23 7.970831413339004e-24 5.111011430998982e-24 3.2639687514525143e-24 2.073153963284657e-24 1.3078841239863437e-24 8.183244558314945e-25 5.070475669421008e-25 3.1056033604207935e-25 1.8764339904787195e-25 1.115432187577496e-25 6.501265106823972e-26 3.697601554379788e-26 2.037646650406018e-26 1.0757810221274941e-26 5.330359956920307e-27 2.3740473144958637e-27 8.408535978900183e-28 1.028838199922701e-28 -2.076183459775062e-28 -3.0094119193325755e-28 -2.9346979424935323e-28 -2.4676235141957063e-28 -1.9131001740702495e-28 -1.4066717444313115e-28 -9.948731485940331e-29 -6.822742382727458e-29 -4.5615450318142313e-29 -2.984536733098398e-29 -1.9137609944734293e-29 -1.2055102875401222e-29 -7.463842471658264e-30 -4.547449951372302e-30 -2.7273522107180495e-30 -1.6106493334884483e-30 -9.36609279181767e-31 -5.362233429651435e-31 -3.0214438878277863e-31 -1.6746497520399849e-31 -9.122638286694441e-32 -4.8787202754200304e-32 -2.557333883218956e-32 -1.3109768639737875e-32 -6.551530908204749e-33 -3.17639076712175e-33 -1.483636921091704e-33 -6.592460402733297e-34 -2.724091743908939e-34 -9.950726207910288e-35 -2.746519374819482e-35 -7.606613538247433e-37 6.901327596446959e-36 7.406964618429369e-36 5.787529376647509e-36 3.958351435548636e-36 2.5059125842685888e-36 1.5046664587803106e-36 8.678958545737149e-37 4.844505937342177e-37 2.628762997636888e-37 1.3906156636020711e-37 7.184097566788917e-38 3.6279141212174996e-38 1.7913967535731576e-38 8.646666335549893e-39 4.0759463477264916e-39 1.873378748299416e-39 8.368133922861187e-40 3.6202502867858452e-40 1.5057530838465971e-40 5.951157588506331e-41 2.1866766092435016e-41 7.118245985670925e-42 1.7740552056610892e-42 7.992913191531496e-44 -3.115623285450411e-43 -3.023917327973146e-43 -2.091188154988751e-43 -1.2579200905397806e-43 -6.979365855109354e-44 -3.662679505452474e-44 -1.8419398251870623e-44 -8.940790544950803e-45 -4.207051413504078e-45 -1.9237283196051182e-45 -8.557814903320627e-46 -3.704029901610938e-46 -1.5582622724326346e-46 -6.3579673760919e-47 -2.5065641539498125e-47 -9.482687817037226e-48 -3.4035846021626806e-48 -1.1341245104670068e-48 -3.343634332704918e-49 -7.536613163183836e-50 -3.04459942174979e-51 1.0821075738081636e-50 9.467570392267664e-51 5.898198622988335e-51 3.1930389511072435e-51 1.5925750260643703e-51 7.5038557354649e-52 3.38297868857951e-52 1.4696440302198884e-52 6.1765900366164005e-53 2.515967345012916e-53 9.935000040080967e-54 3.80153854384756e-54 1.405382818259573e-54 4.9917037817559095e-55 1.6897923579322505e-55 5.361325242994157e-56 1.5403959212284732e-56 3.668363766743028e-57 4.796549210461782e-58 -1.8415273385986123e-58 -2.1091045711419108e-58 -1.321742410852216e-58 -6.860332751044846e-59 -3.223439694371797e-59 -1.41854410497101e-59 -5.941677861956539e-60 -2.390058340244078e-60 -9.27555807283219e-61 -3.48088832943775e-61 -1.2636314268283127e-61 -4.431205009857872e-62 -1.4957688788390645e-62 -4.8278638948118923e-63 -1.4719153926874315e-63 -4.138257580089335e-64 -1.0149538550365305e-64 -1.8076801789456112e-65 3.586352510975408e-67 2.5780008627891833e-66 1.7651197405176364e-66 9.085604587212171e-67 4.114173855395681e-67 1.7232808735105473e-67 6.826284971711506e-68 2.5862643944468845e-68 9.429157225927197e-69 3.31565361471778e-69 1.126371888000004e-69 3.6914075594439736e-70 1.1623967518728313e-70 3.4923688573845797e-71 9.877749431239292e-72 2.5598481537996747e-72 5.694188510033284e-73 8.562129026352371e-74 -7.971452895831085e-75 -1.4914976289475217e-74 -8.913585596752244e-75 -4.181310714867728e-75 -1.7455352595290576e-75 -6.77083147313404e-76 -2.4882519731485504e-76 -8.75346422516868e-77 -2.962858796739076e-77 -9.670948675870755e-78 -3.0440068361049254e-78 -9.218046840611738e-79 -2.6714905201354418e-79 -7.334927050749118e-80 -1.870167111321628e-80 -4.240292618865771e-81 -7.523686710166716e-82 -4.075346397167759e-83 5.03283748147527e-83 3.5324341214291325e-83 1.6871718167067645e-83 6.948399813065589e-84 2.700528024973805e-84 1.2298448528885232e-84 
1900 1 19 0 0 0
14.803189254672827 14.80313526286227 14.80307272421043 14.80299814437344 14.802899652505625 14.802147150875545 13.927689759306883 13.250641305388262 12.749995281016066 12.251872824581472 12.002299817307282 12.000052059761202 12.000004823954416 12.000001059474831 12.000000380427451 12.000000181350545 12.00000010183598 12.000000063096813 12.0000000416431 12.000000028701676 12.000000020412077 12.000000014862486 12.00000001101929 12.000000008286221 12.000000006300676 12.000000004832627 12.000000003732032 12.00000000289704 12.000000002257751 12.00000000176428 12.000000001381311 12.000000001082434 12.00000000084851 12.000000000664894 12.000000000520558 12.000000000406997 12.000000000317604 12.000000000247336 12.000000000192122 12.000000000148813 12.000000000114946 12.000000000088496 12.000000000067896 12.00000000005193 12.00000000003958 12.000000000030067 12.000000000022782 12.000000000017204 12.000000000012948 12.000000000009724 12.000000000007299 12.000000000005473 12.000000000004107 12.000000000003089 12.00000000000234 12.000000000001796 12.000000000001393 12.000000000001103 12.000000000000899 12.00000000000075 12.000000000000641 12.000000000000567 12.000000000000515 12.000000000000476 12.000000000000446 12.000000000000421 12.000000000000401 12.000000000000385 12.000000000000373 12.00000000000036 12.000000000000357 12.000000000000348 12.00000000000034 12.000000000000345 12.000000000000348 12.000000000000348 12.000000000000352 12.000000000000355 12.000000000000357 12.000000000000366 12.000000000000375 12.000000000000385 12.000000000000393 12.000000000000401 12.000000000000407 12.000000000000407 12.000000000000414 12.000000000000417 12.000000000000423 12.000000000000423 12.00000000000042 12.00000000000042 12.00000000000042 12.00000000000042 12.000000000000421 12.00000000000042 12.000000000000417 12.000000000000416 12.000000000000412 12.000000000000407 12.000000000000405 12.000000000000403 12.000000000000398 12.000000000000393 12.000000000000384 12.000000000000378 12.000000000000373 12.00000000000037 12.000000000000359 12.000000000000353 12.000000000000353 12.000000000000355 12.000000000000352 12.000000000000353 12.000000000000357 12.000000000000357 12.000000000000362 12.00000000000037 12.000000000000378 12.000000000000389 12.000000000000398 12.000000000000401 12.000000000000407 12.00000000000041 12.000000000000414 12.00000000000042 12.00000000000042 12.00000000000042 12.000000000000417 12.000000000000417 12.000000000000417 12.000000000000416 12.000000000000414 12.000000000000409 12.000000000000407 12.000000000000407 12.000000000000405 12.000000000000401 12.000000000000398 12.000000000000396 12.00000000000039 12.000000000000393 12.0000000000004 12.000000000000407 12.00000000000041 12.000000000000412 12.000000000000412 12.000000000000414 12.00000000000042 12.000000000000412 12.000000000000412 12.000000000000409 12.000000000000405 12.000000000000405 12.000000000000405 12.000000000000405 12.000000000000407 12.000000000000409 12.000000000000409 12.000000000000407 12.000000000000407 12.00000000000041 12.00000000000041 12.000000000000407 12.000000000000405 12.000000000000403 12.000000000000403 12.000000000000401 12.000000000000398 12.0000000000004 12.0000000000004 12.000000000000403 12.000000000000405 12.000000000000405 12.000000000000401 12.000000000000394 12.000000000000389 12.000000000000385 12.000000000000382 12.000000000000373 12.000000000000362 12.000000000000352 12.000000000000352 12.000000000000353 12.00000000000035 12.00000000000035 12.000000000000345 12.000000000000348 12.000000000000353 12.000000000000352 12.000000000000346 12.000000000000348 12.000000000000357 12.00000000000036 12.00000000000036 12.000000000000366 12.000000000000366 12.00000000000037 12.000000000000373 12.00000000000037 
34.99999999999988 34.999999999999886 34.9999999999999 34.9999999999999 34.9999999999999 34.999999999999886 35.000000000000064 35.000000000000036 35.000000000000036 35.000000000000114 35.00000000000006 35.00000000000006 35.00000000000013 34.99999999999997 34.99999999999997 34.99999999999994 34.999999999999936 34.99999999999996 34.99999999999999 35.0 34.99999999999999 34.99999999999996 34.999999999999986 35.0 34.999999999999986 34.99999999999999 34.999999999999986 35.0 35.00000000000002 35.00000000000004 35.00000000000007 35.000000000000085 35.000000000000114 35.000000000000135 35.00000000000015 35.000000000000185 35.0000000000002 35.00000000000021 35.000000000000234 35.000000000000256 35.00000000000029 35.00000000000034 35.00000000000038 35.00000000000041 35.00000000000046 35.000000000000526 35.00000000000058 35.00000000000064 35.000000000000675 35.00000000000073 35.000000000000774 35.0000000000008 35.00000000000084 35.00000000000088 35.00000000000091 35.000000000000945 35.000000000000966 35.00000000000099 35.00000000000103 35.000000000001044 35.00000000000106 35.00000000000107 35.00000000000107 35.00000000000107 35.000000000001066 35.00000000000105 35.00000000000104 35.000000000001016 35.000000000000995 35.00000000000098 35.00000000000097 35.000000000000945 35.00000000000093 35.00000000000094 35.00000000000095 35.00000000000096 35.000000000000966 35.00000000000097 35.00000000000097 35.000000000000995 35.00000000000102 35.00000000000105 35.000000000001066 35.000000000001094 35.000000000001116 35.000000000001144 35.000000000001165 35.00000000000117 35.00000000000119 35.000000000001215 35.000000000001194 35.00000000000119 35.00000000000119 35.00000000000117 35.00000000000119 35.00000000000119 35.00000000000117 35.00000000000117 35.000000000001165 35.00000000000115 35.000000000001144 35.00000000000115 35.00000000000114 35.00000000000112 35.00000000000111 35.000000000001116 35.0000000000011 35.000000000001094 35.00000000000107 35.00000000000106 35.00000000000105 35.000000000001044 35.00000000000103 35.00000000000102 35.00000000000104 35.000000000001044 35.00000000000104 35.00000000000106 35.00000000000108 35.0000000000011 35.00000000000112 35.00000000000114 35.000000000001144 35.00000000000115 35.000000000001165 35.00000000000117 35.00000000000118 35.000000000001165 35.000000000001165 35.000000000001165 35.00000000000117 35.00000000000117 35.00000000000119 35.00000000000118 35.00000000000118 35.00000000000119 35.00000000000118 35.00000000000117 35.000000000001165 35.000000000001165 35.00000000000116 35.00000000000116 35.00000000000117 35.00000000000119 35.00000000000119 35.00000000000119 35.00000000000117 35.000000000001165 35.00000000000117 35.000000000001165 35.000000000001165 35.00000000000116 35.00000000000115 35.00000000000115 35.00000000000115 35.000000000001144 35.00000000000113 35.00000000000114 35.000000000001144 35.00000000000115 35.000000000001144 35.00000000000115 35.000000000001165 35.00000000000116 35.000000000001144 35.00000000000114 35.00000000000115 35.00000000000115 35.00000000000115 35.00000000000114 35.00000000000115 35.000000000001165 35.00000000000117 35.00000000000118 35.00000000000117 35.00000000000116 35.00000000000115 35.000000000001144 35.00000000000112 35.000000000001094 35.00000000000106 35.00000000000103 35.00000000000104 35.000000000001044 35.00000000000104 35.00000000000102 35.00000000000102 35.00000000000102 35.000000000001044 35.00000000000105 35.00000000000105 35.00000000000105 35.00000000000108 35.000000000001094 35.000000000001094 35.00000000000112 35.00000000000112 35.00000000000113 35.00000000000114 35.00000000000112 
0.09888022801353932 -0.0063728213450098565 -0.015093056638778217 -0.020858301518508874 -0.02471394379712059 -0.03168925857486784 -0.00015287473773893128 2.873402180750951e-08 2.6977728741064316e-11 -1.1948854933964195e-14 -3.786121896747695e-17 -2.2448329578984694e-19 2.8771585977410892e-21 2.8425844125651393e-21 1.2988923663651131e-21 6.294120448725493e-22 3.2801003137305987e-22 1.800532250598448e-22 1.023346700425059e-22 5.950247381750838e-23 3.5089101009317066e-23 2.0846727123457888e-23 1.2407457103739509e-23 7.3594444991725e-24 4.3269384984457104e-24 2.5056895530608843e-24 1.417456118835407e-24 7.7361940713023425e-25 3.987964167085492e-25 1.8577658668630283e-25 6.907658035639889e-26 8.732517937480667e-27 -1.943408438382699e-26 -2.9896583850814574e-26 -3.117188058672085e-26 -2.814511615248855e-26 -2.3514881341797458e-26 -1.8691405168972504e-26 -1.433456609785932e-26 -1.0693085988609301e-26 -7.798196209368145e-27 -5.5782745909561004e-27 -3.922398273449499e-27 -2.7159140040655146e-27 -1.8537186439703435e-27 -1.2480817802859604e-27 -8.295811714572982e-28 -5.4446445535506695e-28 -3.529561667802088e-28 -2.259999019549868e-28 -1.430542017405654e-28 -8.941188394650667e-29 -5.520506177526386e-29 -3.3656711439835866e-29 -2.0259704916312724e-29 -1.2034849843002298e-29 -7.048933830163876e-30 -4.0672938166681924e-30 -2.311337978667316e-30 -1.2903708206104305e-30 -7.071924201002769e-31 -3.79374877254377e-31 -1.9850593557465486e-31 -1.0078794043260314e-31 -4.925443609439442e-32 -2.285579707956065e-32 -9.810294284757511e-33 -3.6666564790556274e-33 -9.696598484382454e-34 8.176908919318893e-35 3.962728532495709e-34 4.131202733622477e-34 3.325972689734906e-34 2.381322459692304e-34 1.5893341613522719e-34 1.0102474912682365e-34 6.18661370466013e-35 3.6748969230091846e-35 2.126462254764918e-35 1.2019564533249587e-35 6.648320075293133e-36 3.602483101654981e-36 1.913393231106934e-36 9.9626325193286e-37 5.0839810559225754e-37 2.539034706071813e-37 1.2405784792040315e-37 5.915019688032413e-38 2.7432962340670846e-38 1.2315517539049302e-38 5.3100798424178024e-39 2.16967590716728e-39 8.187787563519942e-40 2.68874748199708e-40 6.269785550332037e-41 -4.106525435785359e-42 -1.9011284355263769e-41 -1.7339373975524757e-41 -1.2150074155038594e-41 -7.550726714786312e-42 -4.364079985866065e-42 -2.3968035051643556e-42 -1.2652130576315603e-42 -6.461820565497036e-43 -3.2057538732378418e-43 -1.548485192020887e-43 -7.29140908516967e-44 -3.347943204334614e-44 -1.4982424762781546e-44 -6.52406479818996e-45 -2.7576002716379847e-45 -1.1262771767999406e-45 -4.412738142443345e-46 -1.6371367287089269e-46 -5.612664407727935e-47 -1.6807849029190677e-47 -3.6495054739586205e-48 1.0596527535282171e-49 8.007027223469608e-49 6.724672827889504e-49 4.265670004129835e-49 2.385535385015339e-49 1.2373924516593185e-49 6.084967008315892e-50 2.8699039376751803e-50 1.306715953779712e-50 5.765294799970214e-51 2.4695901889024934e-51 1.0276282951420038e-51 4.151071960243294e-52 1.624434894962141e-52 6.13426913822242e-53 2.220162533890101e-53 7.609178200009168e-54 2.4128053160323663e-54 6.717572151646284e-55 1.3885081892638156e-55 4.948090212779767e-58 -2.22315719421049e-56 -1.7681958209054753e-56 -1.0378152197017956e-56 -5.337785363129583e-57 -2.5373646493435343e-57 -1.1410308176532537e-57 -4.9123946231767794e-58 -2.0381001190457014e-58 -8.177815748394173e-59 -3.178338104239152e-59 -1.1964150028790218e-59 -4.354529964284378e-60 -1.5266678599472272e-60 -5.12032767654824e-61 -1.622406978334485e-61 -4.738695291976633e-62 -1.2050571202633191e-62 -2.203597853612976e-63 7.151073005333858e-65 3.611504783528718e-64 2.5490210493987836e-64 1.3639935529189131e-64 6.437547982398894e-65 2.8144308048413177e-65 1.1648263941219628e-65 4.615070883113456e-66 1.7606377408095228e-66 6.488752727734578e-67 2.3120448764085115e-67 7.957840127336948e-68 2.6381462325111102e-68 8.371425534362988e-69 2.5151092820189915e-69 7.00216321398873e-70 1.7214331955766632e-70 3.2244510769679714e-71 1.0092975605457353e-72 -3.262298130118134e-72 -2.361786602533171e-72 -1.2202673166760855e-72 -5.476882847065409e-73 -2.262684159249235e-73 -8.819733675524033e-74 -3.2833807123106627e-74 -1.1754327468067206e-74 -4.0591475092601583e-75 -1.353391431731679e-75 -4.3516070412269436e-76 -1.3444752174005429e-76 -3.963121036634508e-77 -1.0996717778634202e-77 -2.795341207943935e-78 -6.093901218528156e-79 -8.949643248650105e-80 8.528342135027135e-81 1.5258590556331763e-80 8.93287541271428e-81 4.110878855147267e-81 1.6855966135382433e-81 6.442303584006065e-82 2.401711445353334e-82 1.0666096242903793e-82 
-0.10077514897365508 -0.06904484646335024 -0.06208328438375941 -0.05625189143466639 -0.05127234943992273 -0.03952619362998418 5.9847003074337034e-05 6.04713360698643e-08 -1.3968888101649609e-11 -1.6241593398071862e-14 -8.177935062109472e-18 -4.107052642552287e-20 -3.58868605506226e-21 -1.4799806656272773e-21 -7.618095142880523e-22 -4.308948261311772e-22 -2.591605420273106e-22 -1.6233528346740564e-22 -1.045175825542607e-22 -6.858692270486182e-23 -4.56142275900499e-23 -3.0621161711102333e-23 -2.0687088689294136e-23 -1.4032600403401155e-23 -9.539976530270128e-24 -6.49020443958149e-24 -4.41321911225359e-24 -2.996139678823947e-24 -2.02907356238713e-24 -1.3695221202657116e-24 -9.20660832683425e-25 -6.159555710418223e-25 -4.0988577120951462e-25 -2.7111201672247004e-25 -1.7813731208652458e-25 -1.1619894159729473e-25 -7.519231363578185e-26 -4.824434690025878e-26 -3.0664264119758524e-26 -1.9292887945043885e-26 -1.2005066168595632e-26 -7.379528467186253e-27 -4.4750161245424655e-27 -2.6730866085510776e-27 -1.5694372981135973e-27 -9.030230579162824e-28 -5.073586659990251e-28 -2.766639301678485e-28 -1.4512143051728577e-28 -7.207533480754142e-29 -3.291359120962631e-29 -1.2800475237053251e-29 -3.1492005507546084e-30 9.947482802577066e-31 2.3876577965312043e-30 2.5197457685800543e-30 2.155722809522626e-30 1.664456966676338e-30 1.207098839383473e-30 8.371369028960367e-31 5.613086505029789e-31 3.660598123334106e-31 2.331207300418361e-31 1.4536308293753357e-31 8.89086168046654e-32 5.341233670707341e-32 3.1539494799196633e-32 1.8315031780541067e-32 1.0461695252115184e-32 5.8783506446205374e-33 3.247848946275784e-33 1.7639162431801498e-33 9.406283060667077e-34 4.919480198915277e-34 2.518866809810624e-34 1.2593893814196851e-34 6.125637172709692e-35 2.8820488630192546e-35 1.2996541916517263e-35 5.527893447647641e-36 2.147704206039383e-36 7.033305081396386e-37 1.3822177150730288e-37 -4.947091996095789e-38 -8.849797579228846e-38 -7.74707584881102e-38 -5.553173882412628e-38 -3.598945894971947e-38 -2.1881784257534728e-38 -1.270509013684376e-38 -7.113917797642503e-39 -3.8637503428129093e-39 -2.042909158519956e-39 -1.0539010774074296e-39 -5.311526253661825e-40 -2.616657173069272e-40 -1.2599148640766866e-40 -5.924837307395115e-41 -2.7170279051835275e-41 -1.2119855752591717e-41 -5.237739130700029e-42 -2.1788932060775516e-42 -8.630992516920228e-43 -3.1910974590075716e-43 -1.0550595399138383e-43 -2.760221936848019e-44 -2.485247815210233e-45 3.6647217662210266e-45 3.871682940450895e-45 2.7391028204982413e-45 1.6636395661232817e-45 9.274786749163881e-46 4.880452749251849e-46 2.4577869443853296e-46 1.1940158200800745e-46 5.621504567654535e-47 2.5716591693541027e-47 1.1445731435833797e-47 4.956988746503384e-48 2.0871676614464564e-48 8.526791964729628e-49 3.3648523137232045e-49 1.2757674112672703e-49 4.593542021406209e-50 1.5381073780491188e-50 4.574601210189161e-51 1.0546148837507356e-51 6.057272447474744e-53 -1.3690688685107822e-52 -1.2386097983655403e-52 -7.807866097273694e-53 -4.257009605884245e-53 -2.134907358590404e-53 -1.0107915796533763e-53 -4.577628685326661e-54 -1.997824169059427e-54 -8.4351554246152e-55 -3.452823908573944e-55 -1.3709272931057713e-55 -5.27486851620201e-56 -1.9618121454126004e-56 -7.018731384712536e-57 -2.3950029863798765e-57 -7.67348721234584e-58 -2.2356055223338325e-58 -5.458857100929259e-59 -7.865504142289217e-60 2.2395341992904568e-60 2.889710009468776e-60 1.8618607882167315e-60 9.817739716887208e-61 4.669161724488909e-61 2.0766174626904127e-61 8.786522376245247e-62 3.569218274360666e-62 1.3988793091976675e-62 5.302711821455319e-63 1.9451973685916386e-63 6.89729726534851e-64 2.3559734691783674e-64 7.706440236406163e-65 2.3870816594774737e-65 6.85077176042322e-66 1.7347776768934947e-66 3.333553215546177e-67 9.331933023293976e-69 -3.6999153242493476e-68 -2.743976238830805e-68 -1.46083920030109e-68 -6.765119488059692e-69 -2.885784739476242e-69 -1.1619612019708995e-69 -4.4710045984817246e-70 -1.654855037551312e-70 -5.911444254242682e-71 -2.040148442234911e-71 -6.796148921893624e-72 -2.1783616771402045e-72 -6.676099364681919e-73 -1.9334066509063854e-73 -5.169634770976181e-74 -1.2096820756846485e-74 -2.0854406784651842e-75 8.31254818022416e-78 2.461657764627305e-76 1.6281523774830395e-76 7.992732031158658e-77 3.4404032403058183e-77 1.3679376657866464e-77 5.139827157430333e-78 1.8457044822005896e-78 6.374712942325662e-79 2.123340717157077e-79 6.82427173130891e-80 2.1127293480659584e-80 6.270417902847969e-81 1.7697478487617453e-81 4.6648861299747007e-82 1.1068970109042839e-82 2.4254868747350373e-83 
1900 1 20 0 0 0
14.79951803792663 14.79945638132373 14.799385006691411 14.79929998789683 14.799188051797195 14.798498045675226 13.949455126025047 13.250737574127884 12.74999568520068 12.25197654854946 12.002425605663877 12.000056522401435 12.000005292537155 12.000001165372389 12.000000418046751 12.000000199061928 12.000000111798306 12.000000069362564 12.000000045877337 12.000000031705342 12.000000022617861 12.000000016524476 12.000000012296798 12.000000009283683 12.00000000708907 12.000000005462372 12.000000004238753 12.000000003307626 12.000000002591863 12.000000002037345 12.000000001604963 12.000000001266004 12.000000000999272 12.000000000788713 12.000000000622249 12.000000000490363 12.000000000385922 12.000000000303134 12.000000000237614 12.000000000185794 12.000000000144885 12.000000000112681 12.000000000087352 12.00000000006752 12.00000000005202 12.00000000003996 12.00000000003059 12.000000000023368 12.000000000017788 12.000000000013499 12.000000000010221 12.000000000007729 12.000000000005844 12.00000000000442 12.000000000003352 12.000000000002558 12.000000000001968 12.000000000001538 12.000000000001226 12.000000000000988 12.000000000000819 12.000000000000698 12.000000000000608 12.000000000000545 12.000000000000503 12.00000000000047 12.000000000000444 12.000000000000423 12.000000000000403 12.000000000000384 12.000000000000371 12.000000000000362 12.00000000000036 12.000000000000357 12.000000000000355 12.000000000000359 12.000000000000359 12.00000000000036 12.000000000000368 12.000000000000378 12.000000000000384 12.000000000000396 12.000000000000407 12.000000000000417 12.000000000000425 12.000000000000432 12.000000000000433 12.000000000000437 12.00000000000044 12.000000000000442 12.000000000000444 12.000000000000446 12.000000000000448 12.000000000000446 12.000000000000442 12.000000000000439 12.000000000000432 12.000000000000432 12.000000000000432 12.00000000000043 12.000000000000428 12.000000000000428 12.000000000000425 12.000000000000417 12.000000000000412 12.000000000000401 12.000000000000393 12.000000000000387 12.000000000000378 12.000000000000375 12.000000000000368 12.000000000000368 12.000000000000366 12.00000000000036 12.000000000000362 12.000000000000364 12.00000000000037 12.000000000000373 12.00000000000038 12.00000000000039 12.000000000000403 12.000000000000412 12.000000000000425 12.000000000000432 12.000000000000437 12.000000000000437 12.00000000000044 12.000000000000442 12.000000000000437 12.000000000000433 12.00000000000043 12.00000000000043 12.000000000000432 12.00000000000043 12.000000000000425 12.000000000000425 12.000000000000423 12.000000000000416 12.000000000000417 12.000000000000417 12.000000000000417 12.000000000000417 12.000000000000414 12.000000000000416 12.000000000000412 12.000000000000412 12.00000000000042 12.000000000000426 12.00000000000043 12.000000000000432 12.000000000000433 12.00000000000043 12.000000000000428 12.00000000000043 12.00000000000043 12.000000000000433 12.000000000000432 12.00000000000043 12.000000000000432 12.000000000000428 12.00000000000043 12.00000000000043 12.000000000000432 12.000000000000428 12.000000000000423 12.000000000000421 12.000000000000417 12.000000000000414 12.000000000000409 12.000000000000412 12.000000000000414 12.000000000000417 12.000000000000423 12.000000000000421 12.000000000000417 12.00000000000042 12.000000000000417 12.000000000000414 12.000000000000405 12.000000000000394 12.000000000000385 12.000000000000384 12.000000000000382 12.000000000000375 12.000000000000375 12.00000000000037 12.00000000000037 12.000000000000368 12.00000000000036 12.000000000000359 12.00000000000036 12.000000000000364 12.000000000000366 12.000000000000371 12.000000000000375 12.000000000000378 12.00000000000038 12.000000000000384 12.00000000000039 12.000000000000387 
34.9999999999999 34.9999999999999 34.99999999999989 34.99999999999989 34.9999999999999 34.999999999999915 35.00000000000004 35.00000000000001 35.00000000000001 35.00000000000017 35.00000000000005 35.00000000000011 35.00000000000015 35.00000000000004 34.99999999999999 34.999999999999936 34.999999999999964 34.999999999999964 34.99999999999995 34.99999999999997 34.99999999999995 34.99999999999994 34.999999999999986 34.99999999999997 35.0 35.00000000000001 35.00000000000001 35.00000000000002 35.00000000000005 35.000000000000064 35.00000000000009 35.000000000000114 35.000000000000135 35.00000000000014 35.00000000000017 35.000000000000206 35.00000000000023 35.00000000000024 35.00000000000026 35.000000000000284 35.000000000000306 35.00000000000032 35.00000000000036 35.00000000000042 35.000000000000476 35.00000000000052 35.00000000000058 35.00000000000064 35.00000000000068 35.000000000000725 35.000000000000774 35.00000000000081 35.000000000000846 35.000000000000874 35.00000000000092 35.00000000000095 35.00000000000099 35.000000000001016 35.00000000000105 35.00000000000107 35.00000000000108 35.000000000001094 35.000000000001094 35.000000000001094 35.00000000000111 35.000000000001094 35.00000000000108 35.000000000001066 35.000000000001044 35.00000000000101 35.000000000000995 35.000000000000995 35.000000000000995 35.00000000000098 35.000000000000966 35.00000000000097 35.00000000000098 35.000000000000995 35.000000000001016 35.00000000000104 35.00000000000105 35.00000000000108 35.000000000001116 35.00000000000116 35.00000000000119 35.0000000000012 35.000000000001215 35.00000000000123 35.000000000001236 35.00000000000126 35.00000000000124 35.00000000000124 35.00000000000125 35.00000000000125 35.00000000000125 35.000000000001236 35.00000000000122 35.000000000001215 35.00000000000121 35.000000000001215 35.000000000001215 35.00000000000121 35.000000000001194 35.00000000000119 35.00000000000118 35.00000000000117 35.000000000001144 35.000000000001144 35.00000000000112 35.000000000001094 35.000000000001094 35.00000000000109 35.00000000000109 35.000000000001066 35.00000000000107 35.00000000000106 35.00000000000108 35.00000000000109 35.0000000000011 35.00000000000112 35.00000000000116 35.00000000000117 35.000000000001194 35.000000000001215 35.00000000000123 35.00000000000125 35.00000000000124 35.00000000000124 35.000000000001236 35.00000000000123 35.00000000000123 35.000000000001236 35.00000000000124 35.000000000001236 35.000000000001236 35.00000000000123 35.000000000001215 35.00000000000121 35.000000000001215 35.000000000001215 35.000000000001215 35.000000000001215 35.00000000000121 35.00000000000121 35.000000000001194 35.000000000001194 35.000000000001194 35.000000000001215 35.00000000000121 35.00000000000121 35.00000000000121 35.0000000000012 35.00000000000119 35.00000000000121 35.0000000000012 35.00000000000121 35.000000000001215 35.0000000000012 35.00000000000121 35.0000000000012 35.00000000000121 35.000000000001215 35.00000000000121 35.000000000001194 35.00000000000119 35.00000000000118 35.00000000000118 35.00000000000117 35.000000000001165 35.00000000000117 35.00000000000118 35.00000000000121 35.00000000000123 35.000000000001236 35.00000000000123 35.00000000000122 35.00000000000122 35.000000000001215 35.00000000000121 35.00000000000117 35.000000000001144 35.00000000000113 35.000000000001116 35.0000000000011 35.000000000001094 35.000000000001094 35.000000000001094 35.000000000001094 35.00000000000108 35.00000000000107 35.00000000000109 35.000000000001094 35.00000000000112 35.000000000001144 35.00000000000115 35.000000000001165 35.00000000000116 35.00000000000117 35.000000000001194 35.00000000000118 
0.0986956443319489 -0.006424314528078935 -0.015101768220724348 -0.02085868384276798 -0.024695922734991466 -0.03143255338262784 -0.0001824330212473576 3.168199913166955e-08 3.3229167506610025e-11 -4.415657684344579e-15 6.818167064499541e-18 1.8055123436045468e-19 4.8188856639757464e-21 -5.227236274044425e-22 -4.906544679314732e-22 -2.9837197022732713e-22 -1.778454466581729e-22 -1.0798602529538181e-22 -6.691977244928903e-23 -4.217739652983369e-23 -2.693150801516556e-23 -1.7362846578039344e-23 -1.1269925477221325e-23 -7.347188042606469e-24 -4.800878499990278e-24 -3.1386975224086057e-24 -2.0496964623674345e-24 -1.3351287008506588e-24 -8.661982703004617e-25 -5.589601617345589e-25 -3.5825447755275004e-25 -2.277046782935782e-25 -1.4327682799602581e-25 -8.906725913031131e-26 -5.45686073568511e-26 -3.2837696143283713e-26 -1.9326134704738688e-26 -1.1049628085954885e-26 -6.0750634922063794e-27 -3.1538649237181965e-27 -1.4902244489001405e-27 -5.816515380518764e-28 -1.150861049064104e-28 1.0069660225848983e-28 1.8047257684283128e-28 1.9126712320276214e-28 1.7093616174805078e-28 1.3985054474709e-28 1.0819333269772233e-28 8.042482519725965e-29 5.797824541647367e-29 4.076638164946058e-29 2.8061458332542677e-29 1.895027185819254e-29 1.2581892222142377e-29 8.224523615448408e-30 5.297273351992222e-30 3.361963733867065e-30 2.104251191053917e-30 1.2997208951971582e-30 7.91990294639297e-31 4.760763574027725e-31 2.822531703438284e-31 1.6499140685609738e-31 9.504398860512288e-32 5.391639955081682e-32 3.00887624179382e-32 1.649852491036736e-32 8.871585324424214e-33 4.66669000902009e-33 2.3927476964573022e-33 1.1894578894364832e-33 5.684793534017302e-34 2.5745287973298206e-34 1.0742479686155736e-34 3.863693458282329e-35 9.377397719616952e-36 -1.5440070171046528e-36 -4.52856295153636e-36 -4.4544185876066294e-36 -3.4668929476040914e-36 -2.4160568359564334e-36 -1.5740226395806584e-36 -9.775445958516648e-37 -5.855303606437448e-37 -3.4034045497974356e-37 -1.927422973720945e-37 -1.0662727126007837e-37 -5.77167801912964e-38 -3.0598175947697615e-38 -1.5893835590228636e-38 -8.088541727894566e-39 -4.030653421007114e-39 -1.9645223607791132e-39 -9.347991995309218e-40 -4.33041433494603e-40 -1.944445757836951e-40 -8.404479847677917e-41 -3.4562726750582606e-41 -1.3233215896851733e-41 -4.4981576043701775e-42 -1.1766455393640275e-42 -6.249202054630076e-44 2.183755210189845e-43 2.236818281080188e-43 1.623660094461498e-43 1.0245992443095268e-43 5.967124204571554e-44 3.2894637061434043e-44 1.7393119079803766e-44 8.88714752067196e-45 4.4078013558358734e-45 2.1276543977665057e-45 1.0009604157232293e-45 4.59194250315298e-46 2.053471905605441e-46 8.937178690277733e-47 3.7764179728318186e-47 1.542820241607347e-47 6.048286084054501e-48 2.249078252039185e-48 7.747411115028752e-49 2.3456967621834592e-49 5.279963885851139e-50 2.171077384585639e-52 -1.0040145364799552e-50 -8.722176645454194e-51 -5.596167037722696e-51 -3.1494656734297106e-51 -1.639976501587827e-51 -8.088316092279364e-52 -3.8243418398618356e-52 -1.7454096801572512e-52 -7.719053972320685e-53 -3.314624090106771e-53 -1.3829084370725303e-53 -5.602250493471442e-54 -2.199502508382398e-54 -8.337099258478579e-55 -3.0309043976771052e-55 -1.0445347634317913e-55 -3.3375720102681647e-56 -9.40833297495324e-57 -2.0053099063184547e-57 -5.10136372990251e-59 2.8814630581045808e-58 2.372391842614466e-58 1.4122891177500013e-58 7.332304736870107e-59 3.5122765178697174e-59 1.5904520278080573e-59 6.893154190296197e-60 2.8789848191294506e-60 1.163040190003825e-60 4.552068271984709e-61 1.726246712700737e-61 6.332886945872708e-62 2.239591480047526e-62 7.585347743302622e-63 2.4316666803258186e-63 7.211622909641858e-64 1.8786494573044586e-64 3.6464207629501757e-65 2.8107956754681893e-67 -4.963811809117589e-66 -3.7046710644277174e-66 -2.031630885672358e-66 -9.749673251173232e-67 -4.32095505297577e-67 -1.810386273222577e-67 -7.256670809535319e-68 -2.8007540142987407e-68 -1.0442965207236692e-68 -3.7660957554783503e-69 -1.3127639472966243e-69 -4.4110998843412865e-70 -1.4210575206779774e-70 -4.345338365850595e-71 -1.2372249605686344e-71 -3.146274206031706e-72 -6.343456843232434e-73 -4.656969776817103e-74 4.69301078804023e-74 3.82993791814749e-74 2.0657495358432988e-74 9.523403867883666e-75 4.0174910050706896e-75 1.5947738387401123e-75 6.03961995588793e-76 2.197991132063037e-76 7.715793205910617e-77 2.6163402695420713e-77 8.557200120038065e-78 2.694292770692199e-78 8.112328845887116e-79 2.30800626077116e-79 6.0650928728152845e-80 1.3896895635634264e-80 2.212776260310603e-81 -2.6034297439253167e-82 
-0.10051552645915507 -0.06887014823321182 -0.06195785697769132 -0.056159992961086785 -0.051255218210709205 -0.040201031525623585 6.589326913125126e-05 7.213696008032067e-08 -1.379318101607477e-11 -1.06241426159858e-14 2.3931266460583135e-17 1.9525461416891737e-19 4.524231626763326e-21 3.957924015128715e-23 -6.999014082944345e-23 -2.869766397204221e-23 -5.8770949392262086e-24 3.276238156843744e-24 6.163759199411928e-24 6.437741605563826e-24 5.728195873126071e-24 4.741674166217034e-24 3.771040163154538e-24 2.9243681092656218e-24 2.228291754036244e-24 1.6755524907480157e-24 1.2464323743444583e-24 9.187357216631186e-25 6.716022676224675e-25 4.871790910040035e-25 3.5080641640399146e-25 2.5078898095228265e-25 1.780107698173671e-25 1.2544954547815478e-25 8.7776191974021e-26 6.096370017810567e-26 4.202894163071483e-26 2.8752578200061985e-26 1.9517307029470045e-26 1.314149538094821e-26 8.77527808887e-27 5.810242439603315e-27 3.812748173610114e-27 2.4791809534737533e-27 1.5965954715478068e-27 1.0180582880003545e-27 6.423153214537744e-28 4.0085069864008915e-28 2.4723297991364676e-28 1.5057048512298572e-28 9.04734050653639e-29 5.3579334794733e-29 3.1218498488721214e-29 1.785289480825973e-29 9.995079684155097e-30 5.457355670654916e-30 2.8879715633528843e-30 1.4658335662071013e-30 7.018594893878224e-31 3.0646388436437907e-31 1.1157850513074841e-31 2.2461711199386825e-32 -1.3240959064101345e-32 -2.3603687750751266e-32 -2.3107883709774153e-32 -1.8835103645253908e-32 -1.397612722279718e-32 -9.772731304775798e-33 -6.548331431286094e-33 -4.244873760001732e-33 -2.6774002095154998e-33 -1.6493458977199097e-33 -9.948379613441483e-34 -5.884988048874123e-34 -3.4178814264844067e-34 -1.9503567771483062e-34 -1.093814918368297e-34 -6.029164937724242e-35 -3.265617631373522e-35 -1.7369195804143205e-35 -9.063144582210668e-36 -4.632925816733236e-36 -2.3153842358161204e-36 -1.1270106999844861e-36 -5.323998913537834e-37 -2.4221084792485485e-37 -1.0482886319838401e-37 -4.21890803518079e-38 -1.501014758106505e-38 -4.035560606597655e-39 -1.0944347098276534e-40 9.61354220698391e-40 1.0052356157939365e-39 7.652277367754035e-40 5.0993202466209456e-40 3.145558164325256e-40 1.8404922735460327e-40 1.034524371916712e-40 5.62733665066872e-41 2.9755170503381623e-41 1.533628375998462e-41 7.717672227685329e-42 3.794973724096947e-42 1.8236040410811075e-42 8.558533906780701e-43 3.9177417549189235e-43 1.7449655400652568e-43 7.535641887906796e-44 3.135534626202311e-44 1.2445688348857957e-44 4.6264622204743005e-45 1.5498826286465768e-45 4.214100875308823e-46 5.232549268339922e-47 -4.2268041336160613e-47 -4.94908721342632e-47 -3.589573114748066e-47 -2.2027337998298124e-47 -1.2344884300916196e-47 -6.51215888498405e-48 -3.284943094330006e-48 -1.597434780971853e-48 -7.525888231807314e-49 -3.444828025333246e-49 -1.5341177858216535e-49 -6.648815457150779e-50 -2.8020457051670047e-50 -1.1459757933299511e-50 -4.5316379105656685e-51 -1.7219101499690864e-51 -6.219482338198561e-52 -2.0927242047813096e-52 -6.278943326938239e-53 -1.4797219975028698e-53 -1.0918081133705123e-54 1.7247418797711523e-54 1.6207691634657343e-54 1.0345949450988387e-54 5.68217970589838e-55 2.8652692660710374e-55 1.3629456603139846e-55 6.19999369409338e-56 2.7176076098121905e-56 1.152583385163686e-56 4.7399118346994966e-57 1.891194865004701e-57 7.31497846037902e-58 2.7362112821176616e-58 9.852389105215452e-59 3.3871613053407217e-59 1.095332699905689e-59 3.232590059424496e-60 8.07640174153183e-61 1.261979947293084e-61 -2.631038132115234e-62 -3.931887520343348e-62 -2.6072898319943433e-62 -1.396476941546367e-62 -6.719196925552373e-63 -3.018559208154018e-63 -1.2892206589050777e-63 -5.2850013664595535e-64 -2.090352002340164e-64 -7.998159238710433e-65 -2.9623782875528705e-65 -1.061114591464581e-65 -3.665499911430869e-66 -1.213965941153162e-66 -3.814987256439748e-67 -1.1152046042358886e-67 -2.903477271289859e-68 -5.934168730013624e-69 -3.8311853423233646e-70 5.144172673384297e-70 4.1830338635614166e-70 2.30480479339093e-70 1.0910748139219355e-70 4.735909957506598e-71 1.9364426250171108e-71 7.559444822424063e-72 2.837191642885745e-72 1.0278516795306655e-72 3.5987581699517287e-73 1.2170186566820151e-73 3.9644959587368686e-74 1.237065178527218e-74 3.659109722300344e-75 1.0054701760520084e-75 2.4548929855830876e-76 4.670315211927909e-77 2.502450626595282e-78 -3.8137080782627726e-78 -2.8565251482515863e-78 -1.4711993887561938e-78 -6.52856545493836e-79 -2.6580360469340337e-79 -1.0201674722955517e-79 -3.7473722429960105e-80 -1.3599014965711064e-80 -5.918838414202841e-81 
1900 1 21 0 0 0
14.795201087575757 14.795128019795229 14.795043497338678 14.794942958629116 14.794811313937158 14.794185691324282 13.97514443275111 13.250846113248011 12.749996185703711 12.252080240033674 12.002551230868267 12.000061111718129 12.000005779540569 12.00000127583387 12.000000457279114 12.00000021749414 12.000000122146687 12.000000075865794 12.000000050273178 12.000000034826618 12.000000024913183 12.000000018257014 12.000000013631343 12.000000010327886 12.00000000791685 12.000000006125088 12.000000004773913 12.000000003742535 12.000000002947253 12.00000000232889 12.000000001844787 12.000000001463777 12.000000001162542 12.000000000923599 12.000000000733612 12.00000000058228 12.000000000461684 12.000000000365478 12.000000000288845 12.000000000227757 12.000000000179178 12.000000000140599 12.00000000011004 12.000000000085866 12.000000000066803 12.000000000051818 12.00000000004008 12.00000000003091 12.000000000023773 12.000000000018229 12.000000000013936 12.000000000010631 12.0000000000081 12.000000000006175 12.000000000004707 12.000000000003599 12.000000000002762 12.000000000002146 12.000000000001688 12.000000000001345 12.000000000001087 12.000000000000895 12.000000000000757 12.000000000000654 12.00000000000058 12.000000000000531 12.000000000000492 12.000000000000464 12.00000000000044 12.000000000000425 12.000000000000405 12.000000000000394 12.000000000000377 12.000000000000373 12.000000000000371 12.000000000000366 12.000000000000366 12.000000000000373 12.00000000000038 12.000000000000389 12.0000000000004 12.000000000000409 12.000000000000421 12.000000000000426 12.000000000000433 12.000000000000439 12.00000000000045 12.000000000000457 12.00000000000046 12.000000000000464 12.000000000000469 12.000000000000469 12.000000000000469 12.000000000000467 12.000000000000465 12.000000000000464 12.000000000000458 12.000000000000455 12.000000000000455 12.000000000000455 12.000000000000453 12.000000000000448 12.000000000000442 12.000000000000435 12.00000000000043 12.000000000000425 12.000000000000421 12.000000000000416 12.000000000000409 12.000000000000407 12.000000000000403 12.000000000000393 12.000000000000382 12.000000000000378 12.00000000000038 12.000000000000389 12.000000000000398 12.000000000000405 12.000000000000412 12.000000000000417 12.00000000000043 12.000000000000439 12.000000000000444 12.00000000000045 12.00000000000045 12.000000000000453 12.000000000000453 12.000000000000453 12.000000000000453 12.000000000000455 12.000000000000453 12.000000000000453 12.00000000000045 12.000000000000444 12.000000000000442 12.000000000000437 12.00000000000044 12.000000000000442 12.000000000000442 12.00000000000044 12.000000000000433 12.00000000000043 12.000000000000435 12.00000000000044 12.00000000000044 12.000000000000442 12.000000000000442 12.000000000000442 12.000000000000448 12.000000000000453 12.000000000000453 12.000000000000453 12.000000000000453 12.000000000000451 12.000000000000448 12.000000000000444 12.000000000000448 12.000000000000448 12.000000000000448 12.000000000000444 12.000000000000444 12.000000000000446 12.000000000000448 12.000000000000448 12.000000000000446 12.000000000000444 12.000000000000439 12.000000000000437 12.000000000000437 12.000000000000435 12.000000000000439 12.000000000000439 12.000000000000439 12.00000000000044 12.000000000000442 12.000000000000442 12.000000000000439 12.000000000000432 12.000000000000421 12.000000000000417 12.000000000000409 12.000000000000405 12.000000000000405 12.000000000000398 12.000000000000387 12.000000000000387 12.00000000000039 12.000000000000389 12.000000000000385 12.00000000000038 12.00000000000038 12.00000000000038 12.000000000000385 12.000000000000396 12.000000000000396 12.000000000000398 12.000000000000403 12.000000000000412 12.000000000000412 12.000000000000414 
34.99999999999988 34.99999999999988 34.99999999999987 34.99999999999988 34.999999999999886 34.999999999999886 35.000000000000014 34.99999999999993 35.000000000000064 35.00000000000019 35.000000000000085 35.00000000000012 35.00000000000019 35.00000000000003 34.999999999999986 34.99999999999995 34.99999999999998 34.99999999999998 34.999999999999986 34.99999999999997 34.99999999999996 34.99999999999996 34.999999999999986 34.999999999999986 35.00000000000001 35.000000000000014 35.00000000000002 35.00000000000006 35.00000000000007 35.0000000000001 35.00000000000013 35.00000000000014 35.000000000000156 35.000000000000185 35.00000000000021 35.00000000000023 35.00000000000023 35.00000000000025 35.00000000000027 35.00000000000031 35.00000000000035 35.00000000000037 35.000000000000405 35.00000000000044 35.00000000000049 35.00000000000053 35.00000000000057 35.00000000000062 35.00000000000066 35.000000000000725 35.00000000000077 35.000000000000796 35.000000000000846 35.00000000000089 35.00000000000093 35.00000000000098 35.000000000001 35.000000000001044 35.00000000000109 35.00000000000111 35.00000000000113 35.00000000000113 35.00000000000114 35.000000000001144 35.000000000001144 35.000000000001144 35.00000000000113 35.000000000001116 35.0000000000011 35.00000000000108 35.00000000000105 35.00000000000104 35.000000000001 35.000000000001 35.00000000000102 35.00000000000101 35.000000000001 35.000000000001016 35.00000000000105 35.000000000001066 35.0000000000011 35.00000000000113 35.00000000000116 35.00000000000117 35.000000000001194 35.00000000000121 35.00000000000125 35.00000000000127 35.000000000001286 35.000000000001315 35.00000000000132 35.00000000000133 35.00000000000133 35.00000000000133 35.000000000001336 35.000000000001315 35.0000000000013 35.00000000000129 35.00000000000129 35.000000000001286 35.00000000000129 35.000000000001286 35.00000000000126 35.000000000001236 35.000000000001236 35.00000000000122 35.0000000000012 35.000000000001194 35.000000000001194 35.000000000001194 35.00000000000118 35.00000000000115 35.000000000001116 35.000000000001116 35.00000000000112 35.00000000000114 35.000000000001165 35.00000000000119 35.000000000001194 35.000000000001215 35.000000000001236 35.000000000001265 35.000000000001265 35.00000000000128 35.00000000000127 35.00000000000128 35.00000000000128 35.000000000001286 35.000000000001286 35.000000000001286 35.00000000000127 35.000000000001265 35.00000000000125 35.000000000001265 35.000000000001265 35.00000000000125 35.000000000001265 35.000000000001286 35.00000000000127 35.00000000000127 35.000000000001265 35.000000000001265 35.00000000000128 35.00000000000129 35.00000000000127 35.00000000000126 35.000000000001265 35.00000000000125 35.000000000001265 35.00000000000126 35.000000000001236 35.000000000001236 35.00000000000124 35.000000000001236 35.000000000001236 35.000000000001236 35.00000000000124 35.00000000000126 35.00000000000126 35.00000000000124 35.00000000000125 35.00000000000124 35.00000000000125 35.00000000000125 35.00000000000126 35.00000000000125 35.000000000001236 35.00000000000125 35.000000000001265 35.00000000000126 35.00000000000128 35.00000000000127 35.00000000000128 35.000000000001286 35.000000000001286 35.00000000000127 35.000000000001265 35.00000000000124 35.00000000000122 35.000000000001215 35.0000000000012 35.00000000000118 35.00000000000117 35.000000000001144 35.000000000001116 35.000000000001116 35.00000000000112 35.00000000000113 35.00000000000113 35.000000000001144 35.000000000001144 35.00000000000115 35.00000000000117 35.00000000000119 35.00000000000121 35.0000000000012 35.00000000000122 35.00000000000125 35.00000000000124 35.00000000000125 
0.09845091170308747 -0.006496764374061868 -0.015117831886869033 -0.020862639665315402 -0.024668107087824735 -0.031076630828758077 -0.00022897347664168333 3.538830562517133e-08 4.166401624644797e-11 -5.527935362060316e-15 -6.7866716766448126e-18 -1.6497275616008144e-20 -2.0266979983623066e-21 -1.593023402821414e-22 5.261903270686614e-23 6.267498094127266e-23 4.800038556826942e-23 3.3875746987247496e-23 2.338849397500771e-23 1.6061354600413437e-23 1.1029509752940457e-23 7.586334311152876e-24 5.227479090400446e-24 3.607101725314048e-24 2.4908858189690325e-24 1.720095959182531e-24 1.186932553910046e-24 8.178197111569768e-25 5.622618410205698e-25 3.8545104422072336e-25 2.633079825802452e-25 1.7912989573004533e-25 1.21282166335424e-25 8.167814767895164e-26 5.467939067088071e-26 3.636491529913934e-26 2.4012404695573608e-26 1.5730065127017738e-26 1.0217138837119747e-26 6.573321654233092e-27 4.185341380526075e-27 2.6344113942290477e-27 1.637157830653481e-27 1.0026395791536494e-27 6.0385436011871915e-28 3.5659999667180233e-28 2.0564911827066694e-28 1.1508405318315306e-28 6.191981688246895e-29 3.1479204369448574e-29 1.4617757951311793e-29 5.683097217994185e-30 1.2478653681911476e-30 -7.250002820508523e-31 -1.4164371631121674e-30 -1.4885250346219012e-30 -1.299732124360223e-30 -1.0337999992353476e-30 -7.754098301598158e-31 -5.576946357578536e-31 -3.886285652571725e-31 -2.6385329420655745e-31 -1.7520462530050368e-31 -1.1408705218353647e-31 -7.294868872771899e-32 -4.589297360250616e-32 -2.842248575777673e-32 -1.7338561742473726e-32 -1.0422265404619159e-32 -6.173362910599123e-33 -3.603730265689448e-33 -2.0723582169031122e-33 -1.173594600819906e-33 -6.5400151306305225e-34 -3.583050902656745e-34 -1.9270796677404367e-34 -1.015675699807496e-34 -5.231568197099094e-35 -2.6232199933385765e-35 -1.27299031652166e-35 -5.922079634587508e-36 -2.595406359193171e-36 -1.0369094465887076e-36 -3.460579928571272e-37 -6.517480187424941e-38 3.2114505669706544e-38 5.35469109975082e-38 4.784059110228533e-38 3.5427899674104975e-38 2.382994625632637e-38 1.5077125941557844e-38 9.126976551349836e-39 5.33658323744141e-39 3.031153747431923e-39 1.678506178098905e-39 9.08242050263301e-40 4.808965930737694e-40 2.4934047093640163e-40 1.2662041371828838e-40 6.295580205077157e-41 3.0619257815163013e-41 1.454410955920197e-41 6.729982717708513e-42 3.0218293520490314e-42 1.3084575412580385e-42 5.407545685331129e-43 2.0934109078063856e-43 7.298734300515973e-44 2.057292285161723e-44 2.5361321871514095e-45 -2.3871730584249662e-45 -2.859682385651616e-45 -2.1607625187495287e-45 -1.386622166992029e-45 -8.141136779915597e-46 -4.506044362230147e-46 -2.3871447994983656e-46 -1.2206632796295842e-46 -6.054657376532709e-47 -2.9216744463898965e-47 -1.3737937688987979e-47 -6.298261291241093e-48 -2.8145020999257336e-48 -1.2244080181706656e-48 -5.173063652285148e-49 -2.1139451066428344e-49 -8.298829611276156e-50 -3.0933234907245456e-50 -1.070777748995783e-50 -3.276905012601842e-51 -7.622057496341427e-52 -2.5239452683106255e-53 1.2546677105526791e-52 1.1323365303521958e-52 7.355540413141393e-53 4.1658160883614935e-53 2.1779206146865866e-53 1.0774116013308267e-53 5.107378603892829e-54 2.3365066676161075e-54 1.0357266358598374e-54 4.4582079128291594e-55 1.864789983518039e-55 7.5758126585084105e-56 2.9836337988765822e-56 1.1350007350805265e-56 4.143932712056237e-57 1.4358737828447685e-57 4.622145326689311e-58 1.3186119904791603e-58 2.8923957490961746e-59 1.3189874805545208e-60 -3.7149730589255e-60 -3.1769134963524597e-60 -1.918966077956493e-60 -1.005622372512573e-60 -4.85305338223363e-61 -2.2122494970092436e-61 -9.648926959577668e-62 -4.055240621821868e-62 -1.6486399124740866e-62 -6.495086071965232e-63 -2.480090497952604e-63 -9.16561313434424e-64 -3.267545354552511e-64 -1.1167897270216996e-64 -3.6189062714117863e-65 -1.088424813255213e-65 -2.8977589524497873e-66 -5.916936999862016e-67 -2.3879317211538556e-68 6.71321359143499e-68 5.328602005143606e-68 2.9950957890539946e-68 1.4607525701970765e-68 6.558568893680599e-69 2.7799646837388047e-69 1.1266374954731809e-69 4.394829736970588e-70 1.6565043732449264e-70 6.040667445893808e-71 2.130242263498696e-71 7.247635065530881e-72 2.3672225679728557e-72 7.355115730887656e-73 2.136793607503451e-73 5.595475420322837e-74 1.1967825265982745e-74 1.2616628392059414e-75 -6.369722142988181e-76 -6.045954614733541e-76 -3.4125153635512866e-76 -1.6156844469675034e-76 -6.954785825783792e-77 -2.808480132027735e-77 -1.0808307194095478e-77 -3.994818240948652e-78 -1.428023830191974e-78 -5.0611904642397924e-79 -2.1517077226210838e-79 
-0.1001786702790389 -0.06864365314619324 -0.06179609214375851 -0.05604262418633472 -0.051243310998987004 -0.04106352680585648 7.397890446660391e-05 9.022003088030711e-08 -1.602243499922897e-11 -2.075410952358789e-14 -1.3589449985408507e-17 -1.9604458927967718e-19 -8.069813950277532e-21 -5.095007658221699e-22 3.707805916821231e-23 6.317108393052197e-23 4.4030349911220375e-23 2.745971028530043e-23 1.6675341199985667e-23 1.0048636156077619e-23 6.0311871828528164e-24 3.60065359000471e-24 2.1301003685082263e-24 1.2414170107242472e-24 7.066253014165365e-25 3.8748965754829364e-25 1.9973166339529425e-25 9.17080962636656e-26 3.1694209847232026e-26 1.947636142716574e-28 -1.4716789429281365e-26 -2.0290464270450348e-26 -2.0874399613544938e-26 -1.902518056228408e-26 -1.6201833577327205e-26 -1.3197433393657952e-26 -1.0410838890176369e-26 -8.010387827936732e-27 -6.039896120601565e-27 -4.475618714729565e-27 -3.266405804536475e-27 -2.3513254252248133e-27 -1.6713402874472484e-27 -1.1738371704090804e-27 -8.15089424423087e-28 -5.597990191223208e-28 -3.803794687001521e-28 -2.5572500570740517e-28 -1.7016143060957186e-28 -1.1203872569081418e-28 -7.299829584054052e-29 -4.7062348560905106e-29 -3.0017703544965414e-29 -1.8946773703726096e-29 -1.1818067619282441e-29 -7.287338462262373e-30 -4.4385094369717106e-30 -2.6698365826429075e-30 -1.5842712224997048e-30 -9.258466060073378e-31 -5.327349398504595e-31 -3.0112680142756254e-31 -1.6680237240122657e-31 -9.024649541970825e-32 -4.742587705197705e-32 -2.4042289453560304e-32 -1.1600795884223313e-32 -5.199165148672818e-33 -2.047863710864077e-33 -5.918343447071369e-34 1.4321867566551943e-35 2.176461295593998e-34 2.4574056637556407e-34 2.089693024561084e-34 1.5710173808742947e-34 1.098879867599948e-34 7.317658289772694e-35 4.69580196841766e-35 2.924671602426691e-35 1.776084186088345e-35 1.054718841096987e-35 6.133819723845946e-36 3.500622899512035e-36 1.961358577268758e-36 1.0792915909638658e-36 5.833216969458922e-37 3.0954430401658493e-37 1.6116673671873809e-37 8.223613608293004e-38 4.105099841413888e-38 1.9995460943185485e-38 9.466753006301066e-39 4.3304399616527865e-39 1.8953042193603204e-39 7.799694598856644e-40 2.912310147505607e-40 8.984961895218263e-41 1.453851611459444e-41 -8.762564189354833e-42 -1.258412113882232e-41 -1.0362560650611368e-41 -7.13749487830518e-42 -4.476293587742261e-42 -2.642208584000363e-42 -1.4919477799379848e-42 -8.132260031178241e-43 -4.302205888627475e-43 -2.216373923386284e-43 -1.1140599638879458e-43 -5.470314088319188e-44 -2.6243024989098474e-44 -1.2296061860626997e-44 -5.620155397298801e-45 -2.5005102532053642e-45 -1.0791603074332262e-45 -4.491090543217046e-46 -1.7858797433380135e-46 -6.671329007313783e-47 -2.2608024685363925e-47 -6.34561373772467e-48 -9.590188818378408e-49 4.741985345893763e-49 6.3130764225130526e-49 4.704149368578291e-49 2.9181735490648842e-49 1.6441959990751187e-49 8.702067757354479e-50 4.397707265275623e-50 2.1412398621476315e-50 1.0097264563684954e-50 4.6253805027085923e-51 2.0613883571606334e-51 8.941328917123975e-52 3.7719615450761156e-52 1.544622624919444e-52 6.11832613794674e-53 2.329983090536697e-53 8.442948134051258e-54 2.854906959187142e-54 8.640522555494406e-55 2.0799581078633943e-55 1.8577490355944793e-56 -2.1615726638956926e-56 -2.1207206900387663e-56 -1.371922375455201e-56 -7.591472697527596e-57 -3.8490415358925895e-57 -1.8394667998934813e-57 -8.403827308964746e-58 -3.698943677437083e-58 -1.5753847107677546e-58 -6.506932831822518e-59 -2.608196771474487e-59 -1.0138215485724882e-59 -3.812783614776631e-60 -1.3812125744084922e-60 -4.782008255398554e-61 -1.559927395140825e-61 -4.659709343032965e-62 -1.1890950276447672e-62 -1.990772147348028e-63 2.9426670446684603e-64 5.314717910290561e-64 3.6322655885771684e-64 1.975942503676355e-64 9.615082157683909e-65 4.360991648436622e-65 1.8790641732209333e-65 7.768999253013676e-66 3.0990731090229945e-66 1.196062313429575e-66 4.470075391494919e-67 1.616466353439318e-67 5.640828228499369e-68 1.8894799196136964e-68 6.016911964764222e-69 1.7886074090287517e-69 4.773625797656531e-70 1.0267751473119691e-70 9.613970786402122e-72 -6.908097864489469e-72 -6.26411234982376e-72 -3.57651780389878e-72 -1.730022597424549e-72 -7.635463065818913e-73 -3.1677463108304385e-73 -1.2532967992779384e-73 -4.764949617991043e-74 -1.7488763117844444e-74 -6.204690099483507e-75 -2.1275501754725063e-75 -7.033789026247096e-76 -2.230997771464049e-76 -6.7262579010558716e-77 -1.893111629856194e-77 -4.791152317201064e-78 -9.806819534837372e-79 -8.762859099972189e-80 6.687501230914947e-80 7.452774713996485e-80 
