20
2.5 7.5 12.5 17.5 22.5 27.5 32.5 37.5 42.5 47.5 52.5 57.5 62.5 67.5 72.5 77.5 82.5 87.5 92.5 97.5 102.5 107.5 112.5 117.5 122.5 127.5 132.5 137.5 142.5 147.5 152.5 157.5 162.5 167.5 172.5 177.5 182.5 187.5 192.5 197.5 202.5 207.5 212.5 217.5 222.5 227.5 232.5 237.5 242.5 247.5 252.5 257.5 262.5 267.5 272.5 277.5 282.5 287.5 292.5 297.5 302.5 307.5 312.5 317.5 322.5 327.5 332.5 337.5 342.5 347.5 352.5 357.5 362.5 367.5 372.5 377.5 382.5 387.5 392.5 397.5 402.5 407.5 412.5 417.5 422.5 427.5 432.5 437.5 442.5 447.5 452.5 457.5 462.5 467.5 472.5 477.5 482.5 487.5 492.5 497.5 502.5 507.5 512.5 517.5 522.5 527.5 532.5 537.5 542.5 547.5 552.5 557.5 562.5 567.5 572.5 577.5 582.5 587.5 592.5 597.5 602.5 607.5 612.5 617.5 622.5 627.5 632.5 637.5 642.5 647.5 652.5 657.5 662.5 667.5 672.5 677.5 682.5 687.5 692.5 697.5 702.5 707.5 712.5 717.5 722.5 727.5 732.5 737.5 742.5 747.5 752.5 757.5 762.5 767.5 772.5 777.5 782.5 787.5 792.5 797.5 802.5 807.5 812.5 817.5 822.5 827.5 832.5 837.5 842.5 847.5 852.5 857.5 862.5 867.5 872.5 877.5 882.5 887.5 892.5 897.5 902.5 907.5 912.5 917.5 922.5 927.5 932.5 937.5 942.5 947.5 952.5 957.5 962.5 967.5 972.5 977.5 982.5 987.5 992.5 997.5 
1900 1 2 0 0 0
14.963317464499081 14.965766383526404 14.966751361752753 14.967447197744589 14.759437494759489 14.250039674945345 13.74999931667432 13.249999277877867 12.749999272865931 12.25010435573521 12.00013046370012 12.000000667444914 12.000000034371606 12.000000006085694 12.000000001933321 12.000000000797062 12.000000000370049 12.00000000017932 12.000000000084865 12.000000000038495 12.000000000016627 12.00000000000683 12.000000000002666 12.000000000000995 12.000000000000355 12.000000000000117 12.000000000000043 12.000000000000014 12.000000000000009 12.000000000000004 11.999999999999995 12.000000000000002 12.000000000000002 12.000000000000004 12.0 12.000000000000004 12.000000000000014 12.00000000000002 12.000000000000023 12.00000000000002 12.000000000000016 12.000000000000014 12.000000000000002 11.999999999999998 12.000000000000004 12.000000000000002 11.999999999999996 11.999999999999996 12.0 12.000000000000007 12.000000000000004 12.000000000000002 12.0 12.00000000000001 12.000000000000021 12.000000000000025 12.000000000000016 12.000000000000007 12.00000000000001 12.000000000000014 12.000000000000018 12.000000000000014 12.000000000000012 12.000000000000016 12.000000000000014 12.0 12.000000000000009 12.000000000000014 12.000000000000004 12.0 11.999999999999993 11.99999999999999 11.999999999999998 11.999999999999995 12.000000000000002 12.000000000000002 11.999999999999996 11.999999999999995 11.999999999999998 12.000000000000004 12.000000000000014 12.000000000000012 12.000000000000014 12.00000000000001 12.000000000000012 12.000000000000018 12.000000000000007 12.000000000000002 11.999999999999998 11.999999999999993 11.999999999999998 12.0 11.999999999999996 11.999999999999995 11.999999999999995 11.999999999999991 11.999999999999991 12.0 11.999999999999993 11.999999999999995 11.999999999999993 11.999999999999996 11.99999999999999 11.999999999999986 11.999999999999986 11.999999999999988 11.999999999999991 11.999999999999998 12.000000000000004 12.000000000000012 12.000000000000014 12.000000000000016 12.000000000000014 12.0 11.999999999999998 11.999999999999998 12.0 12.0 12.000000000000007 12.00000000000001 12.000000000000007 12.000000000000002 12.000000000000005 12.0 12.0 12.0 11.999999999999998 12.000000000000004 12.000000000000014 12.000000000000014 12.000000000000009 12.000000000000009 12.000000000000007 12.000000000000012 12.000000000000016 12.00000000000002 12.000000000000028 12.000000000000016 12.000000000000014 12.000000000000009 12.000000000000004 12.000000000000005 12.000000000000007 11.999999999999995 11.999999999999993 11.999999999999984 11.999999999999982 11.999999999999986 11.999999999999984 11.99999999999999 12.0 12.0 12.000000000000002 12.000000000000009 12.000000000000014 12.000000000000016 12.000000000000023 12.000000000000014 12.000000000000014 12.00000000000001 12.000000000000004 12.000000000000005 12.000000000000002 12.000000000000007 12.000000000000005 12.000000000000009 12.000000000000005 12.0 11.999999999999993 11.999999999999986 11.999999999999986 11.99999999999999 12.0 12.000000000000004 12.0 12.000000000000004 12.000000000000002 12.000000000000004 12.00000000000001 12.000000000000007 12.000000000000012 12.00000000000001 12.000000000000005 12.0 11.99999999999999 11.999999999999986 11.999999999999986 11.999999999999998 12.000000000000004 12.000000000000007 12.000000000000012 12.000000000000012 12.000000000000009 12.000000000000007 11.999999999999998 11.99999999999999 11.999999999999968 11.999999999999943 11.999999999999934 11.999999999999938 
34.999999999999964 34.99999999999995 34.99999999999996 34.99999999999997 34.999999999999986 35.00000000000001 34.999999999999964 35.00000000000028 35.00000000000017 34.9999999999999 34.99999999999999 35.000000000000085 34.99999999999993 34.99999999999998 34.999999999999964 34.99999999999998 34.99999999999995 34.999999999999986 35.0 34.99999999999999 34.99999999999998 35.0 34.99999999999999 35.0 35.00000000000002 35.00000000000003 35.000000000000036 35.00000000000004 35.00000000000003 35.00000000000002 35.0 35.00000000000003 35.00000000000005 35.00000000000006 35.00000000000006 35.000000000000085 35.000000000000085 35.00000000000011 35.00000000000009 35.0000000000001 35.00000000000011 35.0000000000001 35.00000000000005 35.00000000000005 35.000000000000064 35.000000000000064 35.00000000000005 35.000000000000036 35.00000000000003 35.00000000000003 35.00000000000003 35.0 34.99999999999999 35.000000000000014 35.00000000000004 35.00000000000004 35.00000000000002 35.0 35.0 35.000000000000014 35.00000000000003 35.00000000000003 35.000000000000036 35.00000000000005 35.00000000000003 35.000000000000014 35.00000000000003 35.000000000000014 35.00000000000001 35.000000000000014 35.00000000000002 34.99999999999999 34.99999999999999 34.99999999999999 34.999999999999986 35.0 34.999999999999986 34.99999999999997 34.99999999999998 35.00000000000001 35.00000000000006 35.00000000000005 35.00000000000003 35.00000000000002 35.00000000000005 35.00000000000002 34.99999999999998 34.999999999999964 34.99999999999996 34.99999999999996 34.99999999999997 34.99999999999998 35.00000000000001 34.99999999999999 34.999999999999986 34.99999999999999 35.00000000000001 35.00000000000001 34.99999999999997 34.99999999999996 34.99999999999994 35.0 34.99999999999995 34.99999999999994 34.99999999999996 34.99999999999996 34.999999999999964 34.999999999999964 34.99999999999996 35.0 35.000000000000014 35.000000000000036 35.00000000000003 35.00000000000001 34.99999999999999 35.00000000000003 35.00000000000005 35.00000000000004 35.00000000000004 35.00000000000007 35.000000000000036 35.00000000000001 35.00000000000003 35.00000000000002 35.00000000000002 35.00000000000003 35.00000000000003 35.000000000000036 35.00000000000005 35.00000000000006 35.00000000000005 35.00000000000007 35.000000000000064 35.00000000000007 35.000000000000064 35.00000000000008 35.000000000000085 35.00000000000007 35.00000000000009 35.000000000000064 35.00000000000005 35.000000000000014 34.999999999999986 34.99999999999997 34.99999999999998 34.999999999999964 34.99999999999994 34.999999999999936 34.99999999999992 34.99999999999994 34.99999999999998 34.99999999999996 34.999999999999986 34.99999999999999 35.0 35.00000000000003 35.000000000000085 35.00000000000008 35.000000000000064 35.00000000000004 35.000000000000036 35.00000000000002 35.000000000000036 35.00000000000005 35.00000000000004 35.00000000000005 35.00000000000003 35.000000000000014 34.99999999999997 34.999999999999936 34.99999999999993 34.99999999999995 34.99999999999997 34.99999999999998 34.999999999999986 35.00000000000003 35.00000000000003 35.000000000000036 35.000000000000064 35.00000000000006 35.00000000000006 35.00000000000003 34.999999999999986 34.99999999999998 34.99999999999994 34.99999999999993 34.999999999999915 34.99999999999997 34.99999999999999 34.99999999999999 35.00000000000001 35.0 34.99999999999998 34.99999999999996 34.999999999999915 34.99999999999988 34.999999999999815 34.99999999999977 34.999999999999744 34.99999999999971 
0.0 0.0 0.0 0.0 0.0 0.0 0.0 0.0 0.0 0.0 0.0 0.0 0.0 0.0 0.0 0.0 0.0 0.0 0.0 0.0 0.0 0.0 0.0 0.0 0.0 0.0 0.0 0.0 0.0 0.0 0.0 0.0 0.0 0.0 0.0 0.0 0.0 0.0 0.0 0.0 0.0 0.0 0.0 0.0 0.0 0.0 0.0 0.0 0.0 0.0 0.0 0.0 0.0 0.0 0.0 0.0 0.0 0.0 0.0 0.0 0.0 0.0 0.0 0.0 0.0 0.0 0.0 0.0 0.0 0.0 0.0 0.0 0.0 0.0 0.0 0.0 0.0 0.0 0.0 0.0 0.0 0.0 0.0 0.0 0.0 0.0 0.0 0.0 0.0 0.0 0.0 0.0 0.0 0.0 0.0 0.0 0.0 0.0 0.0 0.0 0.0 0.0 0.0 0.0 0.0 0.0 0.0 0.0 0.0 0.0 0.0 0.0 0.0 0.0 0.0 0.0 0.0 0.0 0.0 0.0 0.0 0.0 0.0 0.0 0.0 0.0 0.0 0.0 0.0 0.0 0.0 0.0 0.0 0.0 0.0 0.0 0.0 0.0 0.0 0.0 0.0 0.0 0.0 0.0 0.0 0.0 0.0 0.0 0.0 0.0 0.0 0.0 0.0 0.0 0.0 0.0 0.0 0.0 0.0 0.0 0.0 0.0 0.0 0.0 0.0 0.0 0.0 0.0 0.0 0.0 0.0 0.0 0.0 0.0 0.0 0.0 0.0 0.0 0.0 0.0 0.0 0.0 0.0 0.0 0.0 0.0 0.0 0.0 0.0 0.0 0.0 0.0 0.0 0.0 0.0 0.0 0.0 0.0 0.0 0.0 
0.0 0.0 0.0 0.0 0.0 0.0 0.0 0.0 0.0 0.0 0.0 0.0 0.0 0.0 0.0 0.0 0.0 0.0 0.0 0.0 0.0 0.0 0.0 0.0 0.0 0.0 0.0 0.0 0.0 0.0 0.0 0.0 0.0 0.0 0.0 0.0 0.0 0.0 0.0 0.0 0.0 0.0 0.0 0.0 0.0 0.0 0.0 0.0 0.0 0.0 0.0 0.0 0.0 0.0 0.0 0.0 0.0 0.0 0.0 0.0 0.0 0.0 0.0 0.0 0.0 0.0 0.0 0.0 0.0 0.0 0.0 0.0 0.0 0.0 0.0 0.0 0.0 0.0 0.0 0.0 0.0 0.0 0.0 0.0 0.0 0.0 0.0 0.0 0.0 0.0 0.0 0.0 0.0 0.0 0.0 0.0 0.0 0.0 0.0 0.0 0.0 0.0 0.0 0.0 0.0 0.0 0.0 0.0 0.0 0.0 0.0 0.0 0.0 0.0 0.0 0.0 0.0 0.0 0.0 0.0 0.0 0.0 0.0 0.0 0.0 0.0 0.0 0.0 0.0 0.0 0.0 0.0 0.0 0.0 0.0 0.0 0.0 0.0 0.0 0.0 0.0 0.0 0.0 0.0 0.0 0.0 0.0 0.0 0.0 0.0 0.0 0.0 0.0 0.0 0.0 0.0 0.0 0.0 0.0 0.0 0.0 0.0 0.0 0.0 0.0 0.0 0.0 0.0 0.0 0.0 0.0 0.0 0.0 0.0 0.0 0.0 0.0 0.0 0.0 0.0 0.0 0.0 0.0 0.0 0.0 0.0 0.0 0.0 0.0 0.0 0.0 0.0 0.0 0.0 0.0 0.0 0.0 0.0 0.0 0.0 
1900 1 3 0 0 0
14.92423736339005 14.926284818581152 14.926761276175496 14.926048206587417 14.792144173036698 14.250043456737464 13.749998641579182 13.249998555530812 12.749998580878746 12.250208627873699 12.000260223355088 12.000001883241667 12.000000110641311 12.00000002018391 12.000000006622836 12.000000002918442 12.000000001498078 12.000000000834415 12.000000000485477 12.000000000288692 12.000000000170333 12.000000000098476 12.000000000055532 12.000000000030466 12.000000000016236 12.00000000000839 12.000000000004215 12.000000000002059 12.000000000000973 12.000000000000455 12.000000000000203 12.000000000000085 12.000000000000028 12.000000000000009 12.000000000000005 12.0 12.0 12.000000000000005 12.000000000000014 12.000000000000012 12.000000000000016 12.000000000000023 12.000000000000018 12.000000000000014 12.000000000000012 12.000000000000014 12.0 11.999999999999998 11.999999999999996 12.000000000000002 12.000000000000007 12.000000000000014 12.000000000000016 12.000000000000016 12.000000000000018 12.000000000000036 12.000000000000028 12.000000000000027 12.000000000000025 12.000000000000028 12.00000000000003 12.00000000000003 12.000000000000018 12.000000000000025 12.000000000000014 12.00000000000001 12.000000000000009 12.000000000000012 12.000000000000004 11.999999999999995 11.99999999999999 11.999999999999993 11.999999999999996 12.000000000000007 12.00000000000001 12.000000000000014 12.000000000000016 12.000000000000009 11.999999999999993 11.999999999999993 12.0 12.0 12.000000000000002 12.0 12.000000000000012 12.000000000000014 12.00000000000001 12.000000000000014 12.000000000000014 12.000000000000014 12.000000000000012 12.000000000000014 12.000000000000014 12.00000000000001 12.000000000000005 12.0 12.0 12.000000000000005 12.000000000000007 12.0 11.999999999999995 11.999999999999986 11.999999999999984 11.999999999999986 11.999999999999988 11.999999999999986 11.999999999999986 11.999999999999995 12.000000000000004 12.0 12.000000000000007 12.000000000000007 12.000000000000012 12.000000000000014 12.00000000000001 12.000000000000014 12.000000000000016 12.000000000000014 12.000000000000004 12.000000000000005 11.999999999999998 11.99999999999999 11.999999999999993 11.999999999999998 12.000000000000002 12.000000000000005 12.000000000000007 12.000000000000016 12.000000000000023 12.000000000000027 12.000000000000023 12.000000000000018 12.000000000000014 12.000000000000014 12.000000000000018 12.0 11.999999999999998 11.999999999999996 11.999999999999995 11.999999999999995 11.999999999999998 12.0 12.000000000000004 12.000000000000014 12.000000000000014 12.000000000000016 12.000000000000009 12.0 11.99999999999999 11.999999999999982 11.999999999999986 11.999999999999996 12.000000000000004 12.0 12.000000000000012 12.000000000000027 12.00000000000002 12.000000000000018 12.000000000000012 12.000000000000014 12.000000000000016 12.00000000000002 12.000000000000014 12.000000000000018 12.000000000000021 12.000000000000021 12.00000000000002 12.000000000000014 12.000000000000005 11.999999999999995 11.999999999999996 11.999999999999998 12.000000000000002 12.000000000000005 12.000000000000007 12.000000000000014 12.000000000000028 12.00000000000003 12.00000000000002 12.000000000000023 12.000000000000012 12.0 11.999999999999996 11.999999999999996 11.999999999999986 11.999999999999988 11.999999999999993 12.000000000000002 12.000000000000012 12.000000000000004 12.0 11.999999999999996 11.999999999999996 11.999999999999986 11.999999999999975 11.999999999999968 11.999999999999957 11.99999999999993 11.999999999999913 11.999999999999904 
34.999999999999915 34.99999999999992 34.99999999999992 34.99999999999991 34.999999999999886 35.00000000000009 34.99999999999997 35.00000000000054 35.00000000000019 35.000000000000014 34.99999999999992 35.00000000000001 34.99999999999991 34.99999999999995 34.999999999999915 34.99999999999989 34.99999999999995 34.999999999999986 34.99999999999999 35.0 35.00000000000005 35.00000000000002 35.00000000000002 35.00000000000005 35.00000000000006 35.000000000000036 35.00000000000005 35.00000000000008 35.00000000000008 35.000000000000085 35.000000000000064 35.000000000000085 35.00000000000008 35.000000000000085 35.000000000000114 35.0000000000001 35.0000000000001 35.00000000000011 35.000000000000135 35.00000000000012 35.000000000000135 35.00000000000016 35.000000000000135 35.00000000000011 35.00000000000008 35.000000000000085 35.000000000000064 35.000000000000014 34.99999999999997 34.99999999999998 34.999999999999986 35.00000000000002 35.00000000000003 35.00000000000003 35.00000000000006 35.00000000000008 35.000000000000085 35.00000000000008 35.00000000000007 35.00000000000009 35.00000000000011 35.000000000000085 35.00000000000006 35.00000000000006 35.00000000000003 35.00000000000003 35.00000000000004 35.00000000000005 35.000000000000036 34.99999999999999 34.999999999999986 34.99999999999997 34.99999999999995 34.99999999999997 34.99999999999998 34.99999999999999 35.000000000000014 35.00000000000001 34.99999999999998 34.99999999999995 34.999999999999986 34.99999999999998 34.99999999999996 34.99999999999998 34.999999999999964 34.99999999999998 34.999999999999964 34.999999999999964 34.999999999999964 34.99999999999999 35.0 34.99999999999999 35.00000000000002 35.0 35.00000000000001 34.99999999999999 34.99999999999999 35.0 35.0 34.999999999999986 34.99999999999997 34.99999999999993 34.99999999999995 34.99999999999994 34.999999999999964 34.99999999999997 34.99999999999998 34.99999999999998 35.000000000000014 34.99999999999999 35.0 34.99999999999999 35.00000000000002 35.000000000000036 35.000000000000014 35.00000000000003 35.00000000000005 35.00000000000005 35.00000000000003 35.000000000000036 35.000000000000036 34.999999999999986 34.999999999999964 34.99999999999998 35.0 35.00000000000003 35.0 35.00000000000002 35.00000000000004 35.00000000000004 35.00000000000005 35.00000000000004 35.00000000000006 35.000000000000036 35.000000000000085 35.00000000000007 35.000000000000036 35.00000000000004 35.00000000000005 35.00000000000004 35.00000000000005 35.00000000000006 35.00000000000004 35.000000000000036 35.00000000000006 35.00000000000004 35.00000000000003 35.0 34.99999999999997 34.999999999999936 34.99999999999989 34.99999999999992 34.99999999999997 34.999999999999964 35.0 35.00000000000007 35.00000000000007 35.00000000000008 35.00000000000007 35.00000000000008 35.00000000000009 35.00000000000008 35.00000000000008 35.000000000000085 35.00000000000007 35.00000000000009 35.00000000000008 35.00000000000006 35.00000000000002 35.00000000000001 34.99999999999999 35.0 35.0 35.000000000000014 35.0 35.000000000000014 35.00000000000005 35.000000000000064 35.000000000000085 35.000000000000114 35.00000000000009 35.00000000000005 35.00000000000003 35.0 34.99999999999998 34.999999999999964 34.999999999999964 35.000000000000014 35.00000000000003 35.000000000000014 35.0 34.999999999999964 34.99999999999993 34.99999999999992 34.99999999999988 34.99999999999985 34.999999999999815 34.99999999999977 34.99999999999975 34.999999999999716 
0.0 0.0 0.0 0.0 0.0 0.0 0.0 0.0 0.0 0.0 0.0 0.0 0.0 0.0 0.0 0.0 0.0 0.0 0.0 0.0 0.0 0.0 0.0 0.0 0.0 0.0 0.0 0.0 0.0 0.0 0.0 0.0 0.0 0.0 0.0 0.0 0.0 0.0 0.0 0.0 0.0 0.0 0.0 0.0 0.0 0.0 0.0 0.0 0.0 0.0 0.0 0.0 0.0 0.0 0.0 0.0 0.0 0.0 0.0 0.0 0.0 0.0 0.0 0.0 0.0 0.0 0.0 0.0 0.0 0.0 0.0 0.0 0.0 0.0 0.0 0.0 0.0 0.0 0.0 0.0 0.0 0.0 0.0 0.0 0.0 0.0 0.0 0.0 0.0 0.0 0.0 0.0 0.0 0.0 0.0 0.0 0.0 0.0 0.0 0.0 0.0 0.0 0.0 0.0 0.0 0.0 0.0 0.0 0.0 0.0 0.0 0.0 0.0 0.0 0.0 0.0 0.0 0.0 0.0 0.0 0.0 0.0 0.0 0.0 0.0 0.0 0.0 0.0 0.0 0.0 0.0 0.0 0.0 0.0 0.0 0.0 0.0 0.0 0.0 0.0 0.0 0.0 0.0 0.0 0.0 0.0 0.0 0.0 0.0 0.0 0.0 0.0 0.0 0.0 0.0 0.0 0.0 0.0 0.0 0.0 0.0 0.0 0.0 0.0 0.0 0.0 0.0 0.0 0.0 0.0 0.0 0.0 0.0 0.0 0.0 0.0 0.0 0.0 0.0 0.0 0.0 0.0 0.0 0.0 0.0 0.0 0.0 0.0 0.0 0.0 0.0 0.0 0.0 0.0 0.0 0.0 0.0 0.0 0.0 0.0 
0.0 0.0 0.0 0.0 0.0 0.0 0.0 0.0 0.0 0.0 0.0 0.0 0.0 0.0 0.0 0.0 0.0 0.0 0.0 0.0 0.0 0.0 0.0 0.0 0.0 0.0 0.0 0.0 0.0 0.0 0.0 0.0 0.0 0.0 0.0 0.0 0.0 0.0 0.0 0.0 0.0 0.0 0.0 0.0 0.0 0.0 0.0 0.0 0.0 0.0 0.0 0.0 0.0 0.0 0.0 0.0 0.0 0.0 0.0 0.0 0.0 0.0 0.0 0.0 0.0 0.0 0.0 0.0 0.0 0.0 0.0 0.0 0.0 0.0 0.0 0.0 0.0 0.0 0.0 0.0 0.0 0.0 0.0 0.0 0.0 0.0 0.0 0.0 0.0 0.0 0.0 0.0 0.0 0.0 0.0 0.0 0.0 0.0 0.0 0.0 0.0 0.0 0.0 0.0 0.0 0.0 0.0 0.0 0.0 0.0 0.0 0.0 0.0 0.0 0.0 0.0 0.0 0.0 0.0 0.0 0.0 0.0 0.0 0.0 0.0 0.0 0.0 0.0 0.0 0.0 0.0 0.0 0.0 0.0 0.0 0.0 0.0 0.0 0.0 0.0 0.0 0.0 0.0 0.0 0.0 0.0 0.0 0.0 0.0 0.0 0.0 0.0 0.0 0.0 0.0 0.0 0.0 0.0 0.0 0.0 0.0 0.0 0.0 0.0 0.0 0.0 0.0 0.0 0.0 0.0 0.0 0.0 0.0 0.0 0.0 0.0 0.0 0.0 0.0 0.0 0.0 0.0 0.0 0.0 0.0 0.0 0.0 0.0 0.0 0.0 0.0 0.0 0.0 0.0 0.0 0.0 0.0 0.0 0.0 0.0 
1900 1 4 0 0 0
14.879124688657358 14.881754910027263 14.882890365818053 14.8828928127634 14.841536014397205 14.250080215321622 13.749997971183365 13.249997833221112 12.749997931782959 12.250312868228143 12.000389564415675 12.000003461278315 12.000000220374917 12.000000040995223 12.000000013514926 12.000000006042212 12.000000003190133 12.000000001853904 12.000000001140947 12.00000000072701 12.000000000473799 12.00000000030921 12.000000000199849 12.000000000127347 12.000000000079806 12.000000000049084 12.000000000029608 12.000000000017517 12.000000000010154 12.000000000005763 12.000000000003196 12.000000000001732 12.000000000000918 12.000000000000487 12.000000000000254 12.000000000000128 12.00000000000007 12.00000000000005 12.000000000000032 12.000000000000023 12.000000000000027 12.000000000000027 12.000000000000016 12.000000000000014 12.000000000000004 12.000000000000005 12.000000000000012 12.000000000000014 12.000000000000027 12.000000000000025 12.000000000000016 12.000000000000025 12.000000000000028 12.000000000000027 12.000000000000027 12.000000000000025 12.000000000000032 12.00000000000004 12.000000000000044 12.000000000000043 12.000000000000036 12.000000000000028 12.000000000000025 12.000000000000025 12.00000000000002 12.000000000000014 12.000000000000004 12.0 12.000000000000009 12.000000000000014 12.000000000000014 12.000000000000012 12.0 11.999999999999998 11.999999999999998 11.999999999999998 12.0 11.999999999999996 12.000000000000002 12.000000000000005 12.000000000000012 12.000000000000012 12.000000000000009 12.000000000000016 12.000000000000018 12.000000000000018 12.000000000000014 12.000000000000012 12.000000000000016 12.000000000000014 11.999999999999998 11.999999999999998 11.999999999999996 12.000000000000002 12.000000000000009 11.999999999999996 11.999999999999995 12.0 12.0 12.000000000000005 12.000000000000009 11.999999999999996 11.999999999999984 12.0 12.0 12.000000000000007 12.000000000000009 12.00000000000001 12.000000000000005 12.000000000000007 12.000000000000005 12.0 12.000000000000007 12.000000000000012 12.000000000000018 12.000000000000018 12.000000000000014 12.000000000000002 11.999999999999998 11.999999999999984 11.999999999999986 12.000000000000005 11.999999999999998 11.999999999999998 12.000000000000012 12.000000000000012 12.000000000000014 12.000000000000009 12.000000000000016 12.000000000000018 12.000000000000016 12.000000000000014 12.000000000000016 12.000000000000014 12.000000000000016 12.000000000000028 12.000000000000023 12.000000000000009 11.999999999999996 12.000000000000004 12.000000000000004 11.999999999999995 11.999999999999998 12.000000000000002 12.000000000000004 12.00000000000001 12.000000000000012 12.000000000000012 12.000000000000012 12.000000000000004 11.999999999999996 12.0 12.0 12.000000000000012 12.000000000000016 12.00000000000002 12.000000000000025 12.000000000000032 12.000000000000032 12.000000000000028 12.000000000000021 12.000000000000016 12.00000000000002 12.00000000000002 12.000000000000014 12.000000000000016 12.000000000000016 12.000000000000018 12.000000000000014 12.000000000000014 12.000000000000018 12.000000000000016 12.000000000000007 12.000000000000009 12.000000000000014 12.000000000000014 12.000000000000009 12.0 12.000000000000004 12.000000000000009 12.000000000000014 12.000000000000012 12.000000000000007 12.000000000000005 12.000000000000002 12.0 12.0 12.0 11.999999999999996 12.0 12.0 11.999999999999986 11.99999999999998 11.999999999999973 11.999999999999956 11.999999999999954 11.999999999999945 11.99999999999993 11.999999999999932 11.999999999999917 
34.99999999999999 34.999999999999986 34.99999999999997 34.999999999999964 34.999999999999936 35.00000000000011 35.000000000000256 35.00000000000076 35.0000000000002 35.00000000000005 34.99999999999985 34.999999999999936 35.00000000000002 34.99999999999998 34.99999999999987 34.999999999999936 34.99999999999996 34.99999999999997 34.99999999999996 35.000000000000014 35.00000000000004 35.000000000000064 35.00000000000006 35.00000000000008 35.000000000000085 35.00000000000006 35.000000000000085 35.0000000000001 35.00000000000013 35.000000000000135 35.0000000000001 35.000000000000085 35.000000000000085 35.00000000000009 35.00000000000013 35.00000000000012 35.00000000000012 35.000000000000156 35.00000000000015 35.00000000000009 35.000000000000114 35.0000000000001 35.00000000000009 35.00000000000007 35.00000000000004 35.00000000000003 35.000000000000036 35.00000000000002 35.000000000000036 35.00000000000005 35.00000000000002 35.000000000000036 35.00000000000008 35.00000000000008 35.00000000000008 35.000000000000085 35.00000000000009 35.00000000000011 35.00000000000012 35.00000000000012 35.00000000000011 35.000000000000064 35.000000000000064 35.000000000000064 35.000000000000036 35.00000000000001 35.00000000000001 34.999999999999986 35.0 35.00000000000002 35.00000000000001 35.00000000000001 34.99999999999999 34.99999999999998 34.999999999999986 35.0 35.0 34.99999999999997 35.0 34.99999999999999 35.000000000000014 35.0 35.00000000000001 35.0 35.00000000000001 35.0 34.99999999999998 34.99999999999997 34.99999999999999 34.999999999999986 34.99999999999997 34.999999999999964 34.99999999999997 34.99999999999999 35.000000000000014 34.999999999999986 34.99999999999997 34.999999999999986 35.00000000000001 35.00000000000001 35.00000000000003 35.00000000000001 34.999999999999964 35.00000000000001 35.000000000000014 35.00000000000004 35.00000000000003 35.000000000000036 35.00000000000004 35.000000000000036 35.000000000000036 35.00000000000001 35.00000000000001 35.000000000000036 35.00000000000007 35.00000000000007 35.00000000000003 34.99999999999999 35.00000000000001 34.99999999999999 34.99999999999999 35.0 34.999999999999986 34.99999999999997 34.99999999999999 35.00000000000002 35.00000000000005 35.00000000000003 35.00000000000001 34.999999999999986 35.0 35.00000000000001 35.000000000000036 35.000000000000036 35.000000000000036 35.0000000000001 35.000000000000085 35.00000000000005 35.00000000000004 35.00000000000004 35.00000000000003 34.999999999999986 34.99999999999999 34.99999999999996 34.99999999999995 34.999999999999964 34.999999999999986 34.999999999999986 35.00000000000001 35.00000000000001 35.00000000000001 35.00000000000001 35.00000000000002 35.00000000000004 35.00000000000005 35.00000000000007 35.0000000000001 35.0000000000001 35.00000000000011 35.00000000000013 35.00000000000009 35.00000000000008 35.0000000000001 35.000000000000114 35.00000000000009 35.000000000000064 35.00000000000007 35.00000000000005 35.00000000000002 35.00000000000002 35.00000000000003 35.000000000000014 35.00000000000001 35.000000000000014 35.000000000000014 35.00000000000004 35.000000000000036 35.00000000000003 35.00000000000001 35.0 35.00000000000001 34.99999999999998 35.00000000000001 35.000000000000014 34.999999999999986 35.000000000000014 35.0 35.000000000000036 35.00000000000001 35.00000000000002 34.99999999999997 34.99999999999993 34.99999999999991 34.99999999999988 34.99999999999983 34.9999999999998 34.99999999999978 34.999999999999766 34.999999999999766 34.99999999999976 
0.0 0.0 0.0 0.0 0.0 0.0 0.0 0.0 0.0 0.0 0.0 0.0 0.0 0.0 0.0 0.0 0.0 0.0 0.0 0.0 0.0 0.0 0.0 0.0 0.0 0.0 0.0 0.0 0.0 0.0 0.0 0.0 0.0 0.0 0.0 0.0 0.0 0.0 0.0 0.0 0.0 0.0 0.0 0.0 0.0 0.0 0.0 0.0 0.0 0.0 0.0 0.0 0.0 0.0 0.0 0.0 0.0 0.0 0.0 0.0 0.0 0.0 0.0 0.0 0.0 0.0 0.0 0.0 0.0 0.0 0.0 0.0 0.0 0.0 0.0 0.0 0.0 0.0 0.0 0.0 0.0 0.0 0.0 0.0 0.0 0.0 0.0 0.0 0.0 0.0 0.0 0.0 0.0 0.0 0.0 0.0 0.0 0.0 0.0 0.0 0.0 0.0 0.0 0.0 0.0 0.0 0.0 0.0 0.0 0.0 0.0 0.0 0.0 0.0 0.0 0.0 0.0 0.0 0.0 0.0 0.0 0.0 0.0 0.0 0.0 0.0 0.0 0.0 0.0 0.0 0.0 0.0 0.0 0.0 0.0 0.0 0.0 0.0 0.0 0.0 0.0 0.0 0.0 0.0 0.0 0.0 0.0 0.0 0.0 0.0 0.0 0.0 0.0 0.0 0.0 0.0 0.0 0.0 0.0 0.0 0.0 0.0 0.0 0.0 0.0 0.0 0.0 0.0 0.0 0.0 0.0 0.0 0.0 0.0 0.0 0.0 0.0 0.0 0.0 0.0 0.0 0.0 0.0 0.0 0.0 0.0 0.0 0.0 0.0 0.0 0.0 0.0 0.0 0.0 0.0 0.0 0.0 0.0 0.0 0.0 
0.0 0.0 0.0 0.0 0.0 0.0 0.0 0.0 0.0 0.0 0.0 0.0 0.0 0.0 0.0 0.0 0.0 0.0 0.0 0.0 0.0 0.0 0.0 0.0 0.0 0.0 0.0 0.0 0.0 0.0 0.0 0.0 0.0 0.0 0.0 0.0 0.0 0.0 0.0 0.0 0.0 0.0 0.0 0.0 0.0 0.0 0.0 0.0 0.0 0.0 0.0 0.0 0.0 0.0 0.0 0.0 0.0 0.0 0.0 0.0 0.0 0.0 0.0 0.0 0.0 0.0 0.0 0.0 0.0 0.0 0.0 0.0 0.0 0.0 0.0 0.0 0.0 0.0 0.0 0.0 0.0 0.0 0.0 0.0 0.0 0.0 0.0 0.0 0.0 0.0 0.0 0.0 0.0 0.0 0.0 0.0 0.0 0.0 0.0 0.0 0.0 0.0 0.0 0.0 0.0 0.0 0.0 0.0 0.0 0.0 0.0 0.0 0.0 0.0 0.0 0.0 0.0 0.0 0.0 0.0 0.0 0.0 0.0 0.0 0.0 0.0 0.0 0.0 0.0 0.0 0.0 0.0 0.0 0.0 0.0 0.0 0.0 0.0 0.0 0.0 0.0 0.0 0.0 0.0 0.0 0.0 0.0 0.0 0.0 0.0 0.0 0.0 0.0 0.0 0.0 0.0 0.0 0.0 0.0 0.0 0.0 0.0 0.0 0.0 0.0 0.0 0.0 0.0 0.0 0.0 0.0 0.0 0.0 0.0 0.0 0.0 0.0 0.0 0.0 0.0 0.0 0.0 0.0 0.0 0.0 0.0 0.0 0.0 0.0 0.0 0.0 0.0 0.0 0.0 0.0 0.0 0.0 0.0 0.0 0.0 
1900 1 5 0 0 0
14.845204174260479 14.847428810386893 14.848332997736932 14.848584153638411 14.848171745565647 14.253316792100836 13.749997346517487 13.24999711095794 12.749997325532549 12.250417076678236 12.00051855776888 12.000005335268124 12.000000359954193 12.000000068055165 12.000000022457396 12.000000010079233 12.000000005383454 12.00000000318657 12.000000002010706 12.000000001321332 12.000000000891111 12.000000000610724 12.000000000422375 12.000000000291259 12.000000000198876 12.000000000134145 12.000000000089305 12.000000000058598 12.000000000037883 12.000000000024098 12.000000000015094 12.000000000009306 12.000000000005649 12.000000000003375 12.00000000000199 12.00000000000115 12.000000000000648 12.000000000000357 12.000000000000203 12.000000000000112 12.000000000000066 12.000000000000037 12.000000000000028 12.000000000000028 12.000000000000016 12.000000000000012 12.000000000000027 12.00000000000003 12.000000000000027 12.000000000000043 12.00000000000004 12.000000000000028 12.000000000000028 12.000000000000032 12.00000000000003 12.000000000000034 12.000000000000044 12.000000000000053 12.000000000000043 12.00000000000003 12.000000000000032 12.000000000000028 12.000000000000027 12.000000000000027 12.000000000000028 12.000000000000028 12.000000000000021 12.000000000000014 12.000000000000005 12.00000000000001 12.000000000000009 12.000000000000014 12.000000000000018 12.000000000000021 12.000000000000012 12.000000000000012 12.000000000000007 12.000000000000004 12.0 12.000000000000007 12.000000000000016 12.000000000000007 12.000000000000007 12.000000000000016 12.000000000000012 12.000000000000014 12.00000000000001 12.0 12.00000000000001 12.000000000000016 12.0 12.0 12.0 12.0 11.999999999999998 11.99999999999999 12.0 12.000000000000004 11.999999999999998 12.000000000000002 12.000000000000002 11.999999999999996 12.0 12.0 12.000000000000005 12.000000000000005 12.0 12.000000000000004 12.000000000000005 12.000000000000002 12.0 12.000000000000002 12.000000000000009 12.000000000000005 12.0 12.00000000000001 12.000000000000005 12.000000000000002 12.0 12.000000000000002 12.000000000000005 12.000000000000005 12.000000000000004 12.000000000000004 11.999999999999996 11.999999999999995 12.000000000000002 12.000000000000002 12.0 12.000000000000004 12.000000000000002 12.000000000000009 12.000000000000009 12.000000000000009 12.000000000000012 12.000000000000012 12.000000000000005 12.0 12.000000000000002 12.000000000000007 12.000000000000005 12.0 12.00000000000001 12.000000000000014 12.00000000000001 11.999999999999998 12.0 11.999999999999996 12.000000000000004 12.000000000000005 12.000000000000012 12.000000000000012 12.000000000000012 12.000000000000014 12.000000000000014 12.00000000000002 12.000000000000027 12.000000000000028 12.000000000000034 12.000000000000027 12.000000000000028 12.000000000000028 12.000000000000028 12.000000000000021 12.00000000000002 12.000000000000014 12.000000000000012 12.000000000000012 12.000000000000014 12.000000000000012 12.000000000000016 12.000000000000025 12.000000000000021 12.00000000000002 12.00000000000002 12.00000000000002 12.000000000000016 12.000000000000018 12.000000000000016 12.000000000000023 12.000000000000028 12.00000000000002 12.000000000000012 12.000000000000012 12.000000000000012 12.00000000000001 12.000000000000007 11.999999999999998 11.999999999999982 11.999999999999973 11.999999999999973 11.999999999999972 11.999999999999963 11.99999999999996 11.99999999999995 11.99999999999994 11.999999999999929 11.99999999999992 11.99999999999991 11.9999999999999 
34.999999999999964 34.99999999999995 34.999999999999964 34.99999999999996 34.99999999999995 35.0000000000001 35.00000000000025 35.00000000000101 35.000000000000085 35.00000000000006 34.9999999999999 34.99999999999993 34.999999999999964 34.999999999999964 34.99999999999996 34.99999999999997 34.99999999999999 34.99999999999999 34.99999999999997 34.99999999999999 35.00000000000001 35.000000000000036 35.000000000000085 35.000000000000114 35.00000000000009 35.00000000000007 35.000000000000085 35.000000000000135 35.00000000000016 35.00000000000016 35.00000000000017 35.00000000000016 35.00000000000016 35.00000000000015 35.00000000000019 35.000000000000185 35.00000000000016 35.000000000000135 35.000000000000135 35.000000000000114 35.000000000000085 35.00000000000008 35.000000000000064 35.00000000000003 35.000000000000014 35.00000000000001 35.00000000000003 35.000000000000014 35.00000000000001 35.00000000000005 35.00000000000007 35.00000000000006 35.00000000000005 35.000000000000064 35.000000000000064 35.000000000000085 35.00000000000011 35.00000000000011 35.00000000000009 35.000000000000064 35.000000000000036 35.000000000000036 35.00000000000005 35.00000000000005 35.00000000000006 35.00000000000003 35.00000000000002 35.0 35.0 35.00000000000001 35.00000000000002 35.000000000000036 35.00000000000005 35.00000000000008 35.00000000000004 35.00000000000003 35.000000000000036 35.00000000000003 35.0 35.00000000000001 35.0 34.99999999999998 34.99999999999999 35.00000000000002 35.00000000000001 35.00000000000001 34.999999999999986 34.99999999999994 34.99999999999998 35.0 34.99999999999999 35.0 34.99999999999999 34.99999999999998 34.999999999999964 34.99999999999999 35.000000000000014 35.00000000000003 35.00000000000002 35.00000000000001 35.00000000000002 35.0 35.000000000000014 35.000000000000036 35.00000000000005 35.00000000000003 35.000000000000036 35.00000000000004 35.00000000000004 35.00000000000001 35.0 35.000000000000036 35.00000000000007 35.00000000000008 35.000000000000064 35.00000000000009 35.00000000000008 35.00000000000007 35.00000000000003 35.00000000000002 35.00000000000001 35.0 34.99999999999999 34.99999999999997 34.99999999999994 34.99999999999995 34.99999999999999 34.99999999999999 35.0 35.00000000000003 34.99999999999999 34.99999999999999 34.99999999999999 34.99999999999998 35.0 35.000000000000014 35.0 34.999999999999986 35.0 35.00000000000002 35.00000000000002 35.000000000000014 35.0 35.00000000000003 35.000000000000036 35.0 35.0 34.99999999999999 34.999999999999986 34.99999999999998 34.99999999999997 35.00000000000001 35.000000000000014 35.00000000000003 35.000000000000036 35.00000000000005 35.000000000000085 35.0000000000001 35.00000000000016 35.00000000000014 35.00000000000014 35.00000000000012 35.00000000000012 35.00000000000008 35.00000000000007 35.00000000000004 35.000000000000014 35.00000000000003 35.00000000000004 35.000000000000064 35.00000000000008 35.000000000000085 35.00000000000006 35.000000000000036 35.00000000000006 35.00000000000004 35.00000000000005 35.00000000000003 35.000000000000036 35.00000000000003 35.000000000000036 35.000000000000036 35.00000000000001 35.00000000000002 35.00000000000003 35.000000000000036 35.00000000000002 35.00000000000001 34.99999999999997 34.999999999999936 34.99999999999991 34.999999999999886 34.99999999999987 34.999999999999886 34.99999999999986 34.99999999999982 34.999999999999794 34.999999999999766 34.99999999999973 34.999999999999694 
0.0 0.0 0.0 0.0 0.0 0.0 0.0 0.0 0.0 0.0 0.0 0.0 0.0 0.0 0.0 0.0 0.0 0.0 0.0 0.0 0.0 0.0 0.0 0.0 0.0 0.0 0.0 0.0 0.0 0.0 0.0 0.0 0.0 0.0 0.0 0.0 0.0 0.0 0.0 0.0 0.0 0.0 0.0 0.0 0.0 0.0 0.0 0.0 0.0 0.0 0.0 0.0 0.0 0.0 0.0 0.0 0.0 0.0 0.0 0.0 0.0 0.0 0.0 0.0 0.0 0.0 0.0 0.0 0.0 0.0 0.0 0.0 0.0 0.0 0.0 0.0 0.0 0.0 0.0 0.0 0.0 0.0 0.0 0.0 0.0 0.0 0.0 0.0 0.0 0.0 0.0 0.0 0.0 0.0 0.0 0.0 0.0 0.0 0.0 0.0 0.0 0.0 0.0 0.0 0.0 0.0 0.0 0.0 0.0 0.0 0.0 0.0 0.0 0.0 0.0 0.0 0.0 0.0 0.0 0.0 0.0 0.0 0.0 0.0 0.0 0.0 0.0 0.0 0.0 0.0 0.0 0.0 0.0 0.0 0.0 0.0 0.0 0.0 0.0 0.0 0.0 0.0 0.0 0.0 0.0 0.0 0.0 0.0 0.0 0.0 0.0 0.0 0.0 0.0 0.0 0.0 0.0 0.0 0.0 0.0 0.0 0.0 0.0 0.0 0.0 0.0 0.0 0.0 0.0 0.0 0.0 0.0 0.0 0.0 0.0 0.0 0.0 0.0 0.0 0.0 0.0 0.0 0.0 0.0 0.0 0.0 0.0 0.0 0.0 0.0 0.0 0.0 0.0 0.0 0.0 0.0 0.0 0.0 0.0 0.0 
0.0 0.0 0.0 0.0 0.0 0.0 0.0 0.0 0.0 0.0 0.0 0.0 0.0 0.0 0.0 0.0 0.0 0.0 0.0 0.0 0.0 0.0 0.0 0.0 0.0 0.0 0.0 0.0 0.0 0.0 0.0 0.0 0.0 0.0 0.0 0.0 0.0 0.0 0.0 0.0 0.0 0.0 0.0 0.0 0.0 0.0 0.0 0.0 0.0 0.0 0.0 0.0 0.0 0.0 0.0 0.0 0.0 0.0 0.0 0.0 0.0 0.0 0.0 0.0 0.0 0.0 0.0 0.0 0.0 0.0 0.0 0.0 0.0 0.0 0.0 0.0 0.0 0.0 0.0 0.0 0.0 0.0 0.0 0.0 0.0 0.0 0.0 0.0 0.0 0.0 0.0 0.0 0.0 0.0 0.0 0.0 0.0 0.0 0.0 0.0 0.0 0.0 0.0 0.0 0.0 0.0 0.0 0.0 0.0 0.0 0.0 0.0 0.0 0.0 0.0 0.0 0.0 0.0 0.0 0.0 0.0 0.0 0.0 0.0 0.0 0.0 0.0 0.0 0.0 0.0 0.0 0.0 0.0 0.0 0.0 0.0 0.0 0.0 0.0 0.0 0.0 0.0 0.0 0.0 0.0 0.0 0.0 0.0 0.0 0.0 0.0 0.0 0.0 0.0 0.0 0.0 0.0 0.0 0.0 0.0 0.0 0.0 0.0 0.0 0.0 0.0 0.0 0.0 0.0 0.0 0.0 0.0 0.0 0.0 0.0 0.0 0.0 0.0 0.0 0.0 0.0 0.0 0.0 0.0 0.0 0.0 0.0 0.0 0.0 0.0 0.0 0.0 0.0 0.0 0.0 0.0 0.0 0.0 0.0 0.0 
1900 1 6 0 0 0
14.812699515612582 14.81505053691886 14.816133908948641 14.816608125141242 14.816544063082338 14.286754430760926 13.750004480606718 13.249996389786492 12.74999676207774 12.250521253124065 12.000647244543485 12.000007466995656 12.000000527122499 12.000000101092079 12.000000033391919 12.000000015000227 12.000000008054906 12.000000004816837 12.000000003082285 12.000000002061933 12.000000001420629 12.000000000998147 12.000000000710479 12.000000000510042 12.000000000366036 12.000000000261009 12.000000000184485 12.000000000129114 12.000000000089392 12.000000000061148 12.000000000041325 12.000000000027585 12.000000000018172 12.000000000011813 12.00000000000758 12.000000000004805 12.000000000003002 12.000000000001842 12.000000000001117 12.000000000000668 12.000000000000398 12.000000000000233 12.000000000000135 12.000000000000082 12.000000000000059 12.000000000000043 12.000000000000034 12.000000000000028 12.000000000000028 12.000000000000032 12.000000000000044 12.000000000000044 12.000000000000044 12.00000000000004 12.00000000000004 12.00000000000004 12.00000000000004 12.000000000000043 12.000000000000037 12.000000000000032 12.000000000000027 12.000000000000027 12.000000000000025 12.000000000000025 12.000000000000023 12.000000000000018 12.000000000000014 12.000000000000014 12.000000000000014 12.000000000000014 12.000000000000009 12.000000000000012 12.000000000000014 12.000000000000025 12.000000000000021 12.00000000000002 12.000000000000023 12.00000000000002 12.000000000000018 12.000000000000016 12.000000000000012 12.000000000000014 12.000000000000014 12.000000000000021 12.000000000000027 12.000000000000018 12.000000000000018 12.000000000000014 12.000000000000016 12.000000000000014 12.000000000000016 12.000000000000005 11.999999999999995 11.999999999999993 12.0 12.000000000000002 12.000000000000002 12.000000000000004 11.999999999999996 11.999999999999991 11.999999999999993 11.999999999999996 11.999999999999996 12.000000000000002 12.000000000000012 12.000000000000014 12.00000000000001 12.000000000000012 12.000000000000014 12.000000000000018 12.000000000000018 12.00000000000001 12.000000000000002 12.000000000000004 12.0 12.000000000000002 12.000000000000012 12.000000000000014 12.0 12.0 12.0 12.000000000000002 11.999999999999998 12.0 11.999999999999996 12.0 12.000000000000002 12.0 12.0 12.00000000000001 12.000000000000005 12.000000000000005 12.000000000000007 12.000000000000016 12.000000000000028 12.00000000000003 12.000000000000025 12.000000000000012 12.000000000000014 12.000000000000014 12.000000000000014 12.000000000000016 12.000000000000018 12.000000000000012 12.000000000000009 12.0 12.0 12.0 12.000000000000005 12.000000000000009 12.000000000000005 12.000000000000016 12.00000000000002 12.000000000000032 12.000000000000032 12.000000000000028 12.000000000000036 12.000000000000028 12.00000000000003 12.000000000000027 12.000000000000032 12.000000000000025 12.000000000000025 12.000000000000027 12.000000000000018 12.000000000000014 12.000000000000018 12.000000000000021 12.000000000000027 12.00000000000002 12.000000000000016 12.000000000000023 12.000000000000027 12.000000000000032 12.000000000000039 12.00000000000003 12.000000000000028 12.000000000000028 12.000000000000032 12.000000000000028 12.000000000000014 12.000000000000012 12.00000000000001 12.000000000000014 12.000000000000002 12.0 11.999999999999995 11.999999999999988 11.99999999999998 11.999999999999972 11.999999999999972 11.999999999999966 11.999999999999948 11.999999999999941 11.99999999999993 11.99999999999993 11.999999999999915 11.999999999999892 11.99999999999988 11.999999999999881 
34.999999999999986 34.999999999999986 34.999999999999986 34.99999999999998 34.99999999999997 35.00000000000024 35.00000000000023 35.00000000000119 34.99999999999996 35.000000000000085 35.00000000000001 34.999999999999936 34.999999999999915 34.99999999999993 34.99999999999999 34.99999999999998 34.99999999999993 34.999999999999915 34.99999999999988 34.99999999999991 34.99999999999996 34.99999999999997 35.0 35.00000000000002 35.000000000000036 35.00000000000007 35.0000000000001 35.00000000000012 35.000000000000135 35.00000000000013 35.000000000000135 35.00000000000018 35.00000000000015 35.00000000000014 35.00000000000014 35.00000000000018 35.00000000000015 35.00000000000013 35.000000000000114 35.00000000000008 35.00000000000007 35.00000000000004 35.000000000000036 35.00000000000001 35.00000000000003 35.00000000000002 35.00000000000002 35.000000000000014 35.00000000000001 35.00000000000001 35.00000000000002 35.000000000000036 35.00000000000005 35.00000000000004 35.00000000000007 35.00000000000007 35.000000000000114 35.00000000000009 35.000000000000064 35.000000000000036 35.000000000000014 35.00000000000001 35.00000000000003 35.00000000000003 35.000000000000036 35.00000000000005 35.0 34.99999999999999 34.99999999999999 35.00000000000001 34.999999999999986 35.0 34.999999999999986 35.000000000000014 35.00000000000003 35.00000000000003 35.00000000000003 35.000000000000014 34.99999999999999 35.00000000000001 35.00000000000002 35.00000000000001 35.00000000000002 35.00000000000002 35.00000000000001 34.99999999999997 35.0 35.00000000000002 35.00000000000003 35.00000000000003 35.00000000000002 35.00000000000001 34.999999999999986 34.99999999999998 35.0 35.00000000000001 35.00000000000001 34.999999999999986 34.99999999999996 34.999999999999936 34.99999999999995 34.999999999999986 35.00000000000001 35.000000000000064 35.00000000000006 35.00000000000006 35.00000000000007 35.00000000000008 35.00000000000008 35.000000000000085 35.00000000000009 35.000000000000085 35.00000000000008 35.00000000000005 35.00000000000005 35.00000000000004 35.00000000000006 35.000000000000064 35.00000000000002 35.00000000000002 35.00000000000003 35.00000000000003 35.000000000000014 35.0 35.0 35.00000000000002 35.00000000000002 35.000000000000014 35.00000000000003 35.000000000000036 35.00000000000004 35.000000000000036 35.00000000000001 35.000000000000036 35.00000000000006 35.00000000000006 35.000000000000036 35.00000000000003 35.00000000000002 35.00000000000002 35.00000000000001 34.999999999999986 34.99999999999998 34.99999999999997 34.99999999999999 34.999999999999986 34.99999999999999 35.00000000000002 35.000000000000014 35.00000000000002 35.00000000000001 35.00000000000003 35.00000000000002 35.00000000000007 35.00000000000008 35.00000000000006 35.00000000000009 35.000000000000114 35.0000000000001 35.00000000000009 35.00000000000011 35.00000000000009 35.000000000000085 35.0000000000001 35.00000000000007 35.000000000000064 35.000000000000064 35.000000000000064 35.000000000000064 35.00000000000003 35.00000000000002 35.00000000000004 35.00000000000006 35.000000000000085 35.000000000000085 35.00000000000008 35.00000000000008 35.000000000000064 35.00000000000008 35.00000000000007 35.00000000000001 35.000000000000014 35.00000000000002 35.000000000000014 34.99999999999997 34.999999999999986 34.99999999999997 34.999999999999964 34.999999999999936 34.999999999999915 34.99999999999991 34.999999999999886 34.99999999999986 34.999999999999844 34.999999999999844 34.999999999999815 34.99999999999978 34.99999999999975 34.99999999999973 34.99999999999971 
0.0 0.0 0.0 0.0 0.0 0.0 0.0 0.0 0.0 0.0 0.0 0.0 0.0 0.0 0.0 0.0 0.0 0.0 0.0 0.0 0.0 0.0 0.0 0.0 0.0 0.0 0.0 0.0 0.0 0.0 0.0 0.0 0.0 0.0 0.0 0.0 0.0 0.0 0.0 0.0 0.0 0.0 0.0 0.0 0.0 0.0 0.0 0.0 0.0 0.0 0.0 0.0 0.0 0.0 0.0 0.0 0.0 0.0 0.0 0.0 0.0 0.0 0.0 0.0 0.0 0.0 0.0 0.0 0.0 0.0 0.0 0.0 0.0 0.0 0.0 0.0 0.0 0.0 0.0 0.0 0.0 0.0 0.0 0.0 0.0 0.0 0.0 0.0 0.0 0.0 0.0 0.0 0.0 0.0 0.0 0.0 0.0 0.0 0.0 0.0 0.0 0.0 0.0 0.0 0.0 0.0 0.0 0.0 0.0 0.0 0.0 0.0 0.0 0.0 0.0 0.0 0.0 0.0 0.0 0.0 0.0 0.0 0.0 0.0 0.0 0.0 0.0 0.0 0.0 0.0 0.0 0.0 0.0 0.0 0.0 0.0 0.0 0.0 0.0 0.0 0.0 0.0 0.0 0.0 0.0 0.0 0.0 0.0 0.0 0.0 0.0 0.0 0.0 0.0 0.0 0.0 0.0 0.0 0.0 0.0 0.0 0.0 0.0 0.0 0.0 0.0 0.0 0.0 0.0 0.0 0.0 0.0 0.0 0.0 0.0 0.0 0.0 0.0 0.0 0.0 0.0 0.0 0.0 0.0 0.0 0.0 0.0 0.0 0.0 0.0 0.0 0.0 0.0 0.0 0.0 0.0 0.0 0.0 0.0 0.0 
0.0 0.0 0.0 0.0 0.0 0.0 0.0 0.0 0.0 0.0 0.0 0.0 0.0 0.0 0.0 0.0 0.0 0.0 0.0 0.0 0.0 0.0 0.0 0.0 0.0 0.0 0.0 0.0 0.0 0.0 0.0 0.0 0.0 0.0 0.0 0.0 0.0 0.0 0.0 0.0 0.0 0.0 0.0 0.0 0.0 0.0 0.0 0.0 0.0 0.0 0.0 0.0 0.0 0.0 0.0 0.0 0.0 0.0 0.0 0.0 0.0 0.0 0.0 0.0 0.0 0.0 0.0 0.0 0.0 0.0 0.0 0.0 0.0 0.0 0.0 0.0 0.0 0.0 0.0 0.0 0.0 0.0 0.0 0.0 0.0 0.0 0.0 0.0 0.0 0.0 0.0 0.0 0.0 0.0 0.0 0.0 0.0 0.0 0.0 0.0 0.0 0.0 0.0 0.0 0.0 0.0 0.0 0.0 0.0 0.0 0.0 0.0 0.0 0.0 0.0 0.0 0.0 0.0 0.0 0.0 0.0 0.0 0.0 0.0 0.0 0.0 0.0 0.0 0.0 0.0 0.0 0.0 0.0 0.0 0.0 0.0 0.0 0.0 0.0 0.0 0.0 0.0 0.0 0.0 0.0 0.0 0.0 0.0 0.0 0.0 0.0 0.0 0.0 0.0 0.0 0.0 0.0 0.0 0.0 0.0 0.0 0.0 0.0 0.0 0.0 0.0 0.0 0.0 0.0 0.0 0.0 0.0 0.0 0.0 0.0 0.0 0.0 0.0 0.0 0.0 0.0 0.0 0.0 0.0 0.0 0.0 0.0 0.0 0.0 0.0 0.0 0.0 0.0 0.0 0.0 0.0 0.0 0.0 0.0 0.0 
1900 1 7 0 0 0
14.780479948947692 14.782832691061216 14.783917488313437 14.784393698781564 14.784331990553557 14.320573011168392 13.750025267285151 13.249995674516393 12.749996241376037 12.250625397485134 12.000775652586508 12.000009830706023 12.000000720251675 12.000000139869037 12.000000046242524 12.000000020754074 12.00000001116383 12.000000006711405 12.000000004331298 12.000000002930625 12.000000002047981 12.000000001463464 12.000000001061906 12.000000000778778 12.000000000575229 12.000000000425082 12.00000000031255 12.000000000228287 12.000000000165405 12.00000000011881 12.000000000084533 12.000000000059549 12.000000000041524 12.000000000028646 12.000000000019547 12.000000000013202 12.000000000008814 12.000000000005814 12.000000000003796 12.000000000002451 12.000000000001563 12.000000000000984 12.000000000000618 12.000000000000377 12.000000000000224 12.000000000000139 12.000000000000101 12.000000000000071 12.000000000000046 12.00000000000003 12.000000000000027 12.000000000000034 12.000000000000034 12.000000000000036 12.000000000000044 12.000000000000043 12.000000000000037 12.000000000000037 12.000000000000032 12.000000000000027 12.00000000000003 12.000000000000034 12.000000000000032 12.00000000000003 12.000000000000027 12.000000000000036 12.000000000000034 12.000000000000028 12.000000000000028 12.000000000000036 12.00000000000004 12.000000000000046 12.000000000000032 12.000000000000025 12.000000000000014 12.000000000000014 12.000000000000025 12.000000000000016 12.000000000000014 12.000000000000012 12.000000000000012 12.000000000000014 12.000000000000014 12.000000000000018 12.00000000000002 12.000000000000016 12.000000000000014 12.000000000000009 12.000000000000002 12.000000000000004 12.000000000000012 12.000000000000016 12.000000000000012 12.000000000000007 12.000000000000004 12.000000000000007 12.000000000000012 12.000000000000014 12.000000000000007 12.000000000000014 12.000000000000012 11.999999999999998 11.999999999999995 11.999999999999995 12.0 12.000000000000007 12.000000000000004 12.000000000000005 12.00000000000001 12.000000000000014 12.000000000000016 12.000000000000016 12.000000000000014 12.000000000000012 12.000000000000016 12.00000000000001 12.000000000000009 12.000000000000012 12.000000000000012 12.0 12.0 12.0 12.000000000000002 12.000000000000004 12.000000000000002 12.000000000000002 12.000000000000009 12.000000000000016 12.000000000000028 12.000000000000023 12.000000000000016 12.000000000000014 12.000000000000012 12.00000000000001 12.000000000000028 12.000000000000028 12.000000000000025 12.000000000000018 12.000000000000009 12.000000000000005 12.00000000000001 12.000000000000018 12.000000000000014 12.000000000000014 12.000000000000007 12.000000000000002 12.000000000000002 11.999999999999996 11.999999999999995 11.999999999999986 11.999999999999988 11.999999999999998 12.000000000000009 12.000000000000014 12.000000000000027 12.000000000000023 12.00000000000002 12.000000000000028 12.000000000000028 12.000000000000025 12.000000000000023 12.00000000000003 12.000000000000032 12.000000000000036 12.000000000000032 12.000000000000028 12.000000000000028 12.000000000000028 12.000000000000028 12.00000000000003 12.000000000000036 12.000000000000036 12.000000000000025 12.000000000000027 12.000000000000028 12.000000000000032 12.00000000000004 12.000000000000032 12.00000000000003 12.000000000000021 12.00000000000002 12.000000000000014 12.00000000000001 12.000000000000002 11.99999999999999 11.999999999999988 11.99999999999998 11.999999999999986 11.999999999999975 11.999999999999961 11.999999999999968 11.999999999999966 11.999999999999963 11.999999999999948 11.999999999999932 11.999999999999915 11.999999999999888 11.99999999999987 11.99999999999986 11.99999999999985 
35.0 34.99999999999999 34.99999999999999 34.99999999999999 35.00000000000001 35.0000000000002 35.00000000000015 35.00000000000112 34.99999999999992 35.00000000000015 35.000000000000014 35.00000000000001 34.99999999999985 34.99999999999992 35.00000000000009 35.000000000000014 34.99999999999994 34.999999999999915 34.99999999999993 34.99999999999994 34.99999999999996 35.0 35.0 35.000000000000014 35.000000000000064 35.00000000000008 35.00000000000012 35.00000000000015 35.00000000000016 35.00000000000017 35.000000000000156 35.000000000000156 35.00000000000014 35.00000000000016 35.00000000000014 35.000000000000156 35.00000000000015 35.00000000000013 35.00000000000012 35.000000000000085 35.00000000000008 35.00000000000005 35.00000000000006 35.000000000000036 34.99999999999999 35.0 35.000000000000014 35.00000000000002 35.00000000000001 35.0 34.999999999999986 35.00000000000002 35.00000000000004 35.00000000000007 35.0000000000001 35.0000000000001 35.00000000000009 35.000000000000064 35.00000000000005 35.000000000000036 35.00000000000004 35.00000000000006 35.00000000000005 35.00000000000005 35.00000000000003 35.00000000000005 35.00000000000006 35.00000000000003 35.000000000000036 35.00000000000005 35.00000000000007 35.000000000000064 35.000000000000036 35.00000000000001 35.0 34.99999999999998 34.99999999999999 34.99999999999995 34.99999999999996 34.99999999999997 34.999999999999986 35.00000000000001 35.0 35.0 34.999999999999986 34.99999999999999 35.000000000000014 35.00000000000001 34.99999999999999 35.00000000000001 35.00000000000002 35.000000000000036 35.00000000000001 34.99999999999999 34.99999999999999 34.999999999999986 35.00000000000001 35.00000000000001 35.00000000000001 35.000000000000014 35.000000000000036 35.000000000000014 35.00000000000002 35.000000000000014 35.00000000000003 35.000000000000036 35.00000000000002 35.00000000000003 35.00000000000003 35.00000000000007 35.00000000000009 35.00000000000009 35.000000000000064 35.00000000000007 35.000000000000064 35.00000000000005 35.000000000000014 35.00000000000001 35.000000000000014 34.999999999999986 34.99999999999996 34.999999999999964 34.99999999999995 34.999999999999964 34.99999999999999 35.0 35.00000000000003 35.000000000000036 35.000000000000036 35.000000000000036 35.000000000000036 35.000000000000014 35.0 35.00000000000001 35.000000000000036 35.000000000000036 35.00000000000002 35.000000000000014 34.999999999999986 34.999999999999964 34.99999999999998 35.000000000000014 35.0 35.00000000000002 35.00000000000002 35.00000000000001 34.99999999999999 34.99999999999997 34.999999999999964 34.99999999999996 34.99999999999998 34.999999999999964 34.99999999999999 35.00000000000001 35.00000000000004 35.00000000000004 35.00000000000003 35.00000000000006 35.000000000000085 35.00000000000009 35.00000000000007 35.00000000000011 35.00000000000009 35.00000000000012 35.00000000000009 35.00000000000009 35.00000000000007 35.000000000000085 35.000000000000085 35.00000000000007 35.000000000000064 35.00000000000007 35.00000000000005 35.000000000000036 35.00000000000004 35.00000000000003 35.00000000000006 35.00000000000006 35.000000000000064 35.00000000000004 35.00000000000002 35.000000000000014 35.00000000000001 35.00000000000001 34.99999999999997 34.99999999999994 34.9999999999999 34.999999999999915 34.999999999999915 34.999999999999886 34.999999999999886 34.99999999999989 34.99999999999992 34.9999999999999 34.999999999999886 34.99999999999985 34.99999999999983 34.99999999999978 34.999999999999744 34.99999999999969 
0.0 0.0 0.0 0.0 0.0 0.0 0.0 0.0 0.0 0.0 0.0 0.0 0.0 0.0 0.0 0.0 0.0 0.0 0.0 0.0 0.0 0.0 0.0 0.0 0.0 0.0 0.0 0.0 0.0 0.0 0.0 0.0 0.0 0.0 0.0 0.0 0.0 0.0 0.0 0.0 0.0 0.0 0.0 0.0 0.0 0.0 0.0 0.0 0.0 0.0 0.0 0.0 0.0 0.0 0.0 0.0 0.0 0.0 0.0 0.0 0.0 0.0 0.0 0.0 0.0 0.0 0.0 0.0 0.0 0.0 0.0 0.0 0.0 0.0 0.0 0.0 0.0 0.0 0.0 0.0 0.0 0.0 0.0 0.0 0.0 0.0 0.0 0.0 0.0 0.0 0.0 0.0 0.0 0.0 0.0 0.0 0.0 0.0 0.0 0.0 0.0 0.0 0.0 0.0 0.0 0.0 0.0 0.0 0.0 0.0 0.0 0.0 0.0 0.0 0.0 0.0 0.0 0.0 0.0 0.0 0.0 0.0 0.0 0.0 0.0 0.0 0.0 0.0 0.0 0.0 0.0 0.0 0.0 0.0 0.0 0.0 0.0 0.0 0.0 0.0 0.0 0.0 0.0 0.0 0.0 0.0 0.0 0.0 0.0 0.0 0.0 0.0 0.0 0.0 0.0 0.0 0.0 0.0 0.0 0.0 0.0 0.0 0.0 0.0 0.0 0.0 0.0 0.0 0.0 0.0 0.0 0.0 0.0 0.0 0.0 0.0 0.0 0.0 0.0 0.0 0.0 0.0 0.0 0.0 0.0 0.0 0.0 0.0 0.0 0.0 0.0 0.0 0.0 0.0 0.0 0.0 0.0 0.0 0.0 0.0 
0.0 0.0 0.0 0.0 0.0 0.0 0.0 0.0 0.0 0.0 0.0 0.0 0.0 0.0 0.0 0.0 0.0 0.0 0.0 0.0 0.0 0.0 0.0 0.0 0.0 0.0 0.0 0.0 0.0 0.0 0.0 0.0 0.0 0.0 0.0 0.0 0.0 0.0 0.0 0.0 0.0 0.0 0.0 0.0 0.0 0.0 0.0 0.0 0.0 0.0 0.0 0.0 0.0 0.0 0.0 0.0 0.0 0.0 0.0 0.0 0.0 0.0 0.0 0.0 0.0 0.0 0.0 0.0 0.0 0.0 0.0 0.0 0.0 0.0 0.0 0.0 0.0 0.0 0.0 0.0 0.0 0.0 0.0 0.0 0.0 0.0 0.0 0.0 0.0 0.0 0.0 0.0 0.0 0.0 0.0 0.0 0.0 0.0 0.0 0.0 0.0 0.0 0.0 0.0 0.0 0.0 0.0 0.0 0.0 0.0 0.0 0.0 0.0 0.0 0.0 0.0 0.0 0.0 0.0 0.0 0.0 0.0 0.0 0.0 0.0 0.0 0.0 0.0 0.0 0.0 0.0 0.0 0.0 0.0 0.0 0.0 0.0 0.0 0.0 0.0 0.0 0.0 0.0 0.0 0.0 0.0 0.0 0.0 0.0 0.0 0.0 0.0 0.0 0.0 0.0 0.0 0.0 0.0 0.0 0.0 0.0 0.0 0.0 0.0 0.0 0.0 0.0 0.0 0.0 0.0 0.0 0.0 0.0 0.0 0.0 0.0 0.0 0.0 0.0 0.0 0.0 0.0 0.0 0.0 0.0 0.0 0.0 0.0 0.0 0.0 0.0 0.0 0.0 0.0 0.0 0.0 0.0 0.0 0.0 0.0 
1900 1 8 0 0 0
14.74826485808523 14.75061933036025 14.751705573864681 14.752183838202326 14.752124818933108 14.354355069365027 13.75005963096581 13.249994970705917 12.74999576338337 12.250729509688513 12.000903802407365 12.000012407508056 12.000000938106508 12.00000018421608 12.00000006097349 12.000000027327099 12.00000001470074 12.000000008861333 12.000000005749888 12.00000000391947 12.000000002765635 12.000000001999528 12.000000001470763 12.000000001095215 12.000000000822501 12.000000000621625 12.000000000469834 12.000000000353666 12.000000000264771 12.000000000196895 12.000000000145363 12.000000000106494 12.000000000077357 12.000000000055714 12.000000000039764 12.000000000028123 12.00000000001971 12.000000000013682 12.000000000009404 12.000000000006402 12.00000000000432 12.00000000000289 12.000000000001917 12.000000000001261 12.000000000000814 12.000000000000513 12.000000000000325 12.000000000000204 12.000000000000124 12.000000000000076 12.00000000000006 12.00000000000004 12.000000000000025 12.000000000000025 12.000000000000025 12.000000000000023 12.000000000000014 12.00000000000002 12.000000000000027 12.000000000000028 12.000000000000032 12.000000000000034 12.00000000000004 12.000000000000048 12.000000000000044 12.000000000000053 12.000000000000046 12.000000000000044 12.000000000000037 12.000000000000028 12.000000000000028 12.000000000000028 12.000000000000028 12.000000000000021 12.000000000000009 12.000000000000016 12.000000000000016 12.000000000000014 12.000000000000012 12.000000000000014 12.00000000000001 11.999999999999996 11.999999999999993 12.000000000000007 12.000000000000012 12.000000000000021 12.000000000000021 12.000000000000021 12.000000000000014 12.000000000000023 12.000000000000028 12.000000000000027 12.000000000000027 12.000000000000025 12.000000000000018 12.000000000000016 12.000000000000014 12.000000000000014 12.000000000000014 12.000000000000016 12.000000000000023 12.00000000000002 12.000000000000012 12.0 11.999999999999998 12.000000000000005 12.000000000000014 12.000000000000014 12.00000000000002 12.000000000000014 12.000000000000009 12.000000000000012 12.000000000000014 12.000000000000014 12.000000000000004 12.000000000000004 12.000000000000012 12.00000000000002 12.000000000000016 12.000000000000014 12.00000000000001 12.000000000000014 12.000000000000014 12.000000000000016 12.000000000000023 12.000000000000025 12.00000000000002 12.000000000000027 12.000000000000027 12.000000000000025 12.000000000000027 12.000000000000018 12.000000000000025 12.000000000000027 12.000000000000018 12.000000000000023 12.000000000000028 12.000000000000037 12.000000000000025 12.000000000000027 12.00000000000002 12.000000000000023 12.000000000000021 12.000000000000021 12.000000000000014 12.000000000000004 12.0 12.0 11.999999999999998 12.0 12.00000000000001 12.000000000000016 12.000000000000016 12.000000000000014 12.000000000000027 12.00000000000004 12.000000000000034 12.000000000000025 12.000000000000027 12.00000000000002 12.000000000000014 12.000000000000014 12.000000000000014 12.000000000000027 12.000000000000025 12.00000000000002 12.000000000000025 12.00000000000003 12.00000000000003 12.00000000000004 12.000000000000039 12.00000000000004 12.000000000000032 12.000000000000032 12.000000000000023 12.000000000000027 12.000000000000025 12.000000000000027 12.000000000000032 12.00000000000003 12.000000000000027 12.000000000000023 12.000000000000012 12.000000000000018 12.000000000000016 12.000000000000004 11.999999999999986 11.99999999999999 11.99999999999998 11.999999999999964 11.999999999999957 11.999999999999943 11.999999999999932 11.999999999999932 11.999999999999924 11.999999999999913 11.999999999999885 11.999999999999867 11.999999999999856 11.999999999999853 
34.99999999999997 34.99999999999998 34.999999999999986 34.99999999999999 35.0 35.000000000000206 35.00000000000024 35.000000000001116 34.99999999999984 35.00000000000008 34.99999999999991 34.99999999999998 34.999999999999886 35.000000000000064 35.0000000000001 35.0 34.999999999999936 34.99999999999987 34.99999999999991 34.99999999999992 34.99999999999996 34.99999999999999 35.000000000000014 35.00000000000004 35.00000000000007 35.00000000000012 35.00000000000013 35.00000000000016 35.00000000000018 35.00000000000021 35.0000000000002 35.00000000000019 35.00000000000022 35.000000000000185 35.00000000000016 35.000000000000135 35.00000000000015 35.00000000000015 35.00000000000016 35.000000000000135 35.00000000000013 35.000000000000135 35.00000000000011 35.00000000000008 35.000000000000036 35.00000000000001 34.999999999999986 34.999999999999986 34.999999999999964 34.999999999999986 35.0 35.00000000000003 35.00000000000003 35.000000000000014 35.00000000000006 35.00000000000006 35.00000000000005 35.000000000000036 35.00000000000006 35.00000000000004 35.00000000000007 35.000000000000064 35.000000000000064 35.00000000000009 35.000000000000085 35.00000000000009 35.00000000000008 35.00000000000009 35.0000000000001 35.000000000000085 35.00000000000009 35.00000000000007 35.000000000000064 35.000000000000014 34.999999999999986 35.0 35.00000000000001 35.00000000000001 34.99999999999999 34.99999999999998 34.999999999999964 34.99999999999994 34.99999999999992 34.99999999999994 34.999999999999964 34.999999999999986 35.00000000000001 35.00000000000001 34.999999999999986 35.000000000000014 35.00000000000003 35.00000000000005 35.000000000000064 35.00000000000005 35.00000000000005 35.00000000000004 35.000000000000014 35.00000000000001 35.00000000000003 35.00000000000002 35.00000000000002 35.00000000000003 35.000000000000036 35.000000000000014 35.0 35.00000000000005 35.00000000000004 35.00000000000004 35.00000000000004 35.00000000000002 35.00000000000001 35.0 35.000000000000036 35.000000000000036 35.0 34.999999999999986 34.999999999999986 35.00000000000001 35.000000000000014 34.99999999999998 34.999999999999964 34.999999999999964 34.99999999999995 34.99999999999997 35.00000000000001 34.99999999999999 34.999999999999986 35.0 35.00000000000001 34.99999999999999 35.0 34.99999999999999 34.99999999999999 35.000000000000014 34.999999999999986 35.000000000000014 35.000000000000036 35.00000000000003 35.00000000000001 35.000000000000014 35.000000000000014 35.00000000000001 34.99999999999999 35.0 35.0 34.99999999999998 34.99999999999997 34.99999999999997 34.999999999999986 34.99999999999999 35.00000000000001 35.00000000000001 35.00000000000002 35.00000000000002 35.000000000000064 35.000000000000085 35.000000000000085 35.000000000000064 35.00000000000005 35.000000000000014 35.000000000000014 35.000000000000014 34.99999999999999 34.99999999999999 35.00000000000001 35.00000000000002 35.000000000000036 35.000000000000064 35.000000000000085 35.000000000000085 35.00000000000007 35.00000000000003 35.000000000000014 35.00000000000002 35.000000000000014 35.0 35.0 35.0 35.00000000000001 35.00000000000001 34.999999999999986 34.99999999999997 34.99999999999995 34.99999999999998 35.000000000000014 35.00000000000001 34.999999999999964 34.999999999999964 34.999999999999936 34.99999999999991 34.999999999999915 34.99999999999991 34.99999999999987 34.999999999999886 34.99999999999987 34.99999999999986 34.99999999999982 34.99999999999977 34.99999999999975 34.999999999999716 
0.0 0.0 0.0 0.0 0.0 0.0 0.0 0.0 0.0 0.0 0.0 0.0 0.0 0.0 0.0 0.0 0.0 0.0 0.0 0.0 0.0 0.0 0.0 0.0 0.0 0.0 0.0 0.0 0.0 0.0 0.0 0.0 0.0 0.0 0.0 0.0 0.0 0.0 0.0 0.0 0.0 0.0 0.0 0.0 0.0 0.0 0.0 0.0 0.0 0.0 0.0 0.0 0.0 0.0 0.0 0.0 0.0 0.0 0.0 0.0 0.0 0.0 0.0 0.0 0.0 0.0 0.0 0.0 0.0 0.0 0.0 0.0 0.0 0.0 0.0 0.0 0.0 0.0 0.0 0.0 0.0 0.0 0.0 0.0 0.0 0.0 0.0 0.0 0.0 0.0 0.0 0.0 0.0 0.0 0.0 0.0 0.0 0.0 0.0 0.0 0.0 0.0 0.0 0.0 0.0 0.0 0.0 0.0 0.0 0.0 0.0 0.0 0.0 0.0 0.0 0.0 0.0 0.0 0.0 0.0 0.0 0.0 0.0 0.0 0.0 0.0 0.0 0.0 0.0 0.0 0.0 0.0 0.0 0.0 0.0 0.0 0.0 0.0 0.0 0.0 0.0 0.0 0.0 0.0 0.0 0.0 0.0 0.0 0.0 0.0 0.0 0.0 0.0 0.0 0.0 0.0 0.0 0.0 0.0 0.0 0.0 0.0 0.0 0.0 0.0 0.0 0.0 0.0 0.0 0.0 0.0 0.0 0.0 0.0 0.0 0.0 0.0 0.0 0.0 0.0 0.0 0.0 0.0 0.0 0.0 0.0 0.0 0.0 0.0 0.0 0.0 0.0 0.0 0.0 0.0 0.0 0.0 0.0 0.0 0.0 
0.0 0.0 0.0 0.0 0.0 0.0 0.0 0.0 0.0 0.0 0.0 0.0 0.0 0.0 0.0 0.0 0.0 0.0 0.0 0.0 0.0 0.0 0.0 0.0 0.0 0.0 0.0 0.0 0.0 0.0 0.0 0.0 0.0 0.0 0.0 0.0 0.0 0.0 0.0 0.0 0.0 0.0 0.0 0.0 0.0 0.0 0.0 0.0 0.0 0.0 0.0 0.0 0.0 0.0 0.0 0.0 0.0 0.0 0.0 0.0 0.0 0.0 0.0 0.0 0.0 0.0 0.0 0.0 0.0 0.0 0.0 0.0 0.0 0.0 0.0 0.0 0.0 0.0 0.0 0.0 0.0 0.0 0.0 0.0 0.0 0.0 0.0 0.0 0.0 0.0 0.0 0.0 0.0 0.0 0.0 0.0 0.0 0.0 0.0 0.0 0.0 0.0 0.0 0.0 0.0 0.0 0.0 0.0 0.0 0.0 0.0 0.0 0.0 0.0 0.0 0.0 0.0 0.0 0.0 0.0 0.0 0.0 0.0 0.0 0.0 0.0 0.0 0.0 0.0 0.0 0.0 0.0 0.0 0.0 0.0 0.0 0.0 0.0 0.0 0.0 0.0 0.0 0.0 0.0 0.0 0.0 0.0 0.0 0.0 0.0 0.0 0.0 0.0 0.0 0.0 0.0 0.0 0.0 0.0 0.0 0.0 0.0 0.0 0.0 0.0 0.0 0.0 0.0 0.0 0.0 0.0 0.0 0.0 0.0 0.0 0.0 0.0 0.0 0.0 0.0 0.0 0.0 0.0 0.0 0.0 0.0 0.0 0.0 0.0 0.0 0.0 0.0 0.0 0.0 0.0 0.0 0.0 0.0 0.0 0.0 
1900 1 9 0 0 0
14.716054786810059 14.718411004920883 14.719498732205514 14.71997914961116 14.719923320802542 14.388097642658554 13.750107489549238 13.249994283874877 12.749995328058125 12.250833589669373 12.001031709947663 12.000015182768344 12.000001179699053 12.000000233992557 12.000000077554924 12.00000003470863 12.000000018658602 12.000000011261083 12.000000007331366 12.000000005023718 12.000000003568687 12.000000002601737 12.000000001932872 12.000000001455561 12.000000001107043 12.000000000847958 12.000000000652877 12.000000000502528 12.000000000385429 12.000000000294195 12.000000000223285 12.000000000168404 12.000000000126185 12.000000000093882 12.00000000006933 12.000000000050807 12.00000000003693 12.000000000026633 12.00000000001905 12.00000000001351 12.000000000009498 12.00000000000662 12.000000000004583 12.00000000000314 12.000000000002137 12.000000000001439 12.000000000000963 12.000000000000634 12.000000000000412 12.000000000000268 12.000000000000178 12.000000000000114 12.000000000000071 12.000000000000048 12.000000000000028 12.000000000000025 12.000000000000014 12.000000000000014 12.000000000000012 12.000000000000014 12.000000000000023 12.000000000000025 12.000000000000028 12.000000000000034 12.000000000000037 12.00000000000004 12.000000000000036 12.000000000000039 12.000000000000046 12.00000000000004 12.000000000000046 12.00000000000003 12.000000000000027 12.000000000000028 12.000000000000027 12.000000000000025 12.000000000000016 12.000000000000014 12.000000000000012 12.000000000000018 12.000000000000014 12.000000000000014 12.000000000000016 12.000000000000016 12.00000000000002 12.000000000000016 12.000000000000028 12.000000000000028 12.000000000000037 12.000000000000034 12.000000000000027 12.000000000000025 12.000000000000018 12.000000000000014 12.000000000000016 12.000000000000016 12.000000000000027 12.000000000000025 12.000000000000027 12.000000000000028 12.000000000000025 12.000000000000028 12.000000000000025 12.00000000000002 12.000000000000021 12.000000000000023 12.000000000000027 12.000000000000021 12.000000000000014 12.00000000000002 12.000000000000018 12.000000000000016 12.000000000000014 12.000000000000012 12.000000000000021 12.000000000000027 12.000000000000012 12.00000000000001 12.000000000000021 12.000000000000018 12.00000000000001 12.000000000000014 12.000000000000021 12.000000000000012 12.000000000000012 12.000000000000014 12.000000000000014 12.00000000000002 12.000000000000016 12.000000000000014 12.000000000000012 12.000000000000016 12.000000000000025 12.000000000000025 12.000000000000023 12.00000000000002 12.000000000000023 12.000000000000028 12.000000000000027 12.000000000000032 12.000000000000014 12.000000000000004 12.000000000000007 12.000000000000007 12.000000000000009 12.000000000000014 12.000000000000014 12.000000000000018 12.000000000000021 12.000000000000016 12.000000000000027 12.000000000000023 12.00000000000002 12.00000000000002 12.000000000000028 12.000000000000034 12.000000000000027 12.000000000000021 12.000000000000016 12.000000000000025 12.000000000000028 12.000000000000025 12.000000000000027 12.000000000000025 12.000000000000025 12.000000000000027 12.000000000000028 12.000000000000027 12.00000000000002 12.000000000000025 12.000000000000028 12.000000000000023 12.000000000000032 12.00000000000003 12.000000000000027 12.000000000000021 12.000000000000028 12.000000000000028 12.000000000000018 12.000000000000016 12.000000000000018 12.000000000000016 12.000000000000012 12.0 11.999999999999986 11.999999999999984 11.999999999999988 11.999999999999986 11.999999999999972 11.999999999999972 11.999999999999957 11.99999999999994 11.999999999999938 11.999999999999927 11.999999999999917 11.999999999999904 11.999999999999897 11.999999999999881 11.999999999999867 11.999999999999853 
34.99999999999999 34.99999999999999 35.0 34.99999999999999 34.999999999999986 35.0000000000001 35.00000000000005 35.00000000000102 34.99999999999972 34.99999999999999 35.0 35.00000000000003 34.999999999999886 34.99999999999999 35.00000000000014 35.00000000000002 34.99999999999993 34.99999999999995 34.99999999999997 34.99999999999997 34.99999999999999 35.000000000000036 35.00000000000004 35.000000000000064 35.000000000000085 35.000000000000114 35.000000000000156 35.00000000000018 35.00000000000019 35.000000000000185 35.000000000000156 35.00000000000014 35.00000000000018 35.00000000000016 35.000000000000156 35.00000000000016 35.000000000000135 35.00000000000015 35.00000000000013 35.00000000000011 35.0000000000001 35.00000000000007 35.00000000000007 35.00000000000005 35.00000000000005 35.000000000000014 35.00000000000002 35.0 34.99999999999997 34.99999999999997 34.999999999999986 34.99999999999999 35.00000000000002 35.000000000000036 35.000000000000036 35.00000000000003 35.00000000000002 35.00000000000003 35.00000000000005 35.00000000000005 35.00000000000006 35.00000000000006 35.00000000000007 35.00000000000004 35.00000000000006 35.00000000000004 35.00000000000002 35.00000000000004 35.00000000000007 35.00000000000007 35.000000000000114 35.000000000000085 35.00000000000007 35.000000000000085 35.00000000000007 35.00000000000006 35.00000000000003 35.000000000000014 34.99999999999999 34.999999999999986 34.999999999999964 34.99999999999995 34.999999999999964 34.999999999999964 34.999999999999986 34.99999999999997 34.99999999999999 34.99999999999999 35.000000000000036 35.00000000000005 35.00000000000005 35.00000000000004 35.00000000000003 35.000000000000014 35.0 34.999999999999986 35.00000000000002 35.00000000000001 35.00000000000001 35.000000000000014 35.00000000000003 35.000000000000014 35.0 34.99999999999999 35.00000000000001 35.00000000000001 35.0 35.0 34.99999999999997 35.0 34.99999999999999 35.00000000000001 34.999999999999986 34.99999999999997 35.00000000000003 35.00000000000004 35.0 34.99999999999999 35.00000000000003 35.00000000000001 34.99999999999999 34.999999999999986 34.999999999999964 34.99999999999996 34.999999999999964 34.99999999999999 34.999999999999986 34.99999999999997 34.99999999999996 34.99999999999994 34.99999999999993 34.99999999999995 34.99999999999998 34.99999999999998 34.999999999999986 34.99999999999999 34.99999999999999 35.00000000000001 35.0 35.00000000000003 35.0 35.0 34.99999999999999 35.00000000000001 35.00000000000002 35.00000000000004 35.000000000000036 35.000000000000036 35.00000000000004 35.000000000000036 35.00000000000007 35.00000000000007 35.00000000000005 35.000000000000064 35.00000000000004 35.00000000000001 35.00000000000001 35.00000000000002 35.00000000000002 35.000000000000064 35.00000000000005 35.00000000000001 35.00000000000001 35.00000000000002 35.00000000000003 35.000000000000014 35.00000000000002 35.000000000000014 35.0 35.00000000000001 35.00000000000005 35.00000000000004 35.00000000000007 35.000000000000064 35.00000000000002 35.0 35.000000000000014 35.000000000000014 34.999999999999986 34.999999999999964 34.999999999999964 34.999999999999964 34.99999999999996 34.999999999999936 34.999999999999936 34.99999999999995 34.99999999999997 34.999999999999986 34.99999999999997 34.999999999999964 34.99999999999993 34.99999999999989 34.99999999999987 34.999999999999844 34.99999999999982 34.999999999999794 34.9999999999998 34.99999999999977 34.99999999999973 34.99999999999969 
0.0 0.0 0.0 0.0 0.0 0.0 0.0 0.0 0.0 0.0 0.0 0.0 0.0 0.0 0.0 0.0 0.0 0.0 0.0 0.0 0.0 0.0 0.0 0.0 0.0 0.0 0.0 0.0 0.0 0.0 0.0 0.0 0.0 0.0 0.0 0.0 0.0 0.0 0.0 0.0 0.0 0.0 0.0 0.0 0.0 0.0 0.0 0.0 0.0 0.0 0.0 0.0 0.0 0.0 0.0 0.0 0.0 0.0 0.0 0.0 0.0 0.0 0.0 0.0 0.0 0.0 0.0 0.0 0.0 0.0 0.0 0.0 0.0 0.0 0.0 0.0 0.0 0.0 0.0 0.0 0.0 0.0 0.0 0.0 0.0 0.0 0.0 0.0 0.0 0.0 0.0 0.0 0.0 0.0 0.0 0.0 0.0 0.0 0.0 0.0 0.0 0.0 0.0 0.0 0.0 0.0 0.0 0.0 0.0 0.0 0.0 0.0 0.0 0.0 0.0 0.0 0.0 0.0 0.0 0.0 0.0 0.0 0.0 0.0 0.0 0.0 0.0 0.0 0.0 0.0 0.0 0.0 0.0 0.0 0.0 0.0 0.0 0.0 0.0 0.0 0.0 0.0 0.0 0.0 0.0 0.0 0.0 0.0 0.0 0.0 0.0 0.0 0.0 0.0 0.0 0.0 0.0 0.0 0.0 0.0 0.0 0.0 0.0 0.0 0.0 0.0 0.0 0.0 0.0 0.0 0.0 0.0 0.0 0.0 0.0 0.0 0.0 0.0 0.0 0.0 0.0 0.0 0.0 0.0 0.0 0.0 0.0 0.0 0.0 0.0 0.0 0.0 0.0 0.0 0.0 0.0 0.0 0.0 0.0 0.0 
0.0 0.0 0.0 0.0 0.0 0.0 0.0 0.0 0.0 0.0 0.0 0.0 0.0 0.0 0.0 0.0 0.0 0.0 0.0 0.0 0.0 0.0 0.0 0.0 0.0 0.0 0.0 0.0 0.0 0.0 0.0 0.0 0.0 0.0 0.0 0.0 0.0 0.0 0.0 0.0 0.0 0.0 0.0 0.0 0.0 0.0 0.0 0.0 0.0 0.0 0.0 0.0 0.0 0.0 0.0 0.0 0.0 0.0 0.0 0.0 0.0 0.0 0.0 0.0 0.0 0.0 0.0 0.0 0.0 0.0 0.0 0.0 0.0 0.0 0.0 0.0 0.0 0.0 0.0 0.0 0.0 0.0 0.0 0.0 0.0 0.0 0.0 0.0 0.0 0.0 0.0 0.0 0.0 0.0 0.0 0.0 0.0 0.0 0.0 0.0 0.0 0.0 0.0 0.0 0.0 0.0 0.0 0.0 0.0 0.0 0.0 0.0 0.0 0.0 0.0 0.0 0.0 0.0 0.0 0.0 0.0 0.0 0.0 0.0 0.0 0.0 0.0 0.0 0.0 0.0 0.0 0.0 0.0 0.0 0.0 0.0 0.0 0.0 0.0 0.0 0.0 0.0 0.0 0.0 0.0 0.0 0.0 0.0 0.0 0.0 0.0 0.0 0.0 0.0 0.0 0.0 0.0 0.0 0.0 0.0 0.0 0.0 0.0 0.0 0.0 0.0 0.0 0.0 0.0 0.0 0.0 0.0 0.0 0.0 0.0 0.0 0.0 0.0 0.0 0.0 0.0 0.0 0.0 0.0 0.0 0.0 0.0 0.0 0.0 0.0 0.0 0.0 0.0 0.0 0.0 0.0 0.0 0.0 0.0 0.0 
1900 1 10 0 0 0
14.68385075870323 14.686208756813414 14.687298046776908 14.687780811879517 14.68772897925268 14.421794993222399 13.750168764331892 13.24999361950644 12.749994935360888 12.250937637369038 12.001159388073285 12.00001814471238 12.00000144421367 12.000000289079738 12.000000095961097 12.000000042890282 12.000000023032369 12.000000013906009 12.000000009071856 12.00000000623947 12.000000004454002 12.00000000326721 12.000000002445201 12.000000001857224 12.000000001426258 12.000000001104143 12.000000000859755 12.000000000672365 12.000000000525306 12.0000000004091 12.000000000317248 12.00000000024483 12.00000000018789 12.000000000143343 12.000000000108693 12.00000000008188 12.00000000006126 12.000000000045517 12.000000000033591 12.000000000024604 12.000000000017899 12.00000000001292 12.000000000009253 12.000000000006574 12.000000000004636 12.000000000003245 12.000000000002256 12.000000000001556 12.000000000001059 12.000000000000718 12.000000000000487 12.000000000000327 12.00000000000022 12.00000000000015 12.000000000000107 12.000000000000082 12.000000000000062 12.000000000000053 12.000000000000044 12.00000000000004 12.000000000000043 12.000000000000034 12.000000000000032 12.000000000000028 12.000000000000027 12.000000000000027 12.000000000000025 12.000000000000018 12.000000000000027 12.000000000000023 12.000000000000025 12.000000000000027 12.000000000000018 12.000000000000009 12.000000000000021 12.000000000000027 12.000000000000028 12.00000000000002 12.000000000000025 12.000000000000025 12.000000000000027 12.000000000000021 12.000000000000014 12.000000000000012 12.000000000000012 12.000000000000021 12.000000000000027 12.000000000000023 12.000000000000023 12.000000000000023 12.000000000000027 12.000000000000027 12.000000000000028 12.000000000000032 12.00000000000003 12.000000000000028 12.000000000000021 12.000000000000018 12.000000000000025 12.000000000000016 12.000000000000016 12.000000000000025 12.000000000000027 12.000000000000027 12.000000000000027 12.000000000000032 12.000000000000028 12.000000000000023 12.000000000000016 12.000000000000016 12.000000000000023 12.000000000000014 12.000000000000014 12.000000000000014 12.000000000000016 12.000000000000018 12.000000000000021 12.000000000000018 12.000000000000014 12.000000000000018 12.000000000000021 12.00000000000002 12.000000000000012 12.000000000000009 12.000000000000012 12.000000000000014 12.000000000000027 12.000000000000027 12.000000000000021 12.000000000000023 12.000000000000016 12.000000000000016 12.000000000000018 12.000000000000014 12.000000000000004 12.000000000000012 12.000000000000014 12.000000000000027 12.000000000000027 12.000000000000027 12.00000000000002 12.000000000000014 12.00000000000002 12.000000000000023 12.000000000000025 12.000000000000025 12.00000000000002 12.00000000000002 12.000000000000023 12.000000000000021 12.000000000000027 12.000000000000028 12.000000000000025 12.000000000000023 12.000000000000025 12.000000000000028 12.000000000000027 12.000000000000023 12.000000000000018 12.000000000000016 12.000000000000027 12.000000000000027 12.000000000000021 12.000000000000027 12.000000000000025 12.000000000000014 12.00000000000002 12.000000000000027 12.000000000000028 12.000000000000028 12.000000000000028 12.000000000000016 12.000000000000014 12.00000000000001 12.000000000000014 12.000000000000007 12.000000000000004 12.000000000000014 12.000000000000014 12.000000000000014 12.000000000000016 12.000000000000014 12.000000000000014 12.000000000000009 12.0 11.999999999999988 11.999999999999988 11.999999999999986 11.999999999999973 11.999999999999968 11.999999999999948 11.999999999999934 11.999999999999925 11.999999999999915 11.999999999999895 11.999999999999888 11.999999999999877 11.99999999999987 11.999999999999856 11.99999999999985 
35.0 34.99999999999999 34.99999999999999 34.99999999999999 34.99999999999999 35.00000000000008 35.000000000000036 35.00000000000095 34.999999999999595 35.00000000000007 35.00000000000006 35.00000000000007 34.999999999999964 34.9999999999999 35.00000000000013 35.00000000000007 35.00000000000008 35.000000000000064 35.00000000000008 35.000000000000036 35.00000000000002 35.00000000000005 35.00000000000006 35.000000000000036 35.00000000000006 35.00000000000008 35.0000000000001 35.00000000000013 35.00000000000015 35.00000000000019 35.00000000000019 35.00000000000018 35.00000000000018 35.00000000000017 35.00000000000016 35.000000000000185 35.000000000000185 35.00000000000013 35.000000000000135 35.00000000000015 35.000000000000135 35.00000000000012 35.0000000000001 35.00000000000009 35.00000000000007 35.00000000000004 35.00000000000007 35.00000000000005 35.00000000000003 35.000000000000064 35.00000000000006 35.00000000000006 35.00000000000006 35.00000000000004 35.00000000000005 35.00000000000007 35.00000000000005 35.00000000000004 35.00000000000006 35.00000000000008 35.000000000000085 35.00000000000005 35.00000000000006 35.00000000000008 35.00000000000008 35.00000000000007 35.00000000000004 35.00000000000002 35.00000000000002 35.00000000000002 35.00000000000001 35.0 35.000000000000014 34.99999999999999 35.00000000000005 35.00000000000008 35.000000000000064 35.00000000000004 35.000000000000014 34.99999999999997 35.0 34.99999999999998 34.99999999999994 34.99999999999994 34.99999999999998 35.0 35.000000000000014 34.99999999999998 34.99999999999998 35.0 35.000000000000014 35.000000000000036 35.00000000000003 35.000000000000014 35.000000000000014 35.00000000000003 35.00000000000004 35.00000000000005 35.00000000000006 35.00000000000002 35.00000000000001 35.0 35.00000000000003 35.000000000000036 35.000000000000014 35.00000000000003 35.00000000000002 35.00000000000002 35.000000000000014 34.99999999999999 35.000000000000014 35.00000000000001 35.0 34.99999999999997 34.99999999999998 35.00000000000001 35.00000000000002 35.00000000000001 35.0 35.000000000000036 35.00000000000006 35.00000000000002 34.99999999999999 34.99999999999997 34.99999999999993 34.99999999999994 34.999999999999964 34.99999999999995 34.99999999999992 34.99999999999993 34.999999999999915 34.99999999999993 34.99999999999997 34.99999999999998 34.999999999999964 34.999999999999964 34.99999999999998 35.000000000000036 35.00000000000003 35.00000000000003 34.999999999999986 35.0 35.00000000000002 35.00000000000006 35.00000000000005 35.00000000000008 35.00000000000005 35.000000000000036 35.00000000000004 35.00000000000002 35.00000000000004 35.00000000000006 35.0 35.00000000000002 35.000000000000014 35.0 35.0 35.00000000000001 34.99999999999998 35.0 35.00000000000004 35.00000000000003 35.00000000000001 35.0 35.00000000000001 34.99999999999999 35.00000000000003 35.00000000000003 35.00000000000005 35.000000000000036 35.00000000000004 35.00000000000002 34.99999999999999 34.999999999999986 35.00000000000001 34.99999999999998 34.99999999999995 34.99999999999994 34.99999999999993 34.99999999999993 34.999999999999936 34.99999999999993 34.99999999999995 34.99999999999994 34.99999999999995 34.999999999999964 34.99999999999997 34.99999999999999 34.99999999999997 34.999999999999936 34.99999999999992 34.999999999999886 34.99999999999986 34.99999999999984 34.999999999999815 34.999999999999815 34.99999999999981 34.999999999999794 34.99999999999973 34.99999999999971 
0.0 0.0 0.0 0.0 0.0 0.0 0.0 0.0 0.0 0.0 0.0 0.0 0.0 0.0 0.0 0.0 0.0 0.0 0.0 0.0 0.0 0.0 0.0 0.0 0.0 0.0 0.0 0.0 0.0 0.0 0.0 0.0 0.0 0.0 0.0 0.0 0.0 0.0 0.0 0.0 0.0 0.0 0.0 0.0 0.0 0.0 0.0 0.0 0.0 0.0 0.0 0.0 0.0 0.0 0.0 0.0 0.0 0.0 0.0 0.0 0.0 0.0 0.0 0.0 0.0 0.0 0.0 0.0 0.0 0.0 0.0 0.0 0.0 0.0 0.0 0.0 0.0 0.0 0.0 0.0 0.0 0.0 0.0 0.0 0.0 0.0 0.0 0.0 0.0 0.0 0.0 0.0 0.0 0.0 0.0 0.0 0.0 0.0 0.0 0.0 0.0 0.0 0.0 0.0 0.0 0.0 0.0 0.0 0.0 0.0 0.0 0.0 0.0 0.0 0.0 0.0 0.0 0.0 0.0 0.0 0.0 0.0 0.0 0.0 0.0 0.0 0.0 0.0 0.0 0.0 0.0 0.0 0.0 0.0 0.0 0.0 0.0 0.0 0.0 0.0 0.0 0.0 0.0 0.0 0.0 0.0 0.0 0.0 0.0 0.0 0.0 0.0 0.0 0.0 0.0 0.0 0.0 0.0 0.0 0.0 0.0 0.0 0.0 0.0 0.0 0.0 0.0 0.0 0.0 0.0 0.0 0.0 0.0 0.0 0.0 0.0 0.0 0.0 0.0 0.0 0.0 0.0 0.0 0.0 0.0 0.0 0.0 0.0 0.0 0.0 0.0 0.0 0.0 0.0 0.0 0.0 0.0 0.0 0.0 0.0 
0.0 0.0 0.0 0.0 0.0 0.0 0.0 0.0 0.0 0.0 0.0 0.0 0.0 0.0 0.0 0.0 0.0 0.0 0.0 0.0 0.0 0.0 0.0 0.0 0.0 0.0 0.0 0.0 0.0 0.0 0.0 0.0 0.0 0.0 0.0 0.0 0.0 0.0 0.0 0.0 0.0 0.0 0.0 0.0 0.0 0.0 0.0 0.0 0.0 0.0 0.0 0.0 0.0 0.0 0.0 0.0 0.0 0.0 0.0 0.0 0.0 0.0 0.0 0.0 0.0 0.0 0.0 0.0 0.0 0.0 0.0 0.0 0.0 0.0 0.0 0.0 0.0 0.0 0.0 0.0 0.0 0.0 0.0 0.0 0.0 0.0 0.0 0.0 0.0 0.0 0.0 0.0 0.0 0.0 0.0 0.0 0.0 0.0 0.0 0.0 0.0 0.0 0.0 0.0 0.0 0.0 0.0 0.0 0.0 0.0 0.0 0.0 0.0 0.0 0.0 0.0 0.0 0.0 0.0 0.0 0.0 0.0 0.0 0.0 0.0 0.0 0.0 0.0 0.0 0.0 0.0 0.0 0.0 0.0 0.0 0.0 0.0 0.0 0.0 0.0 0.0 0.0 0.0 0.0 0.0 0.0 0.0 0.0 0.0 0.0 0.0 0.0 0.0 0.0 0.0 0.0 0.0 0.0 0.0 0.0 0.0 0.0 0.0 0.0 0.0 0.0 0.0 0.0 0.0 0.0 0.0 0.0 0.0 0.0 0.0 0.0 0.0 0.0 0.0 0.0 0.0 0.0 0.0 0.0 0.0 0.0 0.0 0.0 0.0 0.0 0.0 0.0 0.0 0.0 0.0 0.0 0.0 0.0 0.0 0.0 
1900 1 11 0 0 0
14.651654911402339 14.654014784648178 14.655105836799148 14.655591414171438 14.655545010428684 14.455434805158117 13.75024330499258 13.24999298304671 12.749994585254544 12.2510416527339 12.001286847461097 12.000021283595643 12.000001730961 12.000000349375082 12.000000116169756 12.000000051865282 12.000000027818217 12.000000016793061 12.000000010968815 12.000000007563873 12.000000005419398 12.000000003993792 12.000000003005905 12.000000002298384 12.000000001778302 12.000000001388216 12.000000001090912 12.000000000861393 12.00000000068259 12.000000000540025 12.000000000425976 12.000000000334747 12.000000000261922 12.000000000203917 12.000000000157932 12.000000000121645 12.000000000093141 12.000000000070905 12.00000000005363 12.000000000040304 12.000000000030107 12.000000000022343 12.000000000016474 12.000000000012056 12.000000000008765 12.00000000000633 12.000000000004547 12.000000000003247 12.000000000002306 12.000000000001625 12.000000000001146 12.000000000000794 12.00000000000056 12.000000000000385 12.00000000000026 12.000000000000176 12.000000000000126 12.000000000000092 12.000000000000066 12.000000000000057 12.000000000000044 12.000000000000036 12.000000000000036 12.000000000000025 12.000000000000025 12.000000000000027 12.000000000000034 12.000000000000032 12.000000000000023 12.000000000000021 12.000000000000023 12.000000000000014 12.000000000000012 12.00000000000001 12.000000000000014 12.000000000000014 12.000000000000016 12.000000000000012 12.000000000000009 12.000000000000014 12.000000000000014 12.000000000000007 12.0 12.000000000000009 12.00000000000001 12.000000000000023 12.000000000000027 12.00000000000003 12.000000000000025 12.00000000000002 12.000000000000007 12.000000000000027 12.000000000000036 12.000000000000036 12.000000000000028 12.000000000000016 12.00000000000001 12.000000000000009 12.000000000000014 12.000000000000021 12.00000000000002 12.000000000000014 12.00000000000001 12.00000000000001 12.000000000000016 12.000000000000021 12.000000000000027 12.00000000000003 12.000000000000032 12.000000000000036 12.000000000000025 12.000000000000025 12.000000000000023 12.000000000000016 12.000000000000014 12.00000000000001 12.000000000000012 12.0 12.0 12.000000000000007 12.00000000000001 12.000000000000012 12.00000000000001 12.000000000000018 12.000000000000023 12.000000000000012 12.000000000000016 12.00000000000003 12.00000000000004 12.000000000000036 12.000000000000025 12.000000000000027 12.000000000000028 12.000000000000027 12.000000000000025 12.000000000000025 12.000000000000036 12.000000000000037 12.000000000000037 12.000000000000036 12.000000000000039 12.000000000000027 12.00000000000004 12.000000000000027 12.00000000000002 12.000000000000018 12.00000000000002 12.00000000000002 12.00000000000002 12.000000000000025 12.00000000000002 12.000000000000014 12.00000000000002 12.000000000000018 12.00000000000001 12.000000000000023 12.000000000000027 12.000000000000021 12.000000000000014 12.00000000000001 12.000000000000018 12.000000000000016 12.000000000000016 12.000000000000014 12.000000000000012 12.000000000000016 12.000000000000021 12.000000000000023 12.000000000000014 12.000000000000016 12.000000000000016 12.000000000000025 12.000000000000027 12.000000000000028 12.000000000000025 12.000000000000027 12.000000000000023 12.000000000000027 12.000000000000014 12.000000000000014 12.000000000000004 12.0 12.000000000000004 12.0 11.999999999999986 11.999999999999984 11.999999999999984 11.999999999999972 11.999999999999966 11.99999999999996 11.999999999999948 11.999999999999938 11.999999999999927 11.999999999999922 11.99999999999991 11.9999999999999 11.999999999999885 11.999999999999872 11.999999999999856 11.99999999999985 
34.99999999999999 35.0 34.99999999999999 34.99999999999999 34.999999999999986 35.00000000000015 35.00000000000013 35.00000000000106 34.99999999999956 35.000000000000014 35.000000000000114 35.000000000000064 35.00000000000011 35.00000000000002 35.000000000000135 35.000000000000114 35.0000000000001 35.000000000000064 35.000000000000014 35.000000000000036 35.00000000000007 35.000000000000036 35.00000000000006 35.00000000000008 35.00000000000009 35.00000000000009 35.0000000000001 35.000000000000135 35.00000000000014 35.000000000000135 35.00000000000013 35.00000000000018 35.000000000000206 35.00000000000022 35.00000000000021 35.00000000000019 35.00000000000015 35.00000000000015 35.000000000000114 35.00000000000009 35.000000000000114 35.00000000000009 35.0000000000001 35.000000000000064 35.00000000000007 35.00000000000006 35.00000000000008 35.00000000000008 35.00000000000008 35.00000000000008 35.00000000000006 35.00000000000006 35.00000000000005 35.00000000000006 35.00000000000004 35.000000000000036 35.00000000000003 35.00000000000001 34.99999999999999 35.00000000000002 35.00000000000006 35.00000000000005 35.00000000000005 35.000000000000064 35.00000000000006 35.00000000000007 35.00000000000007 35.00000000000005 35.000000000000014 34.999999999999986 34.999999999999986 34.99999999999998 34.99999999999996 34.99999999999996 34.999999999999964 34.99999999999997 34.99999999999999 34.999999999999964 34.99999999999995 34.999999999999964 34.99999999999995 34.99999999999992 34.99999999999991 34.99999999999992 34.999999999999964 34.99999999999999 35.0 35.00000000000001 34.99999999999999 34.99999999999998 34.999999999999964 34.99999999999998 35.0 35.00000000000002 35.00000000000002 35.00000000000002 35.00000000000003 35.0 35.00000000000002 35.00000000000003 35.00000000000002 34.99999999999999 34.99999999999997 34.999999999999964 34.999999999999986 34.999999999999986 34.99999999999999 35.00000000000002 35.00000000000003 35.00000000000002 34.999999999999986 34.99999999999998 34.99999999999997 34.99999999999998 34.99999999999998 34.99999999999998 35.0 34.999999999999986 34.99999999999999 34.999999999999986 34.99999999999998 34.999999999999964 34.999999999999986 35.0 34.99999999999998 34.999999999999964 34.999999999999964 35.000000000000014 35.00000000000001 35.000000000000014 34.999999999999986 34.999999999999964 34.999999999999986 34.999999999999986 35.00000000000001 35.000000000000014 35.00000000000003 35.00000000000003 35.000000000000036 35.00000000000008 35.00000000000008 35.000000000000085 35.00000000000011 35.000000000000064 35.00000000000005 35.000000000000036 35.000000000000036 35.000000000000036 35.00000000000003 35.000000000000036 35.000000000000036 34.99999999999998 34.99999999999999 34.99999999999998 34.99999999999996 34.99999999999998 35.00000000000001 34.99999999999999 35.00000000000001 34.999999999999964 34.99999999999999 34.99999999999999 35.0 35.0 35.00000000000001 35.00000000000003 35.00000000000005 35.00000000000005 35.00000000000002 34.99999999999998 34.99999999999998 34.99999999999999 35.00000000000001 35.000000000000014 34.99999999999999 34.99999999999997 34.99999999999995 34.999999999999964 34.999999999999936 34.999999999999936 34.999999999999915 34.99999999999992 34.99999999999993 34.99999999999992 34.99999999999991 34.9999999999999 34.999999999999915 34.99999999999989 34.99999999999992 34.999999999999886 34.99999999999987 34.99999999999985 34.999999999999844 34.999999999999844 34.999999999999815 34.9999999999998 34.999999999999794 34.99999999999978 34.99999999999974 34.99999999999972 
0.0 0.0 0.0 0.0 0.0 0.0 0.0 0.0 0.0 0.0 0.0 0.0 0.0 0.0 0.0 0.0 0.0 0.0 0.0 0.0 0.0 0.0 0.0 0.0 0.0 0.0 0.0 0.0 0.0 0.0 0.0 0.0 0.0 0.0 0.0 0.0 0.0 0.0 0.0 0.0 0.0 0.0 0.0 0.0 0.0 0.0 0.0 0.0 0.0 0.0 0.0 0.0 0.0 0.0 0.0 0.0 0.0 0.0 0.0 0.0 0.0 0.0 0.0 0.0 0.0 0.0 0.0 0.0 0.0 0.0 0.0 0.0 0.0 0.0 0.0 0.0 0.0 0.0 0.0 0.0 0.0 0.0 0.0 0.0 0.0 0.0 0.0 0.0 0.0 0.0 0.0 0.0 0.0 0.0 0.0 0.0 0.0 0.0 0.0 0.0 0.0 0.0 0.0 0.0 0.0 0.0 0.0 0.0 0.0 0.0 0.0 0.0 0.0 0.0 0.0 0.0 0.0 0.0 0.0 0.0 0.0 0.0 0.0 0.0 0.0 0.0 0.0 0.0 0.0 0.0 0.0 0.0 0.0 0.0 0.0 0.0 0.0 0.0 0.0 0.0 0.0 0.0 0.0 0.0 0.0 0.0 0.0 0.0 0.0 0.0 0.0 0.0 0.0 0.0 0.0 0.0 0.0 0.0 0.0 0.0 0.0 0.0 0.0 0.0 0.0 0.0 0.0 0.0 0.0 0.0 0.0 0.0 0.0 0.0 0.0 0.0 0.0 0.0 0.0 0.0 0.0 0.0 0.0 0.0 0.0 0.0 0.0 0.0 0.0 0.0 0.0 0.0 0.0 0.0 0.0 0.0 0.0 0.0 0.0 0.0 
0.0 0.0 0.0 0.0 0.0 0.0 0.0 0.0 0.0 0.0 0.0 0.0 0.0 0.0 0.0 0.0 0.0 0.0 0.0 0.0 0.0 0.0 0.0 0.0 0.0 0.0 0.0 0.0 0.0 0.0 0.0 0.0 0.0 0.0 0.0 0.0 0.0 0.0 0.0 0.0 0.0 0.0 0.0 0.0 0.0 0.0 0.0 0.0 0.0 0.0 0.0 0.0 0.0 0.0 0.0 0.0 0.0 0.0 0.0 0.0 0.0 0.0 0.0 0.0 0.0 0.0 0.0 0.0 0.0 0.0 0.0 0.0 0.0 0.0 0.0 0.0 0.0 0.0 0.0 0.0 0.0 0.0 0.0 0.0 0.0 0.0 0.0 0.0 0.0 0.0 0.0 0.0 0.0 0.0 0.0 0.0 0.0 0.0 0.0 0.0 0.0 0.0 0.0 0.0 0.0 0.0 0.0 0.0 0.0 0.0 0.0 0.0 0.0 0.0 0.0 0.0 0.0 0.0 0.0 0.0 0.0 0.0 0.0 0.0 0.0 0.0 0.0 0.0 0.0 0.0 0.0 0.0 0.0 0.0 0.0 0.0 0.0 0.0 0.0 0.0 0.0 0.0 0.0 0.0 0.0 0.0 0.0 0.0 0.0 0.0 0.0 0.0 0.0 0.0 0.0 0.0 0.0 0.0 0.0 0.0 0.0 0.0 0.0 0.0 0.0 0.0 0.0 0.0 0.0 0.0 0.0 0.0 0.0 0.0 0.0 0.0 0.0 0.0 0.0 0.0 0.0 0.0 0.0 0.0 0.0 0.0 0.0 0.0 0.0 0.0 0.0 0.0 0.0 0.0 0.0 0.0 0.0 0.0 0.0 0.0 
1900 1 12 0 0 0
14.6194739475901 14.621836154004638 14.6229297917999 14.62341990464234 14.623382235736084 14.48899582934549 13.750311137330238 13.249992370463776 12.74999427770186 12.251145635714614 12.001414097163444 12.000024591176716 12.00000203934763 12.000000414789191 12.000000138161349 12.000000061628144 12.000000033013704 12.00000001992091 12.000000013020717 12.000000008995144 12.000000006463615 12.000000004780524 12.000000003613971 12.000000002777737 12.000000002162121 12.000000001699076 12.000000001345072 12.000000001070669 12.00000000085569 12.000000000685498 12.000000000548225 12.000000000437282 12.000000000347498 12.000000000275088 12.000000000216783 12.000000000170036 12.000000000132706 12.00000000010305 12.00000000007957 12.000000000061092 12.000000000046636 12.000000000035401 12.000000000026706 12.000000000020043 12.000000000014959 12.000000000011093 12.000000000008171 12.00000000000598 12.000000000004349 12.00000000000314 12.00000000000226 12.000000000001622 12.00000000000116 12.000000000000828 12.000000000000584 12.000000000000414 12.000000000000295 12.000000000000203 12.000000000000142 12.000000000000107 12.00000000000008 12.000000000000068 12.000000000000055 12.00000000000004 12.00000000000003 12.000000000000018 12.000000000000021 12.000000000000023 12.000000000000023 12.000000000000032 12.000000000000043 12.00000000000004 12.000000000000027 12.00000000000003 12.000000000000032 12.000000000000028 12.000000000000027 12.000000000000018 12.00000000000002 12.000000000000018 12.000000000000018 12.000000000000027 12.000000000000032 12.00000000000004 12.000000000000037 12.000000000000027 12.000000000000021 12.000000000000025 12.000000000000023 12.000000000000021 12.00000000000002 12.000000000000018 12.000000000000016 12.000000000000014 12.000000000000023 12.00000000000003 12.000000000000039 12.000000000000037 12.000000000000028 12.000000000000023 12.000000000000027 12.000000000000023 12.000000000000018 12.000000000000018 12.00000000000002 12.000000000000032 12.000000000000032 12.000000000000032 12.000000000000027 12.000000000000027 12.000000000000027 12.000000000000036 12.000000000000034 12.000000000000023 12.000000000000009 12.000000000000002 12.000000000000007 12.000000000000016 12.000000000000014 12.000000000000014 12.000000000000016 12.000000000000023 12.000000000000016 12.000000000000023 12.000000000000028 12.000000000000028 12.000000000000039 12.00000000000005 12.000000000000044 12.00000000000004 12.000000000000046 12.000000000000043 12.00000000000004 12.000000000000048 12.000000000000046 12.000000000000046 12.000000000000039 12.000000000000039 12.000000000000039 12.000000000000023 12.000000000000027 12.000000000000014 12.000000000000018 12.000000000000021 12.000000000000016 12.000000000000014 12.000000000000014 12.000000000000014 12.000000000000018 12.000000000000014 12.000000000000014 12.000000000000021 12.000000000000023 12.000000000000014 12.000000000000016 12.000000000000016 12.000000000000018 12.000000000000012 12.000000000000012 12.00000000000001 12.000000000000014 12.000000000000014 12.000000000000016 12.000000000000012 12.000000000000014 12.000000000000014 12.000000000000012 12.000000000000009 12.000000000000007 12.000000000000014 12.000000000000012 12.000000000000009 12.000000000000012 12.000000000000014 12.000000000000027 12.000000000000023 12.000000000000014 12.000000000000012 12.000000000000005 12.0 12.000000000000002 12.000000000000002 11.999999999999998 11.999999999999986 11.99999999999999 11.999999999999982 11.999999999999973 11.999999999999972 11.99999999999996 11.999999999999956 11.999999999999948 11.999999999999934 11.99999999999993 11.999999999999927 11.999999999999915 11.99999999999991 11.999999999999897 11.999999999999874 11.999999999999856 11.999999999999849 
34.999999999999936 34.999999999999936 34.99999999999993 34.999999999999936 34.99999999999994 35.0 35.00000000000009 35.000000000001016 34.999999999999424 34.99999999999996 35.00000000000004 35.00000000000007 35.00000000000015 35.00000000000008 35.00000000000008 35.00000000000007 35.000000000000036 34.99999999999997 35.000000000000014 35.00000000000003 35.00000000000001 35.00000000000003 35.000000000000036 35.000000000000036 35.00000000000004 35.000000000000036 35.00000000000005 35.00000000000008 35.000000000000114 35.00000000000013 35.00000000000011 35.00000000000013 35.000000000000135 35.00000000000013 35.00000000000014 35.000000000000156 35.00000000000015 35.00000000000016 35.00000000000014 35.00000000000009 35.00000000000008 35.00000000000008 35.000000000000064 35.0000000000001 35.00000000000015 35.000000000000156 35.00000000000014 35.000000000000085 35.00000000000006 35.00000000000006 35.00000000000004 35.00000000000004 35.00000000000004 35.000000000000064 35.00000000000005 35.00000000000004 35.00000000000003 35.00000000000003 35.00000000000004 35.00000000000006 35.00000000000004 35.00000000000007 35.000000000000085 35.00000000000007 35.00000000000004 35.00000000000003 35.000000000000014 35.00000000000001 35.00000000000001 35.000000000000036 35.00000000000007 35.00000000000006 35.0 34.99999999999998 34.99999999999999 34.99999999999998 35.00000000000001 34.999999999999986 34.99999999999995 34.999999999999936 34.99999999999994 34.999999999999936 34.99999999999997 35.0 35.00000000000002 35.0 34.99999999999997 34.99999999999999 34.99999999999999 34.99999999999999 34.99999999999999 34.99999999999998 34.999999999999936 34.99999999999996 34.999999999999986 35.00000000000003 35.00000000000001 35.0 34.999999999999964 34.999999999999964 34.99999999999998 34.999999999999986 34.99999999999997 34.99999999999997 34.999999999999986 35.00000000000003 35.000000000000014 34.99999999999997 34.99999999999994 34.999999999999936 34.99999999999997 35.00000000000001 34.99999999999999 34.99999999999997 34.99999999999996 34.99999999999994 34.99999999999994 34.99999999999997 34.99999999999999 34.999999999999986 34.99999999999998 35.00000000000001 35.0 35.000000000000014 35.00000000000003 35.000000000000014 35.00000000000001 35.000000000000036 35.000000000000036 35.00000000000001 35.00000000000003 35.000000000000014 35.000000000000014 35.000000000000036 35.00000000000005 35.000000000000036 35.00000000000002 35.000000000000014 35.00000000000004 35.00000000000005 35.000000000000064 35.00000000000004 35.000000000000036 35.00000000000006 35.00000000000003 35.000000000000036 35.00000000000001 35.000000000000014 34.99999999999999 34.99999999999998 34.999999999999986 35.000000000000014 34.999999999999986 34.99999999999994 34.99999999999992 34.99999999999995 34.99999999999997 35.0 35.0 34.99999999999999 34.999999999999986 34.99999999999998 34.99999999999998 34.999999999999986 35.00000000000001 35.00000000000001 35.00000000000001 35.000000000000014 34.999999999999986 34.99999999999999 34.99999999999995 34.99999999999991 34.99999999999991 34.99999999999991 34.99999999999993 34.99999999999991 34.999999999999915 34.99999999999992 34.99999999999991 34.99999999999993 34.99999999999994 34.99999999999995 34.99999999999994 34.99999999999993 34.99999999999995 34.99999999999994 34.99999999999993 34.99999999999991 34.999999999999886 34.99999999999985 34.99999999999985 34.999999999999844 34.99999999999983 34.99999999999982 34.999999999999844 34.99999999999984 34.999999999999844 34.99999999999979 34.99999999999974 34.99999999999968 
0.0 0.0 0.0 0.0 0.0 0.0 0.0 0.0 0.0 0.0 0.0 0.0 0.0 0.0 0.0 0.0 0.0 0.0 0.0 0.0 0.0 0.0 0.0 0.0 0.0 0.0 0.0 0.0 0.0 0.0 0.0 0.0 0.0 0.0 0.0 0.0 0.0 0.0 0.0 0.0 0.0 0.0 0.0 0.0 0.0 0.0 0.0 0.0 0.0 0.0 0.0 0.0 0.0 0.0 0.0 0.0 0.0 0.0 0.0 0.0 0.0 0.0 0.0 0.0 0.0 0.0 0.0 0.0 0.0 0.0 0.0 0.0 0.0 0.0 0.0 0.0 0.0 0.0 0.0 0.0 0.0 0.0 0.0 0.0 0.0 0.0 0.0 0.0 0.0 0.0 0.0 0.0 0.0 0.0 0.0 0.0 0.0 0.0 0.0 0.0 0.0 0.0 0.0 0.0 0.0 0.0 0.0 0.0 0.0 0.0 0.0 0.0 0.0 0.0 0.0 0.0 0.0 0.0 0.0 0.0 0.0 0.0 0.0 0.0 0.0 0.0 0.0 0.0 0.0 0.0 0.0 0.0 0.0 0.0 0.0 0.0 0.0 0.0 0.0 0.0 0.0 0.0 0.0 0.0 0.0 0.0 0.0 0.0 0.0 0.0 0.0 0.0 0.0 0.0 0.0 0.0 0.0 0.0 0.0 0.0 0.0 0.0 0.0 0.0 0.0 0.0 0.0 0.0 0.0 0.0 0.0 0.0 0.0 0.0 0.0 0.0 0.0 0.0 0.0 0.0 0.0 0.0 0.0 0.0 0.0 0.0 0.0 0.0 0.0 0.0 0.0 0.0 0.0 0.0 0.0 0.0 0.0 0.0 0.0 0.0 
0.0 0.0 0.0 0.0 0.0 0.0 0.0 0.0 0.0 0.0 0.0 0.0 0.0 0.0 0.0 0.0 0.0 0.0 0.0 0.0 0.0 0.0 0.0 0.0 0.0 0.0 0.0 0.0 0.0 0.0 0.0 0.0 0.0 0.0 0.0 0.0 0.0 0.0 0.0 0.0 0.0 0.0 0.0 0.0 0.0 0.0 0.0 0.0 0.0 0.0 0.0 0.0 0.0 0.0 0.0 0.0 0.0 0.0 0.0 0.0 0.0 0.0 0.0 0.0 0.0 0.0 0.0 0.0 0.0 0.0 0.0 0.0 0.0 0.0 0.0 0.0 0.0 0.0 0.0 0.0 0.0 0.0 0.0 0.0 0.0 0.0 0.0 0.0 0.0 0.0 0.0 0.0 0.0 0.0 0.0 0.0 0.0 0.0 0.0 0.0 0.0 0.0 0.0 0.0 0.0 0.0 0.0 0.0 0.0 0.0 0.0 0.0 0.0 0.0 0.0 0.0 0.0 0.0 0.0 0.0 0.0 0.0 0.0 0.0 0.0 0.0 0.0 0.0 0.0 0.0 0.0 0.0 0.0 0.0 0.0 0.0 0.0 0.0 0.0 0.0 0.0 0.0 0.0 0.0 0.0 0.0 0.0 0.0 0.0 0.0 0.0 0.0 0.0 0.0 0.0 0.0 0.0 0.0 0.0 0.0 0.0 0.0 0.0 0.0 0.0 0.0 0.0 0.0 0.0 0.0 0.0 0.0 0.0 0.0 0.0 0.0 0.0 0.0 0.0 0.0 0.0 0.0 0.0 0.0 0.0 0.0 0.0 0.0 0.0 0.0 0.0 0.0 0.0 0.0 0.0 0.0 0.0 0.0 0.0 0.0 
1900 1 13 0 0 0
14.587347726299917 14.58971507239899 14.590815981589886 14.591320194990866 14.591301030872138 14.522227031545784 13.750380916513496 13.249991737084343 12.749994012642833 12.251249586265423 12.001541144987556 12.00002806036418 12.000002368855428 12.000000485243522 12.000000161918894 12.000000072175238 12.000000038617948 12.000000023288866 12.000000015227453 12.000000010533757 12.000000007586527 12.000000005627323 12.00000000426889 12.000000003294911 12.00000000257716 12.000000002036245 12.000000001621757 12.000000001299181 12.000000001045645 12.000000000844262 12.000000000682864 12.000000000551276 12.00000000044387 12.00000000035621 12.000000000284839 12.000000000226846 12.000000000179869 12.000000000141993 12.00000000011154 12.000000000087207 12.000000000067827 12.000000000052484 12.000000000040398 12.00000000003093 12.000000000023558 12.000000000017849 12.000000000013438 12.000000000010054 12.000000000007486 12.00000000000554 12.000000000004082 12.000000000002995 12.000000000002192 12.000000000001593 12.000000000001151 12.000000000000835 12.000000000000595 12.000000000000421 12.000000000000309 12.000000000000227 12.000000000000155 12.000000000000112 12.000000000000082 12.000000000000062 12.000000000000048 12.000000000000036 12.000000000000027 12.000000000000027 12.000000000000028 12.00000000000002 12.000000000000023 12.000000000000036 12.000000000000037 12.000000000000039 12.000000000000032 12.000000000000027 12.000000000000021 12.000000000000025 12.000000000000027 12.000000000000032 12.000000000000034 12.000000000000028 12.000000000000027 12.000000000000025 12.000000000000027 12.000000000000034 12.000000000000032 12.000000000000036 12.00000000000003 12.000000000000034 12.000000000000025 12.00000000000002 12.000000000000018 12.000000000000027 12.000000000000034 12.000000000000034 12.000000000000037 12.000000000000043 12.00000000000004 12.000000000000032 12.000000000000036 12.000000000000032 12.000000000000021 12.000000000000018 12.000000000000014 12.000000000000012 12.00000000000002 12.000000000000018 12.000000000000021 12.000000000000023 12.000000000000028 12.000000000000027 12.00000000000003 12.000000000000023 12.000000000000023 12.000000000000014 12.0 11.999999999999995 12.000000000000002 12.000000000000005 12.000000000000002 12.000000000000012 12.000000000000023 12.000000000000027 12.000000000000028 12.00000000000003 12.000000000000036 12.00000000000004 12.000000000000053 12.000000000000053 12.000000000000055 12.000000000000052 12.000000000000053 12.00000000000005 12.000000000000043 12.000000000000037 12.00000000000003 12.000000000000032 12.000000000000023 12.000000000000014 12.000000000000027 12.000000000000028 12.000000000000032 12.000000000000032 12.000000000000036 12.000000000000039 12.000000000000039 12.000000000000037 12.000000000000032 12.000000000000016 12.000000000000005 12.000000000000004 12.000000000000002 11.999999999999996 11.999999999999998 11.999999999999995 11.999999999999995 11.999999999999988 11.999999999999993 11.999999999999993 11.999999999999991 12.000000000000009 12.000000000000014 12.000000000000012 12.000000000000002 12.000000000000009 12.000000000000012 12.000000000000016 12.000000000000012 12.00000000000001 12.000000000000014 12.000000000000023 12.000000000000025 12.000000000000021 12.000000000000028 12.000000000000023 12.000000000000012 12.000000000000007 12.000000000000012 12.00000000000001 12.000000000000007 12.000000000000005 11.99999999999999 11.999999999999986 11.999999999999988 11.999999999999973 11.99999999999997 11.999999999999957 11.99999999999996 11.999999999999957 11.999999999999945 11.99999999999994 11.999999999999927 11.999999999999922 11.999999999999911 11.999999999999897 11.999999999999885 11.99999999999987 11.999999999999856 11.99999999999985 
34.99999999999989 34.99999999999989 34.99999999999988 34.99999999999988 34.99999999999988 34.99999999999984 35.00000000000001 35.00000000000104 34.99999999999923 34.99999999999998 35.00000000000011 35.00000000000002 35.000000000000064 35.00000000000018 35.00000000000018 34.99999999999999 34.999999999999964 34.999999999999964 34.99999999999994 34.99999999999996 34.999999999999964 35.00000000000003 35.00000000000006 35.00000000000008 35.000000000000085 35.00000000000007 35.0000000000001 35.0000000000001 35.00000000000011 35.00000000000008 35.0000000000001 35.0000000000001 35.00000000000007 35.000000000000114 35.00000000000015 35.00000000000014 35.000000000000135 35.00000000000015 35.00000000000013 35.00000000000013 35.00000000000014 35.00000000000014 35.00000000000013 35.000000000000135 35.000000000000135 35.000000000000135 35.000000000000114 35.00000000000006 35.00000000000005 35.00000000000003 35.00000000000005 35.000000000000064 35.000000000000085 35.00000000000009 35.00000000000008 35.00000000000007 35.00000000000006 35.000000000000064 35.00000000000009 35.000000000000085 35.00000000000005 35.000000000000064 35.000000000000064 35.000000000000085 35.00000000000005 35.00000000000002 35.000000000000014 35.00000000000003 35.00000000000004 35.000000000000036 35.00000000000001 35.0 35.00000000000002 35.00000000000003 34.999999999999986 34.99999999999995 34.999999999999936 34.99999999999993 34.99999999999995 34.999999999999964 34.99999999999997 34.999999999999936 34.99999999999994 34.99999999999993 34.99999999999993 34.99999999999998 35.0 34.999999999999986 35.0 35.000000000000036 35.000000000000014 34.999999999999986 34.999999999999986 35.0 35.0 34.99999999999999 35.00000000000001 35.00000000000004 35.000000000000014 34.99999999999998 34.99999999999999 35.000000000000014 34.999999999999986 35.00000000000001 34.99999999999997 34.99999999999994 34.99999999999995 34.99999999999994 34.999999999999936 34.99999999999994 35.0 35.00000000000001 35.00000000000001 34.999999999999964 34.99999999999998 34.999999999999936 34.99999999999991 34.99999999999989 34.99999999999994 34.999999999999936 34.999999999999936 34.99999999999997 35.0 34.99999999999999 35.00000000000003 35.00000000000003 35.000000000000014 35.00000000000003 35.00000000000006 35.00000000000007 35.00000000000007 35.00000000000007 35.00000000000005 35.000000000000036 35.00000000000001 35.0 34.999999999999986 34.99999999999998 34.99999999999997 35.0 35.00000000000005 35.00000000000005 35.000000000000085 35.00000000000009 35.00000000000009 35.00000000000007 35.00000000000006 35.00000000000008 35.00000000000005 35.000000000000014 34.99999999999998 34.99999999999995 34.99999999999993 34.999999999999936 34.99999999999994 34.999999999999936 34.999999999999936 34.999999999999915 34.99999999999989 34.99999999999991 34.99999999999992 35.0 34.99999999999998 35.0 35.000000000000014 35.0 35.0 34.999999999999986 34.999999999999964 34.99999999999993 34.999999999999915 34.99999999999991 34.9999999999999 34.999999999999886 34.9999999999999 34.999999999999915 34.999999999999865 34.999999999999886 34.99999999999991 34.99999999999993 34.99999999999991 34.99999999999993 34.99999999999992 34.99999999999993 34.999999999999915 34.99999999999987 34.99999999999985 34.999999999999886 34.99999999999989 34.99999999999988 34.99999999999986 34.99999999999983 34.99999999999983 34.999999999999815 34.99999999999977 34.99999999999972 34.99999999999965 34.999999999999595 34.99999999999953 34.999999999999524 
0.0 0.0 0.0 0.0 0.0 0.0 0.0 0.0 0.0 0.0 0.0 0.0 0.0 0.0 0.0 0.0 0.0 0.0 0.0 0.0 0.0 0.0 0.0 0.0 0.0 0.0 0.0 0.0 0.0 0.0 0.0 0.0 0.0 0.0 0.0 0.0 0.0 0.0 0.0 0.0 0.0 0.0 0.0 0.0 0.0 0.0 0.0 0.0 0.0 0.0 0.0 0.0 0.0 0.0 0.0 0.0 0.0 0.0 0.0 0.0 0.0 0.0 0.0 0.0 0.0 0.0 0.0 0.0 0.0 0.0 0.0 0.0 0.0 0.0 0.0 0.0 0.0 0.0 0.0 0.0 0.0 0.0 0.0 0.0 0.0 0.0 0.0 0.0 0.0 0.0 0.0 0.0 0.0 0.0 0.0 0.0 0.0 0.0 0.0 0.0 0.0 0.0 0.0 0.0 0.0 0.0 0.0 0.0 0.0 0.0 0.0 0.0 0.0 0.0 0.0 0.0 0.0 0.0 0.0 0.0 0.0 0.0 0.0 0.0 0.0 0.0 0.0 0.0 0.0 0.0 0.0 0.0 0.0 0.0 0.0 0.0 0.0 0.0 0.0 0.0 0.0 0.0 0.0 0.0 0.0 0.0 0.0 0.0 0.0 0.0 0.0 0.0 0.0 0.0 0.0 0.0 0.0 0.0 0.0 0.0 0.0 0.0 0.0 0.0 0.0 0.0 0.0 0.0 0.0 0.0 0.0 0.0 0.0 0.0 0.0 0.0 0.0 0.0 0.0 0.0 0.0 0.0 0.0 0.0 0.0 0.0 0.0 0.0 0.0 0.0 0.0 0.0 0.0 0.0 0.0 0.0 0.0 0.0 0.0 0.0 
0.0 0.0 0.0 0.0 0.0 0.0 0.0 0.0 0.0 0.0 0.0 0.0 0.0 0.0 0.0 0.0 0.0 0.0 0.0 0.0 0.0 0.0 0.0 0.0 0.0 0.0 0.0 0.0 0.0 0.0 0.0 0.0 0.0 0.0 0.0 0.0 0.0 0.0 0.0 0.0 0.0 0.0 0.0 0.0 0.0 0.0 0.0 0.0 0.0 0.0 0.0 0.0 0.0 0.0 0.0 0.0 0.0 0.0 0.0 0.0 0.0 0.0 0.0 0.0 0.0 0.0 0.0 0.0 0.0 0.0 0.0 0.0 0.0 0.0 0.0 0.0 0.0 0.0 0.0 0.0 0.0 0.0 0.0 0.0 0.0 0.0 0.0 0.0 0.0 0.0 0.0 0.0 0.0 0.0 0.0 0.0 0.0 0.0 0.0 0.0 0.0 0.0 0.0 0.0 0.0 0.0 0.0 0.0 0.0 0.0 0.0 0.0 0.0 0.0 0.0 0.0 0.0 0.0 0.0 0.0 0.0 0.0 0.0 0.0 0.0 0.0 0.0 0.0 0.0 0.0 0.0 0.0 0.0 0.0 0.0 0.0 0.0 0.0 0.0 0.0 0.0 0.0 0.0 0.0 0.0 0.0 0.0 0.0 0.0 0.0 0.0 0.0 0.0 0.0 0.0 0.0 0.0 0.0 0.0 0.0 0.0 0.0 0.0 0.0 0.0 0.0 0.0 0.0 0.0 0.0 0.0 0.0 0.0 0.0 0.0 0.0 0.0 0.0 0.0 0.0 0.0 0.0 0.0 0.0 0.0 0.0 0.0 0.0 0.0 0.0 0.0 0.0 0.0 0.0 0.0 0.0 0.0 0.0 0.0 0.0 
1900 1 14 0 0 0
14.556144331106797 14.558421700127438 14.55943268752591 14.559864987852682 14.559870400867776 14.551294256835437 13.750838694299587 13.24999095321015 12.749993789933017 12.251353504342307 12.00166799776058 12.000031684970303 12.000002719028299 12.00000056067138 12.000000187432269 12.000000083509114 12.000000044637233 12.000000026904202 12.000000017596454 12.000000012186547 12.000000008793887 12.0000000065398 12.00000000497579 12.00000000385355 12.000000003025727 12.000000002401313 12.000000001921606 12.00000000154754 12.00000000125243 12.000000001017067 12.000000000827876 12.00000000067458 12.000000000549587 12.000000000446478 12.000000000361494 12.000000000291637 12.000000000234389 12.000000000187622 12.000000000149562 12.000000000118716 12.000000000093792 12.000000000073783 12.000000000057755 12.000000000044981 12.000000000034861 12.000000000026892 12.000000000020638 12.000000000015753 12.000000000011966 12.000000000009047 12.000000000006802 12.000000000005095 12.00000000000379 12.000000000002805 12.000000000002082 12.000000000001533 12.000000000001117 12.00000000000082 12.000000000000602 12.000000000000435 12.000000000000318 12.000000000000234 12.000000000000172 12.000000000000131 12.000000000000092 12.000000000000062 12.000000000000039 12.000000000000027 12.000000000000025 12.000000000000027 12.000000000000027 12.00000000000004 12.00000000000004 12.000000000000036 12.000000000000027 12.000000000000025 12.000000000000032 12.000000000000037 12.000000000000037 12.000000000000028 12.000000000000025 12.000000000000025 12.000000000000027 12.000000000000023 12.00000000000003 12.000000000000037 12.000000000000037 12.000000000000043 12.000000000000044 12.000000000000039 12.00000000000003 12.000000000000027 12.000000000000037 12.000000000000037 12.00000000000003 12.000000000000032 12.000000000000032 12.000000000000027 12.000000000000037 12.000000000000037 12.000000000000039 12.000000000000037 12.00000000000003 12.000000000000027 12.00000000000001 12.000000000000012 12.00000000000001 12.000000000000028 12.000000000000027 12.000000000000027 12.000000000000027 12.000000000000027 12.000000000000021 12.000000000000012 12.00000000000001 12.00000000000001 12.000000000000007 12.000000000000009 12.000000000000012 12.000000000000009 12.000000000000012 12.000000000000014 12.000000000000021 12.000000000000016 12.00000000000002 12.000000000000021 12.000000000000027 12.000000000000032 12.000000000000039 12.00000000000005 12.000000000000055 12.000000000000053 12.000000000000055 12.000000000000055 12.000000000000039 12.000000000000027 12.000000000000025 12.000000000000028 12.000000000000028 12.00000000000002 12.000000000000014 12.00000000000003 12.000000000000039 12.00000000000003 12.000000000000027 12.000000000000025 12.000000000000016 12.000000000000014 12.000000000000012 12.0 12.0 12.000000000000004 12.0 12.000000000000002 12.000000000000005 12.000000000000007 12.000000000000007 12.000000000000004 12.000000000000005 12.0 11.999999999999998 12.0 12.000000000000002 12.000000000000004 12.0 11.99999999999999 12.0 12.000000000000009 12.00000000000001 12.000000000000016 12.000000000000014 12.00000000000001 12.000000000000012 12.0 11.999999999999995 12.000000000000002 12.000000000000012 12.000000000000018 12.000000000000012 12.000000000000002 12.000000000000004 12.0 11.999999999999998 11.999999999999988 11.999999999999986 11.999999999999975 11.99999999999997 11.999999999999952 11.999999999999938 11.999999999999932 11.999999999999922 11.999999999999922 11.999999999999917 11.999999999999917 11.99999999999991 11.999999999999892 11.999999999999874 11.999999999999863 11.999999999999856 11.999999999999853 
34.999999999999865 34.999999999999865 34.999999999999865 34.999999999999865 34.999999999999865 34.99999999999984 35.0 35.00000000000104 34.99999999999911 35.00000000000012 35.00000000000013 35.000000000000014 35.000000000000014 35.00000000000022 35.000000000000206 35.000000000000014 35.00000000000002 34.99999999999996 34.99999999999997 34.99999999999997 35.000000000000014 35.00000000000002 35.00000000000005 35.00000000000005 35.00000000000007 35.000000000000085 35.00000000000009 35.00000000000009 35.00000000000011 35.00000000000011 35.000000000000085 35.00000000000008 35.0000000000001 35.00000000000009 35.00000000000009 35.00000000000008 35.000000000000114 35.00000000000012 35.00000000000013 35.00000000000013 35.00000000000015 35.00000000000015 35.000000000000114 35.00000000000009 35.00000000000007 35.000000000000064 35.00000000000005 35.00000000000002 35.00000000000004 35.00000000000003 35.000000000000036 35.000000000000064 35.00000000000003 35.000000000000036 35.000000000000064 35.000000000000064 35.00000000000007 35.000000000000085 35.00000000000009 35.00000000000009 35.00000000000008 35.000000000000064 35.000000000000064 35.000000000000114 35.00000000000011 35.00000000000009 35.000000000000085 35.00000000000005 35.00000000000004 35.000000000000064 35.00000000000008 35.000000000000085 35.00000000000007 35.00000000000005 35.000000000000014 35.00000000000003 35.000000000000036 35.00000000000002 35.00000000000001 34.99999999999996 34.999999999999936 34.999999999999936 34.999999999999964 34.99999999999996 34.99999999999998 34.999999999999986 34.99999999999999 35.00000000000005 35.00000000000005 35.00000000000007 35.00000000000005 35.00000000000006 35.00000000000008 35.00000000000006 35.00000000000006 35.00000000000006 35.00000000000003 35.00000000000002 35.00000000000003 35.000000000000014 35.000000000000014 35.000000000000014 35.00000000000001 35.0 34.99999999999999 34.999999999999986 34.99999999999996 34.999999999999964 34.99999999999997 35.0 35.000000000000014 35.00000000000001 34.99999999999999 34.99999999999997 34.999999999999964 34.999999999999936 34.99999999999996 34.99999999999996 34.99999999999994 34.999999999999936 34.999999999999936 34.999999999999964 34.999999999999986 34.99999999999997 34.999999999999986 34.999999999999986 35.000000000000014 35.00000000000004 35.00000000000006 35.00000000000008 35.00000000000009 35.0000000000001 35.00000000000008 35.000000000000085 35.00000000000006 35.00000000000003 35.00000000000003 35.000000000000036 35.000000000000036 35.000000000000014 35.0 35.000000000000036 35.00000000000006 35.00000000000005 35.000000000000036 35.00000000000005 35.000000000000036 35.00000000000004 35.00000000000005 35.000000000000014 34.999999999999986 34.999999999999986 34.999999999999964 34.99999999999996 34.99999999999996 34.99999999999995 34.99999999999995 34.999999999999964 34.999999999999964 34.99999999999997 34.99999999999994 34.99999999999996 34.99999999999997 34.99999999999998 34.99999999999996 34.99999999999994 34.999999999999964 34.999999999999986 34.999999999999986 34.99999999999996 34.99999999999995 34.99999999999992 34.99999999999991 34.99999999999989 34.99999999999988 34.99999999999989 34.99999999999992 34.99999999999996 34.99999999999994 34.99999999999992 34.99999999999993 34.999999999999936 34.99999999999994 34.99999999999994 34.99999999999994 34.99999999999992 34.9999999999999 34.99999999999985 34.999999999999815 34.99999999999983 34.9999999999998 34.99999999999979 34.99999999999978 34.99999999999977 34.99999999999974 34.9999999999997 34.99999999999962 34.999999999999545 34.99999999999953 34.99999999999951 
0.0 0.0 0.0 0.0 0.0 0.0 0.0 0.0 0.0 0.0 0.0 0.0 0.0 0.0 0.0 0.0 0.0 0.0 0.0 0.0 0.0 0.0 0.0 0.0 0.0 0.0 0.0 0.0 0.0 0.0 0.0 0.0 0.0 0.0 0.0 0.0 0.0 0.0 0.0 0.0 0.0 0.0 0.0 0.0 0.0 0.0 0.0 0.0 0.0 0.0 0.0 0.0 0.0 0.0 0.0 0.0 0.0 0.0 0.0 0.0 0.0 0.0 0.0 0.0 0.0 0.0 0.0 0.0 0.0 0.0 0.0 0.0 0.0 0.0 0.0 0.0 0.0 0.0 0.0 0.0 0.0 0.0 0.0 0.0 0.0 0.0 0.0 0.0 0.0 0.0 0.0 0.0 0.0 0.0 0.0 0.0 0.0 0.0 0.0 0.0 0.0 0.0 0.0 0.0 0.0 0.0 0.0 0.0 0.0 0.0 0.0 0.0 0.0 0.0 0.0 0.0 0.0 0.0 0.0 0.0 0.0 0.0 0.0 0.0 0.0 0.0 0.0 0.0 0.0 0.0 0.0 0.0 0.0 0.0 0.0 0.0 0.0 0.0 0.0 0.0 0.0 0.0 0.0 0.0 0.0 0.0 0.0 0.0 0.0 0.0 0.0 0.0 0.0 0.0 0.0 0.0 0.0 0.0 0.0 0.0 0.0 0.0 0.0 0.0 0.0 0.0 0.0 0.0 0.0 0.0 0.0 0.0 0.0 0.0 0.0 0.0 0.0 0.0 0.0 0.0 0.0 0.0 0.0 0.0 0.0 0.0 0.0 0.0 0.0 0.0 0.0 0.0 0.0 0.0 0.0 0.0 0.0 0.0 0.0 0.0 
0.0 0.0 0.0 0.0 0.0 0.0 0.0 0.0 0.0 0.0 0.0 0.0 0.0 0.0 0.0 0.0 0.0 0.0 0.0 0.0 0.0 0.0 0.0 0.0 0.0 0.0 0.0 0.0 0.0 0.0 0.0 0.0 0.0 0.0 0.0 0.0 0.0 0.0 0.0 0.0 0.0 0.0 0.0 0.0 0.0 0.0 0.0 0.0 0.0 0.0 0.0 0.0 0.0 0.0 0.0 0.0 0.0 0.0 0.0 0.0 0.0 0.0 0.0 0.0 0.0 0.0 0.0 0.0 0.0 0.0 0.0 0.0 0.0 0.0 0.0 0.0 0.0 0.0 0.0 0.0 0.0 0.0 0.0 0.0 0.0 0.0 0.0 0.0 0.0 0.0 0.0 0.0 0.0 0.0 0.0 0.0 0.0 0.0 0.0 0.0 0.0 0.0 0.0 0.0 0.0 0.0 0.0 0.0 0.0 0.0 0.0 0.0 0.0 0.0 0.0 0.0 0.0 0.0 0.0 0.0 0.0 0.0 0.0 0.0 0.0 0.0 0.0 0.0 0.0 0.0 0.0 0.0 0.0 0.0 0.0 0.0 0.0 0.0 0.0 0.0 0.0 0.0 0.0 0.0 0.0 0.0 0.0 0.0 0.0 0.0 0.0 0.0 0.0 0.0 0.0 0.0 0.0 0.0 0.0 0.0 0.0 0.0 0.0 0.0 0.0 0.0 0.0 0.0 0.0 0.0 0.0 0.0 0.0 0.0 0.0 0.0 0.0 0.0 0.0 0.0 0.0 0.0 0.0 0.0 0.0 0.0 0.0 0.0 0.0 0.0 0.0 0.0 0.0 0.0 0.0 0.0 0.0 0.0 0.0 0.0 
1900 1 15 0 0 0
14.529012655491828 14.531068013673478 14.532021378647597 14.53250070068803 14.532620572903587 14.532084827224585 13.779313385143054 13.249994798309329 12.74999360972481 12.251457389901033 12.001794661521437 12.000035459533352 12.000003089463926 12.000000641021542 12.000000214704732 12.000000095647488 12.000000051094117 12.000000030791098 12.000000020151353 12.000000013975294 12.00000001010561 12.00000000753519 12.000000005748781 12.00000000446496 12.00000000351661 12.000000002800371 12.000000002249084 12.000000001818288 12.000000001477417 12.000000001204922 12.000000000985098 12.000000000806732 12.00000000066108 12.000000000541709 12.00000000044366 12.000000000362464 12.000000000295064 12.000000000239275 12.000000000193273 12.00000000015546 12.00000000012454 12.000000000099332 12.000000000078888 12.00000000006237 12.00000000004909 12.00000000003847 12.000000000030004 12.000000000023293 12.000000000018 12.000000000013843 12.000000000010592 12.00000000000807 12.00000000000612 12.000000000004617 12.000000000003466 12.000000000002595 12.000000000001934 12.00000000000142 12.000000000001034 12.000000000000757 12.000000000000549 12.000000000000398 12.000000000000286 12.000000000000213 12.000000000000158 12.000000000000119 12.00000000000009 12.000000000000062 12.000000000000048 12.000000000000036 12.00000000000003 12.00000000000002 12.000000000000023 12.000000000000027 12.000000000000016 12.000000000000025 12.000000000000032 12.000000000000027 12.000000000000027 12.000000000000023 12.00000000000002 12.000000000000021 12.000000000000012 12.00000000000001 12.000000000000014 12.000000000000012 12.000000000000025 12.00000000000003 12.00000000000003 12.000000000000032 12.000000000000037 12.000000000000036 12.000000000000037 12.000000000000037 12.000000000000027 12.000000000000032 12.000000000000046 12.000000000000037 12.000000000000027 12.00000000000002 12.000000000000012 12.00000000000001 12.000000000000012 12.0 12.000000000000012 12.000000000000018 12.000000000000023 12.000000000000027 12.000000000000025 12.000000000000012 12.000000000000009 12.000000000000002 12.0 12.0 12.0 12.0 12.000000000000012 12.000000000000021 12.000000000000023 12.000000000000028 12.000000000000023 12.000000000000023 12.000000000000027 12.000000000000027 12.000000000000036 12.000000000000039 12.00000000000004 12.000000000000043 12.00000000000004 12.000000000000027 12.000000000000027 12.00000000000003 12.000000000000036 12.000000000000039 12.000000000000039 12.000000000000028 12.000000000000025 12.000000000000025 12.00000000000001 12.000000000000012 12.00000000000002 12.000000000000012 12.000000000000012 12.000000000000012 12.000000000000012 12.000000000000012 12.000000000000018 12.000000000000018 12.000000000000012 12.000000000000014 12.000000000000012 12.000000000000007 12.000000000000012 12.000000000000012 12.000000000000004 12.000000000000007 12.000000000000002 12.000000000000002 12.000000000000002 12.000000000000002 12.0 12.0 12.000000000000002 12.000000000000007 12.000000000000012 12.0 11.999999999999998 11.999999999999996 12.0 12.000000000000009 12.000000000000016 12.00000000000001 12.000000000000009 12.000000000000002 11.999999999999998 12.000000000000002 12.0 12.0 12.0 11.999999999999995 11.999999999999986 11.999999999999986 11.999999999999984 11.999999999999986 11.99999999999998 11.999999999999973 11.999999999999957 11.999999999999947 11.999999999999932 11.999999999999917 11.999999999999906 11.999999999999904 11.99999999999989 11.999999999999888 11.999999999999885 11.999999999999881 11.99999999999988 11.99999999999987 11.999999999999858 11.999999999999853 
34.99999999999981 34.99999999999981 34.99999999999981 34.999999999999815 34.99999999999981 34.99999999999982 35.00000000000004 35.00000000000093 34.99999999999898 35.00000000000009 35.00000000000019 34.99999999999996 35.0 35.000000000000306 35.00000000000014 35.00000000000004 34.99999999999995 34.999999999999915 34.9999999999999 34.99999999999998 34.999999999999936 34.99999999999998 34.999999999999986 35.000000000000014 35.00000000000002 35.00000000000004 35.00000000000006 35.00000000000006 35.00000000000009 35.00000000000012 35.00000000000013 35.000000000000135 35.00000000000012 35.0000000000001 35.000000000000114 35.00000000000013 35.00000000000012 35.00000000000013 35.00000000000012 35.00000000000012 35.00000000000011 35.00000000000008 35.00000000000008 35.00000000000005 35.000000000000036 35.00000000000004 35.00000000000003 35.000000000000036 35.000000000000036 35.00000000000001 35.00000000000002 35.00000000000004 35.00000000000004 35.00000000000005 35.00000000000001 35.00000000000003 35.000000000000036 34.99999999999999 34.99999999999999 35.000000000000014 35.000000000000014 35.000000000000036 35.00000000000003 35.000000000000064 35.00000000000011 35.00000000000011 35.000000000000085 35.00000000000007 35.00000000000009 35.00000000000007 35.000000000000064 35.00000000000005 35.00000000000006 35.000000000000036 34.99999999999997 34.999999999999986 34.99999999999998 34.99999999999995 34.999999999999936 34.99999999999994 34.99999999999994 34.99999999999992 34.99999999999995 34.999999999999964 35.00000000000001 35.00000000000002 35.00000000000004 35.00000000000006 35.00000000000004 35.00000000000003 35.000000000000064 35.00000000000006 35.000000000000064 35.00000000000005 35.00000000000001 35.000000000000014 35.00000000000004 35.00000000000005 35.00000000000003 35.000000000000014 35.000000000000014 35.000000000000014 35.000000000000014 34.99999999999999 34.999999999999986 35.00000000000002 35.00000000000002 35.00000000000003 35.00000000000003 34.99999999999999 34.99999999999998 34.99999999999998 34.99999999999995 34.99999999999993 34.99999999999993 34.99999999999993 34.99999999999996 34.99999999999997 34.99999999999997 34.99999999999999 34.999999999999986 34.99999999999998 34.999999999999986 34.99999999999998 35.00000000000001 35.00000000000001 35.000000000000036 35.00000000000005 35.00000000000003 35.00000000000001 34.999999999999986 35.00000000000002 35.00000000000004 35.00000000000006 35.000000000000036 34.999999999999986 35.00000000000001 34.99999999999999 34.999999999999964 34.999999999999964 34.99999999999999 34.99999999999999 35.0 35.00000000000001 35.00000000000001 35.00000000000003 35.00000000000005 35.000000000000064 35.00000000000005 35.00000000000006 35.00000000000004 35.00000000000005 35.00000000000004 35.00000000000005 35.000000000000014 35.00000000000003 34.99999999999999 35.0 35.0 34.99999999999997 34.99999999999996 34.999999999999936 34.99999999999995 34.999999999999964 35.000000000000014 34.999999999999986 35.00000000000001 34.99999999999997 34.99999999999999 35.000000000000014 35.000000000000014 34.99999999999997 34.99999999999996 34.99999999999993 34.9999999999999 34.99999999999991 34.99999999999991 34.99999999999989 34.99999999999991 34.999999999999915 34.99999999999992 34.99999999999993 34.99999999999992 34.99999999999993 34.99999999999989 34.99999999999988 34.99999999999985 34.99999999999983 34.99999999999982 34.99999999999978 34.999999999999766 34.99999999999975 34.999999999999694 34.99999999999966 34.999999999999645 34.99999999999965 34.99999999999961 34.99999999999958 34.99999999999954 34.99999999999949 
0.0 0.0 0.0 0.0 0.0 0.0 0.0 0.0 0.0 0.0 0.0 0.0 0.0 0.0 0.0 0.0 0.0 0.0 0.0 0.0 0.0 0.0 0.0 0.0 0.0 0.0 0.0 0.0 0.0 0.0 0.0 0.0 0.0 0.0 0.0 0.0 0.0 0.0 0.0 0.0 0.0 0.0 0.0 0.0 0.0 0.0 0.0 0.0 0.0 0.0 0.0 0.0 0.0 0.0 0.0 0.0 0.0 0.0 0.0 0.0 0.0 0.0 0.0 0.0 0.0 0.0 0.0 0.0 0.0 0.0 0.0 0.0 0.0 0.0 0.0 0.0 0.0 0.0 0.0 0.0 0.0 0.0 0.0 0.0 0.0 0.0 0.0 0.0 0.0 0.0 0.0 0.0 0.0 0.0 0.0 0.0 0.0 0.0 0.0 0.0 0.0 0.0 0.0 0.0 0.0 0.0 0.0 0.0 0.0 0.0 0.0 0.0 0.0 0.0 0.0 0.0 0.0 0.0 0.0 0.0 0.0 0.0 0.0 0.0 0.0 0.0 0.0 0.0 0.0 0.0 0.0 0.0 0.0 0.0 0.0 0.0 0.0 0.0 0.0 0.0 0.0 0.0 0.0 0.0 0.0 0.0 0.0 0.0 0.0 0.0 0.0 0.0 0.0 0.0 0.0 0.0 0.0 0.0 0.0 0.0 0.0 0.0 0.0 0.0 0.0 0.0 0.0 0.0 0.0 0.0 0.0 0.0 0.0 0.0 0.0 0.0 0.0 0.0 0.0 0.0 0.0 0.0 0.0 0.0 0.0 0.0 0.0 0.0 0.0 0.0 0.0 0.0 0.0 0.0 0.0 0.0 0.0 0.0 0.0 0.0 
0.0 0.0 0.0 0.0 0.0 0.0 0.0 0.0 0.0 0.0 0.0 0.0 0.0 0.0 0.0 0.0 0.0 0.0 0.0 0.0 0.0 0.0 0.0 0.0 0.0 0.0 0.0 0.0 0.0 0.0 0.0 0.0 0.0 0.0 0.0 0.0 0.0 0.0 0.0 0.0 0.0 0.0 0.0 0.0 0.0 0.0 0.0 0.0 0.0 0.0 0.0 0.0 0.0 0.0 0.0 0.0 0.0 0.0 0.0 0.0 0.0 0.0 0.0 0.0 0.0 0.0 0.0 0.0 0.0 0.0 0.0 0.0 0.0 0.0 0.0 0.0 0.0 0.0 0.0 0.0 0.0 0.0 0.0 0.0 0.0 0.0 0.0 0.0 0.0 0.0 0.0 0.0 0.0 0.0 0.0 0.0 0.0 0.0 0.0 0.0 0.0 0.0 0.0 0.0 0.0 0.0 0.0 0.0 0.0 0.0 0.0 0.0 0.0 0.0 0.0 0.0 0.0 0.0 0.0 0.0 0.0 0.0 0.0 0.0 0.0 0.0 0.0 0.0 0.0 0.0 0.0 0.0 0.0 0.0 0.0 0.0 0.0 0.0 0.0 0.0 0.0 0.0 0.0 0.0 0.0 0.0 0.0 0.0 0.0 0.0 0.0 0.0 0.0 0.0 0.0 0.0 0.0 0.0 0.0 0.0 0.0 0.0 0.0 0.0 0.0 0.0 0.0 0.0 0.0 0.0 0.0 0.0 0.0 0.0 0.0 0.0 0.0 0.0 0.0 0.0 0.0 0.0 0.0 0.0 0.0 0.0 0.0 0.0 0.0 0.0 0.0 0.0 0.0 0.0 0.0 0.0 0.0 0.0 0.0 0.0 
1900 1 16 0 0 0
14.502161746301214 14.504217586572071 14.505171226383464 14.505650795538866 14.505770932539233 14.505241548235903 13.813148613755587 13.250012199055549 12.74999347600379 12.2515612429114 12.001921141667932 12.000039379177645 12.000003479782702 12.00000072621614 12.000000243694737 12.00000010855274 12.000000057950114 12.000000034910041 12.00000002285316 12.000000015864227 12.000000011489524 12.000000008585134 12.000000006566527 12.00000000511322 12.000000004038444 12.000000003225422 12.000000002598934 12.000000002108553 12.000000001719703 12.00000000140835 12.000000001156634 12.000000000951943 12.000000000784432 12.000000000646748 12.000000000533314 12.000000000439647 12.000000000361462 12.000000000296263 12.000000000242006 12.000000000196964 12.000000000159709 12.000000000128978 12.000000000103775 12.00000000008314 12.00000000006633 12.00000000005269 12.000000000041682 12.000000000032834 12.00000000002575 12.000000000020119 12.000000000015643 12.000000000012106 12.000000000009326 12.000000000007145 12.00000000000545 12.000000000004148 12.000000000003139 12.000000000002366 12.000000000001762 12.00000000000131 12.000000000000973 12.00000000000072 12.000000000000533 12.000000000000387 12.000000000000284 12.000000000000195 12.000000000000131 12.00000000000008 12.000000000000057 12.000000000000037 12.000000000000027 12.000000000000023 12.000000000000028 12.000000000000028 12.000000000000034 12.000000000000037 12.00000000000004 12.00000000000004 12.000000000000039 12.000000000000037 12.000000000000034 12.000000000000037 12.000000000000039 12.000000000000039 12.00000000000003 12.00000000000003 12.000000000000027 12.000000000000025 12.000000000000023 12.000000000000027 12.000000000000027 12.000000000000014 12.000000000000018 12.000000000000025 12.000000000000014 12.000000000000014 12.000000000000007 12.000000000000002 12.0 12.000000000000002 12.000000000000012 12.000000000000005 12.000000000000012 12.000000000000012 12.00000000000001 12.000000000000018 12.000000000000016 12.00000000000001 12.000000000000007 12.000000000000007 12.000000000000004 12.000000000000016 12.000000000000012 12.000000000000016 12.0 12.000000000000005 12.00000000000001 12.000000000000012 12.000000000000016 12.000000000000025 12.000000000000032 12.000000000000037 12.000000000000039 12.000000000000032 12.000000000000027 12.000000000000021 12.000000000000018 12.00000000000002 12.000000000000012 12.000000000000012 12.00000000000001 12.000000000000012 12.000000000000027 12.000000000000027 12.000000000000025 12.000000000000027 12.000000000000028 12.000000000000025 12.000000000000025 12.00000000000003 12.000000000000027 12.000000000000018 12.000000000000012 12.00000000000001 12.0 12.0 12.000000000000007 12.000000000000007 12.000000000000005 12.000000000000002 12.000000000000002 11.999999999999996 11.999999999999998 12.000000000000005 12.000000000000009 12.000000000000009 12.000000000000002 12.000000000000007 12.0 11.999999999999993 11.999999999999998 12.0 12.0 12.0 11.999999999999996 11.999999999999995 11.999999999999984 11.999999999999984 11.999999999999988 11.999999999999988 11.999999999999998 12.000000000000012 12.000000000000021 12.000000000000012 12.000000000000014 12.000000000000009 11.999999999999996 11.999999999999996 11.999999999999998 11.999999999999991 11.999999999999988 11.999999999999984 11.999999999999984 11.999999999999982 11.999999999999973 11.999999999999975 11.999999999999961 11.999999999999948 11.99999999999993 11.999999999999922 11.999999999999918 11.999999999999913 11.999999999999902 11.999999999999888 11.999999999999888 11.999999999999881 11.99999999999987 11.999999999999867 11.999999999999853 11.999999999999844 
34.99999999999979 34.99999999999979 34.99999999999978 34.99999999999978 34.99999999999978 34.99999999999977 34.99999999999989 35.000000000000846 34.99999999999932 35.00000000000005 35.00000000000025 35.00000000000004 34.99999999999996 35.000000000000256 35.00000000000023 35.00000000000001 34.99999999999987 34.99999999999988 34.99999999999995 35.000000000000014 35.00000000000001 35.000000000000014 35.00000000000001 34.999999999999986 34.999999999999986 34.999999999999986 34.99999999999997 35.00000000000001 35.00000000000004 35.00000000000005 35.000000000000064 35.00000000000006 35.000000000000064 35.000000000000085 35.00000000000012 35.000000000000114 35.00000000000009 35.000000000000085 35.00000000000007 35.000000000000064 35.00000000000006 35.00000000000002 35.00000000000005 35.00000000000006 35.00000000000006 35.000000000000014 35.0 35.00000000000001 35.000000000000036 35.00000000000003 35.000000000000014 35.00000000000002 35.00000000000003 35.00000000000001 35.00000000000001 35.00000000000003 35.00000000000002 35.00000000000002 35.00000000000002 35.00000000000003 35.00000000000005 35.00000000000006 35.000000000000064 35.00000000000005 35.00000000000004 35.00000000000001 34.999999999999986 34.999999999999986 35.00000000000001 35.000000000000014 35.000000000000014 35.000000000000014 35.00000000000002 35.00000000000002 34.99999999999999 35.0 35.000000000000014 35.0 34.99999999999999 35.0 35.0 35.00000000000001 35.00000000000002 35.00000000000002 34.999999999999986 35.00000000000001 34.999999999999964 34.999999999999964 34.99999999999997 34.99999999999997 34.99999999999998 34.99999999999996 34.99999999999997 34.999999999999986 34.999999999999964 34.99999999999996 34.99999999999995 34.999999999999936 34.999999999999964 34.999999999999986 35.000000000000014 35.00000000000002 35.00000000000002 35.00000000000001 35.00000000000002 35.00000000000005 35.00000000000002 35.000000000000014 35.00000000000004 35.00000000000005 35.000000000000036 35.00000000000005 35.00000000000003 35.000000000000014 34.99999999999997 34.99999999999998 34.99999999999999 34.999999999999986 35.0 35.00000000000003 35.000000000000036 35.00000000000002 35.000000000000014 34.999999999999986 34.99999999999998 34.99999999999994 34.99999999999995 34.99999999999996 34.99999999999994 34.99999999999995 34.99999999999994 34.99999999999995 34.999999999999986 34.99999999999999 35.00000000000004 35.000000000000064 35.00000000000004 35.00000000000002 35.00000000000004 35.00000000000006 35.000000000000036 35.00000000000003 35.00000000000004 35.00000000000006 35.00000000000003 35.00000000000004 35.00000000000004 35.00000000000005 35.00000000000006 35.00000000000005 35.00000000000005 35.00000000000004 35.000000000000036 35.00000000000004 35.000000000000064 35.00000000000007 35.00000000000002 35.0 34.99999999999997 34.99999999999995 34.999999999999964 34.999999999999964 34.99999999999997 34.999999999999964 34.99999999999996 34.999999999999915 34.99999999999989 34.99999999999992 34.99999999999992 34.99999999999992 34.99999999999995 34.99999999999998 34.99999999999997 34.99999999999996 34.99999999999996 34.99999999999995 34.999999999999915 34.9999999999999 34.999999999999915 34.999999999999936 34.999999999999936 34.999999999999915 34.999999999999915 34.99999999999994 34.999999999999915 34.99999999999993 34.9999999999999 34.99999999999986 34.99999999999981 34.9999999999998 34.999999999999766 34.99999999999973 34.99999999999968 34.99999999999963 34.99999999999962 34.999999999999595 34.999999999999574 34.99999999999954 34.9999999999995 34.99999999999946 
0.0 0.0 0.0 0.0 0.0 0.0 0.0 0.0 0.0 0.0 0.0 0.0 0.0 0.0 0.0 0.0 0.0 0.0 0.0 0.0 0.0 0.0 0.0 0.0 0.0 0.0 0.0 0.0 0.0 0.0 0.0 0.0 0.0 0.0 0.0 0.0 0.0 0.0 0.0 0.0 0.0 0.0 0.0 0.0 0.0 0.0 0.0 0.0 0.0 0.0 0.0 0.0 0.0 0.0 0.0 0.0 0.0 0.0 0.0 0.0 0.0 0.0 0.0 0.0 0.0 0.0 0.0 0.0 0.0 0.0 0.0 0.0 0.0 0.0 0.0 0.0 0.0 0.0 0.0 0.0 0.0 0.0 0.0 0.0 0.0 0.0 0.0 0.0 0.0 0.0 0.0 0.0 0.0 0.0 0.0 0.0 0.0 0.0 0.0 0.0 0.0 0.0 0.0 0.0 0.0 0.0 0.0 0.0 0.0 0.0 0.0 0.0 0.0 0.0 0.0 0.0 0.0 0.0 0.0 0.0 0.0 0.0 0.0 0.0 0.0 0.0 0.0 0.0 0.0 0.0 0.0 0.0 0.0 0.0 0.0 0.0 0.0 0.0 0.0 0.0 0.0 0.0 0.0 0.0 0.0 0.0 0.0 0.0 0.0 0.0 0.0 0.0 0.0 0.0 0.0 0.0 0.0 0.0 0.0 0.0 0.0 0.0 0.0 0.0 0.0 0.0 0.0 0.0 0.0 0.0 0.0 0.0 0.0 0.0 0.0 0.0 0.0 0.0 0.0 0.0 0.0 0.0 0.0 0.0 0.0 0.0 0.0 0.0 0.0 0.0 0.0 0.0 0.0 0.0 0.0 0.0 0.0 0.0 0.0 0.0 
0.0 0.0 0.0 0.0 0.0 0.0 0.0 0.0 0.0 0.0 0.0 0.0 0.0 0.0 0.0 0.0 0.0 0.0 0.0 0.0 0.0 0.0 0.0 0.0 0.0 0.0 0.0 0.0 0.0 0.0 0.0 0.0 0.0 0.0 0.0 0.0 0.0 0.0 0.0 0.0 0.0 0.0 0.0 0.0 0.0 0.0 0.0 0.0 0.0 0.0 0.0 0.0 0.0 0.0 0.0 0.0 0.0 0.0 0.0 0.0 0.0 0.0 0.0 0.0 0.0 0.0 0.0 0.0 0.0 0.0 0.0 0.0 0.0 0.0 0.0 0.0 0.0 0.0 0.0 0.0 0.0 0.0 0.0 0.0 0.0 0.0 0.0 0.0 0.0 0.0 0.0 0.0 0.0 0.0 0.0 0.0 0.0 0.0 0.0 0.0 0.0 0.0 0.0 0.0 0.0 0.0 0.0 0.0 0.0 0.0 0.0 0.0 0.0 0.0 0.0 0.0 0.0 0.0 0.0 0.0 0.0 0.0 0.0 0.0 0.0 0.0 0.0 0.0 0.0 0.0 0.0 0.0 0.0 0.0 0.0 0.0 0.0 0.0 0.0 0.0 0.0 0.0 0.0 0.0 0.0 0.0 0.0 0.0 0.0 0.0 0.0 0.0 0.0 0.0 0.0 0.0 0.0 0.0 0.0 0.0 0.0 0.0 0.0 0.0 0.0 0.0 0.0 0.0 0.0 0.0 0.0 0.0 0.0 0.0 0.0 0.0 0.0 0.0 0.0 0.0 0.0 0.0 0.0 0.0 0.0 0.0 0.0 0.0 0.0 0.0 0.0 0.0 0.0 0.0 0.0 0.0 0.0 0.0 0.0 0.0 
1900 1 17 0 0 0
14.475320351402686 14.477376625563542 14.478330504906523 14.478810291234735 14.478930686535103 14.47840814966752 13.846913063969467 13.250043281849655 12.74999339435916 12.251665063341747 12.002047443060986 12.000043439521649 12.00000388964947 12.000000816200691 12.000000274387592 12.000000122218951 12.000000065201338 12.000000039257682 12.000000025698936 12.00000001785036 12.000000012943065 12.000000009687561 12.000000007425779 12.000000005796027 12.00000000458914 12.000000003675202 12.000000002970156 12.000000002417481 12.000000001978702 12.000000001626727 12.00000000134153 12.000000001109152 12.000000000918455 12.000000000761379 12.000000000631479 12.000000000523743 12.00000000043416 12.000000000358948 12.000000000295943 12.000000000243244 12.000000000199268 12.000000000162682 12.000000000132326 12.000000000107248 12.00000000008659 12.000000000069644 12.000000000055802 12.000000000044523 12.00000000003538 12.000000000028004 12.000000000022077 12.000000000017318 12.000000000013529 12.000000000010523 12.000000000008152 12.000000000006283 12.00000000000482 12.00000000000368 12.0000000000028 12.000000000002123 12.00000000000161 12.0000000000012 12.000000000000895 12.00000000000066 12.000000000000483 12.00000000000035 12.00000000000026 12.000000000000183 12.000000000000128 12.000000000000092 12.000000000000073 12.000000000000055 12.000000000000043 12.000000000000039 12.000000000000034 12.00000000000003 12.000000000000037 12.000000000000037 12.000000000000027 12.00000000000002 12.00000000000002 12.000000000000027 12.00000000000003 12.000000000000023 12.000000000000018 12.000000000000012 12.000000000000014 12.000000000000012 12.000000000000012 12.00000000000002 12.000000000000023 12.00000000000003 12.00000000000003 12.000000000000036 12.000000000000032 12.000000000000016 12.000000000000009 12.000000000000007 12.00000000000001 12.00000000000001 12.000000000000007 12.0 12.0 11.999999999999998 12.000000000000012 12.000000000000012 12.0 12.000000000000002 12.000000000000014 12.000000000000021 12.000000000000012 12.00000000000001 12.000000000000004 12.000000000000007 12.00000000000001 12.000000000000007 12.000000000000009 12.000000000000016 12.000000000000027 12.000000000000037 12.000000000000037 12.00000000000004 12.000000000000039 12.00000000000004 12.000000000000032 12.000000000000027 12.000000000000025 12.000000000000025 12.000000000000012 12.000000000000014 12.000000000000016 12.000000000000012 12.000000000000009 12.000000000000016 12.000000000000027 12.000000000000028 12.000000000000028 12.000000000000034 12.000000000000032 12.000000000000027 12.00000000000002 12.000000000000023 12.000000000000027 12.000000000000016 12.00000000000001 12.000000000000014 12.000000000000014 12.00000000000001 12.000000000000009 12.000000000000005 12.000000000000009 12.0 11.999999999999998 11.999999999999996 12.0 12.000000000000004 12.0 11.999999999999998 12.00000000000001 12.000000000000012 12.000000000000004 12.000000000000009 12.000000000000012 12.000000000000012 12.000000000000012 11.999999999999998 11.999999999999995 11.999999999999998 12.0 11.999999999999998 12.000000000000002 12.000000000000007 11.999999999999998 11.999999999999991 11.99999999999999 11.999999999999986 11.999999999999979 11.999999999999979 11.999999999999988 11.999999999999984 11.99999999999998 11.999999999999973 11.999999999999968 11.999999999999956 11.999999999999947 11.999999999999943 11.999999999999943 11.999999999999941 11.999999999999936 11.999999999999927 11.99999999999992 11.999999999999915 11.9999999999999 11.999999999999888 11.999999999999888 11.999999999999883 11.999999999999881 11.999999999999886 11.999999999999886 11.999999999999877 
34.999999999999865 34.999999999999865 34.99999999999987 34.99999999999988 34.999999999999886 34.999999999999865 35.0 35.00000000000088 34.99999999999917 35.00000000000008 35.00000000000023 35.00000000000003 35.00000000000008 35.000000000000306 35.00000000000016 35.000000000000014 34.9999999999999 34.9999999999999 34.99999999999995 34.99999999999995 35.00000000000004 35.00000000000005 35.000000000000014 34.99999999999999 35.00000000000002 35.00000000000004 35.00000000000003 34.99999999999999 35.00000000000002 35.000000000000036 35.00000000000006 35.00000000000004 35.00000000000003 35.00000000000002 35.000000000000036 35.00000000000005 35.00000000000004 35.00000000000002 35.00000000000006 35.00000000000005 35.00000000000007 35.00000000000006 35.00000000000005 35.0 34.99999999999999 35.000000000000014 35.000000000000014 35.00000000000001 35.000000000000014 35.00000000000004 35.00000000000008 35.000000000000036 35.000000000000014 34.99999999999997 34.99999999999997 34.99999999999994 34.999999999999964 34.99999999999998 34.999999999999986 35.0 35.00000000000004 35.00000000000005 35.000000000000036 35.00000000000005 35.00000000000005 35.000000000000014 35.00000000000003 35.000000000000014 35.0 35.00000000000001 35.00000000000002 34.99999999999999 35.00000000000002 35.00000000000003 35.0 34.99999999999999 34.99999999999999 35.0 34.999999999999986 34.999999999999986 34.999999999999986 34.99999999999996 34.99999999999998 34.99999999999995 34.99999999999996 34.99999999999994 34.99999999999997 34.99999999999998 35.0 35.000000000000014 35.00000000000003 35.00000000000003 35.000000000000036 35.00000000000004 35.000000000000036 34.999999999999986 34.99999999999996 34.99999999999995 34.999999999999964 34.99999999999998 34.99999999999999 34.99999999999998 34.99999999999997 34.99999999999996 34.99999999999998 34.999999999999986 34.999999999999986 34.99999999999999 35.00000000000002 35.000000000000036 35.00000000000004 35.00000000000004 35.00000000000003 35.00000000000002 35.00000000000003 35.0 34.99999999999999 34.99999999999999 35.00000000000002 35.000000000000036 35.00000000000002 35.00000000000003 35.00000000000003 35.00000000000003 34.99999999999999 34.999999999999986 34.999999999999986 34.99999999999998 34.999999999999964 34.99999999999996 34.999999999999964 34.99999999999995 34.999999999999936 34.99999999999997 34.99999999999998 34.99999999999999 35.000000000000014 35.000000000000014 35.000000000000036 35.00000000000003 35.00000000000004 35.00000000000006 35.000000000000085 35.000000000000064 35.00000000000006 35.000000000000085 35.00000000000009 35.00000000000009 35.00000000000008 35.00000000000007 35.000000000000085 35.00000000000007 35.00000000000006 35.000000000000036 35.00000000000002 35.00000000000006 35.000000000000014 35.000000000000014 35.000000000000014 34.999999999999986 34.99999999999997 34.99999999999999 35.0 34.99999999999999 34.99999999999998 34.99999999999994 34.999999999999936 34.99999999999994 34.99999999999998 34.99999999999995 34.999999999999964 34.99999999999996 34.99999999999994 34.99999999999992 34.99999999999993 34.999999999999915 34.99999999999991 34.9999999999999 34.999999999999936 34.99999999999992 34.999999999999915 34.999999999999886 34.99999999999987 34.99999999999986 34.99999999999984 34.99999999999983 34.99999999999984 34.999999999999815 34.99999999999978 34.99999999999978 34.99999999999975 34.9999999999997 34.99999999999967 34.99999999999964 34.9999999999996 34.99999999999959 34.999999999999574 34.99999999999958 34.99999999999959 34.99999999999956 
0.0 0.0 0.0 0.0 0.0 0.0 0.0 0.0 0.0 0.0 0.0 0.0 0.0 0.0 0.0 0.0 0.0 0.0 0.0 0.0 0.0 0.0 0.0 0.0 0.0 0.0 0.0 0.0 0.0 0.0 0.0 0.0 0.0 0.0 0.0 0.0 0.0 0.0 0.0 0.0 0.0 0.0 0.0 0.0 0.0 0.0 0.0 0.0 0.0 0.0 0.0 0.0 0.0 0.0 0.0 0.0 0.0 0.0 0.0 0.0 0.0 0.0 0.0 0.0 0.0 0.0 0.0 0.0 0.0 0.0 0.0 0.0 0.0 0.0 0.0 0.0 0.0 0.0 0.0 0.0 0.0 0.0 0.0 0.0 0.0 0.0 0.0 0.0 0.0 0.0 0.0 0.0 0.0 0.0 0.0 0.0 0.0 0.0 0.0 0.0 0.0 0.0 0.0 0.0 0.0 0.0 0.0 0.0 0.0 0.0 0.0 0.0 0.0 0.0 0.0 0.0 0.0 0.0 0.0 0.0 0.0 0.0 0.0 0.0 0.0 0.0 0.0 0.0 0.0 0.0 0.0 0.0 0.0 0.0 0.0 0.0 0.0 0.0 0.0 0.0 0.0 0.0 0.0 0.0 0.0 0.0 0.0 0.0 0.0 0.0 0.0 0.0 0.0 0.0 0.0 0.0 0.0 0.0 0.0 0.0 0.0 0.0 0.0 0.0 0.0 0.0 0.0 0.0 0.0 0.0 0.0 0.0 0.0 0.0 0.0 0.0 0.0 0.0 0.0 0.0 0.0 0.0 0.0 0.0 0.0 0.0 0.0 0.0 0.0 0.0 0.0 0.0 0.0 0.0 0.0 0.0 0.0 0.0 0.0 0.0 
0.0 0.0 0.0 0.0 0.0 0.0 0.0 0.0 0.0 0.0 0.0 0.0 0.0 0.0 0.0 0.0 0.0 0.0 0.0 0.0 0.0 0.0 0.0 0.0 0.0 0.0 0.0 0.0 0.0 0.0 0.0 0.0 0.0 0.0 0.0 0.0 0.0 0.0 0.0 0.0 0.0 0.0 0.0 0.0 0.0 0.0 0.0 0.0 0.0 0.0 0.0 0.0 0.0 0.0 0.0 0.0 0.0 0.0 0.0 0.0 0.0 0.0 0.0 0.0 0.0 0.0 0.0 0.0 0.0 0.0 0.0 0.0 0.0 0.0 0.0 0.0 0.0 0.0 0.0 0.0 0.0 0.0 0.0 0.0 0.0 0.0 0.0 0.0 0.0 0.0 0.0 0.0 0.0 0.0 0.0 0.0 0.0 0.0 0.0 0.0 0.0 0.0 0.0 0.0 0.0 0.0 0.0 0.0 0.0 0.0 0.0 0.0 0.0 0.0 0.0 0.0 0.0 0.0 0.0 0.0 0.0 0.0 0.0 0.0 0.0 0.0 0.0 0.0 0.0 0.0 0.0 0.0 0.0 0.0 0.0 0.0 0.0 0.0 0.0 0.0 0.0 0.0 0.0 0.0 0.0 0.0 0.0 0.0 0.0 0.0 0.0 0.0 0.0 0.0 0.0 0.0 0.0 0.0 0.0 0.0 0.0 0.0 0.0 0.0 0.0 0.0 0.0 0.0 0.0 0.0 0.0 0.0 0.0 0.0 0.0 0.0 0.0 0.0 0.0 0.0 0.0 0.0 0.0 0.0 0.0 0.0 0.0 0.0 0.0 0.0 0.0 0.0 0.0 0.0 0.0 0.0 0.0 0.0 0.0 0.0 
1900 1 18 0 0 0
14.448488947028533 14.450545593385272 14.451499667349685 14.451979632998254 14.452100278435259 14.451585198521064 13.880603989794412 13.250087939232783 12.749993370333687 12.251768851164162 12.002173570111063 12.000047636596738 12.000004318758736 12.000000910926255 12.000000306771623 12.000000136642928 12.00000007284669 12.000000043833625 12.000000028688511 12.000000019933374 12.000000014465794 12.000000010841813 12.000000008325353 12.000000006512323 12.000000005168031 12.00000000414902 12.000000003362015 12.000000002744597 12.000000002253698 12.000000001859062 12.000000001539131 12.000000001277694 12.000000001062707 12.000000000885066 12.00000000073781 12.00000000061529 12.000000000513072 12.000000000427402 12.000000000355163 12.000000000294351 12.000000000243265 12.00000000020042 12.000000000164608 12.000000000134738 12.000000000109925 12.000000000089367 12.000000000072383 12.000000000058407 12.000000000046947 12.000000000037595 12.00000000002999 12.000000000023833 12.000000000018868 12.000000000014872 12.00000000001167 12.000000000009132 12.000000000007118 12.000000000005526 12.000000000004269 12.000000000003276 12.000000000002501 12.000000000001911 12.000000000001453 12.0000000000011 12.000000000000826 12.000000000000616 12.000000000000464 12.000000000000332 12.000000000000238 12.000000000000176 12.00000000000012 12.00000000000009 12.000000000000066 12.000000000000039 12.00000000000003 12.000000000000025 12.000000000000027 12.000000000000036 12.00000000000004 12.000000000000039 12.00000000000003 12.000000000000023 12.000000000000014 12.0 12.000000000000002 12.0 11.999999999999991 11.999999999999988 12.0 12.000000000000007 12.000000000000002 12.0 12.0 12.000000000000002 12.000000000000005 12.000000000000018 12.000000000000027 12.00000000000003 12.000000000000021 12.000000000000018 12.000000000000018 12.000000000000005 11.999999999999995 11.999999999999998 12.0 12.000000000000009 12.00000000000001 12.00000000000001 12.000000000000004 12.000000000000009 12.000000000000012 12.000000000000012 12.000000000000021 12.00000000000002 12.000000000000014 12.000000000000005 12.000000000000004 12.000000000000007 12.000000000000018 12.000000000000027 12.000000000000032 12.000000000000037 12.000000000000039 12.000000000000034 12.000000000000027 12.00000000000003 12.000000000000023 12.000000000000023 12.000000000000023 12.000000000000023 12.000000000000025 12.000000000000028 12.000000000000039 12.000000000000039 12.000000000000039 12.000000000000032 12.000000000000027 12.000000000000016 12.00000000000002 12.000000000000027 12.000000000000034 12.000000000000028 12.000000000000027 12.000000000000021 12.00000000000002 12.000000000000014 12.00000000000001 11.999999999999998 11.999999999999995 11.999999999999996 12.000000000000002 11.999999999999993 12.0 12.000000000000002 12.000000000000005 12.0 12.0 12.000000000000007 12.000000000000007 12.000000000000012 12.000000000000012 12.000000000000012 12.00000000000001 12.00000000000001 12.000000000000012 12.000000000000012 12.00000000000001 12.000000000000007 12.000000000000004 12.0 11.99999999999999 11.99999999999999 11.999999999999986 11.999999999999984 11.999999999999984 11.999999999999988 11.999999999999991 11.999999999999988 11.999999999999986 11.999999999999988 11.999999999999975 11.99999999999996 11.999999999999957 11.999999999999948 11.999999999999947 11.999999999999947 11.999999999999945 11.999999999999945 11.999999999999932 11.999999999999915 11.999999999999911 11.999999999999904 11.999999999999895 11.999999999999893 11.999999999999897 11.999999999999895 11.999999999999904 11.999999999999902 11.999999999999893 11.999999999999881 
34.99999999999989 34.99999999999989 34.99999999999989 34.9999999999999 34.99999999999991 34.99999999999988 34.99999999999993 35.000000000000895 34.999999999999275 35.00000000000006 35.00000000000019 34.999999999999986 35.000000000000036 35.000000000000306 35.00000000000013 35.00000000000005 34.99999999999998 34.999999999999986 34.999999999999964 35.00000000000003 35.00000000000002 35.00000000000004 35.00000000000004 34.99999999999999 34.99999999999995 34.99999999999994 34.99999999999999 34.999999999999964 34.99999999999998 34.999999999999986 35.000000000000014 35.000000000000014 35.00000000000002 35.000000000000036 35.00000000000004 35.00000000000005 35.000000000000036 35.0 34.99999999999999 34.99999999999998 34.99999999999998 35.0 35.00000000000001 34.99999999999998 35.0 35.000000000000014 35.000000000000014 34.99999999999999 34.99999999999998 34.99999999999996 34.99999999999995 34.99999999999996 34.99999999999994 34.99999999999993 34.9999999999999 34.99999999999995 34.99999999999998 34.99999999999998 35.00000000000002 35.000000000000036 35.0 35.00000000000002 35.00000000000003 35.00000000000004 35.00000000000002 35.000000000000064 35.000000000000064 35.000000000000036 35.000000000000036 35.00000000000003 35.000000000000014 35.00000000000003 35.00000000000002 34.99999999999999 34.99999999999998 34.99999999999996 34.99999999999997 35.0 35.00000000000002 34.99999999999999 34.99999999999999 34.999999999999936 34.99999999999993 34.99999999999991 34.99999999999992 34.999999999999936 34.999999999999936 34.99999999999993 34.999999999999936 34.999999999999936 34.99999999999993 34.99999999999992 34.9999999999999 34.99999999999993 34.999999999999915 34.99999999999993 34.999999999999986 34.999999999999986 35.0 35.000000000000014 35.00000000000001 34.99999999999998 34.999999999999964 34.99999999999996 34.99999999999997 35.00000000000002 35.00000000000004 35.000000000000036 35.00000000000004 35.00000000000004 35.00000000000007 35.00000000000011 35.00000000000009 35.00000000000008 35.00000000000005 35.000000000000036 35.00000000000003 35.000000000000014 35.00000000000001 34.99999999999999 35.00000000000002 35.0 35.000000000000014 35.000000000000014 34.999999999999964 34.99999999999998 34.99999999999997 34.999999999999964 34.99999999999998 35.0 35.00000000000001 35.00000000000002 35.000000000000036 35.000000000000036 35.00000000000005 35.00000000000004 35.00000000000003 34.99999999999998 34.99999999999999 35.0 35.00000000000003 35.000000000000036 35.00000000000006 35.00000000000007 35.0000000000001 35.00000000000008 35.00000000000005 35.0 35.0 35.000000000000014 35.00000000000003 35.00000000000003 35.000000000000036 35.000000000000036 35.000000000000036 35.00000000000004 35.00000000000005 35.00000000000005 35.00000000000005 35.00000000000006 35.00000000000005 35.000000000000036 35.00000000000001 34.99999999999999 35.0 35.000000000000036 34.99999999999999 34.99999999999998 35.0 35.0 34.999999999999986 34.99999999999994 34.99999999999992 34.9999999999999 34.999999999999936 34.99999999999995 34.99999999999996 34.99999999999995 34.99999999999994 34.999999999999936 34.99999999999992 34.99999999999989 34.99999999999989 34.99999999999987 34.999999999999865 34.99999999999986 34.99999999999985 34.999999999999865 34.999999999999815 34.99999999999978 34.999999999999744 34.99999999999973 34.99999999999971 34.99999999999969 34.99999999999967 34.99999999999965 34.999999999999645 34.99999999999964 34.999999999999616 34.999999999999574 
0.0 0.0 0.0 0.0 0.0 0.0 0.0 0.0 0.0 0.0 0.0 0.0 0.0 0.0 0.0 0.0 0.0 0.0 0.0 0.0 0.0 0.0 0.0 0.0 0.0 0.0 0.0 0.0 0.0 0.0 0.0 0.0 0.0 0.0 0.0 0.0 0.0 0.0 0.0 0.0 0.0 0.0 0.0 0.0 0.0 0.0 0.0 0.0 0.0 0.0 0.0 0.0 0.0 0.0 0.0 0.0 0.0 0.0 0.0 0.0 0.0 0.0 0.0 0.0 0.0 0.0 0.0 0.0 0.0 0.0 0.0 0.0 0.0 0.0 0.0 0.0 0.0 0.0 0.0 0.0 0.0 0.0 0.0 0.0 0.0 0.0 0.0 0.0 0.0 0.0 0.0 0.0 0.0 0.0 0.0 0.0 0.0 0.0 0.0 0.0 0.0 0.0 0.0 0.0 0.0 0.0 0.0 0.0 0.0 0.0 0.0 0.0 0.0 0.0 0.0 0.0 0.0 0.0 0.0 0.0 0.0 0.0 0.0 0.0 0.0 0.0 0.0 0.0 0.0 0.0 0.0 0.0 0.0 0.0 0.0 0.0 0.0 0.0 0.0 0.0 0.0 0.0 0.0 0.0 0.0 0.0 0.0 0.0 0.0 0.0 0.0 0.0 0.0 0.0 0.0 0.0 0.0 0.0 0.0 0.0 0.0 0.0 0.0 0.0 0.0 0.0 0.0 0.0 0.0 0.0 0.0 0.0 0.0 0.0 0.0 0.0 0.0 0.0 0.0 0.0 0.0 0.0 0.0 0.0 0.0 0.0 0.0 0.0 0.0 0.0 0.0 0.0 0.0 0.0 0.0 0.0 0.0 0.0 0.0 0.0 
0.0 0.0 0.0 0.0 0.0 0.0 0.0 0.0 0.0 0.0 0.0 0.0 0.0 0.0 0.0 0.0 0.0 0.0 0.0 0.0 0.0 0.0 0.0 0.0 0.0 0.0 0.0 0.0 0.0 0.0 0.0 0.0 0.0 0.0 0.0 0.0 0.0 0.0 0.0 0.0 0.0 0.0 0.0 0.0 0.0 0.0 0.0 0.0 0.0 0.0 0.0 0.0 0.0 0.0 0.0 0.0 0.0 0.0 0.0 0.0 0.0 0.0 0.0 0.0 0.0 0.0 0.0 0.0 0.0 0.0 0.0 0.0 0.0 0.0 0.0 0.0 0.0 0.0 0.0 0.0 0.0 0.0 0.0 0.0 0.0 0.0 0.0 0.0 0.0 0.0 0.0 0.0 0.0 0.0 0.0 0.0 0.0 0.0 0.0 0.0 0.0 0.0 0.0 0.0 0.0 0.0 0.0 0.0 0.0 0.0 0.0 0.0 0.0 0.0 0.0 0.0 0.0 0.0 0.0 0.0 0.0 0.0 0.0 0.0 0.0 0.0 0.0 0.0 0.0 0.0 0.0 0.0 0.0 0.0 0.0 0.0 0.0 0.0 0.0 0.0 0.0 0.0 0.0 0.0 0.0 0.0 0.0 0.0 0.0 0.0 0.0 0.0 0.0 0.0 0.0 0.0 0.0 0.0 0.0 0.0 0.0 0.0 0.0 0.0 0.0 0.0 0.0 0.0 0.0 0.0 0.0 0.0 0.0 0.0 0.0 0.0 0.0 0.0 0.0 0.0 0.0 0.0 0.0 0.0 0.0 0.0 0.0 0.0 0.0 0.0 0.0 0.0 0.0 0.0 0.0 0.0 0.0 0.0 0.0 0.0 
1900 1 19 0 0 0
14.42166813194989 14.423725069779037 14.424679279827947 14.425159375686922 14.425280260666172 14.424773418094507 13.914217913271239 13.250146068426023 12.749993409417709 12.251872606354961 12.002299526845214 12.000051966784943 12.000004766830196 12.000001010347862 12.000000340835882 12.000000151821451 12.000000080885265 12.000000048637382 12.000000031821381 12.00000002211307 12.000000016057406 12.000000012047646 12.000000009265198 12.000000007261267 12.000000005774274 12.000000004646017 12.000000003773918 12.000000003089013 12.000000002543876 12.00000000210522 12.000000001748843 12.000000001457158 12.000000001216728 12.00000000101768 12.0000000008521 12.000000000713975 12.000000000598396 12.000000000501453 12.000000000419606 12.000000000350298 12.0000000002917 12.000000000242276 12.000000000200636 12.000000000165672 12.000000000136374 12.000000000111893 12.000000000091516 12.000000000074587 12.000000000060592 12.000000000049047 12.00000000003956 12.000000000031784 12.000000000025446 12.000000000020297 12.000000000016131 12.000000000012774 12.000000000010074 12.000000000007912 12.000000000006192 12.000000000004828 12.000000000003737 12.000000000002887 12.00000000000222 12.000000000001696 12.000000000001295 12.000000000000982 12.000000000000743 12.00000000000056 12.00000000000042 12.00000000000031 12.000000000000236 12.000000000000172 12.00000000000013 12.000000000000103 12.000000000000076 12.000000000000062 12.000000000000043 12.000000000000028 12.000000000000032 12.000000000000036 12.000000000000034 12.000000000000028 12.000000000000023 12.000000000000009 12.0 11.999999999999982 11.999999999999984 11.999999999999986 11.999999999999995 12.0 12.00000000000001 12.000000000000012 12.00000000000001 12.000000000000016 12.000000000000009 12.000000000000009 12.000000000000004 12.00000000000001 12.000000000000016 12.000000000000014 12.000000000000007 12.000000000000004 12.000000000000012 12.000000000000016 12.000000000000009 12.0 11.999999999999986 11.999999999999988 11.999999999999998 12.000000000000002 12.000000000000004 12.0 12.0 11.99999999999999 11.999999999999986 11.99999999999999 12.000000000000004 12.000000000000012 12.000000000000012 12.000000000000012 12.000000000000012 12.000000000000009 12.000000000000014 12.000000000000021 12.000000000000025 12.000000000000034 12.000000000000037 12.000000000000036 12.00000000000004 12.000000000000043 12.000000000000032 12.000000000000036 12.000000000000034 12.000000000000039 12.00000000000003 12.000000000000025 12.000000000000014 12.000000000000007 12.000000000000005 12.000000000000002 12.000000000000002 12.000000000000004 12.000000000000012 12.000000000000012 12.000000000000012 12.000000000000009 12.000000000000004 11.999999999999998 12.0 11.999999999999991 12.000000000000002 12.000000000000005 12.000000000000004 12.000000000000007 12.000000000000014 12.000000000000012 12.000000000000002 11.999999999999996 11.999999999999996 12.000000000000012 12.000000000000012 12.000000000000002 11.999999999999988 11.99999999999999 12.000000000000002 12.000000000000002 12.000000000000009 12.000000000000007 12.000000000000002 11.999999999999993 11.999999999999996 11.999999999999996 11.999999999999995 11.999999999999996 11.999999999999996 12.0 12.00000000000001 12.000000000000005 11.999999999999998 11.999999999999988 11.999999999999973 11.99999999999996 11.99999999999995 11.999999999999947 11.999999999999947 11.99999999999995 11.999999999999941 11.999999999999929 11.99999999999992 11.999999999999913 11.99999999999992 11.999999999999904 11.9999999999999 11.999999999999904 11.999999999999902 11.999999999999904 11.999999999999897 11.999999999999892 11.999999999999877 11.999999999999872 
34.99999999999986 34.99999999999986 34.99999999999986 34.99999999999985 34.99999999999985 34.99999999999984 34.999999999999886 35.0000000000008 34.99999999999918 35.00000000000001 35.00000000000017 35.00000000000003 35.00000000000011 35.0000000000003 35.00000000000008 34.99999999999994 34.99999999999997 35.000000000000036 35.000000000000036 35.00000000000002 34.99999999999997 34.999999999999915 34.999999999999964 34.99999999999998 34.999999999999986 35.00000000000001 35.000000000000036 34.99999999999998 34.99999999999996 34.99999999999996 35.00000000000002 35.00000000000002 35.000000000000036 35.000000000000014 35.00000000000004 35.00000000000004 35.00000000000003 35.00000000000003 34.99999999999999 34.99999999999996 34.99999999999997 34.99999999999999 35.0 35.000000000000014 35.00000000000002 35.0 34.999999999999986 34.99999999999995 34.99999999999997 34.999999999999964 34.99999999999996 34.99999999999995 34.99999999999997 34.999999999999986 34.999999999999986 35.00000000000002 35.00000000000001 34.999999999999986 34.999999999999986 35.00000000000001 34.999999999999986 35.0 35.00000000000001 35.000000000000014 35.00000000000006 35.00000000000005 35.00000000000004 35.00000000000002 35.0 35.0 35.00000000000004 35.00000000000002 35.00000000000002 35.000000000000036 35.00000000000001 34.99999999999996 34.99999999999995 34.99999999999993 34.99999999999993 34.99999999999996 34.99999999999996 34.99999999999994 34.999999999999964 34.99999999999993 34.99999999999991 34.99999999999989 34.999999999999865 34.99999999999985 34.99999999999987 34.99999999999989 34.99999999999992 34.999999999999936 34.999999999999936 34.999999999999964 34.99999999999995 34.99999999999996 34.999999999999964 34.99999999999998 35.00000000000001 34.99999999999999 34.999999999999964 34.999999999999936 34.99999999999996 34.999999999999964 34.99999999999996 34.999999999999964 34.99999999999997 35.0 35.000000000000014 35.000000000000036 35.00000000000003 35.00000000000001 34.99999999999998 34.99999999999997 34.99999999999997 34.99999999999999 34.999999999999986 34.999999999999986 34.99999999999997 34.999999999999964 34.999999999999964 34.99999999999997 34.999999999999986 34.99999999999997 34.999999999999986 35.000000000000014 35.000000000000014 35.00000000000001 35.00000000000003 35.000000000000036 34.99999999999998 34.999999999999986 35.0 35.0 34.999999999999986 34.99999999999995 34.999999999999964 34.99999999999997 34.999999999999964 34.99999999999998 34.999999999999964 34.999999999999986 35.00000000000001 35.00000000000002 35.00000000000003 35.00000000000001 35.000000000000014 35.00000000000003 35.00000000000003 35.000000000000014 35.00000000000004 35.00000000000006 35.00000000000004 35.000000000000036 35.00000000000004 35.000000000000036 35.00000000000003 35.00000000000002 35.0 34.99999999999999 35.00000000000001 34.99999999999997 34.99999999999997 34.999999999999986 35.00000000000001 35.000000000000014 35.000000000000036 35.000000000000014 34.99999999999997 34.99999999999993 34.99999999999993 34.99999999999992 34.999999999999936 34.99999999999994 34.99999999999994 34.99999999999996 34.999999999999964 34.999999999999936 34.99999999999995 34.99999999999993 34.99999999999992 34.99999999999991 34.99999999999988 34.99999999999986 34.99999999999988 34.99999999999991 34.99999999999986 34.99999999999978 34.999999999999744 34.99999999999974 34.99999999999974 34.999999999999716 34.999999999999694 34.99999999999969 34.99999999999965 34.99999999999964 34.99999999999961 34.99999999999959 34.99999999999959 34.99999999999956 
0.0 0.0 0.0 0.0 0.0 0.0 0.0 0.0 0.0 0.0 0.0 0.0 0.0 0.0 0.0 0.0 0.0 0.0 0.0 0.0 0.0 0.0 0.0 0.0 0.0 0.0 0.0 0.0 0.0 0.0 0.0 0.0 0.0 0.0 0.0 0.0 0.0 0.0 0.0 0.0 0.0 0.0 0.0 0.0 0.0 0.0 0.0 0.0 0.0 0.0 0.0 0.0 0.0 0.0 0.0 0.0 0.0 0.0 0.0 0.0 0.0 0.0 0.0 0.0 0.0 0.0 0.0 0.0 0.0 0.0 0.0 0.0 0.0 0.0 0.0 0.0 0.0 0.0 0.0 0.0 0.0 0.0 0.0 0.0 0.0 0.0 0.0 0.0 0.0 0.0 0.0 0.0 0.0 0.0 0.0 0.0 0.0 0.0 0.0 0.0 0.0 0.0 0.0 0.0 0.0 0.0 0.0 0.0 0.0 0.0 0.0 0.0 0.0 0.0 0.0 0.0 0.0 0.0 0.0 0.0 0.0 0.0 0.0 0.0 0.0 0.0 0.0 0.0 0.0 0.0 0.0 0.0 0.0 0.0 0.0 0.0 0.0 0.0 0.0 0.0 0.0 0.0 0.0 0.0 0.0 0.0 0.0 0.0 0.0 0.0 0.0 0.0 0.0 0.0 0.0 0.0 0.0 0.0 0.0 0.0 0.0 0.0 0.0 0.0 0.0 0.0 0.0 0.0 0.0 0.0 0.0 0.0 0.0 0.0 0.0 0.0 0.0 0.0 0.0 0.0 0.0 0.0 0.0 0.0 0.0 0.0 0.0 0.0 0.0 0.0 0.0 0.0 0.0 0.0 0.0 0.0 0.0 0.0 0.0 0.0 
0.0 0.0 0.0 0.0 0.0 0.0 0.0 0.0 0.0 0.0 0.0 0.0 0.0 0.0 0.0 0.0 0.0 0.0 0.0 0.0 0.0 0.0 0.0 0.0 0.0 0.0 0.0 0.0 0.0 0.0 0.0 0.0 0.0 0.0 0.0 0.0 0.0 0.0 0.0 0.0 0.0 0.0 0.0 0.0 0.0 0.0 0.0 0.0 0.0 0.0 0.0 0.0 0.0 0.0 0.0 0.0 0.0 0.0 0.0 0.0 0.0 0.0 0.0 0.0 0.0 0.0 0.0 0.0 0.0 0.0 0.0 0.0 0.0 0.0 0.0 0.0 0.0 0.0 0.0 0.0 0.0 0.0 0.0 0.0 0.0 0.0 0.0 0.0 0.0 0.0 0.0 0.0 0.0 0.0 0.0 0.0 0.0 0.0 0.0 0.0 0.0 0.0 0.0 0.0 0.0 0.0 0.0 0.0 0.0 0.0 0.0 0.0 0.0 0.0 0.0 0.0 0.0 0.0 0.0 0.0 0.0 0.0 0.0 0.0 0.0 0.0 0.0 0.0 0.0 0.0 0.0 0.0 0.0 0.0 0.0 0.0 0.0 0.0 0.0 0.0 0.0 0.0 0.0 0.0 0.0 0.0 0.0 0.0 0.0 0.0 0.0 0.0 0.0 0.0 0.0 0.0 0.0 0.0 0.0 0.0 0.0 0.0 0.0 0.0 0.0 0.0 0.0 0.0 0.0 0.0 0.0 0.0 0.0 0.0 0.0 0.0 0.0 0.0 0.0 0.0 0.0 0.0 0.0 0.0 0.0 0.0 0.0 0.0 0.0 0.0 0.0 0.0 0.0 0.0 0.0 0.0 0.0 0.0 0.0 0.0 
1900 1 20 0 0 0
14.39485868001573 14.396915800810676 14.397870068667302 14.39835022948651 14.398471340138235 14.39797376275529 13.947750310466665 13.250217570178368 12.74999351705143 12.25197632889451 12.002425316960942 12.000056426769394 12.00000523360526 12.000001114423599 12.00000037657018 12.000000167751642 12.00000008931615 12.000000053668657 12.000000035097642 12.000000024389111 12.000000017717722 12.000000013304705 12.000000010244653 12.00000000804177 12.000000006407303 12.000000005165736 12.000000004205273 12.000000003450445 12.000000002849026 12.000000002364445 12.000000001970292 12.00000000164702 12.000000001380283 12.000000001158803 12.00000000097421 12.000000000819709 12.000000000690095 12.000000000581027 12.000000000489127 12.000000000410955 12.000000000344526 12.000000000288155 12.00000000024041 12.00000000020002 12.000000000165963 12.000000000137316 12.000000000113271 12.00000000009315 12.000000000076353 12.000000000062377 12.000000000050795 12.000000000041226 12.000000000033351 12.000000000026875 12.000000000021577 12.00000000001727 12.000000000013781 12.000000000010951 12.000000000008676 12.000000000006844 12.00000000000538 12.00000000000421 12.00000000000327 12.000000000002538 12.00000000000196 12.000000000001508 12.000000000001151 12.00000000000087 12.00000000000066 12.000000000000497 12.000000000000377 12.000000000000288 12.000000000000215 12.000000000000158 12.000000000000117 12.000000000000094 12.000000000000078 12.000000000000064 12.000000000000052 12.000000000000052 12.000000000000046 12.000000000000027 12.000000000000012 12.00000000000001 12.000000000000004 12.0 12.0 11.999999999999991 11.999999999999996 11.999999999999995 11.999999999999993 12.000000000000005 12.000000000000012 12.000000000000012 12.000000000000009 12.000000000000012 12.000000000000012 12.000000000000002 12.000000000000002 12.000000000000004 12.000000000000004 12.000000000000002 12.000000000000005 12.0 11.999999999999996 12.0 12.0 11.999999999999996 11.999999999999993 11.999999999999998 11.999999999999998 12.0 11.999999999999988 11.999999999999988 11.999999999999986 12.0 12.000000000000007 12.000000000000014 12.000000000000018 12.000000000000027 12.000000000000028 12.000000000000027 12.000000000000028 12.00000000000003 12.000000000000037 12.00000000000004 12.000000000000046 12.000000000000048 12.00000000000004 12.000000000000043 12.00000000000005 12.000000000000039 12.000000000000036 12.000000000000021 12.000000000000025 12.000000000000025 12.00000000000002 12.00000000000002 12.000000000000016 12.000000000000012 12.000000000000012 12.000000000000002 11.999999999999993 11.99999999999999 11.999999999999991 12.000000000000002 12.0 11.999999999999998 11.999999999999998 11.999999999999996 12.000000000000009 12.000000000000018 12.000000000000002 11.999999999999998 12.0 11.999999999999998 12.0 12.000000000000004 12.000000000000004 11.999999999999996 11.999999999999988 11.999999999999982 11.999999999999988 11.999999999999993 11.99999999999999 11.999999999999998 12.000000000000002 12.000000000000004 12.000000000000002 12.0 12.000000000000005 12.000000000000004 11.999999999999996 11.999999999999998 12.000000000000002 12.000000000000004 12.0 11.999999999999996 11.999999999999986 11.999999999999984 11.999999999999982 11.999999999999968 11.99999999999996 11.999999999999954 11.99999999999995 11.999999999999952 11.999999999999941 11.999999999999934 11.99999999999993 11.999999999999922 11.999999999999917 11.999999999999913 11.999999999999908 11.999999999999902 11.99999999999989 11.999999999999885 11.999999999999869 11.999999999999861 11.999999999999856 11.99999999999985 
34.99999999999982 34.99999999999983 34.99999999999983 34.99999999999984 34.99999999999984 34.99999999999983 34.99999999999991 35.00000000000074 34.999999999999154 35.000000000000156 35.00000000000021 35.00000000000007 35.000000000000114 35.00000000000019 35.0 35.000000000000064 35.000000000000064 35.0 34.99999999999999 35.000000000000014 34.99999999999999 34.999999999999964 34.999999999999964 35.0 34.99999999999997 35.0 34.999999999999986 34.99999999999999 34.99999999999998 34.999999999999964 34.999999999999964 35.000000000000014 35.0 34.99999999999996 34.99999999999997 35.0 34.99999999999998 34.99999999999997 34.99999999999996 34.99999999999998 34.99999999999999 34.999999999999986 34.99999999999999 35.000000000000014 35.000000000000014 35.00000000000004 35.00000000000005 35.000000000000036 35.000000000000014 35.0 34.99999999999998 34.99999999999996 34.99999999999998 34.99999999999997 34.99999999999995 34.99999999999995 34.99999999999998 34.99999999999997 34.999999999999986 34.99999999999999 34.999999999999986 35.00000000000002 35.00000000000003 35.0 35.00000000000001 35.00000000000001 35.00000000000002 35.0 34.99999999999999 34.99999999999999 34.999999999999986 34.999999999999986 35.00000000000001 35.0 35.00000000000001 34.99999999999999 35.00000000000002 35.00000000000002 34.999999999999964 34.99999999999994 34.99999999999994 34.99999999999994 34.999999999999915 34.99999999999992 34.999999999999915 34.99999999999992 34.99999999999993 34.99999999999993 34.999999999999915 34.99999999999991 34.999999999999886 34.999999999999915 34.99999999999995 34.999999999999986 34.99999999999998 34.99999999999998 35.000000000000014 35.00000000000002 35.00000000000001 35.00000000000003 35.00000000000002 35.000000000000014 35.00000000000003 35.00000000000001 34.99999999999997 34.999999999999964 34.999999999999986 34.999999999999986 34.999999999999964 34.99999999999997 34.99999999999997 34.99999999999996 34.99999999999995 34.99999999999994 34.999999999999964 34.999999999999986 35.000000000000014 35.000000000000036 35.000000000000036 35.00000000000005 35.000000000000064 35.00000000000006 35.00000000000003 35.000000000000014 35.00000000000004 35.00000000000005 35.00000000000004 35.00000000000003 35.00000000000001 35.0 35.00000000000003 35.00000000000001 35.00000000000001 34.999999999999964 34.99999999999997 34.999999999999986 34.99999999999996 34.99999999999998 35.0 35.00000000000001 35.000000000000014 34.99999999999999 34.99999999999996 34.99999999999996 34.999999999999986 34.99999999999999 34.99999999999998 35.00000000000001 35.00000000000005 35.00000000000008 35.000000000000085 35.00000000000011 35.00000000000005 35.00000000000003 35.00000000000004 35.00000000000003 35.00000000000002 35.00000000000003 35.00000000000003 34.99999999999999 34.99999999999994 34.999999999999936 34.999999999999964 34.99999999999998 34.99999999999998 35.0 35.00000000000002 35.000000000000014 34.99999999999999 34.999999999999986 34.99999999999999 34.999999999999964 34.99999999999994 34.99999999999994 34.999999999999964 34.99999999999997 34.99999999999995 34.999999999999936 34.99999999999991 34.999999999999886 34.999999999999915 34.99999999999988 34.99999999999989 34.9999999999999 34.99999999999989 34.999999999999886 34.99999999999986 34.99999999999984 34.999999999999815 34.999999999999794 34.99999999999977 34.99999999999975 34.99999999999974 34.99999999999969 34.999999999999666 34.99999999999963 34.999999999999574 34.999999999999545 34.999999999999524 34.99999999999949 
0.0 0.0 0.0 0.0 0.0 0.0 0.0 0.0 0.0 0.0 0.0 0.0 0.0 0.0 0.0 0.0 0.0 0.0 0.0 0.0 0.0 0.0 0.0 0.0 0.0 0.0 0.0 0.0 0.0 0.0 0.0 0.0 0.0 0.0 0.0 0.0 0.0 0.0 0.0 0.0 0.0 0.0 0.0 0.0 0.0 0.0 0.0 0.0 0.0 0.0 0.0 0.0 0.0 0.0 0.0 0.0 0.0 0.0 0.0 0.0 0.0 0.0 0.0 0.0 0.0 0.0 0.0 0.0 0.0 0.0 0.0 0.0 0.0 0.0 0.0 0.0 0.0 0.0 0.0 0.0 0.0 0.0 0.0 0.0 0.0 0.0 0.0 0.0 0.0 0.0 0.0 0.0 0.0 0.0 0.0 0.0 0.0 0.0 0.0 0.0 0.0 0.0 0.0 0.0 0.0 0.0 0.0 0.0 0.0 0.0 0.0 0.0 0.0 0.0 0.0 0.0 0.0 0.0 0.0 0.0 0.0 0.0 0.0 0.0 0.0 0.0 0.0 0.0 0.0 0.0 0.0 0.0 0.0 0.0 0.0 0.0 0.0 0.0 0.0 0.0 0.0 0.0 0.0 0.0 0.0 0.0 0.0 0.0 0.0 0.0 0.0 0.0 0.0 0.0 0.0 0.0 0.0 0.0 0.0 0.0 0.0 0.0 0.0 0.0 0.0 0.0 0.0 0.0 0.0 0.0 0.0 0.0 0.0 0.0 0.0 0.0 0.0 0.0 0.0 0.0 0.0 0.0 0.0 0.0 0.0 0.0 0.0 0.0 0.0 0.0 0.0 0.0 0.0 0.0 0.0 0.0 0.0 0.0 0.0 0.0 
0.0 0.0 0.0 0.0 0.0 0.0 0.0 0.0 0.0 0.0 0.0 0.0 0.0 0.0 0.0 0.0 0.0 0.0 0.0 0.0 0.0 0.0 0.0 0.0 0.0 0.0 0.0 0.0 0.0 0.0 0.0 0.0 0.0 0.0 0.0 0.0 0.0 0.0 0.0 0.0 0.0 0.0 0.0 0.0 0.0 0.0 0.0 0.0 0.0 0.0 0.0 0.0 0.0 0.0 0.0 0.0 0.0 0.0 0.0 0.0 0.0 0.0 0.0 0.0 0.0 0.0 0.0 0.0 0.0 0.0 0.0 0.0 0.0 0.0 0.0 0.0 0.0 0.0 0.0 0.0 0.0 0.0 0.0 0.0 0.0 0.0 0.0 0.0 0.0 0.0 0.0 0.0 0.0 0.0 0.0 0.0 0.0 0.0 0.0 0.0 0.0 0.0 0.0 0.0 0.0 0.0 0.0 0.0 0.0 0.0 0.0 0.0 0.0 0.0 0.0 0.0 0.0 0.0 0.0 0.0 0.0 0.0 0.0 0.0 0.0 0.0 0.0 0.0 0.0 0.0 0.0 0.0 0.0 0.0 0.0 0.0 0.0 0.0 0.0 0.0 0.0 0.0 0.0 0.0 0.0 0.0 0.0 0.0 0.0 0.0 0.0 0.0 0.0 0.0 0.0 0.0 0.0 0.0 0.0 0.0 0.0 0.0 0.0 0.0 0.0 0.0 0.0 0.0 0.0 0.0 0.0 0.0 0.0 0.0 0.0 0.0 0.0 0.0 0.0 0.0 0.0 0.0 0.0 0.0 0.0 0.0 0.0 0.0 0.0 0.0 0.0 0.0 0.0 0.0 0.0 0.0 0.0 0.0 0.0 0.0 
1900 1 21 0 0 0
14.36806162936042 14.370118782144761 14.371072999625202 14.37155313602519 14.371674453968986 14.371187544271793 13.981195082773997 13.250302347592026 12.74999369862613 12.252080018766698 12.002550943869965 12.000061013494038 12.000005718844335 12.000001223114626 12.00000041396496 12.00000018443057 12.000000098138544 12.000000058927123 12.000000038517127 12.000000026761409 12.000000019446356 12.000000014612564 12.00000001126346 12.00000000885374 12.00000000706649 12.000000005707625 12.000000004655707 12.00000000382824 12.000000003168504 12.000000002636437 12.000000002203054 12.000000001847145 12.000000001552959 12.000000001308234 12.000000001103848 12.000000000932365 12.000000000788093 12.000000000666324 12.000000000563478 12.000000000476152 12.000000000401615 12.000000000338007 12.000000000283862 12.000000000237794 12.000000000198696 12.000000000165592 12.000000000137629 12.000000000114063 12.000000000094259 12.000000000077659 12.000000000063796 12.00000000005224 12.000000000042638 12.000000000034703 12.000000000028143 12.00000000002275 12.000000000018328 12.000000000014726 12.000000000011783 12.000000000009397 12.000000000007464 12.000000000005906 12.000000000004654 12.00000000000365 12.000000000002853 12.00000000000222 12.000000000001728 12.000000000001346 12.000000000001037 12.000000000000796 12.00000000000061 12.000000000000464 12.000000000000348 12.000000000000265 12.000000000000204 12.000000000000156 12.000000000000117 12.000000000000092 12.000000000000076 12.00000000000006 12.00000000000004 12.00000000000004 12.000000000000028 12.00000000000002 12.000000000000002 11.99999999999999 11.99999999999999 11.999999999999988 11.999999999999986 11.999999999999996 11.999999999999998 12.0 12.000000000000005 12.000000000000004 12.000000000000012 12.00000000000001 12.0 12.000000000000005 12.000000000000005 11.999999999999998 12.000000000000004 12.0 11.999999999999986 11.99999999999999 12.0 11.999999999999993 11.999999999999996 12.0 12.000000000000002 12.0 11.999999999999991 11.999999999999991 11.999999999999998 11.999999999999996 11.999999999999991 11.999999999999995 12.000000000000004 12.000000000000007 12.000000000000012 12.000000000000016 12.000000000000025 12.000000000000028 12.000000000000036 12.000000000000036 12.00000000000003 12.000000000000025 12.000000000000025 12.000000000000027 12.00000000000004 12.000000000000046 12.00000000000004 12.000000000000052 12.000000000000055 12.000000000000043 12.000000000000037 12.000000000000025 12.000000000000018 12.000000000000014 12.000000000000009 12.0 12.0 12.0 11.999999999999993 11.999999999999991 11.999999999999986 11.999999999999988 12.000000000000002 12.00000000000001 12.00000000000001 12.000000000000005 12.000000000000012 12.000000000000014 12.000000000000007 12.000000000000004 12.0 12.000000000000004 12.000000000000012 12.000000000000009 12.00000000000001 12.000000000000012 12.000000000000016 12.0 12.0 12.000000000000005 12.00000000000001 12.00000000000001 12.000000000000002 12.000000000000002 12.000000000000004 12.000000000000002 12.000000000000002 12.000000000000012 12.00000000000001 12.000000000000014 12.000000000000005 11.999999999999996 11.999999999999996 11.999999999999996 11.999999999999988 11.999999999999984 11.999999999999975 11.999999999999973 11.999999999999957 11.999999999999956 11.99999999999995 11.999999999999947 11.999999999999943 11.999999999999943 11.99999999999993 11.999999999999911 11.999999999999899 11.9999999999999 11.999999999999899 11.999999999999897 11.999999999999886 11.999999999999877 11.999999999999874 11.99999999999986 11.999999999999847 11.999999999999845 
34.99999999999984 34.99999999999984 34.99999999999984 34.99999999999983 34.99999999999983 34.99999999999983 34.999999999999886 35.00000000000074 34.99999999999925 35.00000000000009 35.000000000000185 35.00000000000013 35.000000000000114 35.00000000000019 35.00000000000004 35.000000000000206 35.00000000000014 35.00000000000008 35.00000000000007 35.00000000000004 35.0 34.99999999999997 35.0 34.99999999999999 34.99999999999999 34.99999999999998 34.99999999999999 34.99999999999998 34.99999999999997 34.99999999999998 35.0 35.00000000000001 35.000000000000014 34.99999999999997 34.99999999999998 34.999999999999986 34.99999999999996 34.99999999999998 34.99999999999998 34.999999999999964 34.99999999999997 34.99999999999999 35.000000000000014 35.00000000000005 35.000000000000036 35.00000000000001 35.0 34.999999999999986 35.0 35.0 35.0 35.00000000000001 34.99999999999999 34.99999999999998 34.99999999999998 34.99999999999997 34.999999999999986 35.00000000000002 35.0 35.000000000000036 35.00000000000004 35.000000000000014 34.999999999999986 34.999999999999986 34.999999999999986 34.999999999999986 35.00000000000002 35.00000000000005 35.00000000000006 35.00000000000006 35.00000000000005 35.00000000000004 35.000000000000036 35.00000000000003 35.00000000000003 35.000000000000014 35.00000000000003 35.00000000000002 35.000000000000014 34.999999999999986 34.99999999999996 34.99999999999996 34.99999999999994 34.999999999999886 34.99999999999988 34.99999999999985 34.99999999999987 34.99999999999986 34.99999999999988 34.99999999999991 34.99999999999991 34.99999999999993 34.999999999999964 34.99999999999996 35.00000000000001 35.00000000000003 35.00000000000001 35.00000000000002 35.000000000000036 35.000000000000014 35.00000000000002 34.99999999999998 34.99999999999994 34.99999999999994 34.99999999999997 34.999999999999986 34.999999999999986 34.99999999999999 35.0 34.99999999999998 34.99999999999996 34.99999999999997 34.999999999999986 35.00000000000001 35.00000000000001 35.00000000000001 35.000000000000036 35.000000000000036 35.000000000000064 35.00000000000005 35.00000000000004 35.00000000000002 35.00000000000004 35.000000000000036 35.000000000000014 35.000000000000064 35.00000000000006 35.00000000000003 35.00000000000006 35.00000000000005 35.00000000000004 35.00000000000005 35.00000000000005 35.000000000000014 34.99999999999999 34.99999999999998 34.999999999999964 34.99999999999996 34.99999999999996 34.999999999999986 35.00000000000001 35.0 34.999999999999964 34.99999999999996 34.999999999999964 34.99999999999998 35.00000000000001 35.00000000000004 35.000000000000064 35.00000000000007 35.00000000000008 35.00000000000009 35.000000000000085 35.00000000000008 35.00000000000006 35.00000000000008 35.00000000000006 35.00000000000004 35.00000000000005 35.00000000000005 35.000000000000036 35.00000000000001 35.000000000000014 35.000000000000036 35.00000000000005 35.000000000000036 35.00000000000004 35.000000000000014 34.999999999999986 34.99999999999997 34.99999999999999 35.000000000000014 34.99999999999999 34.99999999999998 34.999999999999964 34.999999999999936 34.99999999999994 34.99999999999993 34.99999999999991 34.9999999999999 34.9999999999999 34.99999999999991 34.99999999999991 34.99999999999987 34.99999999999985 34.999999999999844 34.99999999999985 34.99999999999986 34.99999999999984 34.99999999999977 34.99999999999972 34.999999999999716 34.9999999999997 34.999999999999694 34.999999999999666 34.99999999999963 34.999999999999595 34.99999999999956 34.99999999999953 34.99999999999949 
0.0 0.0 0.0 0.0 0.0 0.0 0.0 0.0 0.0 0.0 0.0 0.0 0.0 0.0 0.0 0.0 0.0 0.0 0.0 0.0 0.0 0.0 0.0 0.0 0.0 0.0 0.0 0.0 0.0 0.0 0.0 0.0 0.0 0.0 0.0 0.0 0.0 0.0 0.0 0.0 0.0 0.0 0.0 0.0 0.0 0.0 0.0 0.0 0.0 0.0 0.0 0.0 0.0 0.0 0.0 0.0 0.0 0.0 0.0 0.0 0.0 0.0 0.0 0.0 0.0 0.0 0.0 0.0 0.0 0.0 0.0 0.0 0.0 0.0 0.0 0.0 0.0 0.0 0.0 0.0 0.0 0.0 0.0 0.0 0.0 0.0 0.0 0.0 0.0 0.0 0.0 0.0 0.0 0.0 0.0 0.0 0.0 0.0 0.0 0.0 0.0 0.0 0.0 0.0 0.0 0.0 0.0 0.0 0.0 0.0 0.0 0.0 0.0 0.0 0.0 0.0 0.0 0.0 0.0 0.0 0.0 0.0 0.0 0.0 0.0 0.0 0.0 0.0 0.0 0.0 0.0 0.0 0.0 0.0 0.0 0.0 0.0 0.0 0.0 0.0 0.0 0.0 0.0 0.0 0.0 0.0 0.0 0.0 0.0 0.0 0.0 0.0 0.0 0.0 0.0 0.0 0.0 0.0 0.0 0.0 0.0 0.0 0.0 0.0 0.0 0.0 0.0 0.0 0.0 0.0 0.0 0.0 0.0 0.0 0.0 0.0 0.0 0.0 0.0 0.0 0.0 0.0 0.0 0.0 0.0 0.0 0.0 0.0 0.0 0.0 0.0 0.0 0.0 0.0 0.0 0.0 0.0 0.0 0.0 0.0 
0.0 0.0 0.0 0.0 0.0 0.0 0.0 0.0 0.0 0.0 0.0 0.0 0.0 0.0 0.0 0.0 0.0 0.0 0.0 0.0 0.0 0.0 0.0 0.0 0.0 0.0 0.0 0.0 0.0 0.0 0.0 0.0 0.0 0.0 0.0 0.0 0.0 0.0 0.0 0.0 0.0 0.0 0.0 0.0 0.0 0.0 0.0 0.0 0.0 0.0 0.0 0.0 0.0 0.0 0.0 0.0 0.0 0.0 0.0 0.0 0.0 0.0 0.0 0.0 0.0 0.0 0.0 0.0 0.0 0.0 0.0 0.0 0.0 0.0 0.0 0.0 0.0 0.0 0.0 0.0 0.0 0.0 0.0 0.0 0.0 0.0 0.0 0.0 0.0 0.0 0.0 0.0 0.0 0.0 0.0 0.0 0.0 0.0 0.0 0.0 0.0 0.0 0.0 0.0 0.0 0.0 0.0 0.0 0.0 0.0 0.0 0.0 0.0 0.0 0.0 0.0 0.0 0.0 0.0 0.0 0.0 0.0 0.0 0.0 0.0 0.0 0.0 0.0 0.0 0.0 0.0 0.0 0.0 0.0 0.0 0.0 0.0 0.0 0.0 0.0 0.0 0.0 0.0 0.0 0.0 0.0 0.0 0.0 0.0 0.0 0.0 0.0 0.0 0.0 0.0 0.0 0.0 0.0 0.0 0.0 0.0 0.0 0.0 0.0 0.0 0.0 0.0 0.0 0.0 0.0 0.0 0.0 0.0 0.0 0.0 0.0 0.0 0.0 0.0 0.0 0.0 0.0 0.0 0.0 0.0 0.0 0.0 0.0 0.0 0.0 0.0 0.0 0.0 0.0 0.0 0.0 0.0 0.0 0.0 0.0 
